ISO-10303-21;
HEADER;
/* Generated by software containing ST-Developer
 * from STEP Tools, Inc. (www.steptools.com) 
 */

FILE_DESCRIPTION(
/* description */ (''),
/* implementation_level */ '2;1');

FILE_NAME(
/* name */ 'sole-lattice-left.step',
/* time_stamp */ '2026-08-17T01:46:14+09:00',
/* author */ (''),
/* organization */ (''),
/* preprocessor_version */ 'ST-DEVELOPER v20.1',
/* originating_system */ 'Autodesk Translation Framework v15.8.0.0',
/* authorisation */ '');

FILE_SCHEMA (('AUTOMOTIVE_DESIGN { 1 0 10303 214 3 1 1 }'));
ENDSEC;

DATA;
#10=MECHANICAL_DESIGN_GEOMETRIC_PRESENTATION_REPRESENTATION('',(#13),#7736);
#11=SHAPE_REPRESENTATION_RELATIONSHIP('SRR','None',#7743,#12);
#12=ADVANCED_BREP_SHAPE_REPRESENTATION('',(#14),#7735);
#13=STYLED_ITEM('',(#7753),#14);
#14=MANIFOLD_SOLID_BREP('left-mid-sole (1)',#1493);
#15=TOROIDAL_SURFACE('',#1553,181.5,6.);
#16=TOROIDAL_SURFACE('',#1556,51.5,6.);
#17=TOROIDAL_SURFACE('',#1569,181.5,6.);
#18=TOROIDAL_SURFACE('',#1570,51.5,6.);
#19=(
BOUNDED_SURFACE()
B_SPLINE_SURFACE(5,1,((#5768,#5769),(#5770,#5771),(#5772,#5773),(#5774,
#5775),(#5776,#5777),(#5778,#5779),(#5780,#5781),(#5782,#5783),(#5784,#5785),
(#5786,#5787),(#5788,#5789),(#5790,#5791),(#5792,#5793),(#5794,#5795),(#5796,
#5797)),.UNSPECIFIED.,.F.,.F.,.F.)
B_SPLINE_SURFACE_WITH_KNOTS((6,1,1,1,1,1,1,1,1,1,6),(2,2),(-1.,-0.9,-0.8,
-0.7,-0.6,-0.5,-0.4,-0.3,-0.2,-0.1,0.),(-3.,22.),.UNSPECIFIED.)
GEOMETRIC_REPRESENTATION_ITEM()
RATIONAL_B_SPLINE_SURFACE(((1.,1.),(1.,1.),(1.,1.),(1.,1.),(1.,1.),(1.,
1.),(1.,1.),(1.,1.),(1.,1.),(1.,1.),(1.,1.),(1.,1.),(1.,1.),(1.,1.),(1.,
1.)))
REPRESENTATION_ITEM('')
SURFACE()
);
#20=CYLINDRICAL_SURFACE('',#1516,152.2);
#21=CYLINDRICAL_SURFACE('',#1520,145.805473260996);
#22=CYLINDRICAL_SURFACE('',#1535,181.50000000012);
#23=CYLINDRICAL_SURFACE('',#1540,55.5);
#24=CYLINDRICAL_SURFACE('',#1544,51.5000000000011);
#25=CYLINDRICAL_SURFACE('',#1549,45.);
#26=CYLINDRICAL_SURFACE('',#1554,6.);
#27=CYLINDRICAL_SURFACE('',#1558,57.5);
#28=CYLINDRICAL_SURFACE('',#1559,57.5);
#29=CYLINDRICAL_SURFACE('',#1560,57.5);
#30=CYLINDRICAL_SURFACE('',#1562,45.);
#31=CYLINDRICAL_SURFACE('',#1566,6.);
#32=CYLINDRICAL_SURFACE('',#1571,10.5);
#33=CYLINDRICAL_SURFACE('',#1574,10.5);
#34=CYLINDRICAL_SURFACE('',#1577,10.5);
#35=CYLINDRICAL_SURFACE('',#1580,10.5);
#36=B_SPLINE_SURFACE_WITH_KNOTS('',3,1,((#2695,#2696),(#2697,#2698),(#2699,
#2700),(#2701,#2702),(#2703,#2704),(#2705,#2706),(#2707,#2708)),
 .UNSPECIFIED.,.F.,.F.,.F.,(4,3,4),(2,2),(7.16694067549073E-15,0.120333419830573,
0.300055150392757),(0.,1.05),.UNSPECIFIED.);
#37=B_SPLINE_SURFACE_WITH_KNOTS('',3,1,((#2718,#2719),(#2720,#2721),(#2722,
#2723),(#2724,#2725)),.UNSPECIFIED.,.F.,.F.,.F.,(4,4),(2,2),(0.200294774554707,
0.340415812115428),(0.,1.05),.UNSPECIFIED.);
#38=B_SPLINE_SURFACE_WITH_KNOTS('',3,1,((#2732,#2733),(#2734,#2735),(#2736,
#2737),(#2738,#2739),(#2740,#2741),(#2742,#2743),(#2744,#2745)),
 .UNSPECIFIED.,.F.,.F.,.F.,(4,3,4),(2,2),(3.28172176769591,3.64464001188844,
3.7710523113552),(0.,1.05),.UNSPECIFIED.);
#39=B_SPLINE_SURFACE_WITH_KNOTS('',3,1,((#2755,#2756),(#2757,#2758),(#2759,
#2760),(#2761,#2762),(#2763,#2764),(#2765,#2766),(#2767,#2768),(#2769,#2770),
(#2771,#2772),(#2773,#2774)),.UNSPECIFIED.,.F.,.F.,.F.,(4,3,3,4),(2,2),
(7.85484651996476,9.45575096835626,10.6320326853124,10.8968042783669),(0.,
1.05),.UNSPECIFIED.);
#40=B_SPLINE_SURFACE_WITH_KNOTS('',3,1,((#2787,#2788),(#2789,#2790),(#2791,
#2792),(#2793,#2794),(#2795,#2796),(#2797,#2798),(#2799,#2800),(#2801,#2802),
(#2803,#2804),(#2805,#2806)),.UNSPECIFIED.,.F.,.F.,.F.,(4,3,3,4),(2,2),
(15.371666527629,16.2408892222917,17.8676026651828,18.9653064257613),(0.,
1.05),.UNSPECIFIED.);
#41=B_SPLINE_SURFACE_WITH_KNOTS('',3,1,((#2819,#2820),(#2821,#2822),(#2823,
#2824),(#2825,#2826),(#2827,#2828),(#2829,#2830),(#2831,#2832),(#2833,#2834),
(#2835,#2836),(#2837,#2838)),.UNSPECIFIED.,.F.,.F.,.F.,(4,3,3,4),(2,2),
(25.972778264913,29.3823599950954,32.6178623731202,34.1416094770737),(0.,
1.05),.UNSPECIFIED.);
#42=B_SPLINE_SURFACE_WITH_KNOTS('',3,1,((#2851,#2852),(#2853,#2854),(#2855,
#2856),(#2857,#2858),(#2859,#2860),(#2861,#2862),(#2863,#2864),(#2865,#2866),
(#2867,#2868),(#2869,#2870),(#2871,#2872),(#2873,#2874),(#2875,#2876),(#2877,
#2878),(#2879,#2880),(#2881,#2882),(#2883,#2884),(#2885,#2886),(#2887,#2888),
(#2889,#2890),(#2891,#2892),(#2893,#2894),(#2895,#2896),(#2897,#2898),(#2899,
#2900),(#2901,#2902),(#2903,#2904),(#2905,#2906),(#2907,#2908),(#2909,#2910),
(#2911,#2912),(#2913,#2914),(#2915,#2916),(#2917,#2918),(#2919,#2920),(#2921,
#2922),(#2923,#2924),(#2925,#2926),(#2927,#2928),(#2929,#2930),(#2931,#2932),
(#2933,#2934),(#2935,#2936),(#2937,#2938),(#2939,#2940),(#2941,#2942),(#2943,
#2944),(#2945,#2946),(#2947,#2948),(#2949,#2950),(#2951,#2952),(#2953,#2954),
(#2955,#2956),(#2957,#2958),(#2959,#2960),(#2961,#2962),(#2963,#2964),(#2965,
#2966),(#2967,#2968),(#2969,#2970),(#2971,#2972),(#2973,#2974),(#2975,#2976),
(#2977,#2978),(#2979,#2980),(#2981,#2982),(#2983,#2984),(#2985,#2986),(#2987,
#2988),(#2989,#2990),(#2991,#2992),(#2993,#2994),(#2995,#2996),(#2997,#2998),
(#2999,#3000),(#3001,#3002),(#3003,#3004),(#3005,#3006),(#3007,#3008),(#3009,
#3010),(#3011,#3012),(#3013,#3014),(#3015,#3016),(#3017,#3018),(#3019,#3020),
(#3021,#3022),(#3023,#3024),(#3025,#3026),(#3027,#3028),(#3029,#3030),(#3031,
#3032),(#3033,#3034),(#3035,#3036),(#3037,#3038),(#3039,#3040),(#3041,#3042),
(#3043,#3044),(#3045,#3046),(#3047,#3048),(#3049,#3050),(#3051,#3052),(#3053,
#3054),(#3055,#3056),(#3057,#3058),(#3059,#3060),(#3061,#3062),(#3063,#3064),
(#3065,#3066),(#3067,#3068),(#3069,#3070),(#3071,#3072),(#3073,#3074),(#3075,
#3076),(#3077,#3078),(#3079,#3080),(#3081,#3082),(#3083,#3084),(#3085,#3086),
(#3087,#3088),(#3089,#3090),(#3091,#3092),(#3093,#3094),(#3095,#3096),(#3097,
#3098),(#3099,#3100),(#3101,#3102),(#3103,#3104),(#3105,#3106),(#3107,#3108),
(#3109,#3110),(#3111,#3112),(#3113,#3114),(#3115,#3116),(#3117,#3118),(#3119,
#3120),(#3121,#3122),(#3123,#3124),(#3125,#3126),(#3127,#3128),(#3129,#3130),
(#3131,#3132),(#3133,#3134),(#3135,#3136),(#3137,#3138),(#3139,#3140),(#3141,
#3142),(#3143,#3144),(#3145,#3146),(#3147,#3148),(#3149,#3150),(#3151,#3152),
(#3153,#3154),(#3155,#3156),(#3157,#3158),(#3159,#3160),(#3161,#3162),(#3163,
#3164),(#3165,#3166),(#3167,#3168),(#3169,#3170),(#3171,#3172),(#3173,#3174),
(#3175,#3176),(#3177,#3178),(#3179,#3180),(#3181,#3182),(#3183,#3184),(#3185,
#3186),(#3187,#3188),(#3189,#3190),(#3191,#3192),(#3193,#3194),(#3195,#3196),
(#3197,#3198),(#3199,#3200),(#3201,#3202),(#3203,#3204),(#3205,#3206),(#3207,
#3208),(#3209,#3210),(#3211,#3212),(#3213,#3214),(#3215,#3216),(#3217,#3218),
(#3219,#3220),(#3221,#3222),(#3223,#3224),(#3225,#3226),(#3227,#3228),(#3229,
#3230),(#3231,#3232),(#3233,#3234),(#3235,#3236),(#3237,#3238),(#3239,#3240),
(#3241,#3242),(#3243,#3244),(#3245,#3246),(#3247,#3248),(#3249,#3250),(#3251,
#3252),(#3253,#3254),(#3255,#3256),(#3257,#3258),(#3259,#3260),(#3261,#3262),
(#3263,#3264),(#3265,#3266),(#3267,#3268),(#3269,#3270),(#3271,#3272),(#3273,
#3274),(#3275,#3276),(#3277,#3278),(#3279,#3280),(#3281,#3282),(#3283,#3284),
(#3285,#3286),(#3287,#3288),(#3289,#3290),(#3291,#3292),(#3293,#3294),(#3295,
#3296),(#3297,#3298),(#3299,#3300),(#3301,#3302),(#3303,#3304),(#3305,#3306),
(#3307,#3308),(#3309,#3310),(#3311,#3312),(#3313,#3314),(#3315,#3316),(#3317,
#3318),(#3319,#3320),(#3321,#3322),(#3323,#3324),(#3325,#3326),(#3327,#3328),
(#3329,#3330),(#3331,#3332),(#3333,#3334),(#3335,#3336),(#3337,#3338),(#3339,
#3340),(#3341,#3342),(#3343,#3344),(#3345,#3346),(#3347,#3348),(#3349,#3350),
(#3351,#3352),(#3353,#3354),(#3355,#3356),(#3357,#3358),(#3359,#3360),(#3361,
#3362),(#3363,#3364),(#3365,#3366),(#3367,#3368),(#3369,#3370),(#3371,#3372),
(#3373,#3374),(#3375,#3376),(#3377,#3378),(#3379,#3380),(#3381,#3382),(#3383,
#3384),(#3385,#3386),(#3387,#3388),(#3389,#3390),(#3391,#3392),(#3393,#3394),
(#3395,#3396),(#3397,#3398),(#3399,#3400),(#3401,#3402),(#3403,#3404)),
 .UNSPECIFIED.,.F.,.F.,.F.,(4,3,3,3,3,3,3,3,3,3,3,3,3,3,3,3,3,3,3,3,3,3,
3,3,3,3,3,3,3,3,3,3,3,3,3,3,3,3,3,3,3,3,3,3,3,3,3,3,3,3,3,3,3,3,3,3,3,3,
3,3,3,3,3,3,3,3,3,3,3,3,3,3,3,3,3,3,3,3,3,3,3,3,3,3,3,3,3,3,3,3,3,3,4),
(2,2),(41.3798883077362,43.0549484530799,48.4019409760684,50.3168800968145,
52.2625330229382,54.8784896359112,62.93325707332,73.6039811237018,77.5264366121447,
78.7320350664189,83.0653608992389,93.0977845294685,97.8607674279463,102.018771664007,
104.869581858087,109.500622670046,115.474857350007,122.336233381461,128.696997014421,
133.069090325901,136.510994123845,141.332826742558,143.851295649476,148.873674894625,
155.427442199454,159.566357855018,164.65204828014,170.196194428657,173.79644469208,
178.890252049202,181.528652371183,183.93549221274,186.471806041658,190.268388080328,
191.110913374757,191.752770335057,191.930704778995,192.257588794553,192.658536872265,
192.965297474655,193.456298615271,193.602794016924,194.039180724132,194.622062832992,
194.893475681101,195.566431171072,196.242476060599,197.862889288206,199.346955939427,
201.170775003505,203.229262844631,207.111569749834,207.619843826324,211.627960816527,
216.386801620677,218.062157657256,222.427468585355,224.336019270787,226.43308364274,
227.983482560884,230.673675924234,232.564899251274,234.786544696263,236.310854168691,
238.178151677759,240.231634819794,242.894404878984,243.482107471232,247.398458941241,
252.995127248815,258.235080216772,261.946252442552,264.3582859703,270.003898848331,
274.156874551405,276.399987160828,283.080668034191,286.711130879487,291.023508898371,
292.30608220389,294.536197447237,296.378745515138,296.948768625142,297.730695741163,
299.27961061265,299.991925787037,300.864375884126,302.449141155603,302.617413091743,
303.633186117297,304.927463318394,305.859067701304,305.903991960588),(0.,
1.05),.UNSPECIFIED.);
#43=B_SPLINE_SURFACE_WITH_KNOTS('',3,1,((#3712,#3713),(#3714,#3715),(#3716,
#3717),(#3718,#3719),(#3720,#3721),(#3722,#3723),(#3724,#3725),(#3726,#3727),
(#3728,#3729),(#3730,#3731),(#3732,#3733),(#3734,#3735),(#3736,#3737),(#3738,
#3739),(#3740,#3741),(#3742,#3743)),.UNSPECIFIED.,.F.,.F.,.F.,(4,3,3,3,
3,4),(2,2),(-0.0899032041231499,0.0508500756121668,0.227008118744936,0.470383962497758,
0.889917849383349,1.21700248010507),(-3.00197717029798,22.),
 .UNSPECIFIED.);
#44=B_SPLINE_SURFACE_WITH_KNOTS('',3,1,((#3784,#3785),(#3786,#3787),(#3788,
#3789),(#3790,#3791),(#3792,#3793),(#3794,#3795),(#3796,#3797),(#3798,#3799),
(#3800,#3801),(#3802,#3803),(#3804,#3805),(#3806,#3807),(#3808,#3809)),
 .UNSPECIFIED.,.F.,.F.,.F.,(4,3,3,3,4),(2,2),(1.21700248010507,1.23378825116002,
1.48298876927112,1.69545832587954,1.87786095594098),(-3.00197717029798,
22.),.UNSPECIFIED.);
#45=B_SPLINE_SURFACE_WITH_KNOTS('',3,1,((#3830,#3831),(#3832,#3833),(#3834,
#3835),(#3836,#3837),(#3838,#3839),(#3840,#3841),(#3842,#3843),(#3844,#3845),
(#3846,#3847),(#3848,#3849),(#3850,#3851),(#3852,#3853),(#3854,#3855),(#3856,
#3857),(#3858,#3859),(#3860,#3861),(#3862,#3863),(#3864,#3865),(#3866,#3867)),
 .UNSPECIFIED.,.F.,.F.,.F.,(4,3,3,3,3,3,4),(2,2),(1.87786095594098,1.91505125539396,
2.23430845378348,2.55182177775601,3.34943443574685,3.56541260956352,3.77859878495526),
(-3.00197717029798,22.),.UNSPECIFIED.);
#46=B_SPLINE_SURFACE_WITH_KNOTS('',3,1,((#3888,#3889),(#3890,#3891),(#3892,
#3893),(#3894,#3895),(#3896,#3897),(#3898,#3899),(#3900,#3901),(#3902,#3903),
(#3904,#3905),(#3906,#3907),(#3908,#3909),(#3910,#3911),(#3912,#3913),(#3914,
#3915),(#3916,#3917),(#3918,#3919),(#3920,#3921),(#3922,#3923),(#3924,#3925),
(#3926,#3927),(#3928,#3929),(#3930,#3931),(#3932,#3933),(#3934,#3935),(#3936,
#3937)),.UNSPECIFIED.,.F.,.F.,.F.,(4,3,3,3,3,3,3,3,4),(2,2),(3.77859878495526,
4.37300290841093,4.48909275110885,4.70686122659571,4.85663156349384,5.11276609759292,
5.26465000263789,5.45529598978988,5.7066354730298),(-3.00197717029798,22.),
 .UNSPECIFIED.);
#47=B_SPLINE_SURFACE_WITH_KNOTS('',3,1,((#4061,#4062),(#4063,#4064),(#4065,
#4066),(#4067,#4068),(#4069,#4070),(#4071,#4072),(#4073,#4074),(#4075,#4076),
(#4077,#4078),(#4079,#4080),(#4081,#4082),(#4083,#4084),(#4085,#4086),(#4087,
#4088),(#4089,#4090),(#4091,#4092)),.UNSPECIFIED.,.F.,.F.,.F.,(4,3,3,3,
3,4),(2,2),(27.8088157770942,33.584329889623,47.1323679046317,51.9115646447504,
57.1326732927475,58.7420471137809),(-3.00184339347707,22.),
 .UNSPECIFIED.);
#48=B_SPLINE_SURFACE_WITH_KNOTS('',3,1,((#4101,#4102),(#4103,#4104),(#4105,
#4106),(#4107,#4108),(#4109,#4110),(#4111,#4112),(#4113,#4114),(#4115,#4116),
(#4117,#4118),(#4119,#4120)),.UNSPECIFIED.,.F.,.F.,.F.,(4,3,3,4),(2,2),
(20.2466918822351,24.0953101321232,27.1346776430048,27.8088157770942),(-3.00184339347707,
22.),.UNSPECIFIED.);
#49=B_SPLINE_SURFACE_WITH_KNOTS('',3,1,((#4134,#4135),(#4136,#4137),(#4138,
#4139),(#4140,#4141),(#4142,#4143),(#4144,#4145),(#4146,#4147),(#4148,#4149),
(#4150,#4151),(#4152,#4153),(#4154,#4155),(#4156,#4157),(#4158,#4159),(#4160,
#4161),(#4162,#4163),(#4164,#4165),(#4166,#4167),(#4168,#4169),(#4170,#4171)),
 .UNSPECIFIED.,.F.,.F.,.F.,(4,3,3,3,3,3,4),(2,2),(5.77685390851208,6.19642305110089,
9.83771237664854,12.1648522057877,15.0827604932684,17.877422833348,20.2466918822351),
(-3.00184339347707,22.),.UNSPECIFIED.);
#50=B_SPLINE_SURFACE_WITH_KNOTS('',3,1,((#4305,#4306),(#4307,#4308),(#4309,
#4310),(#4311,#4312),(#4313,#4314),(#4315,#4316),(#4317,#4318)),
 .UNSPECIFIED.,.F.,.F.,.F.,(4,3,4),(2,2),(3.25485524939778E-14,0.125188829093386,
0.306863455861588),(0.,1.05),.UNSPECIFIED.);
#51=B_SPLINE_SURFACE_WITH_KNOTS('',3,1,((#4328,#4329),(#4330,#4331),(#4332,
#4333),(#4334,#4335)),.UNSPECIFIED.,.F.,.F.,.F.,(4,4),(2,2),(451.687156838017,
451.758099238732),(0.,1.05),.UNSPECIFIED.);
#52=B_SPLINE_SURFACE_WITH_KNOTS('',3,1,((#4342,#4343),(#4344,#4345),(#4346,
#4347),(#4348,#4349),(#4350,#4351),(#4352,#4353),(#4354,#4355),(#4356,#4357),
(#4358,#4359),(#4360,#4361)),.UNSPECIFIED.,.F.,.F.,.F.,(4,3,3,4),(2,2),
(449.782943799202,449.821516478947,449.897650352401,449.992292624733),(0.,
1.05),.UNSPECIFIED.);
#53=B_SPLINE_SURFACE_WITH_KNOTS('',3,1,((#4374,#4375),(#4376,#4377),(#4378,
#4379),(#4380,#4381),(#4382,#4383),(#4384,#4385),(#4386,#4387),(#4388,#4389),
(#4390,#4391),(#4392,#4393)),.UNSPECIFIED.,.F.,.F.,.F.,(4,3,3,4),(2,2),
(448.713488208341,448.820495043163,449.038556696199,449.208740567574),(0.,
1.05),.UNSPECIFIED.);
#54=B_SPLINE_SURFACE_WITH_KNOTS('',3,1,((#4406,#4407),(#4408,#4409),(#4410,
#4411),(#4412,#4413),(#4414,#4415),(#4416,#4417),(#4418,#4419),(#4420,#4421),
(#4422,#4423),(#4424,#4425)),.UNSPECIFIED.,.F.,.F.,.F.,(4,3,3,4),(2,2),
(447.653594730295,447.774707408024,447.994808659348,448.103300572661),(0.,
1.05),.UNSPECIFIED.);
#55=B_SPLINE_SURFACE_WITH_KNOTS('',3,1,((#4438,#4439),(#4440,#4441),(#4442,
#4443),(#4444,#4445),(#4446,#4447),(#4448,#4449),(#4450,#4451),(#4452,#4453),
(#4454,#4455),(#4456,#4457)),.UNSPECIFIED.,.F.,.F.,.F.,(4,3,3,4),(2,2),
(446.349838350419,446.497334565596,446.843842693599,447.052725279915),(0.,
1.05),.UNSPECIFIED.);
#56=B_SPLINE_SURFACE_WITH_KNOTS('',3,1,((#4470,#4471),(#4472,#4473),(#4474,
#4475),(#4476,#4477),(#4478,#4479),(#4480,#4481),(#4482,#4483),(#4484,#4485),
(#4486,#4487),(#4488,#4489),(#4490,#4491),(#4492,#4493),(#4494,#4495),(#4496,
#4497),(#4498,#4499),(#4500,#4501),(#4502,#4503),(#4504,#4505),(#4506,#4507),
(#4508,#4509),(#4510,#4511),(#4512,#4513),(#4514,#4515),(#4516,#4517),(#4518,
#4519),(#4520,#4521),(#4522,#4523),(#4524,#4525),(#4526,#4527),(#4528,#4529),
(#4530,#4531),(#4532,#4533),(#4534,#4535),(#4536,#4537),(#4538,#4539),(#4540,
#4541),(#4542,#4543),(#4544,#4545),(#4546,#4547),(#4548,#4549),(#4550,#4551),
(#4552,#4553),(#4554,#4555),(#4556,#4557),(#4558,#4559),(#4560,#4561),(#4562,
#4563),(#4564,#4565),(#4566,#4567),(#4568,#4569),(#4570,#4571),(#4572,#4573),
(#4574,#4575),(#4576,#4577),(#4578,#4579),(#4580,#4581),(#4582,#4583),(#4584,
#4585),(#4586,#4587),(#4588,#4589),(#4590,#4591),(#4592,#4593),(#4594,#4595),
(#4596,#4597),(#4598,#4599),(#4600,#4601),(#4602,#4603),(#4604,#4605),(#4606,
#4607),(#4608,#4609),(#4610,#4611),(#4612,#4613),(#4614,#4615),(#4616,#4617),
(#4618,#4619),(#4620,#4621),(#4622,#4623),(#4624,#4625),(#4626,#4627),(#4628,
#4629),(#4630,#4631),(#4632,#4633),(#4634,#4635),(#4636,#4637),(#4638,#4639),
(#4640,#4641),(#4642,#4643),(#4644,#4645),(#4646,#4647),(#4648,#4649),(#4650,
#4651),(#4652,#4653),(#4654,#4655),(#4656,#4657),(#4658,#4659),(#4660,#4661),
(#4662,#4663),(#4664,#4665),(#4666,#4667),(#4668,#4669),(#4670,#4671),(#4672,
#4673),(#4674,#4675),(#4676,#4677),(#4678,#4679),(#4680,#4681),(#4682,#4683),
(#4684,#4685),(#4686,#4687),(#4688,#4689),(#4690,#4691),(#4692,#4693),(#4694,
#4695),(#4696,#4697),(#4698,#4699),(#4700,#4701),(#4702,#4703),(#4704,#4705),
(#4706,#4707),(#4708,#4709),(#4710,#4711),(#4712,#4713),(#4714,#4715),(#4716,
#4717),(#4718,#4719),(#4720,#4721),(#4722,#4723),(#4724,#4725),(#4726,#4727),
(#4728,#4729),(#4730,#4731),(#4732,#4733),(#4734,#4735),(#4736,#4737),(#4738,
#4739),(#4740,#4741),(#4742,#4743),(#4744,#4745),(#4746,#4747),(#4748,#4749),
(#4750,#4751),(#4752,#4753),(#4754,#4755),(#4756,#4757),(#4758,#4759),(#4760,
#4761),(#4762,#4763),(#4764,#4765),(#4766,#4767),(#4768,#4769),(#4770,#4771),
(#4772,#4773),(#4774,#4775),(#4776,#4777),(#4778,#4779),(#4780,#4781),(#4782,
#4783),(#4784,#4785),(#4786,#4787),(#4788,#4789),(#4790,#4791),(#4792,#4793),
(#4794,#4795),(#4796,#4797),(#4798,#4799),(#4800,#4801),(#4802,#4803),(#4804,
#4805),(#4806,#4807),(#4808,#4809),(#4810,#4811),(#4812,#4813),(#4814,#4815),
(#4816,#4817),(#4818,#4819),(#4820,#4821),(#4822,#4823),(#4824,#4825),(#4826,
#4827),(#4828,#4829),(#4830,#4831),(#4832,#4833),(#4834,#4835),(#4836,#4837),
(#4838,#4839),(#4840,#4841),(#4842,#4843),(#4844,#4845),(#4846,#4847),(#4848,
#4849),(#4850,#4851),(#4852,#4853),(#4854,#4855),(#4856,#4857),(#4858,#4859),
(#4860,#4861),(#4862,#4863),(#4864,#4865),(#4866,#4867),(#4868,#4869),(#4870,
#4871),(#4872,#4873),(#4874,#4875),(#4876,#4877),(#4878,#4879),(#4880,#4881),
(#4882,#4883),(#4884,#4885),(#4886,#4887),(#4888,#4889),(#4890,#4891),(#4892,
#4893),(#4894,#4895),(#4896,#4897),(#4898,#4899),(#4900,#4901),(#4902,#4903),
(#4904,#4905),(#4906,#4907),(#4908,#4909),(#4910,#4911),(#4912,#4913),(#4914,
#4915),(#4916,#4917),(#4918,#4919),(#4920,#4921),(#4922,#4923),(#4924,#4925),
(#4926,#4927),(#4928,#4929),(#4930,#4931),(#4932,#4933),(#4934,#4935),(#4936,
#4937),(#4938,#4939),(#4940,#4941),(#4942,#4943),(#4944,#4945),(#4946,#4947),
(#4948,#4949),(#4950,#4951),(#4952,#4953),(#4954,#4955),(#4956,#4957),(#4958,
#4959),(#4960,#4961),(#4962,#4963),(#4964,#4965),(#4966,#4967),(#4968,#4969),
(#4970,#4971),(#4972,#4973),(#4974,#4975),(#4976,#4977),(#4978,#4979),(#4980,
#4981),(#4982,#4983),(#4984,#4985),(#4986,#4987),(#4988,#4989),(#4990,#4991),
(#4992,#4993),(#4994,#4995),(#4996,#4997),(#4998,#4999),(#5000,#5001),(#5002,
#5003),(#5004,#5005),(#5006,#5007),(#5008,#5009),(#5010,#5011),(#5012,#5013),
(#5014,#5015),(#5016,#5017),(#5018,#5019),(#5020,#5021),(#5022,#5023),(#5024,
#5025),(#5026,#5027),(#5028,#5029),(#5030,#5031),(#5032,#5033),(#5034,#5035),
(#5036,#5037),(#5038,#5039),(#5040,#5041),(#5042,#5043),(#5044,#5045),(#5046,
#5047),(#5048,#5049),(#5050,#5051),(#5052,#5053),(#5054,#5055),(#5056,#5057),
(#5058,#5059),(#5060,#5061),(#5062,#5063),(#5064,#5065),(#5066,#5067),(#5068,
#5069),(#5070,#5071),(#5072,#5073),(#5074,#5075),(#5076,#5077),(#5078,#5079),
(#5080,#5081),(#5082,#5083),(#5084,#5085),(#5086,#5087),(#5088,#5089)),
 .UNSPECIFIED.,.F.,.F.,.F.,(4,3,3,3,3,3,3,3,3,3,3,3,3,3,3,3,3,3,3,3,3,3,
3,3,3,3,3,3,3,3,3,3,3,3,3,3,3,3,3,3,3,3,3,3,3,3,3,3,3,3,3,3,3,3,3,3,3,3,
3,3,3,3,3,3,3,3,3,3,3,3,3,3,3,3,3,3,3,3,3,3,3,3,3,3,3,3,3,3,3,3,3,3,3,3,
3,3,3,3,3,3,3,3,3,4),(2,2),(418.226788812321,418.341821823509,418.897385630548,
419.31528929357,419.853322817113,420.221828733869,420.538256310835,420.72347806198,
421.077331855998,421.431293974562,421.883841833685,422.146023775466,422.400580914952,
422.542411891177,422.836086906997,423.407469517988,424.018119650575,424.160822828025,
424.48771369911,425.08766829311,425.334479184678,425.763122761289,426.438577229468,
426.579172174341,427.020260283929,427.325272233373,427.613162722759,427.818671593394,
428.239612636404,428.58783742909,428.843464581811,429.130171793358,429.395272333713,
429.816534858786,430.020584869997,430.129746516369,430.309178674714,430.325845389002,
430.388579781503,430.473726129989,430.543738290594,430.628038216479,430.845599136781,
430.994396649699,431.077433102933,431.127068014692,431.226896560734,431.404651095341,
431.557264439023,431.695087373822,431.766921740019,431.968895627353,432.242703880884,
432.533842851892,432.703732737476,432.933321436048,433.103732263448,433.262421219293,
433.356251021212,433.527451754293,433.792482289292,434.07730350341,434.323046487638,
434.417632384268,434.660338961269,435.079580660717,435.36385315449,435.650944718983,
436.028375811512,436.49638183494,437.032529998296,437.164322619425,437.402829340011,
437.728049399963,438.28340091742,438.448064141257,438.684109632912,438.986561595226,
439.299235256127,439.416528321476,439.598591505658,439.889780839405,440.389683976134,
440.497716885663,440.639803151391,440.889922326648,441.158278412744,441.309487423609,
441.535489790744,441.852215015411,442.237593076019,442.33633563145,442.603429335168,
443.122399049368,443.732670457404,443.809914020629,443.952866331844,444.277920677019,
444.726255051726,444.933820754585,445.002747345418,445.191368436582,445.456030059595,
445.706059970098),(0.,1.05),.UNSPECIFIED.);
#57=B_SPLINE_SURFACE_WITH_KNOTS('',3,1,((#5409,#5410),(#5411,#5412),(#5413,
#5414),(#5415,#5416),(#5417,#5418),(#5419,#5420),(#5421,#5422),(#5423,#5424),
(#5425,#5426),(#5427,#5428),(#5429,#5430),(#5431,#5432),(#5433,#5434),(#5435,
#5436),(#5437,#5438),(#5439,#5440),(#5441,#5442),(#5443,#5444),(#5445,#5446),
(#5447,#5448),(#5449,#5450),(#5451,#5452),(#5453,#5454),(#5455,#5456),(#5457,
#5458)),.UNSPECIFIED.,.F.,.F.,.F.,(4,3,3,3,3,3,3,3,4),(2,2),(0.0492737973010006,
0.454139034791275,0.683577704262741,0.932678183779739,1.04406342440641,
1.83825031146344,2.08582406606468,4.50004636678465,5.77685390851208),(-3.00184339347707,
22.),.UNSPECIFIED.);
#58=B_SPLINE_SURFACE_WITH_KNOTS('',3,1,((#5532,#5533),(#5534,#5535),(#5536,
#5537),(#5538,#5539),(#5540,#5541),(#5542,#5543),(#5544,#5545),(#5546,#5547),
(#5548,#5549),(#5550,#5551),(#5552,#5553),(#5554,#5555),(#5556,#5557),(#5558,
#5559),(#5560,#5561),(#5562,#5563),(#5564,#5565),(#5566,#5567),(#5568,#5569),
(#5570,#5571),(#5572,#5573),(#5574,#5575),(#5576,#5577),(#5578,#5579),(#5580,
#5581),(#5582,#5583),(#5584,#5585),(#5586,#5587),(#5588,#5589),(#5590,#5591),
(#5592,#5593)),.UNSPECIFIED.,.F.,.F.,.F.,(4,3,3,3,3,3,3,3,3,3,4),(2,2),
(-0.139009864322598,1.70167341329019E-9,0.180822328361426,0.538969349783633,
0.704201179072745,0.955818309627475,1.2074402753583,1.57992444814972,1.73217291566283,
2.02789097372075,2.22919761280309),(-3.00184085535582,22.),
 .UNSPECIFIED.);
#59=B_SPLINE_SURFACE_WITH_KNOTS('',3,1,((#5707,#5708),(#5709,#5710),(#5711,
#5712),(#5713,#5714)),.UNSPECIFIED.,.F.,.F.,.F.,(4,4),(2,2),(13.2441991790641,
14.2650183358309),(-3.00117789497146,22.),.UNSPECIFIED.);
#60=B_SPLINE_SURFACE_WITH_KNOTS('',3,1,((#5727,#5728),(#5729,#5730),(#5731,
#5732),(#5733,#5734)),.UNSPECIFIED.,.F.,.F.,.F.,(4,4),(2,2),(-25.2293602149696,
-24.1106208014522),(-3.00009899615811,22.),.UNSPECIFIED.);
#61=B_SPLINE_SURFACE_WITH_KNOTS('',3,3,((#5858,#5859,#5860,#5861,#5862,
#5863,#5864,#5865,#5866,#5867,#5868,#5869,#5870,#5871,#5872,#5873,#5874,
#5875,#5876,#5877,#5878,#5879,#5880,#5881,#5882,#5883,#5884,#5885,#5886,
#5887,#5888,#5889,#5890,#5891,#5892,#5893,#5894,#5895,#5896,#5897,#5898,
#5899,#5900,#5901,#5902,#5903,#5904,#5905,#5906,#5907,#5908,#5909,#5910,
#5911,#5912,#5913,#5914,#5915,#5916,#5917,#5918,#5919),(#5920,#5921,#5922,
#5923,#5924,#5925,#5926,#5927,#5928,#5929,#5930,#5931,#5932,#5933,#5934,
#5935,#5936,#5937,#5938,#5939,#5940,#5941,#5942,#5943,#5944,#5945,#5946,
#5947,#5948,#5949,#5950,#5951,#5952,#5953,#5954,#5955,#5956,#5957,#5958,
#5959,#5960,#5961,#5962,#5963,#5964,#5965,#5966,#5967,#5968,#5969,#5970,
#5971,#5972,#5973,#5974,#5975,#5976,#5977,#5978,#5979,#5980,#5981),(#5982,
#5983,#5984,#5985,#5986,#5987,#5988,#5989,#5990,#5991,#5992,#5993,#5994,
#5995,#5996,#5997,#5998,#5999,#6000,#6001,#6002,#6003,#6004,#6005,#6006,
#6007,#6008,#6009,#6010,#6011,#6012,#6013,#6014,#6015,#6016,#6017,#6018,
#6019,#6020,#6021,#6022,#6023,#6024,#6025,#6026,#6027,#6028,#6029,#6030,
#6031,#6032,#6033,#6034,#6035,#6036,#6037,#6038,#6039,#6040,#6041,#6042,
#6043),(#6044,#6045,#6046,#6047,#6048,#6049,#6050,#6051,#6052,#6053,#6054,
#6055,#6056,#6057,#6058,#6059,#6060,#6061,#6062,#6063,#6064,#6065,#6066,
#6067,#6068,#6069,#6070,#6071,#6072,#6073,#6074,#6075,#6076,#6077,#6078,
#6079,#6080,#6081,#6082,#6083,#6084,#6085,#6086,#6087,#6088,#6089,#6090,
#6091,#6092,#6093,#6094,#6095,#6096,#6097,#6098,#6099,#6100,#6101,#6102,
#6103,#6104,#6105)),.UNSPECIFIED.,.F.,.F.,.F.,(4,4),(4,2,1,1,1,1,2,1,1,
1,1,1,1,2,1,1,1,1,1,1,1,1,2,1,1,1,1,1,1,1,2,1,1,1,1,2,1,1,1,2,1,1,1,1,1,
1,1,2,1,1,1,4),(0.,0.450548206183566),(-5.17190378148379,-5.00963066408215,
-4.9784854938713,-4.94734032366046,-4.88504998323877,-4.76046930239539,
-4.51130794070863,-4.4777675212134,-4.44422710171817,-4.37714626272772,
-4.31006542373727,-4.24298458474682,-4.10882290676591,-3.97466122878501,
-3.96555111531589,-3.95644100184677,-3.93822077490853,-3.90178032103205,
-3.82889941327909,-3.68313759777317,-3.53737578226726,-3.4644948745143,
-3.39161396676134,-3.37285923981918,-3.35410451287703,-3.31659505899271,
-3.24157615122408,-3.20406669733976,-3.16655724345544,-3.09153833568681,
-2.79146270461228,-2.75435167790972,-2.71724065120716,-2.64301859780205,
-2.49457449099181,-2.19768627737134,-2.12357786605011,-2.04946945472887,
-1.90125263208639,-1.60481898680144,-1.56716817099936,-1.52951735519729,
-1.45421572359314,-1.30361246038485,-1.15300919717655,-1.0777075655724,
-1.04005674977033,-1.00240593396825,-0.960350751284951,-0.918295568601648,
-0.834185203235043,-0.665964472501832),.UNSPECIFIED.);
#62=B_SPLINE_SURFACE_WITH_KNOTS('',3,1,((#6204,#6205),(#6206,#6207),(#6208,
#6209),(#6210,#6211),(#6212,#6213),(#6214,#6215),(#6216,#6217),(#6218,#6219),
(#6220,#6221),(#6222,#6223),(#6224,#6225),(#6226,#6227),(#6228,#6229),(#6230,
#6231),(#6232,#6233),(#6234,#6235),(#6236,#6237),(#6238,#6239),(#6240,#6241),
(#6242,#6243),(#6244,#6245),(#6246,#6247),(#6248,#6249),(#6250,#6251),(#6252,
#6253),(#6254,#6255),(#6256,#6257),(#6258,#6259),(#6260,#6261),(#6262,#6263),
(#6264,#6265),(#6266,#6267),(#6268,#6269),(#6270,#6271),(#6272,#6273),(#6274,
#6275),(#6276,#6277),(#6278,#6279),(#6280,#6281),(#6282,#6283),(#6284,#6285),
(#6286,#6287),(#6288,#6289),(#6290,#6291),(#6292,#6293),(#6294,#6295),(#6296,
#6297),(#6298,#6299),(#6300,#6301)),.UNSPECIFIED.,.F.,.F.,.F.,(4,3,3,3,
3,3,3,3,3,3,3,3,3,3,3,3,4),(2,2),(411.529694864144,411.650757463063,412.477857175262,
412.94854791986,413.329451299482,413.806358056914,414.036036331889,415.103817189289,
416.621803021818,417.271343719201,417.643185046065,418.340025890799,418.895542986542,
419.309256156098,419.781941407533,420.225461020943,420.37897212319),(0.,
4.4),.UNSPECIFIED.);
#63=B_SPLINE_SURFACE_WITH_KNOTS('',3,3,((#6434,#6435,#6436,#6437,#6438,
#6439,#6440,#6441,#6442,#6443,#6444,#6445,#6446,#6447,#6448,#6449,#6450,
#6451,#6452,#6453,#6454,#6455,#6456,#6457,#6458,#6459,#6460,#6461,#6462,
#6463,#6464,#6465,#6466,#6467,#6468,#6469,#6470,#6471,#6472,#6473,#6474,
#6475,#6476,#6477,#6478,#6479,#6480,#6481,#6482,#6483,#6484,#6485,#6486,
#6487,#6488,#6489,#6490,#6491,#6492,#6493,#6494,#6495,#6496,#6497,#6498,
#6499,#6500,#6501,#6502,#6503,#6504,#6505,#6506,#6507,#6508,#6509,#6510,
#6511,#6512,#6513,#6514,#6515,#6516,#6517,#6518,#6519,#6520,#6521,#6522,
#6523,#6524,#6525,#6526,#6527,#6528,#6529,#6530,#6531,#6532,#6533,#6534,
#6535,#6536,#6537,#6538,#6539,#6540,#6541,#6542,#6543,#6544),(#6545,#6546,
#6547,#6548,#6549,#6550,#6551,#6552,#6553,#6554,#6555,#6556,#6557,#6558,
#6559,#6560,#6561,#6562,#6563,#6564,#6565,#6566,#6567,#6568,#6569,#6570,
#6571,#6572,#6573,#6574,#6575,#6576,#6577,#6578,#6579,#6580,#6581,#6582,
#6583,#6584,#6585,#6586,#6587,#6588,#6589,#6590,#6591,#6592,#6593,#6594,
#6595,#6596,#6597,#6598,#6599,#6600,#6601,#6602,#6603,#6604,#6605,#6606,
#6607,#6608,#6609,#6610,#6611,#6612,#6613,#6614,#6615,#6616,#6617,#6618,
#6619,#6620,#6621,#6622,#6623,#6624,#6625,#6626,#6627,#6628,#6629,#6630,
#6631,#6632,#6633,#6634,#6635,#6636,#6637,#6638,#6639,#6640,#6641,#6642,
#6643,#6644,#6645,#6646,#6647,#6648,#6649,#6650,#6651,#6652,#6653,#6654,
#6655),(#6656,#6657,#6658,#6659,#6660,#6661,#6662,#6663,#6664,#6665,#6666,
#6667,#6668,#6669,#6670,#6671,#6672,#6673,#6674,#6675,#6676,#6677,#6678,
#6679,#6680,#6681,#6682,#6683,#6684,#6685,#6686,#6687,#6688,#6689,#6690,
#6691,#6692,#6693,#6694,#6695,#6696,#6697,#6698,#6699,#6700,#6701,#6702,
#6703,#6704,#6705,#6706,#6707,#6708,#6709,#6710,#6711,#6712,#6713,#6714,
#6715,#6716,#6717,#6718,#6719,#6720,#6721,#6722,#6723,#6724,#6725,#6726,
#6727,#6728,#6729,#6730,#6731,#6732,#6733,#6734,#6735,#6736,#6737,#6738,
#6739,#6740,#6741,#6742,#6743,#6744,#6745,#6746,#6747,#6748,#6749,#6750,
#6751,#6752,#6753,#6754,#6755,#6756,#6757,#6758,#6759,#6760,#6761,#6762,
#6763,#6764,#6765,#6766),(#6767,#6768,#6769,#6770,#6771,#6772,#6773,#6774,
#6775,#6776,#6777,#6778,#6779,#6780,#6781,#6782,#6783,#6784,#6785,#6786,
#6787,#6788,#6789,#6790,#6791,#6792,#6793,#6794,#6795,#6796,#6797,#6798,
#6799,#6800,#6801,#6802,#6803,#6804,#6805,#6806,#6807,#6808,#6809,#6810,
#6811,#6812,#6813,#6814,#6815,#6816,#6817,#6818,#6819,#6820,#6821,#6822,
#6823,#6824,#6825,#6826,#6827,#6828,#6829,#6830,#6831,#6832,#6833,#6834,
#6835,#6836,#6837,#6838,#6839,#6840,#6841,#6842,#6843,#6844,#6845,#6846,
#6847,#6848,#6849,#6850,#6851,#6852,#6853,#6854,#6855,#6856,#6857,#6858,
#6859,#6860,#6861,#6862,#6863,#6864,#6865,#6866,#6867,#6868,#6869,#6870,
#6871,#6872,#6873,#6874,#6875,#6876,#6877)),.UNSPECIFIED.,.F.,.F.,.F.,(4,
4),(4,1,1,1,1,1,1,1,1,1,1,1,1,2,1,1,1,1,1,1,1,1,1,1,1,1,1,1,1,1,1,1,1,1,
1,1,1,1,1,1,1,1,1,1,1,1,1,1,1,2,1,1,1,1,1,1,1,1,1,1,1,1,1,1,1,1,1,1,1,1,
1,1,1,1,1,1,1,1,1,1,1,1,1,1,1,1,2,1,1,1,1,1,1,1,1,1,1,1,2,1,1,1,1,1,4),
(0.,0.460387141449391),(-2.3114794562385,-2.07305524125627,-2.05815372781988,
-2.04325221438349,-2.0283507009471,-2.01344918751071,-1.95384313376515,
-1.92404010689237,-1.89423708001959,-1.87933556658321,-1.86443405314682,
-1.84953253971043,-1.84208178299223,-1.83463102627404,-1.81938384039107,
-1.80413665450811,-1.77364228274218,-1.71265353921033,-1.59067605214662,
-1.58877015391125,-1.58686425567588,-1.58305245920514,-1.57542886626365,
-1.56018168038069,-1.54493449449773,-1.52968730861476,-1.46869856508291,
-1.46107497214143,-1.45726317567068,-1.45345137919994,-1.44582778625846,
-1.43820419331698,-1.43439239684624,-1.4305806003755,-1.42295700743402,
-1.41533341449253,-1.40770982155105,-1.40008622860957,-1.39627443213883,
-1.39246263566809,-1.37721544978512,-1.37530955154975,-1.37340365331438,
-1.37149775507901,-1.36959185684364,-1.3657800603729,-1.36196826390216,
-1.35815646743142,-1.35434467096068,-1.3467210780192,-1.34276231223159,
-1.33880354644398,-1.33088601486876,-1.31505095171833,-1.28338082541746,
-1.28239113397056,-1.28140144252365,-1.28041175107675,-1.27942205962985,
-1.27546329384224,-1.27447360239534,-1.27348391094844,-1.27298906522498,
-1.27249421950153,-1.27150452805463,-1.27051483660773,-1.26952514516083,
-1.26754576226702,-1.26556637937322,-1.26358699647941,-1.26160761358561,
-1.2596282306918,-1.2556694649042,-1.25171069911659,-1.23587563596615,-1.23191687017854,
-1.22795810439093,-1.22399933860333,-1.22004057281572,-1.15670032021398,
-1.12503019391311,-1.09336006761224,-1.0775250044618,-1.06168994131137,
-1.04585487816093,-0.966679562408757,-0.839999057205277,-0.832114203865591,
-0.824229350525905,-0.808459643846533,-0.776920230487789,-0.7138414037703,
-0.698071697090928,-0.682301990411555,-0.650762577052811,-0.587683750335322,
-0.461526096900345,-0.398447270182856,-0.335368443465367,-0.314407915748782,
-0.293447388032196,-0.251526332599025,-0.23056580488244,-0.167684221732684,
0.),.UNSPECIFIED.);
#64=B_SPLINE_SURFACE_WITH_KNOTS('',3,3,((#6925,#6926,#6927,#6928,#6929,
#6930,#6931,#6932,#6933,#6934,#6935,#6936,#6937,#6938,#6939,#6940,#6941,
#6942,#6943,#6944,#6945),(#6946,#6947,#6948,#6949,#6950,#6951,#6952,#6953,
#6954,#6955,#6956,#6957,#6958,#6959,#6960,#6961,#6962,#6963,#6964,#6965,
#6966),(#6967,#6968,#6969,#6970,#6971,#6972,#6973,#6974,#6975,#6976,#6977,
#6978,#6979,#6980,#6981,#6982,#6983,#6984,#6985,#6986,#6987),(#6988,#6989,
#6990,#6991,#6992,#6993,#6994,#6995,#6996,#6997,#6998,#6999,#7000,#7001,
#7002,#7003,#7004,#7005,#7006,#7007,#7008),(#7009,#7010,#7011,#7012,#7013,
#7014,#7015,#7016,#7017,#7018,#7019,#7020,#7021,#7022,#7023,#7024,#7025,
#7026,#7027,#7028,#7029),(#7030,#7031,#7032,#7033,#7034,#7035,#7036,#7037,
#7038,#7039,#7040,#7041,#7042,#7043,#7044,#7045,#7046,#7047,#7048,#7049,
#7050)),.UNSPECIFIED.,.F.,.F.,.F.,(4,1,1,4),(4,1,1,1,1,1,1,1,1,1,1,1,1,
1,1,1,1,1,4),(0.,0.285714285714286,0.571428571428571,1.),(0.,1.01892988113078,
2.03785976226156,4.07571952452312,4.75500611194364,5.43429269936416,5.77393599307442,
6.11357928678468,6.45322258049494,6.7928658742052,7.13250916791545,7.47215246162571,
8.15143904904623,9.17036893017701,10.1892988113078,11.2082286924386,12.2271585735694,
13.2460884547001,14.2650183358309),.UNSPECIFIED.);
#65=B_SPLINE_SURFACE_WITH_KNOTS('',3,3,((#7096,#7097,#7098,#7099),(#7100,
#7101,#7102,#7103),(#7104,#7105,#7106,#7107),(#7108,#7109,#7110,#7111)),
 .UNSPECIFIED.,.F.,.F.,.F.,(4,4),(4,4),(0.,0.464559054397539),(24.1948833638275,
25.2293602149696),.UNSPECIFIED.);
#66=B_SPLINE_SURFACE_WITH_KNOTS('',3,3,((#7121,#7122,#7123,#7124,#7125,
#7126,#7127,#7128,#7129,#7130,#7131,#7132,#7133,#7134,#7135,#7136,#7137,
#7138,#7139,#7140,#7141,#7142,#7143,#7144,#7145,#7146,#7147,#7148,#7149,
#7150,#7151,#7152,#7153,#7154,#7155,#7156,#7157,#7158,#7159,#7160),(#7161,
#7162,#7163,#7164,#7165,#7166,#7167,#7168,#7169,#7170,#7171,#7172,#7173,
#7174,#7175,#7176,#7177,#7178,#7179,#7180,#7181,#7182,#7183,#7184,#7185,
#7186,#7187,#7188,#7189,#7190,#7191,#7192,#7193,#7194,#7195,#7196,#7197,
#7198,#7199,#7200),(#7201,#7202,#7203,#7204,#7205,#7206,#7207,#7208,#7209,
#7210,#7211,#7212,#7213,#7214,#7215,#7216,#7217,#7218,#7219,#7220,#7221,
#7222,#7223,#7224,#7225,#7226,#7227,#7228,#7229,#7230,#7231,#7232,#7233,
#7234,#7235,#7236,#7237,#7238,#7239,#7240),(#7241,#7242,#7243,#7244,#7245,
#7246,#7247,#7248,#7249,#7250,#7251,#7252,#7253,#7254,#7255,#7256,#7257,
#7258,#7259,#7260,#7261,#7262,#7263,#7264,#7265,#7266,#7267,#7268,#7269,
#7270,#7271,#7272,#7273,#7274,#7275,#7276,#7277,#7278,#7279,#7280)),
 .UNSPECIFIED.,.F.,.F.,.F.,(4,4),(4,1,1,1,2,1,1,1,1,1,1,2,1,1,1,1,1,2,1,
1,1,1,1,1,1,1,1,1,2,1,1,1,1,4),(0.,0.484769252096346),(-2.05681259483785,
-1.81333281827718,-1.79304283689713,-1.77275285551707,-1.73217289275696,
-1.6993771031394,-1.66658131352183,-1.60098973428669,-1.46980657581642,
-1.33862341734615,-1.27303183811102,-1.20744025887588,-1.14453537261023,
-1.08163048634458,-0.955820713813277,-0.830010941281975,-0.767106055016324,
-0.704201168750673,-0.687845579866159,-0.671489990981646,-0.638778813212618,
-0.573356457674564,-0.442511746598455,-0.311667035522346,-0.278955857753319,
-0.246244679984292,-0.213533502215264,-0.197177913330751,-0.180822324446237,
-0.16643566649671,-0.152049008547183,-0.123275692648129,-0.0657290608500205,
0.049364202746196),.UNSPECIFIED.);
#67=B_SPLINE_SURFACE_WITH_KNOTS('',3,1,((#7343,#7344),(#7345,#7346),(#7347,
#7348),(#7349,#7350),(#7351,#7352),(#7353,#7354),(#7355,#7356),(#7357,#7358),
(#7359,#7360),(#7361,#7362),(#7363,#7364),(#7365,#7366),(#7367,#7368),(#7369,
#7370),(#7371,#7372),(#7373,#7374),(#7375,#7376),(#7377,#7378),(#7379,#7380),
(#7381,#7382),(#7383,#7384),(#7385,#7386),(#7387,#7388),(#7389,#7390),(#7391,
#7392),(#7393,#7394),(#7395,#7396),(#7397,#7398),(#7399,#7400),(#7401,#7402),
(#7403,#7404),(#7405,#7406),(#7407,#7408),(#7409,#7410),(#7411,#7412),(#7413,
#7414),(#7415,#7416),(#7417,#7418),(#7419,#7420),(#7421,#7422),(#7423,#7424),
(#7425,#7426),(#7427,#7428),(#7429,#7430),(#7431,#7432),(#7433,#7434),(#7435,
#7436),(#7437,#7438),(#7439,#7440),(#7441,#7442),(#7443,#7444),(#7445,#7446),
(#7447,#7448),(#7449,#7450),(#7451,#7452),(#7453,#7454),(#7455,#7456),(#7457,
#7458),(#7459,#7460),(#7461,#7462),(#7463,#7464),(#7465,#7466),(#7467,#7468),
(#7469,#7470),(#7471,#7472),(#7473,#7474),(#7475,#7476),(#7477,#7478),(#7479,
#7480),(#7481,#7482),(#7483,#7484),(#7485,#7486),(#7487,#7488),(#7489,#7490),
(#7491,#7492),(#7493,#7494),(#7495,#7496),(#7497,#7498),(#7499,#7500),(#7501,
#7502),(#7503,#7504),(#7505,#7506),(#7507,#7508),(#7509,#7510),(#7511,#7512),
(#7513,#7514),(#7515,#7516),(#7517,#7518),(#7519,#7520),(#7521,#7522),(#7523,
#7524)),.UNSPECIFIED.,.F.,.F.,.F.,(4,3,3,3,3,3,3,3,3,3,3,3,3,3,3,3,3,3,
3,3,3,3,3,3,3,3,3,3,3,3,4),(2,2),(384.762489918335,386.117745320367,388.012415518058,
388.997193890356,389.684437922885,390.726587298868,391.367779574318,391.857330158552,
392.568986757161,392.780087583878,393.168867128221,393.653397203689,393.745808604041,
393.942453497053,394.533237797427,394.721118759725,394.894987704602,395.076895397249,
395.520590994985,395.735963270381,395.952029192299,396.405725031448,396.957513349168,
397.464381185043,397.95782435759,398.566914421833,398.710423994387,399.020980531411,
399.337651682597,399.439794108613,399.63440213702),(0.,4.4),
 .UNSPECIFIED.);
#68=B_SPLINE_SURFACE_WITH_KNOTS('',3,1,((#7525,#7526),(#7527,#7528),(#7529,
#7530),(#7531,#7532),(#7533,#7534),(#7535,#7536),(#7537,#7538),(#7539,#7540),
(#7541,#7542),(#7543,#7544),(#7545,#7546),(#7547,#7548),(#7549,#7550),(#7551,
#7552),(#7553,#7554),(#7555,#7556),(#7557,#7558),(#7559,#7560),(#7561,#7562),
(#7563,#7564),(#7565,#7566),(#7567,#7568),(#7569,#7570),(#7571,#7572),(#7573,
#7574),(#7575,#7576),(#7577,#7578),(#7579,#7580),(#7581,#7582),(#7583,#7584),
(#7585,#7586),(#7587,#7588),(#7589,#7590),(#7591,#7592),(#7593,#7594),(#7595,
#7596),(#7597,#7598),(#7599,#7600),(#7601,#7602),(#7603,#7604),(#7605,#7606),
(#7607,#7608),(#7609,#7610),(#7611,#7612),(#7613,#7614),(#7615,#7616),(#7617,
#7618),(#7619,#7620),(#7621,#7622),(#7623,#7624),(#7625,#7626),(#7627,#7628),
(#7629,#7630),(#7631,#7632),(#7633,#7634),(#7635,#7636),(#7637,#7638),(#7639,
#7640),(#7641,#7642),(#7643,#7644),(#7645,#7646),(#7647,#7648),(#7649,#7650),
(#7651,#7652),(#7653,#7654),(#7655,#7656),(#7657,#7658),(#7659,#7660),(#7661,
#7662),(#7663,#7664),(#7665,#7666),(#7667,#7668),(#7669,#7670),(#7671,#7672),
(#7673,#7674),(#7675,#7676),(#7677,#7678),(#7679,#7680),(#7681,#7682),(#7683,
#7684),(#7685,#7686),(#7687,#7688),(#7689,#7690),(#7691,#7692),(#7693,#7694),
(#7695,#7696),(#7697,#7698),(#7699,#7700),(#7701,#7702),(#7703,#7704),(#7705,
#7706),(#7707,#7708),(#7709,#7710),(#7711,#7712)),.UNSPECIFIED.,.F.,.F.,
 .F.,(4,3,3,3,3,3,3,3,3,3,3,3,3,3,3,3,3,3,3,3,3,3,3,3,3,3,3,3,3,3,3,4),
(2,2),(399.63440213702,399.708757012063,400.108484173117,400.210943029966,
400.433270838871,400.775410525805,401.142333175778,402.021489348914,402.233641472806,
402.290108548605,402.419258746375,402.562385206665,403.10988187598,403.552009233032,
404.158227690504,404.224889047554,405.078091411723,405.502766824119,405.904174020004,
405.937658583903,406.418678024649,407.641440691726,408.083133587962,408.233924264981,
408.539933525169,408.996733462376,409.618986458448,410.434971672985,410.730094135864,
411.119290702778,411.236695692434,411.529694864144),(0.,4.4),
 .UNSPECIFIED.);
#69=FACE_BOUND('',#152,.T.);
#70=FACE_BOUND('',#153,.T.);
#71=FACE_BOUND('',#154,.T.);
#72=FACE_BOUND('',#155,.T.);
#73=FACE_OUTER_BOUND('',#151,.T.);
#74=FACE_OUTER_BOUND('',#156,.T.);
#75=FACE_OUTER_BOUND('',#157,.T.);
#76=FACE_OUTER_BOUND('',#158,.T.);
#77=FACE_OUTER_BOUND('',#159,.T.);
#78=FACE_OUTER_BOUND('',#160,.T.);
#79=FACE_OUTER_BOUND('',#161,.T.);
#80=FACE_OUTER_BOUND('',#162,.T.);
#81=FACE_OUTER_BOUND('',#163,.T.);
#82=FACE_OUTER_BOUND('',#164,.T.);
#83=FACE_OUTER_BOUND('',#165,.T.);
#84=FACE_OUTER_BOUND('',#166,.T.);
#85=FACE_OUTER_BOUND('',#167,.T.);
#86=FACE_OUTER_BOUND('',#168,.T.);
#87=FACE_OUTER_BOUND('',#169,.T.);
#88=FACE_OUTER_BOUND('',#170,.T.);
#89=FACE_OUTER_BOUND('',#171,.T.);
#90=FACE_OUTER_BOUND('',#172,.T.);
#91=FACE_OUTER_BOUND('',#173,.T.);
#92=FACE_OUTER_BOUND('',#174,.T.);
#93=FACE_OUTER_BOUND('',#175,.T.);
#94=FACE_OUTER_BOUND('',#176,.T.);
#95=FACE_OUTER_BOUND('',#177,.T.);
#96=FACE_OUTER_BOUND('',#178,.T.);
#97=FACE_OUTER_BOUND('',#179,.T.);
#98=FACE_OUTER_BOUND('',#180,.T.);
#99=FACE_OUTER_BOUND('',#181,.T.);
#100=FACE_OUTER_BOUND('',#182,.T.);
#101=FACE_OUTER_BOUND('',#183,.T.);
#102=FACE_OUTER_BOUND('',#184,.T.);
#103=FACE_OUTER_BOUND('',#185,.T.);
#104=FACE_OUTER_BOUND('',#186,.T.);
#105=FACE_OUTER_BOUND('',#187,.T.);
#106=FACE_OUTER_BOUND('',#188,.T.);
#107=FACE_OUTER_BOUND('',#189,.T.);
#108=FACE_OUTER_BOUND('',#190,.T.);
#109=FACE_OUTER_BOUND('',#191,.T.);
#110=FACE_OUTER_BOUND('',#192,.T.);
#111=FACE_OUTER_BOUND('',#193,.T.);
#112=FACE_OUTER_BOUND('',#194,.T.);
#113=FACE_OUTER_BOUND('',#195,.T.);
#114=FACE_OUTER_BOUND('',#196,.T.);
#115=FACE_OUTER_BOUND('',#197,.T.);
#116=FACE_OUTER_BOUND('',#198,.T.);
#117=FACE_OUTER_BOUND('',#199,.T.);
#118=FACE_OUTER_BOUND('',#200,.T.);
#119=FACE_OUTER_BOUND('',#201,.T.);
#120=FACE_OUTER_BOUND('',#202,.T.);
#121=FACE_OUTER_BOUND('',#203,.T.);
#122=FACE_OUTER_BOUND('',#204,.T.);
#123=FACE_OUTER_BOUND('',#205,.T.);
#124=FACE_OUTER_BOUND('',#206,.T.);
#125=FACE_OUTER_BOUND('',#207,.T.);
#126=FACE_OUTER_BOUND('',#208,.T.);
#127=FACE_OUTER_BOUND('',#209,.T.);
#128=FACE_OUTER_BOUND('',#210,.T.);
#129=FACE_OUTER_BOUND('',#211,.T.);
#130=FACE_OUTER_BOUND('',#212,.T.);
#131=FACE_OUTER_BOUND('',#213,.T.);
#132=FACE_OUTER_BOUND('',#214,.T.);
#133=FACE_OUTER_BOUND('',#215,.T.);
#134=FACE_OUTER_BOUND('',#216,.T.);
#135=FACE_OUTER_BOUND('',#217,.T.);
#136=FACE_OUTER_BOUND('',#218,.T.);
#137=FACE_OUTER_BOUND('',#219,.T.);
#138=FACE_OUTER_BOUND('',#220,.T.);
#139=FACE_OUTER_BOUND('',#221,.T.);
#140=FACE_OUTER_BOUND('',#222,.T.);
#141=FACE_OUTER_BOUND('',#223,.T.);
#142=FACE_OUTER_BOUND('',#224,.T.);
#143=FACE_OUTER_BOUND('',#225,.T.);
#144=FACE_OUTER_BOUND('',#226,.T.);
#145=FACE_OUTER_BOUND('',#227,.T.);
#146=FACE_OUTER_BOUND('',#228,.T.);
#147=FACE_OUTER_BOUND('',#229,.T.);
#148=FACE_OUTER_BOUND('',#230,.T.);
#149=FACE_OUTER_BOUND('',#231,.T.);
#150=FACE_OUTER_BOUND('',#232,.T.);
#151=EDGE_LOOP('',(#931,#932,#933,#934,#935,#936,#937,#938,#939,#940,#941,
#942,#943,#944,#945,#946,#947,#948,#949,#950,#951,#952,#953));
#152=EDGE_LOOP('',(#954));
#153=EDGE_LOOP('',(#955));
#154=EDGE_LOOP('',(#956));
#155=EDGE_LOOP('',(#957));
#156=EDGE_LOOP('',(#958,#959,#960,#961,#962));
#157=EDGE_LOOP('',(#963,#964,#965,#966));
#158=EDGE_LOOP('',(#967,#968,#969,#970));
#159=EDGE_LOOP('',(#971,#972,#973,#974));
#160=EDGE_LOOP('',(#975,#976,#977,#978));
#161=EDGE_LOOP('',(#979,#980,#981,#982));
#162=EDGE_LOOP('',(#983,#984,#985,#986));
#163=EDGE_LOOP('',(#987,#988,#989,#990));
#164=EDGE_LOOP('',(#991,#992,#993,#994));
#165=EDGE_LOOP('',(#995,#996,#997,#998));
#166=EDGE_LOOP('',(#999,#1000,#1001,#1002));
#167=EDGE_LOOP('',(#1003,#1004,#1005,#1006));
#168=EDGE_LOOP('',(#1007,#1008,#1009,#1010));
#169=EDGE_LOOP('',(#1011,#1012,#1013,#1014,#1015));
#170=EDGE_LOOP('',(#1016,#1017,#1018,#1019,#1020));
#171=EDGE_LOOP('',(#1021,#1022,#1023,#1024,#1025));
#172=EDGE_LOOP('',(#1026,#1027,#1028,#1029,#1030));
#173=EDGE_LOOP('',(#1031,#1032,#1033,#1034,#1035,#1036,#1037,#1038,#1039,
#1040,#1041,#1042,#1043,#1044,#1045,#1046,#1047,#1048,#1049,#1050,#1051,
#1052,#1053,#1054));
#174=EDGE_LOOP('',(#1055,#1056,#1057,#1058,#1059));
#175=EDGE_LOOP('',(#1060,#1061,#1062,#1063,#1064));
#176=EDGE_LOOP('',(#1065,#1066,#1067,#1068,#1069));
#177=EDGE_LOOP('',(#1070,#1071,#1072,#1073));
#178=EDGE_LOOP('',(#1074,#1075,#1076,#1077));
#179=EDGE_LOOP('',(#1078,#1079,#1080,#1081,#1082,#1083,#1084,#1085,#1086,
#1087,#1088,#1089,#1090,#1091,#1092,#1093,#1094,#1095,#1096,#1097,#1098,
#1099,#1100,#1101,#1102,#1103));
#180=EDGE_LOOP('',(#1104,#1105,#1106,#1107));
#181=EDGE_LOOP('',(#1108,#1109,#1110,#1111));
#182=EDGE_LOOP('',(#1112,#1113,#1114,#1115));
#183=EDGE_LOOP('',(#1116,#1117,#1118,#1119));
#184=EDGE_LOOP('',(#1120,#1121,#1122,#1123));
#185=EDGE_LOOP('',(#1124,#1125,#1126,#1127));
#186=EDGE_LOOP('',(#1128,#1129,#1130,#1131));
#187=EDGE_LOOP('',(#1132,#1133,#1134,#1135));
#188=EDGE_LOOP('',(#1136,#1137,#1138,#1139));
#189=EDGE_LOOP('',(#1140,#1141,#1142,#1143));
#190=EDGE_LOOP('',(#1144,#1145,#1146,#1147));
#191=EDGE_LOOP('',(#1148,#1149,#1150,#1151));
#192=EDGE_LOOP('',(#1152,#1153,#1154,#1155,#1156));
#193=EDGE_LOOP('',(#1157,#1158,#1159,#1160,#1161,#1162,#1163,#1164));
#194=EDGE_LOOP('',(#1165,#1166,#1167,#1168,#1169));
#195=EDGE_LOOP('',(#1170,#1171,#1172,#1173,#1174,#1175));
#196=EDGE_LOOP('',(#1176,#1177,#1178,#1179));
#197=EDGE_LOOP('',(#1180,#1181,#1182,#1183,#1184,#1185,#1186,#1187));
#198=EDGE_LOOP('',(#1188,#1189,#1190,#1191));
#199=EDGE_LOOP('',(#1192,#1193,#1194,#1195));
#200=EDGE_LOOP('',(#1196,#1197,#1198,#1199));
#201=EDGE_LOOP('',(#1200,#1201,#1202,#1203,#1204,#1205));
#202=EDGE_LOOP('',(#1206,#1207,#1208,#1209,#1210,#1211,#1212,#1213,#1214,
#1215,#1216,#1217,#1218,#1219,#1220,#1221,#1222,#1223,#1224,#1225,#1226));
#203=EDGE_LOOP('',(#1227,#1228,#1229,#1230));
#204=EDGE_LOOP('',(#1231,#1232,#1233,#1234,#1235,#1236,#1237,#1238,#1239,
#1240,#1241,#1242));
#205=EDGE_LOOP('',(#1243,#1244,#1245,#1246));
#206=EDGE_LOOP('',(#1247,#1248,#1249,#1250,#1251,#1252,#1253));
#207=EDGE_LOOP('',(#1254,#1255,#1256,#1257,#1258,#1259,#1260,#1261,#1262,
#1263));
#208=EDGE_LOOP('',(#1264,#1265,#1266,#1267,#1268,#1269,#1270,#1271,#1272));
#209=EDGE_LOOP('',(#1273,#1274,#1275,#1276,#1277));
#210=EDGE_LOOP('',(#1278,#1279,#1280,#1281));
#211=EDGE_LOOP('',(#1282,#1283,#1284,#1285));
#212=EDGE_LOOP('',(#1286,#1287));
#213=EDGE_LOOP('',(#1288,#1289,#1290));
#214=EDGE_LOOP('',(#1291,#1292,#1293));
#215=EDGE_LOOP('',(#1294,#1295,#1296,#1297,#1298,#1299,#1300,#1301,#1302,
#1303,#1304,#1305,#1306,#1307));
#216=EDGE_LOOP('',(#1308,#1309,#1310,#1311,#1312,#1313));
#217=EDGE_LOOP('',(#1314,#1315,#1316,#1317,#1318,#1319,#1320,#1321));
#218=EDGE_LOOP('',(#1322,#1323,#1324,#1325));
#219=EDGE_LOOP('',(#1326,#1327,#1328,#1329,#1330,#1331));
#220=EDGE_LOOP('',(#1332,#1333,#1334,#1335,#1336,#1337,#1338,#1339,#1340,
#1341));
#221=EDGE_LOOP('',(#1342,#1343,#1344,#1345,#1346));
#222=EDGE_LOOP('',(#1347,#1348,#1349,#1350));
#223=EDGE_LOOP('',(#1351,#1352,#1353,#1354,#1355,#1356,#1357,#1358,#1359,
#1360));
#224=EDGE_LOOP('',(#1361,#1362,#1363,#1364,#1365,#1366,#1367,#1368,#1369,
#1370));
#225=EDGE_LOOP('',(#1371,#1372,#1373,#1374));
#226=EDGE_LOOP('',(#1375));
#227=EDGE_LOOP('',(#1376,#1377,#1378,#1379));
#228=EDGE_LOOP('',(#1380));
#229=EDGE_LOOP('',(#1381,#1382,#1383,#1384));
#230=EDGE_LOOP('',(#1385));
#231=EDGE_LOOP('',(#1386,#1387,#1388,#1389));
#232=EDGE_LOOP('',(#1390));
#233=CIRCLE('',#1508,45.);
#234=CIRCLE('',#1509,10.5);
#235=CIRCLE('',#1510,10.5);
#236=CIRCLE('',#1511,10.5);
#237=CIRCLE('',#1512,10.5);
#238=CIRCLE('',#1517,152.2);
#239=CIRCLE('',#1518,152.2);
#240=CIRCLE('',#1521,145.805473260996);
#241=CIRCLE('',#1522,145.805473260996);
#242=CIRCLE('',#1524,57.5);
#243=CIRCLE('',#1525,51.5000000000011);
#244=CIRCLE('',#1526,181.50000000012);
#245=CIRCLE('',#1530,181.50000000012);
#246=CIRCLE('',#1531,51.5000000000011);
#247=CIRCLE('',#1532,57.5);
#248=CIRCLE('',#1541,55.5);
#249=CIRCLE('',#1542,55.5);
#250=CIRCLE('',#1546,45.);
#251=CIRCLE('',#1548,6.);
#252=CIRCLE('',#1551,181.5);
#253=CIRCLE('',#1552,51.5);
#254=CIRCLE('',#1555,6.00000000000001);
#255=CIRCLE('',#1557,6.00000000000001);
#256=CIRCLE('',#1561,6.00000000000001);
#257=CIRCLE('',#1564,51.5);
#258=CIRCLE('',#1565,181.5);
#259=CIRCLE('',#1567,6.00000000000001);
#260=CIRCLE('',#1568,6.);
#261=CIRCLE('',#1572,10.5);
#262=CIRCLE('',#1575,10.5);
#263=CIRCLE('',#1578,10.5);
#264=CIRCLE('',#1581,10.5);
#265=LINE('',#1929,#347);
#266=LINE('',#2299,#348);
#267=LINE('',#2632,#349);
#268=LINE('',#2634,#350);
#269=LINE('',#2666,#351);
#270=LINE('',#2687,#352);
#271=LINE('',#2688,#353);
#272=LINE('',#2691,#354);
#273=LINE('',#2693,#355);
#274=LINE('',#2694,#356);
#275=LINE('',#2717,#357);
#276=LINE('',#2731,#358);
#277=LINE('',#2754,#359);
#278=LINE('',#2786,#360);
#279=LINE('',#2818,#361);
#280=LINE('',#2850,#362);
#281=LINE('',#3683,#363);
#282=LINE('',#3686,#364);
#283=LINE('',#3687,#365);
#284=LINE('',#3693,#366);
#285=LINE('',#3696,#367);
#286=LINE('',#3699,#368);
#287=LINE('',#3701,#369);
#288=LINE('',#3702,#370);
#289=LINE('',#3708,#371);
#290=LINE('',#3711,#372);
#291=LINE('',#3783,#373);
#292=LINE('',#3823,#374);
#293=LINE('',#3883,#375);
#294=LINE('',#3984,#376);
#295=LINE('',#3995,#377);
#296=LINE('',#4002,#378);
#297=LINE('',#4006,#379);
#298=LINE('',#4100,#380);
#299=LINE('',#4133,#381);
#300=LINE('',#4187,#382);
#301=LINE('',#4191,#383);
#302=LINE('',#4193,#384);
#303=LINE('',#4220,#385);
#304=LINE('',#4230,#386);
#305=LINE('',#4239,#387);
#306=LINE('',#4241,#388);
#307=LINE('',#4243,#389);
#308=LINE('',#4272,#390);
#309=LINE('',#4276,#391);
#310=LINE('',#4289,#392);
#311=LINE('',#4302,#393);
#312=LINE('',#4304,#394);
#313=LINE('',#4320,#395);
#314=LINE('',#4337,#396);
#315=LINE('',#4363,#397);
#316=LINE('',#4395,#398);
#317=LINE('',#4427,#399);
#318=LINE('',#4459,#400);
#319=LINE('',#5091,#401);
#320=LINE('',#5408,#402);
#321=LINE('',#5460,#403);
#322=LINE('',#5514,#404);
#323=LINE('',#5522,#405);
#324=LINE('',#5623,#406);
#325=LINE('',#5685,#407);
#326=LINE('',#5687,#408);
#327=LINE('',#5689,#409);
#328=LINE('',#5696,#410);
#329=LINE('',#5705,#411);
#330=LINE('',#5723,#412);
#331=LINE('',#5725,#413);
#332=LINE('',#5753,#414);
#333=LINE('',#5844,#415);
#334=LINE('',#5852,#416);
#335=LINE('',#6167,#417);
#336=LINE('',#6190,#418);
#337=LINE('',#6193,#419);
#338=LINE('',#6202,#420);
#339=LINE('',#6302,#421);
#340=LINE('',#7054,#422);
#341=LINE('',#7079,#423);
#342=LINE('',#7084,#424);
#343=LINE('',#7715,#425);
#344=LINE('',#7720,#426);
#345=LINE('',#7725,#427);
#346=LINE('',#7730,#428);
#347=VECTOR('',#1587,10.);
#348=VECTOR('',#1588,10.);
#349=VECTOR('',#1589,10.);
#350=VECTOR('',#1590,10.);
#351=VECTOR('',#1593,10.);
#352=VECTOR('',#1604,10.);
#353=VECTOR('',#1605,10.);
#354=VECTOR('',#1608,10.);
#355=VECTOR('',#1609,10.);
#356=VECTOR('',#1610,10.);
#357=VECTOR('',#1611,10.);
#358=VECTOR('',#1612,10.);
#359=VECTOR('',#1613,10.);
#360=VECTOR('',#1614,10.);
#361=VECTOR('',#1615,10.);
#362=VECTOR('',#1616,10.);
#363=VECTOR('',#1617,10.);
#364=VECTOR('',#1620,10.);
#365=VECTOR('',#1621,10.);
#366=VECTOR('',#1626,10.);
#367=VECTOR('',#1629,10.);
#368=VECTOR('',#1632,10.);
#369=VECTOR('',#1633,10.);
#370=VECTOR('',#1634,10.);
#371=VECTOR('',#1639,10.);
#372=VECTOR('',#1642,10.);
#373=VECTOR('',#1643,10.);
#374=VECTOR('',#1644,10.);
#375=VECTOR('',#1645,10.);
#376=VECTOR('',#1648,10.);
#377=VECTOR('',#1651,10.);
#378=VECTOR('',#1652,10.);
#379=VECTOR('',#1655,10.);
#380=VECTOR('',#1658,10.);
#381=VECTOR('',#1659,10.);
#382=VECTOR('',#1660,10.);
#383=VECTOR('',#1663,10.);
#384=VECTOR('',#1664,10.);
#385=VECTOR('',#1667,10.);
#386=VECTOR('',#1668,10.);
#387=VECTOR('',#1671,10.);
#388=VECTOR('',#1672,10.);
#389=VECTOR('',#1673,10.);
#390=VECTOR('',#1676,10.);
#391=VECTOR('',#1679,10.);
#392=VECTOR('',#1684,10.);
#393=VECTOR('',#1689,10.);
#394=VECTOR('',#1692,10.);
#395=VECTOR('',#1693,10.);
#396=VECTOR('',#1694,10.);
#397=VECTOR('',#1695,10.);
#398=VECTOR('',#1696,10.);
#399=VECTOR('',#1697,10.);
#400=VECTOR('',#1698,10.);
#401=VECTOR('',#1699,10.);
#402=VECTOR('',#1702,10.);
#403=VECTOR('',#1703,10.);
#404=VECTOR('',#1706,10.);
#405=VECTOR('',#1707,10.);
#406=VECTOR('',#1708,10.);
#407=VECTOR('',#1711,10.);
#408=VECTOR('',#1712,10.);
#409=VECTOR('',#1713,10.);
#410=VECTOR('',#1714,10.);
#411=VECTOR('',#1719,10.);
#412=VECTOR('',#1722,10.);
#413=VECTOR('',#1725,10.);
#414=VECTOR('',#1728,10.);
#415=VECTOR('',#1733,10.);
#416=VECTOR('',#1734,10.);
#417=VECTOR('',#1741,10.);
#418=VECTOR('',#1742,10.);
#419=VECTOR('',#1745,10.);
#420=VECTOR('',#1748,10.);
#421=VECTOR('',#1751,10.);
#422=VECTOR('',#1772,10.);
#423=VECTOR('',#1773,10.);
#424=VECTOR('',#1778,10.);
#425=VECTOR('',#1793,10.);
#426=VECTOR('',#1800,10.);
#427=VECTOR('',#1807,10.);
#428=VECTOR('',#1814,10.);
#429=B_SPLINE_CURVE_WITH_KNOTS('',3,(#1823,#1824,#1825,#1826,#1827,#1828,
#1829,#1830,#1831,#1832,#1833,#1834,#1835,#1836,#1837,#1838,#1839,#1840,
#1841,#1842,#1843,#1844,#1845,#1846,#1847,#1848,#1849,#1850,#1851,#1852,
#1853,#1854,#1855,#1856,#1857,#1858,#1859,#1860,#1861,#1862,#1863,#1864,
#1865,#1866,#1867,#1868,#1869,#1870,#1871,#1872,#1873,#1874,#1875,#1876,
#1877,#1878,#1879,#1880,#1881,#1882,#1883,#1884,#1885,#1886,#1887,#1888,
#1889,#1890,#1891,#1892,#1893,#1894,#1895,#1896,#1897,#1898),
 .UNSPECIFIED.,.F.,.F.,(4,3,3,3,3,3,3,3,3,3,3,3,3,3,3,3,3,3,3,3,3,3,3,3,
3,4),(-5.64592500020515,-5.48694580945673,-5.42324272751136,-5.21206753923652,
-5.05193626635118,-4.60918870391607,-4.27155881513831,-4.02370253647555,
-3.85766416762173,-3.77584625781289,-3.53618694822074,-2.87272493856694,
-2.61172733581638,-2.59355885827324,-2.37575827272874,-2.14533252442499,
-1.68239121094334,-1.64622124999694,-1.31729158366574,-1.07739653883754,
-0.780328881897305,-0.702669519590011,-0.632593574300731,-0.6019549552147,
-0.486842776654588,-0.0610544615659752),.UNSPECIFIED.);
#430=B_SPLINE_CURVE_WITH_KNOTS('',3,(#1900,#1901,#1902,#1903,#1904,#1905,
#1906,#1907,#1908,#1909,#1910,#1911,#1912,#1913,#1914,#1915,#1916,#1917,
#1918,#1919,#1920,#1921,#1922,#1923,#1924,#1925,#1926,#1927),
 .UNSPECIFIED.,.F.,.F.,(4,3,3,3,3,3,3,3,3,4),(-1.41299181894919,-1.33423219119714,
-1.22887555035399,-1.14427748508601,-0.960426223195861,-0.888621851979038,
-0.654439326458938,-0.508166910209095,-0.471915788062523,0.),
 .UNSPECIFIED.);
#431=B_SPLINE_CURVE_WITH_KNOTS('',3,(#1931,#1932,#1933,#1934,#1935,#1936,
#1937,#1938,#1939,#1940,#1941,#1942,#1943,#1944,#1945,#1946,#1947,#1948,
#1949,#1950,#1951,#1952,#1953,#1954,#1955,#1956,#1957,#1958,#1959,#1960,
#1961,#1962,#1963,#1964,#1965,#1966,#1967,#1968,#1969,#1970,#1971,#1972,
#1973,#1974,#1975,#1976,#1977,#1978,#1979,#1980,#1981,#1982,#1983,#1984,
#1985,#1986,#1987,#1988,#1989,#1990,#1991,#1992,#1993,#1994,#1995,#1996,
#1997,#1998,#1999,#2000,#2001,#2002,#2003,#2004,#2005,#2006,#2007,#2008,
#2009,#2010,#2011,#2012,#2013,#2014,#2015,#2016,#2017,#2018,#2019,#2020,
#2021,#2022,#2023,#2024,#2025,#2026,#2027,#2028,#2029,#2030,#2031,#2032,
#2033,#2034,#2035,#2036,#2037,#2038,#2039,#2040,#2041,#2042,#2043,#2044,
#2045,#2046,#2047,#2048,#2049,#2050,#2051,#2052,#2053,#2054,#2055,#2056,
#2057,#2058,#2059,#2060,#2061,#2062,#2063,#2064,#2065,#2066,#2067,#2068,
#2069,#2070,#2071,#2072,#2073,#2074,#2075,#2076,#2077,#2078,#2079,#2080,
#2081,#2082,#2083,#2084,#2085,#2086,#2087,#2088,#2089,#2090,#2091,#2092,
#2093,#2094,#2095,#2096,#2097,#2098,#2099,#2100,#2101,#2102,#2103,#2104,
#2105,#2106,#2107,#2108,#2109,#2110,#2111,#2112,#2113,#2114,#2115,#2116,
#2117,#2118,#2119,#2120,#2121,#2122,#2123,#2124,#2125,#2126,#2127,#2128,
#2129,#2130,#2131,#2132,#2133,#2134,#2135,#2136,#2137,#2138,#2139,#2140,
#2141,#2142,#2143,#2144,#2145,#2146,#2147,#2148,#2149,#2150,#2151,#2152,
#2153,#2154,#2155,#2156,#2157,#2158,#2159,#2160,#2161,#2162,#2163,#2164,
#2165,#2166,#2167,#2168,#2169,#2170,#2171,#2172,#2173,#2174,#2175,#2176,
#2177,#2178,#2179,#2180,#2181,#2182,#2183,#2184,#2185,#2186,#2187,#2188,
#2189,#2190,#2191,#2192,#2193,#2194,#2195,#2196,#2197,#2198,#2199,#2200,
#2201,#2202,#2203,#2204,#2205,#2206,#2207,#2208,#2209,#2210,#2211,#2212,
#2213,#2214,#2215,#2216,#2217,#2218,#2219,#2220,#2221,#2222,#2223,#2224,
#2225,#2226,#2227,#2228,#2229,#2230,#2231,#2232,#2233,#2234,#2235,#2236,
#2237,#2238,#2239,#2240),.UNSPECIFIED.,.F.,.F.,(4,3,3,3,3,3,3,3,3,3,3,3,
3,3,3,3,3,3,3,3,3,3,3,3,3,3,3,3,3,3,3,3,3,3,3,3,3,3,3,3,3,3,3,3,3,3,3,3,
3,3,3,3,3,3,3,3,3,3,3,3,3,3,3,3,3,3,3,3,3,3,3,3,3,3,3,3,3,3,3,3,3,3,3,3,
3,3,3,3,3,3,3,3,3,3,3,3,3,3,3,3,3,3,3,4),(-3.60016270253189,-3.58509179493532,
-3.51230529031912,-3.45755415910365,-3.38706436288418,-3.33878501626148,
-3.29732864887437,-3.27306205037757,-3.22670233348192,-3.18032842458,-3.12103842688787,
-3.08668898426043,-3.05333849566933,-3.0347566858484,-2.99628121710148,
-2.92142223146266,-2.84141866007919,-2.82272257989434,-2.77989537697766,
-2.70129306834537,-2.66895744483845,-2.61279923713587,-2.52430540592636,
-2.50588553322339,-2.4480969204341,-2.40813615735892,-2.37041854118378,
-2.34349405083428,-2.28834498103876,-2.24272274078625,-2.20923206573537,
-2.17166947524194,-2.13693765603441,-2.08174646766418,-2.05501310797669,
-2.0407114299752,-2.01720334781386,-2.01501977886805,-2.00680071007432,
-1.99564536660412,-1.98647281002912,-1.97542835956852,-1.94692488484739,
-1.92743036284341,-1.91655144468845,-1.91004858815226,-1.89696967473984,
-1.87368138437648,-1.85368693602749,-1.8356302347937,-1.8262189442082,-1.79975758532099,
-1.76388493584828,-1.7257417238738,-1.70348381076889,-1.67340453156329,
-1.65107836791106,-1.63028793075355,-1.6179949353785,-1.59556528321103,
-1.56084263566851,-1.5235271367941,-1.49133142384571,-1.47893936965773,
-1.44714146784444,-1.3922150354426,-1.35497142648514,-1.31735848046605,
-1.26790981298518,-1.20659458302757,-1.13635179493969,-1.11908514778841,
-1.08783748496544,-1.04522918130158,-0.972470489542131,-0.950897341057363,
-0.919972133096958,-0.880346763567346,-0.839382210847756,-0.824015205052286,
-0.800162422297218,-0.762012612110704,-0.696518421329681,-0.682364623388753,
-0.663749367129624,-0.630980312929537,-0.595821972425809,-0.57601151100281,
-0.546402090571902,-0.504906727239655,-0.45441689757103,-0.441480263874531,
-0.406487312835739,-0.338495138004014,-0.258541184748933,-0.248421214909311,
-0.22969249477242,-0.187105902025014,-0.128367928778986,-0.101173965101221,
-0.0921436331064172,-0.0674316742840245,-0.0327573592888941,-4.44089209850063E-16),
 .UNSPECIFIED.);
#432=B_SPLINE_CURVE_WITH_KNOTS('',3,(#2242,#2243,#2244,#2245,#2246,#2247,
#2248,#2249,#2250,#2251),.UNSPECIFIED.,.F.,.F.,(4,3,3,4),(-0.197996808664482,
-0.156448476109692,-0.0588403109242465,0.),.UNSPECIFIED.);
#433=B_SPLINE_CURVE_WITH_KNOTS('',3,(#2253,#2254,#2255,#2256,#2257,#2258,
#2259,#2260,#2261,#2262),.UNSPECIFIED.,.F.,.F.,(4,3,3,4),(-0.190378766604204,
-0.139106846086215,-0.0459290378224971,0.),.UNSPECIFIED.);
#434=B_SPLINE_CURVE_WITH_KNOTS('',3,(#2264,#2265,#2266,#2267,#2268,#2269,
#2270,#2271,#2272,#2273),.UNSPECIFIED.,.F.,.F.,(4,3,3,4),(-0.196885398248562,
-0.154345301474817,-0.0676558499247612,0.),.UNSPECIFIED.);
#435=B_SPLINE_CURVE_WITH_KNOTS('',3,(#2275,#2276,#2277,#2278,#2279,#2280,
#2281,#2282,#2283,#2284),.UNSPECIFIED.,.F.,.F.,(4,3,3,4),(-0.150507691213958,
-0.122776535055488,-0.068041413004371,0.),.UNSPECIFIED.);
#436=B_SPLINE_CURVE_WITH_KNOTS('',3,(#2286,#2287,#2288,#2289),
 .UNSPECIFIED.,.F.,.F.,(4,4),(-0.0716942191838429,0.),.UNSPECIFIED.);
#437=B_SPLINE_CURVE_WITH_KNOTS('',3,(#2291,#2292,#2293,#2294,#2295,#2296,
#2297),.UNSPECIFIED.,.F.,.F.,(4,3,4),(-0.86958897415112,-0.514829150565011,
0.),.UNSPECIFIED.);
#438=B_SPLINE_CURVE_WITH_KNOTS('',3,(#2301,#2302,#2303,#2304,#2305,#2306,
#2307),.UNSPECIFIED.,.F.,.F.,(4,3,4),(-0.850418358108678,-0.509368557150538,
0.),.UNSPECIFIED.);
#439=B_SPLINE_CURVE_WITH_KNOTS('',3,(#2309,#2310,#2311,#2312),
 .UNSPECIFIED.,.F.,.F.,(4,4),(-0.0926662831164566,0.),.UNSPECIFIED.);
#440=B_SPLINE_CURVE_WITH_KNOTS('',3,(#2314,#2315,#2316,#2317,#2318,#2319),
 .UNSPECIFIED.,.F.,.F.,(4,2,4),(-0.167165145572799,-0.106429517627617,0.),
 .UNSPECIFIED.);
#441=B_SPLINE_CURVE_WITH_KNOTS('',3,(#2321,#2322,#2323,#2324,#2325,#2326,
#2327,#2328,#2329,#2330),.UNSPECIFIED.,.F.,.F.,(4,3,3,4),(-0.258598301262184,
-0.122504639312529,-0.0225083612674358,0.),.UNSPECIFIED.);
#442=B_SPLINE_CURVE_WITH_KNOTS('',3,(#2332,#2333,#2334,#2335,#2336,#2337,
#2338,#2339,#2340,#2341),.UNSPECIFIED.,.F.,.F.,(4,3,3,4),(-0.389116168307137,
-0.294997499230542,-0.118858397992124,0.),.UNSPECIFIED.);
#443=B_SPLINE_CURVE_WITH_KNOTS('',3,(#2343,#2344,#2345,#2346,#2347,#2348,
#2349,#2350,#2351,#2352),.UNSPECIFIED.,.F.,.F.,(4,3,3,4),(-0.390781442602264,
-0.227673498199215,-0.0728931809188981,0.),.UNSPECIFIED.);
#444=B_SPLINE_CURVE_WITH_KNOTS('',3,(#2354,#2355,#2356,#2357,#2358,#2359,
#2360,#2361,#2362,#2363,#2364,#2365,#2366,#2367,#2368,#2369,#2370,#2371,
#2372,#2373,#2374,#2375,#2376,#2377,#2378,#2379,#2380,#2381,#2382,#2383,
#2384,#2385,#2386,#2387,#2388,#2389,#2390,#2391,#2392,#2393,#2394,#2395,
#2396,#2397,#2398,#2399,#2400,#2401,#2402,#2403,#2404,#2405,#2406,#2407,
#2408,#2409,#2410,#2411,#2412,#2413,#2414,#2415,#2416,#2417,#2418,#2419,
#2420,#2421,#2422,#2423,#2424,#2425,#2426,#2427,#2428,#2429,#2430,#2431,
#2432,#2433,#2434,#2435,#2436,#2437,#2438,#2439,#2440,#2441,#2442,#2443,
#2444,#2445,#2446,#2447,#2448,#2449,#2450,#2451,#2452,#2453,#2454,#2455,
#2456,#2457,#2458,#2459,#2460,#2461,#2462,#2463,#2464,#2465,#2466,#2467,
#2468,#2469,#2470,#2471,#2472,#2473,#2474,#2475,#2476,#2477,#2478,#2479,
#2480,#2481,#2482,#2483,#2484,#2485,#2486,#2487,#2488,#2489,#2490,#2491,
#2492,#2493,#2494,#2495,#2496,#2497,#2498,#2499,#2500,#2501,#2502,#2503,
#2504,#2505,#2506,#2507,#2508,#2509,#2510,#2511,#2512,#2513,#2514,#2515,
#2516,#2517,#2518,#2519,#2520,#2521,#2522,#2523,#2524,#2525,#2526,#2527,
#2528,#2529,#2530,#2531,#2532,#2533,#2534,#2535,#2536,#2537,#2538,#2539,
#2540,#2541,#2542,#2543,#2544,#2545,#2546,#2547,#2548,#2549,#2550,#2551,
#2552,#2553,#2554,#2555,#2556,#2557,#2558,#2559,#2560,#2561,#2562,#2563,
#2564,#2565,#2566,#2567,#2568,#2569,#2570,#2571,#2572,#2573,#2574,#2575,
#2576,#2577,#2578,#2579,#2580,#2581,#2582,#2583,#2584,#2585,#2586,#2587,
#2588,#2589,#2590,#2591,#2592,#2593,#2594,#2595,#2596,#2597,#2598,#2599,
#2600,#2601,#2602,#2603,#2604,#2605,#2606,#2607,#2608,#2609,#2610,#2611,
#2612,#2613,#2614,#2615,#2616,#2617,#2618,#2619,#2620,#2621,#2622,#2623,
#2624,#2625,#2626,#2627,#2628,#2629,#2630),.UNSPECIFIED.,.F.,.F.,(4,3,3,
3,3,3,3,3,3,3,3,3,3,3,3,3,3,3,3,3,3,3,3,3,3,3,3,3,3,3,3,3,3,3,3,3,3,3,3,
3,3,3,3,3,3,3,3,3,3,3,3,3,3,3,3,3,3,3,3,3,3,3,3,3,3,3,3,3,3,3,3,3,3,3,3,
3,3,3,3,3,3,3,3,3,3,3,3,3,3,3,3,3,4),(-2.95899002207523,-2.94025265112111,
-2.88044071978802,-2.85902004139643,-2.83725579566109,-2.8079934735926,
-2.71789213254919,-2.59852846943728,-2.55465153538076,-2.54116560442942,
-2.49269263835695,-2.38046906020606,-2.3271899121916,-2.28067810900864,
-2.24878869400779,-2.19698546184415,-2.13015714426013,-2.05340518504577,
-1.98225312040289,-1.93334649788493,-1.89484505754578,-1.84090761135519,
-1.81273579538996,-1.75655501689661,-1.68324399610795,-1.63694571947492,
-1.58005673652217,-1.51803942729459,-1.47776670938596,-1.42078692971387,
-1.39127355033115,-1.36435042696525,-1.33597899612403,-1.29351009361087,
-1.28408553114139,-1.27690566240769,-1.27491527197852,-1.2712587184658,
-1.26677367780243,-1.26334222656944,-1.25784984437875,-1.25621113385753,
-1.2513296735499,-1.24480950272105,-1.24177345459415,-1.23424571495671,
-1.22668341702256,-1.20855733132407,-1.19195643048964,-1.17155502911203,
-1.1485286020366,-1.10510077358356,-1.0994151748043,-1.05458002361186,-1.00134720943094,
-0.982606528611301,-0.933775774433786,-0.912426557644717,-0.88896861008315,
-0.87162571064347,-0.84153296971861,-0.820377578293216,-0.795526055828791,
-0.778474995236639,-0.757587240127453,-0.734616796058748,-0.704830814639963,
-0.698256721457552,-0.654448067491162,-0.591843240746496,-0.533228663344217,
-0.491715162553005,-0.46473394215397,-0.401581617114741,-0.355126063546575,
-0.330034407481895,-0.255303720289436,-0.214693041767513,-0.166454399794678,
-0.15210742134846,-0.127161154970403,-0.106550249299336,-0.100173920369145,
-0.0914272144835684,-0.0741009157210667,-0.0661328951721736,-0.0563735912131113,
-0.038646266705156,-0.0367639619429166,-0.0254014350283496,-0.0109235357709236,
-0.000502526738146083,0.),.UNSPECIFIED.);
#445=B_SPLINE_CURVE_WITH_KNOTS('',3,(#2638,#2639,#2640,#2641,#2642,#2643,
#2644,#2645,#2646,#2647,#2648,#2649,#2650,#2651,#2652,#2653,#2654,#2655,
#2656,#2657,#2658,#2659,#2660,#2661,#2662,#2663,#2664,#2665),
 .UNSPECIFIED.,.F.,.F.,(4,3,3,3,3,3,3,3,3,4),(-6.66699317196557,-2.9450596753489,
-1.8591717199466,-1.39414022764927,-0.770581228997452,-0.608573459311646,
-0.488233603102844,-0.400000695383992,-0.144495848591197,0.),
 .UNSPECIFIED.);
#446=B_SPLINE_CURVE_WITH_KNOTS('',3,(#2677,#2678,#2679,#2680),
 .UNSPECIFIED.,.F.,.F.,(4,4),(-0.199999999999999,-0.0500000000000003),
 .UNSPECIFIED.);
#447=B_SPLINE_CURVE_WITH_KNOTS('',3,(#2682,#2683,#2684,#2685),
 .UNSPECIFIED.,.F.,.F.,(4,4),(-0.199999999999999,-0.0500000000000003),
 .UNSPECIFIED.);
#448=B_SPLINE_CURVE_WITH_KNOTS('',3,(#2710,#2711,#2712,#2713,#2714,#2715,
#2716),.UNSPECIFIED.,.F.,.F.,(4,3,4),(-0.300055150392757,-0.120333419830573,
-7.16694067549073E-15),.UNSPECIFIED.);
#449=B_SPLINE_CURVE_WITH_KNOTS('',3,(#2727,#2728,#2729,#2730),
 .UNSPECIFIED.,.F.,.F.,(4,4),(-0.340415812115423,-0.200294774554707),
 .UNSPECIFIED.);
#450=B_SPLINE_CURVE_WITH_KNOTS('',3,(#2747,#2748,#2749,#2750,#2751,#2752,
#2753),.UNSPECIFIED.,.F.,.F.,(4,3,4),(-3.7710523113552,-3.64464001188844,
-3.28172176769596),.UNSPECIFIED.);
#451=B_SPLINE_CURVE_WITH_KNOTS('',3,(#2776,#2777,#2778,#2779,#2780,#2781,
#2782,#2783,#2784,#2785),.UNSPECIFIED.,.F.,.F.,(4,3,3,4),(-10.8968042783669,
-10.6320326853124,-9.45575096835626,-7.85484651996476),.UNSPECIFIED.);
#452=B_SPLINE_CURVE_WITH_KNOTS('',3,(#2808,#2809,#2810,#2811,#2812,#2813,
#2814,#2815,#2816,#2817),.UNSPECIFIED.,.F.,.F.,(4,3,3,4),(-18.9653064257611,
-17.867602665183,-16.2408892222918,-15.3716665276291),.UNSPECIFIED.);
#453=B_SPLINE_CURVE_WITH_KNOTS('',3,(#2840,#2841,#2842,#2843,#2844,#2845,
#2846,#2847,#2848,#2849),.UNSPECIFIED.,.F.,.F.,(4,3,3,4),(-34.1416094770737,
-32.6178623731202,-29.3823599950954,-25.972778264913),.UNSPECIFIED.);
#454=B_SPLINE_CURVE_WITH_KNOTS('',3,(#3406,#3407,#3408,#3409,#3410,#3411,
#3412,#3413,#3414,#3415,#3416,#3417,#3418,#3419,#3420,#3421,#3422,#3423,
#3424,#3425,#3426,#3427,#3428,#3429,#3430,#3431,#3432,#3433,#3434,#3435,
#3436,#3437,#3438,#3439,#3440,#3441,#3442,#3443,#3444,#3445,#3446,#3447,
#3448,#3449,#3450,#3451,#3452,#3453,#3454,#3455,#3456,#3457,#3458,#3459,
#3460,#3461,#3462,#3463,#3464,#3465,#3466,#3467,#3468,#3469,#3470,#3471,
#3472,#3473,#3474,#3475,#3476,#3477,#3478,#3479,#3480,#3481,#3482,#3483,
#3484,#3485,#3486,#3487,#3488,#3489,#3490,#3491,#3492,#3493,#3494,#3495,
#3496,#3497,#3498,#3499,#3500,#3501,#3502,#3503,#3504,#3505,#3506,#3507,
#3508,#3509,#3510,#3511,#3512,#3513,#3514,#3515,#3516,#3517,#3518,#3519,
#3520,#3521,#3522,#3523,#3524,#3525,#3526,#3527,#3528,#3529,#3530,#3531,
#3532,#3533,#3534,#3535,#3536,#3537,#3538,#3539,#3540,#3541,#3542,#3543,
#3544,#3545,#3546,#3547,#3548,#3549,#3550,#3551,#3552,#3553,#3554,#3555,
#3556,#3557,#3558,#3559,#3560,#3561,#3562,#3563,#3564,#3565,#3566,#3567,
#3568,#3569,#3570,#3571,#3572,#3573,#3574,#3575,#3576,#3577,#3578,#3579,
#3580,#3581,#3582,#3583,#3584,#3585,#3586,#3587,#3588,#3589,#3590,#3591,
#3592,#3593,#3594,#3595,#3596,#3597,#3598,#3599,#3600,#3601,#3602,#3603,
#3604,#3605,#3606,#3607,#3608,#3609,#3610,#3611,#3612,#3613,#3614,#3615,
#3616,#3617,#3618,#3619,#3620,#3621,#3622,#3623,#3624,#3625,#3626,#3627,
#3628,#3629,#3630,#3631,#3632,#3633,#3634,#3635,#3636,#3637,#3638,#3639,
#3640,#3641,#3642,#3643,#3644,#3645,#3646,#3647,#3648,#3649,#3650,#3651,
#3652,#3653,#3654,#3655,#3656,#3657,#3658,#3659,#3660,#3661,#3662,#3663,
#3664,#3665,#3666,#3667,#3668,#3669,#3670,#3671,#3672,#3673,#3674,#3675,
#3676,#3677,#3678,#3679,#3680,#3681,#3682),.UNSPECIFIED.,.F.,.F.,(4,3,3,
3,3,3,3,3,3,3,3,3,3,3,3,3,3,3,3,3,3,3,3,3,3,3,3,3,3,3,3,3,3,3,3,3,3,3,3,
3,3,3,3,3,3,3,3,3,3,3,3,3,3,3,3,3,3,3,3,3,3,3,3,3,3,3,3,3,3,3,3,3,3,3,3,
3,3,3,3,3,3,3,3,3,3,3,3,3,3,3,3,3,4),(-305.903991960588,-305.859067701304,
-304.927463318394,-303.633186117296,-302.617413091743,-302.449141155603,
-300.864375884126,-299.991925787037,-299.27961061265,-297.730695741163,
-296.948768625142,-296.378745515138,-294.536197447237,-292.30608220389,
-291.023508898371,-286.711130879487,-283.080668034191,-276.399987160829,
-274.156874551405,-270.003898848331,-264.3582859703,-261.946252442552,-258.235080216772,
-252.995127248815,-247.398458941241,-243.482107471232,-242.894404878984,
-240.231634819794,-238.178151677759,-236.310854168691,-234.786544696263,
-232.564899251274,-230.673675924234,-227.983482560884,-226.43308364274,
-224.336019270787,-222.427468585355,-218.062157657256,-216.386801620677,
-211.627960816527,-207.619843826324,-207.111569749834,-203.229262844631,
-201.170775003505,-199.346955939427,-197.862889288206,-196.242476060599,
-195.566431171072,-194.893475681101,-194.622062832992,-194.039180724132,
-193.602794016924,-193.456298615271,-192.965297474655,-192.658536872265,
-192.257588794553,-191.930704778995,-191.752770335057,-191.110913374757,
-190.268388080328,-186.471806041658,-183.93549221274,-181.528652371183,
-178.890252049202,-173.79644469208,-170.196194428657,-164.65204828014,-159.566357855018,
-155.427442199454,-148.873674894625,-143.851295649476,-141.332826742558,
-136.510994123845,-133.069090325901,-128.696997014421,-122.336233381461,
-115.474857350007,-109.500622670046,-104.869581858087,-102.018771664007,
-97.8607674279463,-93.0977845294685,-83.0653608992389,-78.7320350664189,
-77.5264366121447,-73.6039811237018,-62.93325707332,-54.8784896359112,-52.2625330229382,
-50.3168800968145,-48.4019409760684,-43.0549484530799,-41.3798883077362),
 .UNSPECIFIED.);
#455=B_SPLINE_CURVE_WITH_KNOTS('',3,(#3745,#3746,#3747,#3748,#3749,#3750,
#3751,#3752,#3753,#3754,#3755,#3756,#3757,#3758,#3759,#3760),
 .UNSPECIFIED.,.F.,.F.,(4,3,3,3,3,4),(-0.986172611127585,-0.879962169871971,
-0.747035793115136,-0.563387811309291,-0.24681345274661,0.),
 .UNSPECIFIED.);
#456=B_SPLINE_CURVE_WITH_KNOTS('',3,(#3762,#3763,#3764,#3765,#3766,#3767,
#3768,#3769,#3770,#3771),.UNSPECIFIED.,.F.,.F.,(4,3,3,4),(-0.397626788445294,
-0.326717785650885,-0.145108730928381,0.),.UNSPECIFIED.);
#457=B_SPLINE_CURVE_WITH_KNOTS('',3,(#3773,#3774,#3775,#3776,#3777,#3778,
#3779,#3780,#3781,#3782),.UNSPECIFIED.,.F.,.F.,(4,3,3,4),(-0.986172611127585,
-0.777204492875568,-0.509172312054374,-0.397626788445294),.UNSPECIFIED.);
#458=B_SPLINE_CURVE_WITH_KNOTS('',3,(#3811,#3812,#3813,#3814),
 .UNSPECIFIED.,.F.,.F.,(4,4),(-0.418638782645671,-0.209783104816944),
 .UNSPECIFIED.);
#459=B_SPLINE_CURVE_WITH_KNOTS('',3,(#3816,#3817,#3818,#3819,#3820,#3821),
 .UNSPECIFIED.,.F.,.F.,(4,2,4),(-0.418638782645671,-0.213927987603545,0.),
 .UNSPECIFIED.);
#460=B_SPLINE_CURVE_WITH_KNOTS('',3,(#3824,#3825,#3826,#3827,#3828,#3829),
 .UNSPECIFIED.,.F.,.F.,(4,2,4),(-0.209783104816944,-0.204710795042126,0.),
 .UNSPECIFIED.);
#461=B_SPLINE_CURVE_WITH_KNOTS('',3,(#3869,#3870,#3871,#3872,#3873,#3874),
 .UNSPECIFIED.,.F.,.F.,(4,2,4),(-1.07564341293542,-0.568152571077451,-0.149803736773836),
 .UNSPECIFIED.);
#462=B_SPLINE_CURVE_WITH_KNOTS('',3,(#3876,#3877,#3878,#3879,#3880,#3881),
 .UNSPECIFIED.,.F.,.F.,(4,2,4),(-1.07564341293542,-0.507490841857969,0.),
 .UNSPECIFIED.);
#463=B_SPLINE_CURVE_WITH_KNOTS('',3,(#3884,#3885,#3886,#3887),
 .UNSPECIFIED.,.F.,.F.,(4,4),(-0.149803736773836,0.),.UNSPECIFIED.);
#464=B_SPLINE_CURVE_WITH_KNOTS('',3,(#3938,#3939,#3940,#3941,#3942,#3943,
#3944,#3945,#3946,#3947,#3948,#3949,#3950,#3951,#3952,#3953,#3954,#3955,
#3956,#3957,#3958,#3959,#3960,#3961,#3962),.UNSPECIFIED.,.F.,.F.,(4,3,3,
3,3,3,3,3,4),(-1.93836597904549,-1.34077738654756,-1.22406560248753,-1.00513045109584,
-0.854557732480485,-0.597050979612548,-0.444353369590539,-0.252686012935609,
0.),.UNSPECIFIED.);
#465=B_SPLINE_CURVE_WITH_KNOTS('',3,(#3964,#3965,#3966,#3967),
 .UNSPECIFIED.,.F.,.F.,(4,4),(-0.282116647446654,0.),.UNSPECIFIED.);
#466=B_SPLINE_CURVE_WITH_KNOTS('',3,(#3968,#3969,#3970,#3971,#3972,#3973,
#3974,#3975,#3976,#3977,#3978,#3979,#3980,#3981),.UNSPECIFIED.,.F.,.F.,
(4,2,2,2,2,2,4),(-0.550907762387278,-0.398107457713985,-0.362064882359098,
-0.3509105830034,-0.319016446296618,-0.200972138177856,0.),
 .UNSPECIFIED.);
#467=B_SPLINE_CURVE_WITH_KNOTS('',3,(#3986,#3987,#3988,#3989,#3990,#3991),
 .UNSPECIFIED.,.F.,.F.,(4,2,4),(-0.986740835067161,-0.411265943762786,-0.0836495681063002),
 .UNSPECIFIED.);
#468=B_SPLINE_CURVE_WITH_KNOTS('',3,(#3997,#3998,#3999,#4000),
 .UNSPECIFIED.,.F.,.F.,(4,4),(-0.162963403804069,0.),.UNSPECIFIED.);
#469=B_SPLINE_CURVE_WITH_KNOTS('',3,(#4009,#4010,#4011,#4012),
 .UNSPECIFIED.,.F.,.F.,(4,4),(-0.983485556478954,-0.55172534793677),
 .UNSPECIFIED.);
#470=B_SPLINE_CURVE_WITH_KNOTS('',3,(#4014,#4015,#4016,#4017,#4018,#4019),
 .UNSPECIFIED.,.F.,.F.,(4,2,4),(-0.55172534793677,-0.454161538951543,0.),
 .UNSPECIFIED.);
#471=B_SPLINE_CURVE_WITH_KNOTS('',3,(#4021,#4022,#4023,#4024,#4025,#4026),
 .UNSPECIFIED.,.F.,.F.,(4,2,4),(-0.417005948581696,-0.219792409604693,0.),
 .UNSPECIFIED.);
#472=B_SPLINE_CURVE_WITH_KNOTS('',3,(#4028,#4029,#4030,#4031,#4032,#4033,
#4034,#4035,#4036,#4037,#4038,#4039,#4040,#4041,#4042,#4043,#4044,#4045,
#4046),.UNSPECIFIED.,.F.,.F.,(4,3,3,3,3,3,4),(-1.06974452197356,-0.894586196722716,
-0.687978857062455,-0.472260034790762,-0.30021629189544,-0.0310184393694387,
0.),.UNSPECIFIED.);
#473=B_SPLINE_CURVE_WITH_KNOTS('',3,(#4048,#4049,#4050,#4051),
 .UNSPECIFIED.,.F.,.F.,(4,4),(-2.32706300573785,-2.07274838575557),
 .UNSPECIFIED.);
#474=B_SPLINE_CURVE_WITH_KNOTS('',3,(#4053,#4054,#4055,#4056),
 .UNSPECIFIED.,.F.,.F.,(4,4),(-3.6454349093634,-3.13765237917823),
 .UNSPECIFIED.);
#475=B_SPLINE_CURVE_WITH_KNOTS('',3,(#4057,#4058,#4059,#4060),
 .UNSPECIFIED.,.F.,.F.,(4,4),(-1.85280901434112,-1.27804326512795),
 .UNSPECIFIED.);
#476=B_SPLINE_CURVE_WITH_KNOTS('',3,(#4094,#4095,#4096,#4097,#4098,#4099),
 .UNSPECIFIED.,.F.,.F.,(4,2,4),(-0.983485556478955,-0.529324017527411,0.),
 .UNSPECIFIED.);
#477=B_SPLINE_CURVE_WITH_KNOTS('',3,(#4122,#4123,#4124,#4125,#4126,#4127),
 .UNSPECIFIED.,.F.,.F.,(4,2,4),(-0.269712727568825,-0.197213538977003,0.),
 .UNSPECIFIED.);
#478=B_SPLINE_CURVE_WITH_KNOTS('',3,(#4129,#4130,#4131,#4132),
 .UNSPECIFIED.,.F.,.F.,(4,4),(-0.417005948581696,-0.269712727568825),
 .UNSPECIFIED.);
#479=B_SPLINE_CURVE_WITH_KNOTS('',3,(#4173,#4174,#4175,#4176,#4177,#4178),
 .UNSPECIFIED.,.F.,.F.,(4,2,4),(-0.996763240769638,-0.404828420089813,0.),
 .UNSPECIFIED.);
#480=B_SPLINE_CURVE_WITH_KNOTS('',3,(#4180,#4181,#4182,#4183,#4184,#4185,
#4186),.UNSPECIFIED.,.F.,.F.,(4,3,4),(-1.06974452197356,-1.00246314682421,
-0.996763240769638),.UNSPECIFIED.);
#481=B_SPLINE_CURVE_WITH_KNOTS('',3,(#4195,#4196,#4197,#4198),
 .UNSPECIFIED.,.F.,.F.,(4,4),(-0.727213595499968,-0.0807075757734834),
 .UNSPECIFIED.);
#482=B_SPLINE_CURVE_WITH_KNOTS('',3,(#4199,#4200,#4201,#4202,#4203,#4204,
#4205,#4206,#4207,#4208),.UNSPECIFIED.,.F.,.F.,(4,2,2,2,4),(-1.16634481707419,
-1.03516407341852,-0.890024338663915,-0.574009005888016,-0.0559487788437855),
 .UNSPECIFIED.);
#483=B_SPLINE_CURVE_WITH_KNOTS('',3,(#4211,#4212,#4213,#4214,#4215,#4216,
#4217,#4218),.UNSPECIFIED.,.F.,.F.,(4,2,2,4),(-0.353260608881523,-0.313683860413518,
-0.203810153999516,0.),.UNSPECIFIED.);
#484=B_SPLINE_CURVE_WITH_KNOTS('',3,(#4222,#4223,#4224,#4225,#4226,#4227,
#4228,#4229),.UNSPECIFIED.,.F.,.F.,(4,2,2,4),(-0.422009581240752,-0.295783713098127,
-0.173971459088218,-0.069729422369463),.UNSPECIFIED.);
#485=B_SPLINE_CURVE_WITH_KNOTS('',3,(#4233,#4234,#4235,#4236,#4237,#4238),
 .UNSPECIFIED.,.F.,.F.,(4,2,4),(-0.911752607152082,-0.580835060805137,0.),
 .UNSPECIFIED.);
#486=B_SPLINE_CURVE_WITH_KNOTS('',3,(#4244,#4245,#4246,#4247,#4248,#4249,
#4250,#4251,#4252,#4253,#4254,#4255,#4256,#4257,#4258,#4259,#4260,#4261,
#4262,#4263,#4264,#4265,#4266,#4267,#4268),.UNSPECIFIED.,.F.,.F.,(4,3,3,
3,3,3,3,3,4),(-2.32706300573785,-2.16256999155395,-2.0693511749777,-1.96814394621089,
-1.92288914962757,-1.60021833776148,-1.4996314032555,-0.518755135346808,
0.),.UNSPECIFIED.);
#487=B_SPLINE_CURVE_WITH_KNOTS('',3,(#4277,#4278,#4279,#4280),
 .UNSPECIFIED.,.F.,.F.,(4,4),(-0.309094054077359,-0.14613065027329),
 .UNSPECIFIED.);
#488=B_SPLINE_CURVE_WITH_KNOTS('',3,(#4284,#4285,#4286,#4287),
 .UNSPECIFIED.,.F.,.F.,(4,4),(-8.61371961522644,-7.96721359549995),
 .UNSPECIFIED.);
#489=B_SPLINE_CURVE_WITH_KNOTS('',3,(#4290,#4291,#4292,#4293,#4294,#4295,
#4296,#4297,#4298,#4299),.UNSPECIFIED.,.F.,.F.,(4,2,2,2,4),(-0.67392337105417,
-0.466180467956578,-0.277252577962045,-0.116188648593519,0.),
 .UNSPECIFIED.);
#490=B_SPLINE_CURVE_WITH_KNOTS('',3,(#4321,#4322,#4323,#4324,#4325,#4326,
#4327),.UNSPECIFIED.,.F.,.F.,(4,3,4),(-0.306863455861588,-0.125188829093386,
-3.25485524939778E-14),.UNSPECIFIED.);
#491=B_SPLINE_CURVE_WITH_KNOTS('',3,(#4338,#4339,#4340,#4341),
 .UNSPECIFIED.,.F.,.F.,(4,4),(-451.758099238732,-451.687156838017),
 .UNSPECIFIED.);
#492=B_SPLINE_CURVE_WITH_KNOTS('',3,(#4364,#4365,#4366,#4367,#4368,#4369,
#4370,#4371,#4372,#4373),.UNSPECIFIED.,.F.,.F.,(4,3,3,4),(-449.992292624733,
-449.897650352401,-449.821516478947,-449.782943799202),.UNSPECIFIED.);
#493=B_SPLINE_CURVE_WITH_KNOTS('',3,(#4396,#4397,#4398,#4399,#4400,#4401,
#4402,#4403,#4404,#4405),.UNSPECIFIED.,.F.,.F.,(4,3,3,4),(-449.208740567574,
-449.038556696199,-448.820495043163,-448.713488208341),.UNSPECIFIED.);
#494=B_SPLINE_CURVE_WITH_KNOTS('',3,(#4428,#4429,#4430,#4431,#4432,#4433,
#4434,#4435,#4436,#4437),.UNSPECIFIED.,.F.,.F.,(4,3,3,4),(-448.103300572661,
-447.994808659348,-447.774707408024,-447.653594730295),.UNSPECIFIED.);
#495=B_SPLINE_CURVE_WITH_KNOTS('',3,(#4460,#4461,#4462,#4463,#4464,#4465,
#4466,#4467,#4468,#4469),.UNSPECIFIED.,.F.,.F.,(4,3,3,4),(-447.052725279915,
-446.843842693599,-446.497334565596,-446.349838350419),.UNSPECIFIED.);
#496=B_SPLINE_CURVE_WITH_KNOTS('',3,(#5092,#5093,#5094,#5095,#5096,#5097,
#5098,#5099,#5100,#5101,#5102,#5103,#5104,#5105,#5106,#5107,#5108,#5109,
#5110,#5111,#5112,#5113,#5114,#5115,#5116,#5117,#5118,#5119,#5120,#5121,
#5122,#5123,#5124,#5125,#5126,#5127,#5128,#5129,#5130,#5131,#5132,#5133,
#5134,#5135,#5136,#5137,#5138,#5139,#5140,#5141,#5142,#5143,#5144,#5145,
#5146,#5147,#5148,#5149,#5150,#5151,#5152,#5153,#5154,#5155,#5156,#5157,
#5158,#5159,#5160,#5161,#5162,#5163,#5164,#5165,#5166,#5167,#5168,#5169,
#5170,#5171,#5172,#5173,#5174,#5175,#5176,#5177,#5178,#5179,#5180,#5181,
#5182,#5183,#5184,#5185,#5186,#5187,#5188,#5189,#5190,#5191,#5192,#5193,
#5194,#5195,#5196,#5197,#5198,#5199,#5200,#5201,#5202,#5203,#5204,#5205,
#5206,#5207,#5208,#5209,#5210,#5211,#5212,#5213,#5214,#5215,#5216,#5217,
#5218,#5219,#5220,#5221,#5222,#5223,#5224,#5225,#5226,#5227,#5228,#5229,
#5230,#5231,#5232,#5233,#5234,#5235,#5236,#5237,#5238,#5239,#5240,#5241,
#5242,#5243,#5244,#5245,#5246,#5247,#5248,#5249,#5250,#5251,#5252,#5253,
#5254,#5255,#5256,#5257,#5258,#5259,#5260,#5261,#5262,#5263,#5264,#5265,
#5266,#5267,#5268,#5269,#5270,#5271,#5272,#5273,#5274,#5275,#5276,#5277,
#5278,#5279,#5280,#5281,#5282,#5283,#5284,#5285,#5286,#5287,#5288,#5289,
#5290,#5291,#5292,#5293,#5294,#5295,#5296,#5297,#5298,#5299,#5300,#5301,
#5302,#5303,#5304,#5305,#5306,#5307,#5308,#5309,#5310,#5311,#5312,#5313,
#5314,#5315,#5316,#5317,#5318,#5319,#5320,#5321,#5322,#5323,#5324,#5325,
#5326,#5327,#5328,#5329,#5330,#5331,#5332,#5333,#5334,#5335,#5336,#5337,
#5338,#5339,#5340,#5341,#5342,#5343,#5344,#5345,#5346,#5347,#5348,#5349,
#5350,#5351,#5352,#5353,#5354,#5355,#5356,#5357,#5358,#5359,#5360,#5361,
#5362,#5363,#5364,#5365,#5366,#5367,#5368,#5369,#5370,#5371,#5372,#5373,
#5374,#5375,#5376,#5377,#5378,#5379,#5380,#5381,#5382,#5383,#5384,#5385,
#5386,#5387,#5388,#5389,#5390,#5391,#5392,#5393,#5394,#5395,#5396,#5397,
#5398,#5399,#5400,#5401),.UNSPECIFIED.,.F.,.F.,(4,3,3,3,3,3,3,3,3,3,3,3,
3,3,3,3,3,3,3,3,3,3,3,3,3,3,3,3,3,3,3,3,3,3,3,3,3,3,3,3,3,3,3,3,3,3,3,3,
3,3,3,3,3,3,3,3,3,3,3,3,3,3,3,3,3,3,3,3,3,3,3,3,3,3,3,3,3,3,3,3,3,3,3,3,
3,3,3,3,3,3,3,3,3,3,3,3,3,3,3,3,3,3,3,4),(-445.706059970098,-445.456030059595,
-445.191368436582,-445.002747345418,-444.933820754585,-444.726255051726,
-444.277920677019,-443.952866331844,-443.809914020629,-443.732670457404,
-443.122399049368,-442.603429335168,-442.33633563145,-442.237593076019,
-441.852215015411,-441.535489790744,-441.309487423609,-441.158278412744,
-440.889922326648,-440.639803151391,-440.497716885663,-440.389683976134,
-439.889780839405,-439.598591505658,-439.416528321476,-439.299235256127,
-438.986561595226,-438.684109632912,-438.448064141257,-438.28340091742,
-437.728049399963,-437.402829340011,-437.164322619425,-437.032529998296,
-436.49638183494,-436.028375811512,-435.650944718983,-435.36385315449,-435.079580660717,
-434.660338961269,-434.417632384268,-434.323046487638,-434.07730350341,
-433.792482289292,-433.527451754293,-433.356251021212,-433.262421219293,
-433.103732263448,-432.933321436048,-432.703732737476,-432.533842851892,
-432.242703880885,-431.968895627353,-431.766921740019,-431.695087373822,
-431.557264439023,-431.404651095341,-431.226896560734,-431.127068014692,
-431.077433102933,-430.994396649699,-430.845599136781,-430.628038216479,
-430.543738290594,-430.473726129989,-430.388579781503,-430.325845389002,
-430.309178674714,-430.129746516369,-430.020584869997,-429.816534858786,
-429.395272333713,-429.130171793358,-428.843464581811,-428.58783742909,
-428.239612636404,-427.818671593394,-427.613162722759,-427.325272233373,
-427.020260283929,-426.579172174341,-426.438577229468,-425.763122761289,
-425.334479184678,-425.08766829311,-424.48771369911,-424.160822828025,-424.018119650575,
-423.407469517988,-422.836086906997,-422.542411891177,-422.400580914952,
-422.146023775466,-421.883841833685,-421.431293974562,-421.077331855998,
-420.72347806198,-420.538256310835,-420.221828733869,-419.853322817113,
-419.31528929357,-418.897385630548,-418.341821823509,-418.226788812321),
 .UNSPECIFIED.);
#497=B_SPLINE_CURVE_WITH_KNOTS('',3,(#5404,#5405,#5406,#5407),
 .UNSPECIFIED.,.F.,.F.,(4,4),(-0.95,-0.0499999999999997),.UNSPECIFIED.);
#498=B_SPLINE_CURVE_WITH_KNOTS('',3,(#5461,#5462,#5463,#5464,#5465,#5466,
#5467,#5468,#5469,#5470,#5471,#5472,#5473,#5474,#5475,#5476,#5477,#5478,
#5479,#5480,#5481,#5482,#5483,#5484,#5485,#5486,#5487,#5488,#5489,#5490,
#5491,#5492,#5493,#5494,#5495,#5496,#5497,#5498,#5499,#5500,#5501,#5502,
#5503),.UNSPECIFIED.,.F.,.F.,(4,3,3,3,3,3,3,3,3,3,3,3,3,3,4),(-1.95788330812613,
-1.90217989455304,-1.85405291549376,-1.71738056216187,-1.55443855873624,
-1.46354895041152,-1.2389105269885,-1.04984300056516,-0.842847029001686,
-0.719672383745023,-0.609289050373505,-0.330329559818893,-0.196131500006889,
-0.056098046932019,0.),.UNSPECIFIED.);
#499=B_SPLINE_CURVE_WITH_KNOTS('',3,(#5507,#5508,#5509,#5510,#5511,#5512),
 .UNSPECIFIED.,.F.,.F.,(4,2,4),(-0.299359297772184,-0.182887386651904,-0.0393224409011166),
 .UNSPECIFIED.);
#500=B_SPLINE_CURVE_WITH_KNOTS('',3,(#5515,#5516,#5517,#5518,#5519,#5520),
 .UNSPECIFIED.,.F.,.F.,(4,2,4),(-0.322250907303602,-0.185449310423467,-0.0626408760757724),
 .UNSPECIFIED.);
#501=B_SPLINE_CURVE_WITH_KNOTS('',3,(#5524,#5525,#5526,#5527),
 .UNSPECIFIED.,.F.,.F.,(4,4),(-0.544005728878626,-0.0499999999999988),
 .UNSPECIFIED.);
#502=B_SPLINE_CURVE_WITH_KNOTS('',3,(#5528,#5529,#5530,#5531),
 .UNSPECIFIED.,.F.,.F.,(4,4),(-0.0393224409011166,0.),.UNSPECIFIED.);
#503=B_SPLINE_CURVE_WITH_KNOTS('',3,(#5595,#5596,#5597,#5598,#5599,#5600,
#5601,#5602,#5603,#5604,#5605,#5606,#5607,#5608,#5609,#5610,#5611,#5612,
#5613,#5614,#5615,#5616),.UNSPECIFIED.,.F.,.F.,(4,2,2,2,2,2,2,2,2,2,4),
(-2.89441861554487,-2.53709366043012,-2.11237240625186,-2.07964858501695,
-2.05310922890082,-1.99102783204546,-1.81559075593648,-1.44612593453662,
-1.14374425334388,-0.945028639974016,0.),.UNSPECIFIED.);
#504=B_SPLINE_CURVE_WITH_KNOTS('',3,(#5618,#5619,#5620,#5621),
 .UNSPECIFIED.,.F.,.F.,(4,4),(-0.115467478191235,-0.0943674811795461),
 .UNSPECIFIED.);
#505=B_SPLINE_CURVE_WITH_KNOTS('',3,(#5624,#5625,#5626,#5627,#5628,#5629,
#5630,#5631,#5632,#5633,#5634,#5635,#5636,#5637,#5638,#5639,#5640,#5641,
#5642,#5643,#5644,#5645,#5646,#5647,#5648,#5649,#5650,#5651,#5652,#5653,
#5654,#5655,#5656,#5657,#5658,#5659,#5660,#5661,#5662,#5663,#5664,#5665,
#5666,#5667,#5668,#5669,#5670,#5671,#5672,#5673,#5674,#5675,#5676,#5677,
#5678,#5679,#5680,#5681),.UNSPECIFIED.,.F.,.F.,(4,3,3,3,3,3,3,3,3,3,3,3,
3,3,3,3,3,3,3,4),(-1.16612722275133,-1.10521466851677,-1.08113841210625,
-1.07446767194641,-1.05364805697128,-1.03243439800639,-0.999879334161359,
-0.960727167542276,-0.934298334157947,-0.887972072349139,-0.783520218488909,
-0.72259957184313,-0.702231323731924,-0.660758535827027,-0.564314285373701,
-0.412094972170854,-0.375235183576167,-0.33050210798655,-0.156881367508223,
0.),.UNSPECIFIED.);
#506=B_SPLINE_CURVE_WITH_KNOTS('',3,(#5691,#5692,#5693,#5694),
 .UNSPECIFIED.,.F.,.F.,(4,4),(10.8601474223721,10.8669780213212),
 .UNSPECIFIED.);
#507=B_SPLINE_CURVE_WITH_KNOTS('',3,(#5697,#5698,#5699,#5700),
 .UNSPECIFIED.,.F.,.F.,(4,4),(1.29299655947265,1.29982715842178),
 .UNSPECIFIED.);
#508=B_SPLINE_CURVE_WITH_KNOTS('',3,(#5715,#5716,#5717,#5718),
 .UNSPECIFIED.,.F.,.F.,(4,4),(-1.10099895077277,-0.165975297369094),
 .UNSPECIFIED.);
#509=B_SPLINE_CURVE_WITH_KNOTS('',3,(#5719,#5720,#5721,#5722),
 .UNSPECIFIED.,.F.,.F.,(4,4),(-0.934493739952616,0.),.UNSPECIFIED.);
#510=B_SPLINE_CURVE_WITH_KNOTS('',3,(#5736,#5737,#5738,#5739,#5740,#5741,
#5742,#5743,#5744,#5745,#5746,#5747,#5748,#5749,#5750,#5751),
 .UNSPECIFIED.,.F.,.F.,(4,3,3,3,3,4),(-1.14181254086216,-0.894727846351279,
-0.646317014849469,-0.397692045568349,-0.149514345054062,0.),
 .UNSPECIFIED.);
#511=B_SPLINE_CURVE_WITH_KNOTS('',3,(#5754,#5755,#5756,#5757,#5758,#5759,
#5760,#5761,#5762,#5763,#5764,#5765,#5766,#5767),.UNSPECIFIED.,.F.,.F.,
(4,2,2,2,2,2,4),(-1.13706895123909,-1.05622021678883,-1.02306013011727,
-0.982060755659959,-0.809330444253404,-0.370504281828362,0.),
 .UNSPECIFIED.);
#512=B_SPLINE_CURVE_WITH_KNOTS('',3,(#5798,#5799,#5800,#5801,#5802,#5803,
#5804,#5805),.UNSPECIFIED.,.F.,.F.,(4,2,2,4),(0.,2.25789715180077,2.52468923160339,
4.31566463123173),.UNSPECIFIED.);
#513=B_SPLINE_CURVE_WITH_KNOTS('',3,(#5807,#5808,#5809,#5810),
 .UNSPECIFIED.,.F.,.F.,(4,4),(0.109143573376369,1.10273634025074),
 .UNSPECIFIED.);
#514=B_SPLINE_CURVE_WITH_KNOTS('',3,(#5812,#5813,#5814,#5815,#5816,#5817,
#5818,#5819,#5820,#5821,#5822,#5823,#5824,#5825,#5826,#5827,#5828,#5829),
 .UNSPECIFIED.,.F.,.F.,(4,2,2,2,2,2,2,2,4),(-1.09069572004887,-1.03076942504151,
-0.984672625608219,-0.946062547148983,-0.830512888154823,-0.719145821717566,
-0.478239044520665,-0.337361274485537,-0.0358551949255437),
 .UNSPECIFIED.);
#515=B_SPLINE_CURVE_WITH_KNOTS('',3,(#5830,#5831,#5832,#5833,#5834,#5835,
#5836,#5837,#5838,#5839),.UNSPECIFIED.,.F.,.F.,(4,2,2,2,4),(-0.676284671769849,
-0.271748861501323,-0.149117127686628,-0.0826917415060548,0.),
 .UNSPECIFIED.);
#516=B_SPLINE_CURVE_WITH_KNOTS('',3,(#5846,#5847,#5848,#5849,#5850,#5851),
 .UNSPECIFIED.,.F.,.F.,(4,2,4),(-1.10958426884185,-0.458281259460835,-0.0547858509166585),
 .UNSPECIFIED.);
#517=B_SPLINE_CURVE_WITH_KNOTS('',3,(#5854,#5855,#5856,#5857),
 .UNSPECIFIED.,.F.,.F.,(4,4),(-0.335867037538526,-0.0514361635816262),
 .UNSPECIFIED.);
#518=B_SPLINE_CURVE_WITH_KNOTS('',3,(#6109,#6110,#6111,#6112),
 .UNSPECIFIED.,.F.,.F.,(4,4),(-5.17190378148379,-5.01010853756461),
 .UNSPECIFIED.);
#519=B_SPLINE_CURVE_WITH_KNOTS('',3,(#6114,#6115,#6116,#6117,#6118,#6119,
#6120,#6121,#6122,#6123),.UNSPECIFIED.,.F.,.F.,(4,2,1,1,1,1,4),(-5.01010853756461,
-5.00963066408215,-4.9784854938713,-4.94734032366046,-4.88504998323877,
-4.76046930239539,-4.51184060919834),.UNSPECIFIED.);
#520=B_SPLINE_CURVE_WITH_KNOTS('',3,(#6125,#6126,#6127,#6128,#6129,#6130,
#6131,#6132,#6133,#6134,#6135,#6136),.UNSPECIFIED.,.F.,.F.,(4,2,1,1,1,1,
1,1,4),(-4.51184060919834,-4.51130794070863,-4.4777675212134,-4.44422710171817,
-4.37714626272772,-4.31006542373727,-4.24298458474682,-4.10882290676591,
-3.9753163407221),.UNSPECIFIED.);
#521=B_SPLINE_CURVE_WITH_KNOTS('',3,(#6138,#6139,#6140,#6141,#6142,#6143,
#6144,#6145,#6146,#6147,#6148,#6149,#6150,#6151),.UNSPECIFIED.,.F.,.F.,
(4,2,1,1,1,1,1,1,1,1,4),(-3.9753163407221,-3.97466122878501,-3.96555111531589,
-3.95644100184677,-3.93822077490853,-3.90178032103205,-3.82889941327909,
-3.68313759777317,-3.53737578226726,-3.4644948745143,-3.39236647486449),
 .UNSPECIFIED.);
#522=B_SPLINE_CURVE_WITH_KNOTS('',3,(#6152,#6153,#6154,#6155,#6156,#6157,
#6158,#6159,#6160,#6161,#6162,#6163,#6164),.UNSPECIFIED.,.F.,.F.,(4,2,1,
1,1,1,1,1,1,4),(-3.39236647486449,-3.39161396676134,-3.37285923981918,-3.35410451287703,
-3.31659505899271,-3.24157615122408,-3.20406669733976,-3.16655724345544,
-3.09153833568681,-2.81182982154555),.UNSPECIFIED.);
#523=B_SPLINE_CURVE_WITH_KNOTS('',3,(#6169,#6170,#6171,#6172,#6173,#6174,
#6175,#6176,#6177,#6178,#6179,#6180,#6181,#6182,#6183,#6184,#6185,#6186,
#6187,#6188,#6189),.UNSPECIFIED.,.F.,.F.,(4,1,1,1,1,1,1,1,1,1,1,1,1,1,1,
1,1,1,4),(0.,1.01892988113078,2.03785976226156,4.07571952452312,4.75500611194364,
5.43429269936416,5.77393599307442,6.11357928678468,6.45322258049494,6.7928658742052,
7.13250916791545,7.47215246162571,8.15143904904623,9.17036893017701,10.1892988113078,
11.2082286924386,12.2271585735694,13.2460884547001,14.2650183358309),
 .UNSPECIFIED.);
#524=B_SPLINE_CURVE_WITH_KNOTS('',3,(#6195,#6196,#6197,#6198),
 .UNSPECIFIED.,.F.,.F.,(4,4),(-0.00986631152171877,0.),.UNSPECIFIED.);
#525=B_SPLINE_CURVE_WITH_KNOTS('',3,(#6304,#6305,#6306,#6307,#6308,#6309,
#6310,#6311,#6312,#6313,#6314),.UNSPECIFIED.,.F.,.F.,(4,2,1,1,1,1,1,4),
(-0.335785973251831,-0.335368443465367,-0.314407915748782,-0.293447388032196,
-0.251526332599025,-0.23056580488244,-0.167684221732684,0.),
 .UNSPECIFIED.);
#526=B_SPLINE_CURVE_WITH_KNOTS('',3,(#6316,#6317,#6318,#6319,#6320,#6321,
#6322,#6323,#6324,#6325,#6326,#6327,#6328,#6329,#6330,#6331,#6332),
 .UNSPECIFIED.,.F.,.F.,(4,2,1,1,1,1,1,1,1,1,1,1,1,4),(-0.84120669882485,
-0.839999057205277,-0.832114203865591,-0.824229350525905,-0.808459643846533,
-0.776920230487789,-0.7138414037703,-0.698071697090928,-0.682301990411555,
-0.650762577052811,-0.587683750335322,-0.461526096900345,-0.398447270182856,
-0.335785973251831),.UNSPECIFIED.);
#527=B_SPLINE_CURVE_WITH_KNOTS('',3,(#6334,#6335,#6336,#6337,#6338,#6339,
#6340,#6341,#6342,#6343,#6344,#6345,#6346,#6347,#6348,#6349,#6350,#6351,
#6352,#6353,#6354,#6355,#6356,#6357,#6358,#6359,#6360,#6361,#6362,#6363,
#6364,#6365,#6366,#6367,#6368,#6369,#6370,#6371,#6372,#6373,#6374,#6375),
 .UNSPECIFIED.,.F.,.F.,(4,2,1,1,1,1,1,1,1,1,1,1,1,1,1,1,1,1,1,1,1,1,1,1,
1,1,1,1,1,1,1,1,1,1,1,1,1,1,4),(-1.34708447753366,-1.3467210780192,-1.34276231223159,
-1.33880354644398,-1.33088601486876,-1.31505095171833,-1.28338082541746,
-1.28239113397056,-1.28140144252365,-1.28041175107675,-1.27942205962985,
-1.27546329384224,-1.27447360239534,-1.27348391094844,-1.27298906522498,
-1.27249421950153,-1.27150452805463,-1.27051483660773,-1.26952514516083,
-1.26754576226702,-1.26556637937322,-1.26358699647941,-1.26160761358561,
-1.2596282306918,-1.2556694649042,-1.25171069911659,-1.23587563596615,-1.23191687017854,
-1.22795810439093,-1.22399933860333,-1.22004057281572,-1.15670032021398,
-1.12503019391311,-1.09336006761224,-1.0775250044618,-1.06168994131137,
-1.04585487816093,-0.966679562408757,-0.84120669882485),.UNSPECIFIED.);
#528=B_SPLINE_CURVE_WITH_KNOTS('',3,(#6377,#6378,#6379,#6380,#6381,#6382,
#6383,#6384,#6385,#6386,#6387,#6388,#6389,#6390,#6391,#6392,#6393,#6394,
#6395,#6396,#6397,#6398,#6399,#6400,#6401,#6402,#6403,#6404,#6405,#6406,
#6407,#6408,#6409,#6410,#6411,#6412,#6413,#6414,#6415,#6416,#6417),
 .UNSPECIFIED.,.F.,.F.,(4,2,1,1,1,1,1,1,1,1,1,1,1,1,1,1,1,1,1,1,1,1,1,1,
1,1,1,1,1,1,1,1,1,1,1,1,1,4),(-1.83522567000985,-1.83463102627404,-1.81938384039107,
-1.80413665450811,-1.77364228274218,-1.71265353921033,-1.59067605214662,
-1.58877015391125,-1.58686425567588,-1.58305245920514,-1.57542886626365,
-1.56018168038069,-1.54493449449773,-1.52968730861476,-1.46869856508291,
-1.46107497214143,-1.45726317567068,-1.45345137919994,-1.44582778625846,
-1.43820419331698,-1.43439239684624,-1.4305806003755,-1.42295700743402,
-1.41533341449253,-1.40770982155105,-1.40008622860957,-1.39627443213883,
-1.39246263566809,-1.37721544978512,-1.37530955154975,-1.37340365331438,
-1.37149775507901,-1.36959185684364,-1.3657800603729,-1.36196826390216,
-1.35815646743142,-1.35434467096068,-1.34708447753366),.UNSPECIFIED.);
#529=B_SPLINE_CURVE_WITH_KNOTS('',3,(#6418,#6419,#6420,#6421,#6422,#6423,
#6424,#6425,#6426,#6427,#6428,#6429,#6430,#6431,#6432,#6433),
 .UNSPECIFIED.,.F.,.F.,(4,1,1,1,1,1,1,1,1,1,1,1,1,4),(-2.3035324909448,
-2.07305524125627,-2.05815372781988,-2.04325221438349,-2.0283507009471,
-2.01344918751071,-1.95384313376515,-1.92404010689237,-1.89423708001959,
-1.87933556658321,-1.86443405314682,-1.84953253971043,-1.84208178299223,
-1.83522567000985),.UNSPECIFIED.);
#530=B_SPLINE_CURVE_WITH_KNOTS('',3,(#6878,#6879,#6880,#6881,#6882,#6883),
 .UNSPECIFIED.,.F.,.F.,(4,2,4),(-0.429096854364774,-0.233886925633496,-0.00978313861886489),
 .UNSPECIFIED.);
#531=B_SPLINE_CURVE_WITH_KNOTS('',3,(#6885,#6886,#6887,#6888,#6889,#6890,
#6891,#6892),.UNSPECIFIED.,.F.,.F.,(4,2,2,4),(1.45030734627245,1.64712587968861,
1.88811857077082,1.88987548432282),.UNSPECIFIED.);
#532=B_SPLINE_CURVE_WITH_KNOTS('',3,(#6898,#6899,#6900,#6901,#6902,#6903,
#6904,#6905,#6906,#6907,#6908,#6909,#6910,#6911,#6912,#6913,#6914),
 .UNSPECIFIED.,.F.,.F.,(4,1,1,1,1,1,1,1,1,1,1,1,1,1,4),(-11.8659198212815,
-11.2082286924386,-10.1892988113078,-9.17036893017701,-8.15143904904623,
-7.47215246162571,-7.13250916791545,-6.7928658742052,-6.45322258049494,
-6.11357928678468,-5.77393599307442,-5.43429269936416,-4.75500611194364,
-4.07571952452312,-2.39913130082928),.UNSPECIFIED.);
#533=B_SPLINE_CURVE_WITH_KNOTS('',3,(#6916,#6917,#6918,#6919),
 .UNSPECIFIED.,.F.,.F.,(4,4),(-1.58080792945702,-1.3056040254326),
 .UNSPECIFIED.);
#534=B_SPLINE_CURVE_WITH_KNOTS('',3,(#6921,#6922,#6923,#6924),
 .UNSPECIFIED.,.F.,.F.,(4,4),(-12.9593016417226,-12.6840688224919),
 .UNSPECIFIED.);
#535=B_SPLINE_CURVE_WITH_KNOTS('',3,(#7056,#7057,#7058,#7059),
 .UNSPECIFIED.,.F.,.F.,(4,4),(24.2380280826119,25.2293602149696),
 .UNSPECIFIED.);
#536=B_SPLINE_CURVE_WITH_KNOTS('',3,(#7061,#7062,#7063,#7064),
 .UNSPECIFIED.,.F.,.F.,(4,4),(24.2228717489915,24.2380280826119),
 .UNSPECIFIED.);
#537=B_SPLINE_CURVE_WITH_KNOTS('',3,(#7066,#7067,#7068,#7069,#7070,#7071,
#7072,#7073,#7074,#7075,#7076,#7077,#7078),.UNSPECIFIED.,.F.,.F.,(4,3,3,
3,4),(-2.73719895237947,-2.66051910842318,-2.60428454342529,-2.5394393462011,
-2.5301267841429),.UNSPECIFIED.);
#538=B_SPLINE_CURVE_WITH_KNOTS('',3,(#7087,#7088,#7089,#7090,#7091,#7092,
#7093,#7094),.UNSPECIFIED.,.F.,.F.,(4,2,2,4),(-0.43781122222148,-0.240992689840109,
0.,0.00175691353937545),.UNSPECIFIED.);
#539=B_SPLINE_CURVE_WITH_KNOTS('',3,(#7112,#7113,#7114,#7115,#7116,#7117,
#7118,#7119),.UNSPECIFIED.,.F.,.F.,(4,2,2,4),(-0.388232319794035,-0.298923385332337,
-0.0675874925460695,0.),.UNSPECIFIED.);
#540=B_SPLINE_CURVE_WITH_KNOTS('',3,(#7282,#7283,#7284,#7285,#7286,#7287,
#7288),.UNSPECIFIED.,.F.,.F.,(4,1,1,1,4),(-2.05681259483785,-1.81333281827718,
-1.79304283689713,-1.77275285551707,-1.73255811174602),.UNSPECIFIED.);
#541=B_SPLINE_CURVE_WITH_KNOTS('',3,(#7290,#7291,#7292,#7293,#7294,#7295,
#7296,#7297,#7298,#7299,#7300,#7301),.UNSPECIFIED.,.F.,.F.,(4,2,1,1,1,1,
1,1,4),(-1.73255811174602,-1.73217289275696,-1.6993771031394,-1.66658131352183,
-1.60098973428669,-1.46980657581642,-1.33862341734615,-1.27303183811102,
-1.20806159539847),.UNSPECIFIED.);
#542=B_SPLINE_CURVE_WITH_KNOTS('',3,(#7303,#7304,#7305,#7306,#7307,#7308,
#7309,#7310,#7311,#7312,#7313),.UNSPECIFIED.,.F.,.F.,(4,2,1,1,1,1,1,4),
(-1.20806159539847,-1.20744025887588,-1.14453537261023,-1.08163048634458,
-0.955820713813277,-0.830010941281975,-0.767106055016324,-0.704644333412388),
 .UNSPECIFIED.);
#543=B_SPLINE_CURVE_WITH_KNOTS('',3,(#7315,#7316,#7317,#7318,#7319,#7320,
#7321,#7322,#7323,#7324,#7325,#7326,#7327,#7328,#7329,#7330),
 .UNSPECIFIED.,.F.,.F.,(4,2,1,1,1,1,1,1,1,1,1,1,4),(-0.704644333412388,
-0.704201168750673,-0.687845579866159,-0.671489990981646,-0.638778813212618,
-0.573356457674564,-0.442511746598455,-0.311667035522346,-0.278955857753319,
-0.246244679984292,-0.213533502215264,-0.197177913330751,-0.181436623583995),
 .UNSPECIFIED.);
#544=B_SPLINE_CURVE_WITH_KNOTS('',3,(#7331,#7332,#7333,#7334,#7335,#7336,
#7337,#7338,#7339,#7340),.UNSPECIFIED.,.F.,.F.,(4,2,1,1,1,1,4),(-0.181436623583995,
-0.180822324446237,-0.16643566649671,-0.152049008547183,-0.123275692648129,
-0.0657290608500205,0.000115622981406777),.UNSPECIFIED.);
#545=VERTEX_POINT('',#1821);
#546=VERTEX_POINT('',#1822);
#547=VERTEX_POINT('',#1899);
#548=VERTEX_POINT('',#1928);
#549=VERTEX_POINT('',#1930);
#550=VERTEX_POINT('',#2241);
#551=VERTEX_POINT('',#2252);
#552=VERTEX_POINT('',#2263);
#553=VERTEX_POINT('',#2274);
#554=VERTEX_POINT('',#2285);
#555=VERTEX_POINT('',#2290);
#556=VERTEX_POINT('',#2298);
#557=VERTEX_POINT('',#2300);
#558=VERTEX_POINT('',#2308);
#559=VERTEX_POINT('',#2313);
#560=VERTEX_POINT('',#2320);
#561=VERTEX_POINT('',#2331);
#562=VERTEX_POINT('',#2342);
#563=VERTEX_POINT('',#2353);
#564=VERTEX_POINT('',#2631);
#565=VERTEX_POINT('',#2633);
#566=VERTEX_POINT('',#2635);
#567=VERTEX_POINT('',#2637);
#568=VERTEX_POINT('',#2667);
#569=VERTEX_POINT('',#2669);
#570=VERTEX_POINT('',#2671);
#571=VERTEX_POINT('',#2673);
#572=VERTEX_POINT('',#2676);
#573=VERTEX_POINT('',#2681);
#574=VERTEX_POINT('',#2686);
#575=VERTEX_POINT('',#2690);
#576=VERTEX_POINT('',#2692);
#577=VERTEX_POINT('',#2709);
#578=VERTEX_POINT('',#2726);
#579=VERTEX_POINT('',#2746);
#580=VERTEX_POINT('',#2775);
#581=VERTEX_POINT('',#2807);
#582=VERTEX_POINT('',#2839);
#583=VERTEX_POINT('',#3405);
#584=VERTEX_POINT('',#3685);
#585=VERTEX_POINT('',#3689);
#586=VERTEX_POINT('',#3690);
#587=VERTEX_POINT('',#3692);
#588=VERTEX_POINT('',#3694);
#589=VERTEX_POINT('',#3698);
#590=VERTEX_POINT('',#3700);
#591=VERTEX_POINT('',#3704);
#592=VERTEX_POINT('',#3705);
#593=VERTEX_POINT('',#3707);
#594=VERTEX_POINT('',#3709);
#595=VERTEX_POINT('',#3744);
#596=VERTEX_POINT('',#3761);
#597=VERTEX_POINT('',#3772);
#598=VERTEX_POINT('',#3810);
#599=VERTEX_POINT('',#3815);
#600=VERTEX_POINT('',#3822);
#601=VERTEX_POINT('',#3868);
#602=VERTEX_POINT('',#3875);
#603=VERTEX_POINT('',#3882);
#604=VERTEX_POINT('',#3963);
#605=VERTEX_POINT('',#3983);
#606=VERTEX_POINT('',#3985);
#607=VERTEX_POINT('',#3992);
#608=VERTEX_POINT('',#3994);
#609=VERTEX_POINT('',#3996);
#610=VERTEX_POINT('',#4001);
#611=VERTEX_POINT('',#4003);
#612=VERTEX_POINT('',#4005);
#613=VERTEX_POINT('',#4008);
#614=VERTEX_POINT('',#4013);
#615=VERTEX_POINT('',#4020);
#616=VERTEX_POINT('',#4027);
#617=VERTEX_POINT('',#4047);
#618=VERTEX_POINT('',#4052);
#619=VERTEX_POINT('',#4093);
#620=VERTEX_POINT('',#4121);
#621=VERTEX_POINT('',#4128);
#622=VERTEX_POINT('',#4172);
#623=VERTEX_POINT('',#4179);
#624=VERTEX_POINT('',#4189);
#625=VERTEX_POINT('',#4190);
#626=VERTEX_POINT('',#4192);
#627=VERTEX_POINT('',#4194);
#628=VERTEX_POINT('',#4210);
#629=VERTEX_POINT('',#4219);
#630=VERTEX_POINT('',#4221);
#631=VERTEX_POINT('',#4232);
#632=VERTEX_POINT('',#4240);
#633=VERTEX_POINT('',#4242);
#634=VERTEX_POINT('',#4269);
#635=VERTEX_POINT('',#4271);
#636=VERTEX_POINT('',#4273);
#637=VERTEX_POINT('',#4275);
#638=VERTEX_POINT('',#4283);
#639=VERTEX_POINT('',#4288);
#640=VERTEX_POINT('',#4319);
#641=VERTEX_POINT('',#4336);
#642=VERTEX_POINT('',#4362);
#643=VERTEX_POINT('',#4394);
#644=VERTEX_POINT('',#4426);
#645=VERTEX_POINT('',#4458);
#646=VERTEX_POINT('',#5090);
#647=VERTEX_POINT('',#5403);
#648=VERTEX_POINT('',#5459);
#649=VERTEX_POINT('',#5505);
#650=VERTEX_POINT('',#5506);
#651=VERTEX_POINT('',#5513);
#652=VERTEX_POINT('',#5521);
#653=VERTEX_POINT('',#5523);
#654=VERTEX_POINT('',#5594);
#655=VERTEX_POINT('',#5617);
#656=VERTEX_POINT('',#5622);
#657=VERTEX_POINT('',#5683);
#658=VERTEX_POINT('',#5684);
#659=VERTEX_POINT('',#5686);
#660=VERTEX_POINT('',#5688);
#661=VERTEX_POINT('',#5690);
#662=VERTEX_POINT('',#5695);
#663=VERTEX_POINT('',#5702);
#664=VERTEX_POINT('',#5704);
#665=VERTEX_POINT('',#5735);
#666=VERTEX_POINT('',#5752);
#667=VERTEX_POINT('',#5806);
#668=VERTEX_POINT('',#5811);
#669=VERTEX_POINT('',#5841);
#670=VERTEX_POINT('',#5842);
#671=VERTEX_POINT('',#5845);
#672=VERTEX_POINT('',#6106);
#673=VERTEX_POINT('',#6108);
#674=VERTEX_POINT('',#6113);
#675=VERTEX_POINT('',#6124);
#676=VERTEX_POINT('',#6137);
#677=VERTEX_POINT('',#6166);
#678=VERTEX_POINT('',#6168);
#679=VERTEX_POINT('',#6192);
#680=VERTEX_POINT('',#6194);
#681=VERTEX_POINT('',#6199);
#682=VERTEX_POINT('',#6201);
#683=VERTEX_POINT('',#6303);
#684=VERTEX_POINT('',#6315);
#685=VERTEX_POINT('',#6333);
#686=VERTEX_POINT('',#6376);
#687=VERTEX_POINT('',#7053);
#688=VERTEX_POINT('',#7055);
#689=VERTEX_POINT('',#7060);
#690=VERTEX_POINT('',#7065);
#691=VERTEX_POINT('',#7081);
#692=VERTEX_POINT('',#7083);
#693=VERTEX_POINT('',#7281);
#694=VERTEX_POINT('',#7289);
#695=VERTEX_POINT('',#7302);
#696=VERTEX_POINT('',#7314);
#697=VERTEX_POINT('',#7714);
#698=VERTEX_POINT('',#7719);
#699=VERTEX_POINT('',#7724);
#700=VERTEX_POINT('',#7729);
#701=EDGE_CURVE('',#545,#546,#429,.T.);
#702=EDGE_CURVE('',#547,#545,#430,.T.);
#703=EDGE_CURVE('',#547,#548,#265,.T.);
#704=EDGE_CURVE('',#548,#549,#431,.T.);
#705=EDGE_CURVE('',#549,#550,#432,.T.);
#706=EDGE_CURVE('',#550,#551,#433,.T.);
#707=EDGE_CURVE('',#551,#552,#434,.T.);
#708=EDGE_CURVE('',#552,#553,#435,.T.);
#709=EDGE_CURVE('',#553,#554,#436,.T.);
#710=EDGE_CURVE('',#554,#555,#437,.T.);
#711=EDGE_CURVE('',#555,#556,#266,.T.);
#712=EDGE_CURVE('',#556,#557,#438,.T.);
#713=EDGE_CURVE('',#557,#558,#439,.T.);
#714=EDGE_CURVE('',#558,#559,#440,.T.);
#715=EDGE_CURVE('',#559,#560,#441,.T.);
#716=EDGE_CURVE('',#560,#561,#442,.T.);
#717=EDGE_CURVE('',#561,#562,#443,.T.);
#718=EDGE_CURVE('',#562,#563,#444,.T.);
#719=EDGE_CURVE('',#563,#564,#267,.T.);
#720=EDGE_CURVE('',#565,#564,#268,.T.);
#721=EDGE_CURVE('',#566,#565,#233,.T.);
#722=EDGE_CURVE('',#567,#566,#445,.T.);
#723=EDGE_CURVE('',#567,#546,#269,.T.);
#724=EDGE_CURVE('',#568,#568,#234,.T.);
#725=EDGE_CURVE('',#569,#569,#235,.T.);
#726=EDGE_CURVE('',#570,#570,#236,.T.);
#727=EDGE_CURVE('',#571,#571,#237,.T.);
#728=EDGE_CURVE('',#546,#572,#446,.T.);
#729=EDGE_CURVE('',#573,#567,#447,.T.);
#730=EDGE_CURVE('',#573,#574,#270,.T.);
#731=EDGE_CURVE('',#574,#572,#271,.T.);
#732=EDGE_CURVE('',#575,#555,#272,.T.);
#733=EDGE_CURVE('',#575,#576,#273,.T.);
#734=EDGE_CURVE('',#576,#556,#274,.T.);
#735=EDGE_CURVE('',#577,#576,#448,.T.);
#736=EDGE_CURVE('',#577,#557,#275,.T.);
#737=EDGE_CURVE('',#578,#577,#449,.T.);
#738=EDGE_CURVE('',#578,#558,#276,.T.);
#739=EDGE_CURVE('',#579,#578,#450,.T.);
#740=EDGE_CURVE('',#579,#559,#277,.T.);
#741=EDGE_CURVE('',#580,#579,#451,.T.);
#742=EDGE_CURVE('',#580,#560,#278,.T.);
#743=EDGE_CURVE('',#581,#580,#452,.T.);
#744=EDGE_CURVE('',#581,#561,#279,.T.);
#745=EDGE_CURVE('',#582,#581,#453,.T.);
#746=EDGE_CURVE('',#582,#562,#280,.T.);
#747=EDGE_CURVE('',#583,#582,#454,.T.);
#748=EDGE_CURVE('',#583,#563,#281,.T.);
#749=EDGE_CURVE('',#584,#583,#282,.T.);
#750=EDGE_CURVE('',#564,#584,#283,.T.);
#751=EDGE_CURVE('',#585,#586,#238,.T.);
#752=EDGE_CURVE('',#585,#587,#284,.T.);
#753=EDGE_CURVE('',#588,#587,#239,.T.);
#754=EDGE_CURVE('',#586,#588,#285,.T.);
#755=EDGE_CURVE('',#586,#589,#286,.T.);
#756=EDGE_CURVE('',#590,#588,#287,.T.);
#757=EDGE_CURVE('',#589,#590,#288,.T.);
#758=EDGE_CURVE('',#591,#592,#240,.T.);
#759=EDGE_CURVE('',#591,#593,#289,.T.);
#760=EDGE_CURVE('',#594,#593,#241,.T.);
#761=EDGE_CURVE('',#592,#594,#290,.T.);
#762=EDGE_CURVE('',#592,#595,#455,.T.);
#763=EDGE_CURVE('',#596,#594,#456,.T.);
#764=EDGE_CURVE('',#597,#596,#457,.T.);
#765=EDGE_CURVE('',#595,#597,#291,.T.);
#766=EDGE_CURVE('',#595,#598,#458,.T.);
#767=EDGE_CURVE('',#599,#597,#459,.T.);
#768=EDGE_CURVE('',#600,#599,#292,.T.);
#769=EDGE_CURVE('',#598,#600,#460,.T.);
#770=EDGE_CURVE('',#600,#601,#461,.T.);
#771=EDGE_CURVE('',#602,#599,#462,.T.);
#772=EDGE_CURVE('',#603,#602,#293,.T.);
#773=EDGE_CURVE('',#601,#603,#463,.T.);
#774=EDGE_CURVE('',#603,#574,#464,.T.);
#775=EDGE_CURVE('',#604,#602,#465,.T.);
#776=EDGE_CURVE('',#572,#604,#466,.T.);
#777=EDGE_CURVE('',#593,#605,#294,.T.);
#778=EDGE_CURVE('',#606,#605,#467,.T.);
#779=EDGE_CURVE('',#607,#606,#242,.T.);
#780=EDGE_CURVE('',#608,#607,#295,.T.);
#781=EDGE_CURVE('',#608,#609,#468,.T.);
#782=EDGE_CURVE('',#609,#610,#296,.T.);
#783=EDGE_CURVE('',#610,#611,#243,.T.);
#784=EDGE_CURVE('',#611,#612,#297,.T.);
#785=EDGE_CURVE('',#612,#590,#244,.T.);
#786=EDGE_CURVE('',#587,#613,#469,.T.);
#787=EDGE_CURVE('',#613,#614,#470,.T.);
#788=EDGE_CURVE('',#614,#615,#471,.T.);
#789=EDGE_CURVE('',#615,#616,#472,.T.);
#790=EDGE_CURVE('',#616,#617,#473,.T.);
#791=EDGE_CURVE('',#618,#617,#474,.T.);
#792=EDGE_CURVE('',#604,#618,#475,.T.);
#793=EDGE_CURVE('',#619,#585,#476,.T.);
#794=EDGE_CURVE('',#619,#614,#298,.T.);
#795=EDGE_CURVE('',#620,#619,#477,.T.);
#796=EDGE_CURVE('',#621,#620,#478,.T.);
#797=EDGE_CURVE('',#621,#615,#299,.T.);
#798=EDGE_CURVE('',#622,#621,#479,.T.);
#799=EDGE_CURVE('',#623,#622,#480,.T.);
#800=EDGE_CURVE('',#623,#616,#300,.T.);
#801=EDGE_CURVE('',#624,#625,#301,.T.);
#802=EDGE_CURVE('',#624,#626,#302,.T.);
#803=EDGE_CURVE('',#626,#627,#481,.T.);
#804=EDGE_CURVE('',#625,#627,#482,.T.);
#805=EDGE_CURVE('',#605,#628,#483,.T.);
#806=EDGE_CURVE('',#605,#629,#303,.T.);
#807=EDGE_CURVE('',#630,#629,#484,.T.);
#808=EDGE_CURVE('',#628,#630,#304,.T.);
#809=EDGE_CURVE('',#629,#631,#485,.T.);
#810=EDGE_CURVE('',#629,#591,#305,.T.);
#811=EDGE_CURVE('',#574,#632,#306,.T.);
#812=EDGE_CURVE('',#632,#633,#307,.T.);
#813=EDGE_CURVE('',#633,#623,#486,.T.);
#814=EDGE_CURVE('',#589,#634,#245,.T.);
#815=EDGE_CURVE('',#634,#635,#308,.T.);
#816=EDGE_CURVE('',#635,#636,#246,.T.);
#817=EDGE_CURVE('',#636,#637,#309,.T.);
#818=EDGE_CURVE('',#637,#626,#487,.T.);
#819=EDGE_CURVE('',#631,#624,#247,.T.);
#820=EDGE_CURVE('',#638,#608,#488,.T.);
#821=EDGE_CURVE('',#639,#607,#310,.T.);
#822=EDGE_CURVE('',#638,#639,#489,.T.);
#823=EDGE_CURVE('',#634,#612,#311,.T.);
#824=EDGE_CURVE('',#635,#611,#312,.T.);
#825=EDGE_CURVE('',#640,#554,#313,.T.);
#826=EDGE_CURVE('',#575,#640,#490,.T.);
#827=EDGE_CURVE('',#641,#553,#314,.T.);
#828=EDGE_CURVE('',#640,#641,#491,.T.);
#829=EDGE_CURVE('',#642,#552,#315,.T.);
#830=EDGE_CURVE('',#641,#642,#492,.T.);
#831=EDGE_CURVE('',#643,#551,#316,.T.);
#832=EDGE_CURVE('',#642,#643,#493,.T.);
#833=EDGE_CURVE('',#644,#550,#317,.T.);
#834=EDGE_CURVE('',#643,#644,#494,.T.);
#835=EDGE_CURVE('',#645,#549,#318,.T.);
#836=EDGE_CURVE('',#644,#645,#495,.T.);
#837=EDGE_CURVE('',#646,#548,#319,.T.);
#838=EDGE_CURVE('',#645,#646,#496,.T.);
#839=EDGE_CURVE('',#647,#547,#497,.T.);
#840=EDGE_CURVE('',#646,#647,#320,.T.);
#841=EDGE_CURVE('',#633,#648,#321,.T.);
#842=EDGE_CURVE('',#617,#648,#498,.T.);
#843=EDGE_CURVE('',#649,#650,#499,.T.);
#844=EDGE_CURVE('',#649,#651,#322,.T.);
#845=EDGE_CURVE('',#648,#651,#500,.T.);
#846=EDGE_CURVE('',#632,#652,#323,.T.);
#847=EDGE_CURVE('',#653,#652,#501,.T.);
#848=EDGE_CURVE('',#650,#653,#502,.T.);
#849=EDGE_CURVE('',#654,#649,#503,.T.);
#850=EDGE_CURVE('',#655,#654,#504,.T.);
#851=EDGE_CURVE('',#655,#656,#324,.T.);
#852=EDGE_CURVE('',#651,#656,#505,.T.);
#853=EDGE_CURVE('',#657,#658,#325,.T.);
#854=EDGE_CURVE('',#657,#659,#326,.T.);
#855=EDGE_CURVE('',#660,#659,#327,.T.);
#856=EDGE_CURVE('',#661,#660,#506,.T.);
#857=EDGE_CURVE('',#662,#661,#328,.T.);
#858=EDGE_CURVE('',#658,#662,#507,.T.);
#859=EDGE_CURVE('',#663,#657,#248,.T.);
#860=EDGE_CURVE('',#663,#664,#329,.T.);
#861=EDGE_CURVE('',#659,#664,#249,.T.);
#862=EDGE_CURVE('',#664,#638,#508,.T.);
#863=EDGE_CURVE('',#627,#663,#509,.T.);
#864=EDGE_CURVE('',#637,#609,#330,.T.);
#865=EDGE_CURVE('',#636,#610,#331,.T.);
#866=EDGE_CURVE('',#665,#655,#510,.T.);
#867=EDGE_CURVE('',#666,#665,#332,.T.);
#868=EDGE_CURVE('',#656,#666,#511,.T.);
#869=EDGE_CURVE('',#662,#665,#512,.T.);
#870=EDGE_CURVE('',#667,#661,#513,.T.);
#871=EDGE_CURVE('',#668,#667,#514,.T.);
#872=EDGE_CURVE('',#666,#668,#515,.T.);
#873=EDGE_CURVE('',#669,#670,#250,.T.);
#874=EDGE_CURVE('',#584,#669,#333,.T.);
#875=EDGE_CURVE('',#671,#647,#516,.T.);
#876=EDGE_CURVE('',#670,#671,#334,.T.);
#877=EDGE_CURVE('',#652,#573,#517,.T.);
#878=EDGE_CURVE('',#672,#668,#251,.T.);
#879=EDGE_CURVE('',#672,#673,#518,.T.);
#880=EDGE_CURVE('',#673,#674,#519,.T.);
#881=EDGE_CURVE('',#674,#675,#520,.T.);
#882=EDGE_CURVE('',#675,#676,#521,.T.);
#883=EDGE_CURVE('',#676,#618,#522,.T.);
#884=EDGE_CURVE('',#677,#670,#335,.T.);
#885=EDGE_CURVE('',#678,#677,#523,.T.);
#886=EDGE_CURVE('',#678,#669,#336,.T.);
#887=EDGE_CURVE('',#679,#671,#337,.T.);
#888=EDGE_CURVE('',#680,#679,#524,.T.);
#889=EDGE_CURVE('',#681,#680,#252,.T.);
#890=EDGE_CURVE('',#682,#681,#338,.T.);
#891=EDGE_CURVE('',#677,#682,#253,.T.);
#892=EDGE_CURVE('',#672,#545,#339,.T.);
#893=EDGE_CURVE('',#683,#672,#525,.T.);
#894=EDGE_CURVE('',#684,#683,#526,.T.);
#895=EDGE_CURVE('',#685,#684,#527,.T.);
#896=EDGE_CURVE('',#686,#685,#528,.T.);
#897=EDGE_CURVE('',#679,#686,#529,.T.);
#898=EDGE_CURVE('',#667,#680,#530,.T.);
#899=EDGE_CURVE('',#660,#681,#531,.T.);
#900=EDGE_CURVE('',#682,#659,#254,.T.);
#901=EDGE_CURVE('',#677,#664,#255,.T.);
#902=EDGE_CURVE('',#628,#630,#532,.T.);
#903=EDGE_CURVE('',#631,#625,#533,.T.);
#904=EDGE_CURVE('',#639,#606,#534,.T.);
#905=EDGE_CURVE('',#678,#663,#256,.T.);
#906=EDGE_CURVE('',#687,#565,#340,.T.);
#907=EDGE_CURVE('',#688,#687,#535,.T.);
#908=EDGE_CURVE('',#689,#688,#536,.T.);
#909=EDGE_CURVE('',#690,#689,#537,.T.);
#910=EDGE_CURVE('',#690,#566,#341,.T.);
#911=EDGE_CURVE('',#691,#678,#257,.T.);
#912=EDGE_CURVE('',#692,#691,#342,.T.);
#913=EDGE_CURVE('',#687,#692,#258,.T.);
#914=EDGE_CURVE('',#658,#692,#538,.T.);
#915=EDGE_CURVE('',#691,#657,#259,.T.);
#916=EDGE_CURVE('',#654,#689,#539,.T.);
#917=EDGE_CURVE('',#687,#665,#260,.T.);
#918=EDGE_CURVE('',#653,#693,#540,.T.);
#919=EDGE_CURVE('',#693,#694,#541,.T.);
#920=EDGE_CURVE('',#694,#695,#542,.T.);
#921=EDGE_CURVE('',#695,#696,#543,.T.);
#922=EDGE_CURVE('',#696,#690,#544,.T.);
#923=EDGE_CURVE('',#571,#697,#343,.T.);
#924=EDGE_CURVE('',#697,#697,#261,.T.);
#925=EDGE_CURVE('',#570,#698,#344,.T.);
#926=EDGE_CURVE('',#698,#698,#262,.T.);
#927=EDGE_CURVE('',#569,#699,#345,.T.);
#928=EDGE_CURVE('',#699,#699,#263,.T.);
#929=EDGE_CURVE('',#568,#700,#346,.T.);
#930=EDGE_CURVE('',#700,#700,#264,.T.);
#931=ORIENTED_EDGE('',*,*,#701,.F.);
#932=ORIENTED_EDGE('',*,*,#702,.F.);
#933=ORIENTED_EDGE('',*,*,#703,.T.);
#934=ORIENTED_EDGE('',*,*,#704,.T.);
#935=ORIENTED_EDGE('',*,*,#705,.T.);
#936=ORIENTED_EDGE('',*,*,#706,.T.);
#937=ORIENTED_EDGE('',*,*,#707,.T.);
#938=ORIENTED_EDGE('',*,*,#708,.T.);
#939=ORIENTED_EDGE('',*,*,#709,.T.);
#940=ORIENTED_EDGE('',*,*,#710,.T.);
#941=ORIENTED_EDGE('',*,*,#711,.T.);
#942=ORIENTED_EDGE('',*,*,#712,.T.);
#943=ORIENTED_EDGE('',*,*,#713,.T.);
#944=ORIENTED_EDGE('',*,*,#714,.T.);
#945=ORIENTED_EDGE('',*,*,#715,.T.);
#946=ORIENTED_EDGE('',*,*,#716,.T.);
#947=ORIENTED_EDGE('',*,*,#717,.T.);
#948=ORIENTED_EDGE('',*,*,#718,.T.);
#949=ORIENTED_EDGE('',*,*,#719,.T.);
#950=ORIENTED_EDGE('',*,*,#720,.F.);
#951=ORIENTED_EDGE('',*,*,#721,.F.);
#952=ORIENTED_EDGE('',*,*,#722,.F.);
#953=ORIENTED_EDGE('',*,*,#723,.T.);
#954=ORIENTED_EDGE('',*,*,#724,.F.);
#955=ORIENTED_EDGE('',*,*,#725,.F.);
#956=ORIENTED_EDGE('',*,*,#726,.F.);
#957=ORIENTED_EDGE('',*,*,#727,.F.);
#958=ORIENTED_EDGE('',*,*,#728,.F.);
#959=ORIENTED_EDGE('',*,*,#723,.F.);
#960=ORIENTED_EDGE('',*,*,#729,.F.);
#961=ORIENTED_EDGE('',*,*,#730,.T.);
#962=ORIENTED_EDGE('',*,*,#731,.T.);
#963=ORIENTED_EDGE('',*,*,#711,.F.);
#964=ORIENTED_EDGE('',*,*,#732,.F.);
#965=ORIENTED_EDGE('',*,*,#733,.T.);
#966=ORIENTED_EDGE('',*,*,#734,.T.);
#967=ORIENTED_EDGE('',*,*,#712,.F.);
#968=ORIENTED_EDGE('',*,*,#734,.F.);
#969=ORIENTED_EDGE('',*,*,#735,.F.);
#970=ORIENTED_EDGE('',*,*,#736,.T.);
#971=ORIENTED_EDGE('',*,*,#713,.F.);
#972=ORIENTED_EDGE('',*,*,#736,.F.);
#973=ORIENTED_EDGE('',*,*,#737,.F.);
#974=ORIENTED_EDGE('',*,*,#738,.T.);
#975=ORIENTED_EDGE('',*,*,#714,.F.);
#976=ORIENTED_EDGE('',*,*,#738,.F.);
#977=ORIENTED_EDGE('',*,*,#739,.F.);
#978=ORIENTED_EDGE('',*,*,#740,.T.);
#979=ORIENTED_EDGE('',*,*,#715,.F.);
#980=ORIENTED_EDGE('',*,*,#740,.F.);
#981=ORIENTED_EDGE('',*,*,#741,.F.);
#982=ORIENTED_EDGE('',*,*,#742,.T.);
#983=ORIENTED_EDGE('',*,*,#716,.F.);
#984=ORIENTED_EDGE('',*,*,#742,.F.);
#985=ORIENTED_EDGE('',*,*,#743,.F.);
#986=ORIENTED_EDGE('',*,*,#744,.T.);
#987=ORIENTED_EDGE('',*,*,#717,.F.);
#988=ORIENTED_EDGE('',*,*,#744,.F.);
#989=ORIENTED_EDGE('',*,*,#745,.F.);
#990=ORIENTED_EDGE('',*,*,#746,.T.);
#991=ORIENTED_EDGE('',*,*,#718,.F.);
#992=ORIENTED_EDGE('',*,*,#746,.F.);
#993=ORIENTED_EDGE('',*,*,#747,.F.);
#994=ORIENTED_EDGE('',*,*,#748,.T.);
#995=ORIENTED_EDGE('',*,*,#719,.F.);
#996=ORIENTED_EDGE('',*,*,#748,.F.);
#997=ORIENTED_EDGE('',*,*,#749,.F.);
#998=ORIENTED_EDGE('',*,*,#750,.F.);
#999=ORIENTED_EDGE('',*,*,#751,.F.);
#1000=ORIENTED_EDGE('',*,*,#752,.T.);
#1001=ORIENTED_EDGE('',*,*,#753,.F.);
#1002=ORIENTED_EDGE('',*,*,#754,.F.);
#1003=ORIENTED_EDGE('',*,*,#755,.F.);
#1004=ORIENTED_EDGE('',*,*,#754,.T.);
#1005=ORIENTED_EDGE('',*,*,#756,.F.);
#1006=ORIENTED_EDGE('',*,*,#757,.F.);
#1007=ORIENTED_EDGE('',*,*,#758,.F.);
#1008=ORIENTED_EDGE('',*,*,#759,.T.);
#1009=ORIENTED_EDGE('',*,*,#760,.F.);
#1010=ORIENTED_EDGE('',*,*,#761,.F.);
#1011=ORIENTED_EDGE('',*,*,#762,.F.);
#1012=ORIENTED_EDGE('',*,*,#761,.T.);
#1013=ORIENTED_EDGE('',*,*,#763,.F.);
#1014=ORIENTED_EDGE('',*,*,#764,.F.);
#1015=ORIENTED_EDGE('',*,*,#765,.F.);
#1016=ORIENTED_EDGE('',*,*,#766,.F.);
#1017=ORIENTED_EDGE('',*,*,#765,.T.);
#1018=ORIENTED_EDGE('',*,*,#767,.F.);
#1019=ORIENTED_EDGE('',*,*,#768,.F.);
#1020=ORIENTED_EDGE('',*,*,#769,.F.);
#1021=ORIENTED_EDGE('',*,*,#770,.F.);
#1022=ORIENTED_EDGE('',*,*,#768,.T.);
#1023=ORIENTED_EDGE('',*,*,#771,.F.);
#1024=ORIENTED_EDGE('',*,*,#772,.F.);
#1025=ORIENTED_EDGE('',*,*,#773,.F.);
#1026=ORIENTED_EDGE('',*,*,#774,.F.);
#1027=ORIENTED_EDGE('',*,*,#772,.T.);
#1028=ORIENTED_EDGE('',*,*,#775,.F.);
#1029=ORIENTED_EDGE('',*,*,#776,.F.);
#1030=ORIENTED_EDGE('',*,*,#731,.F.);
#1031=ORIENTED_EDGE('',*,*,#777,.T.);
#1032=ORIENTED_EDGE('',*,*,#778,.F.);
#1033=ORIENTED_EDGE('',*,*,#779,.F.);
#1034=ORIENTED_EDGE('',*,*,#780,.F.);
#1035=ORIENTED_EDGE('',*,*,#781,.T.);
#1036=ORIENTED_EDGE('',*,*,#782,.T.);
#1037=ORIENTED_EDGE('',*,*,#783,.T.);
#1038=ORIENTED_EDGE('',*,*,#784,.T.);
#1039=ORIENTED_EDGE('',*,*,#785,.T.);
#1040=ORIENTED_EDGE('',*,*,#756,.T.);
#1041=ORIENTED_EDGE('',*,*,#753,.T.);
#1042=ORIENTED_EDGE('',*,*,#786,.T.);
#1043=ORIENTED_EDGE('',*,*,#787,.T.);
#1044=ORIENTED_EDGE('',*,*,#788,.T.);
#1045=ORIENTED_EDGE('',*,*,#789,.T.);
#1046=ORIENTED_EDGE('',*,*,#790,.T.);
#1047=ORIENTED_EDGE('',*,*,#791,.F.);
#1048=ORIENTED_EDGE('',*,*,#792,.F.);
#1049=ORIENTED_EDGE('',*,*,#775,.T.);
#1050=ORIENTED_EDGE('',*,*,#771,.T.);
#1051=ORIENTED_EDGE('',*,*,#767,.T.);
#1052=ORIENTED_EDGE('',*,*,#764,.T.);
#1053=ORIENTED_EDGE('',*,*,#763,.T.);
#1054=ORIENTED_EDGE('',*,*,#760,.T.);
#1055=ORIENTED_EDGE('',*,*,#793,.F.);
#1056=ORIENTED_EDGE('',*,*,#794,.T.);
#1057=ORIENTED_EDGE('',*,*,#787,.F.);
#1058=ORIENTED_EDGE('',*,*,#786,.F.);
#1059=ORIENTED_EDGE('',*,*,#752,.F.);
#1060=ORIENTED_EDGE('',*,*,#795,.F.);
#1061=ORIENTED_EDGE('',*,*,#796,.F.);
#1062=ORIENTED_EDGE('',*,*,#797,.T.);
#1063=ORIENTED_EDGE('',*,*,#788,.F.);
#1064=ORIENTED_EDGE('',*,*,#794,.F.);
#1065=ORIENTED_EDGE('',*,*,#798,.F.);
#1066=ORIENTED_EDGE('',*,*,#799,.F.);
#1067=ORIENTED_EDGE('',*,*,#800,.T.);
#1068=ORIENTED_EDGE('',*,*,#789,.F.);
#1069=ORIENTED_EDGE('',*,*,#797,.F.);
#1070=ORIENTED_EDGE('',*,*,#801,.F.);
#1071=ORIENTED_EDGE('',*,*,#802,.T.);
#1072=ORIENTED_EDGE('',*,*,#803,.T.);
#1073=ORIENTED_EDGE('',*,*,#804,.F.);
#1074=ORIENTED_EDGE('',*,*,#805,.F.);
#1075=ORIENTED_EDGE('',*,*,#806,.T.);
#1076=ORIENTED_EDGE('',*,*,#807,.F.);
#1077=ORIENTED_EDGE('',*,*,#808,.F.);
#1078=ORIENTED_EDGE('',*,*,#809,.F.);
#1079=ORIENTED_EDGE('',*,*,#810,.T.);
#1080=ORIENTED_EDGE('',*,*,#758,.T.);
#1081=ORIENTED_EDGE('',*,*,#762,.T.);
#1082=ORIENTED_EDGE('',*,*,#766,.T.);
#1083=ORIENTED_EDGE('',*,*,#769,.T.);
#1084=ORIENTED_EDGE('',*,*,#770,.T.);
#1085=ORIENTED_EDGE('',*,*,#773,.T.);
#1086=ORIENTED_EDGE('',*,*,#774,.T.);
#1087=ORIENTED_EDGE('',*,*,#811,.T.);
#1088=ORIENTED_EDGE('',*,*,#812,.T.);
#1089=ORIENTED_EDGE('',*,*,#813,.T.);
#1090=ORIENTED_EDGE('',*,*,#799,.T.);
#1091=ORIENTED_EDGE('',*,*,#798,.T.);
#1092=ORIENTED_EDGE('',*,*,#796,.T.);
#1093=ORIENTED_EDGE('',*,*,#795,.T.);
#1094=ORIENTED_EDGE('',*,*,#793,.T.);
#1095=ORIENTED_EDGE('',*,*,#751,.T.);
#1096=ORIENTED_EDGE('',*,*,#755,.T.);
#1097=ORIENTED_EDGE('',*,*,#814,.T.);
#1098=ORIENTED_EDGE('',*,*,#815,.T.);
#1099=ORIENTED_EDGE('',*,*,#816,.T.);
#1100=ORIENTED_EDGE('',*,*,#817,.T.);
#1101=ORIENTED_EDGE('',*,*,#818,.T.);
#1102=ORIENTED_EDGE('',*,*,#802,.F.);
#1103=ORIENTED_EDGE('',*,*,#819,.F.);
#1104=ORIENTED_EDGE('',*,*,#820,.T.);
#1105=ORIENTED_EDGE('',*,*,#780,.T.);
#1106=ORIENTED_EDGE('',*,*,#821,.F.);
#1107=ORIENTED_EDGE('',*,*,#822,.F.);
#1108=ORIENTED_EDGE('',*,*,#777,.F.);
#1109=ORIENTED_EDGE('',*,*,#759,.F.);
#1110=ORIENTED_EDGE('',*,*,#810,.F.);
#1111=ORIENTED_EDGE('',*,*,#806,.F.);
#1112=ORIENTED_EDGE('',*,*,#785,.F.);
#1113=ORIENTED_EDGE('',*,*,#823,.F.);
#1114=ORIENTED_EDGE('',*,*,#814,.F.);
#1115=ORIENTED_EDGE('',*,*,#757,.T.);
#1116=ORIENTED_EDGE('',*,*,#784,.F.);
#1117=ORIENTED_EDGE('',*,*,#824,.F.);
#1118=ORIENTED_EDGE('',*,*,#815,.F.);
#1119=ORIENTED_EDGE('',*,*,#823,.T.);
#1120=ORIENTED_EDGE('',*,*,#710,.F.);
#1121=ORIENTED_EDGE('',*,*,#825,.F.);
#1122=ORIENTED_EDGE('',*,*,#826,.F.);
#1123=ORIENTED_EDGE('',*,*,#732,.T.);
#1124=ORIENTED_EDGE('',*,*,#709,.F.);
#1125=ORIENTED_EDGE('',*,*,#827,.F.);
#1126=ORIENTED_EDGE('',*,*,#828,.F.);
#1127=ORIENTED_EDGE('',*,*,#825,.T.);
#1128=ORIENTED_EDGE('',*,*,#708,.F.);
#1129=ORIENTED_EDGE('',*,*,#829,.F.);
#1130=ORIENTED_EDGE('',*,*,#830,.F.);
#1131=ORIENTED_EDGE('',*,*,#827,.T.);
#1132=ORIENTED_EDGE('',*,*,#707,.F.);
#1133=ORIENTED_EDGE('',*,*,#831,.F.);
#1134=ORIENTED_EDGE('',*,*,#832,.F.);
#1135=ORIENTED_EDGE('',*,*,#829,.T.);
#1136=ORIENTED_EDGE('',*,*,#706,.F.);
#1137=ORIENTED_EDGE('',*,*,#833,.F.);
#1138=ORIENTED_EDGE('',*,*,#834,.F.);
#1139=ORIENTED_EDGE('',*,*,#831,.T.);
#1140=ORIENTED_EDGE('',*,*,#705,.F.);
#1141=ORIENTED_EDGE('',*,*,#835,.F.);
#1142=ORIENTED_EDGE('',*,*,#836,.F.);
#1143=ORIENTED_EDGE('',*,*,#833,.T.);
#1144=ORIENTED_EDGE('',*,*,#704,.F.);
#1145=ORIENTED_EDGE('',*,*,#837,.F.);
#1146=ORIENTED_EDGE('',*,*,#838,.F.);
#1147=ORIENTED_EDGE('',*,*,#835,.T.);
#1148=ORIENTED_EDGE('',*,*,#703,.F.);
#1149=ORIENTED_EDGE('',*,*,#839,.F.);
#1150=ORIENTED_EDGE('',*,*,#840,.F.);
#1151=ORIENTED_EDGE('',*,*,#837,.T.);
#1152=ORIENTED_EDGE('',*,*,#813,.F.);
#1153=ORIENTED_EDGE('',*,*,#841,.T.);
#1154=ORIENTED_EDGE('',*,*,#842,.F.);
#1155=ORIENTED_EDGE('',*,*,#790,.F.);
#1156=ORIENTED_EDGE('',*,*,#800,.F.);
#1157=ORIENTED_EDGE('',*,*,#843,.F.);
#1158=ORIENTED_EDGE('',*,*,#844,.T.);
#1159=ORIENTED_EDGE('',*,*,#845,.F.);
#1160=ORIENTED_EDGE('',*,*,#841,.F.);
#1161=ORIENTED_EDGE('',*,*,#812,.F.);
#1162=ORIENTED_EDGE('',*,*,#846,.T.);
#1163=ORIENTED_EDGE('',*,*,#847,.F.);
#1164=ORIENTED_EDGE('',*,*,#848,.F.);
#1165=ORIENTED_EDGE('',*,*,#849,.F.);
#1166=ORIENTED_EDGE('',*,*,#850,.F.);
#1167=ORIENTED_EDGE('',*,*,#851,.T.);
#1168=ORIENTED_EDGE('',*,*,#852,.F.);
#1169=ORIENTED_EDGE('',*,*,#844,.F.);
#1170=ORIENTED_EDGE('',*,*,#853,.F.);
#1171=ORIENTED_EDGE('',*,*,#854,.T.);
#1172=ORIENTED_EDGE('',*,*,#855,.F.);
#1173=ORIENTED_EDGE('',*,*,#856,.F.);
#1174=ORIENTED_EDGE('',*,*,#857,.F.);
#1175=ORIENTED_EDGE('',*,*,#858,.F.);
#1176=ORIENTED_EDGE('',*,*,#859,.F.);
#1177=ORIENTED_EDGE('',*,*,#860,.T.);
#1178=ORIENTED_EDGE('',*,*,#861,.F.);
#1179=ORIENTED_EDGE('',*,*,#854,.F.);
#1180=ORIENTED_EDGE('',*,*,#781,.F.);
#1181=ORIENTED_EDGE('',*,*,#820,.F.);
#1182=ORIENTED_EDGE('',*,*,#862,.F.);
#1183=ORIENTED_EDGE('',*,*,#860,.F.);
#1184=ORIENTED_EDGE('',*,*,#863,.F.);
#1185=ORIENTED_EDGE('',*,*,#803,.F.);
#1186=ORIENTED_EDGE('',*,*,#818,.F.);
#1187=ORIENTED_EDGE('',*,*,#864,.T.);
#1188=ORIENTED_EDGE('',*,*,#782,.F.);
#1189=ORIENTED_EDGE('',*,*,#864,.F.);
#1190=ORIENTED_EDGE('',*,*,#817,.F.);
#1191=ORIENTED_EDGE('',*,*,#865,.T.);
#1192=ORIENTED_EDGE('',*,*,#783,.F.);
#1193=ORIENTED_EDGE('',*,*,#865,.F.);
#1194=ORIENTED_EDGE('',*,*,#816,.F.);
#1195=ORIENTED_EDGE('',*,*,#824,.T.);
#1196=ORIENTED_EDGE('',*,*,#866,.F.);
#1197=ORIENTED_EDGE('',*,*,#867,.F.);
#1198=ORIENTED_EDGE('',*,*,#868,.F.);
#1199=ORIENTED_EDGE('',*,*,#851,.F.);
#1200=ORIENTED_EDGE('',*,*,#869,.F.);
#1201=ORIENTED_EDGE('',*,*,#857,.T.);
#1202=ORIENTED_EDGE('',*,*,#870,.F.);
#1203=ORIENTED_EDGE('',*,*,#871,.F.);
#1204=ORIENTED_EDGE('',*,*,#872,.F.);
#1205=ORIENTED_EDGE('',*,*,#867,.T.);
#1206=ORIENTED_EDGE('',*,*,#873,.F.);
#1207=ORIENTED_EDGE('',*,*,#874,.F.);
#1208=ORIENTED_EDGE('',*,*,#749,.T.);
#1209=ORIENTED_EDGE('',*,*,#747,.T.);
#1210=ORIENTED_EDGE('',*,*,#745,.T.);
#1211=ORIENTED_EDGE('',*,*,#743,.T.);
#1212=ORIENTED_EDGE('',*,*,#741,.T.);
#1213=ORIENTED_EDGE('',*,*,#739,.T.);
#1214=ORIENTED_EDGE('',*,*,#737,.T.);
#1215=ORIENTED_EDGE('',*,*,#735,.T.);
#1216=ORIENTED_EDGE('',*,*,#733,.F.);
#1217=ORIENTED_EDGE('',*,*,#826,.T.);
#1218=ORIENTED_EDGE('',*,*,#828,.T.);
#1219=ORIENTED_EDGE('',*,*,#830,.T.);
#1220=ORIENTED_EDGE('',*,*,#832,.T.);
#1221=ORIENTED_EDGE('',*,*,#834,.T.);
#1222=ORIENTED_EDGE('',*,*,#836,.T.);
#1223=ORIENTED_EDGE('',*,*,#838,.T.);
#1224=ORIENTED_EDGE('',*,*,#840,.T.);
#1225=ORIENTED_EDGE('',*,*,#875,.F.);
#1226=ORIENTED_EDGE('',*,*,#876,.F.);
#1227=ORIENTED_EDGE('',*,*,#730,.F.);
#1228=ORIENTED_EDGE('',*,*,#877,.F.);
#1229=ORIENTED_EDGE('',*,*,#846,.F.);
#1230=ORIENTED_EDGE('',*,*,#811,.F.);
#1231=ORIENTED_EDGE('',*,*,#791,.T.);
#1232=ORIENTED_EDGE('',*,*,#842,.T.);
#1233=ORIENTED_EDGE('',*,*,#845,.T.);
#1234=ORIENTED_EDGE('',*,*,#852,.T.);
#1235=ORIENTED_EDGE('',*,*,#868,.T.);
#1236=ORIENTED_EDGE('',*,*,#872,.T.);
#1237=ORIENTED_EDGE('',*,*,#878,.F.);
#1238=ORIENTED_EDGE('',*,*,#879,.T.);
#1239=ORIENTED_EDGE('',*,*,#880,.T.);
#1240=ORIENTED_EDGE('',*,*,#881,.T.);
#1241=ORIENTED_EDGE('',*,*,#882,.T.);
#1242=ORIENTED_EDGE('',*,*,#883,.T.);
#1243=ORIENTED_EDGE('',*,*,#873,.T.);
#1244=ORIENTED_EDGE('',*,*,#884,.F.);
#1245=ORIENTED_EDGE('',*,*,#885,.F.);
#1246=ORIENTED_EDGE('',*,*,#886,.T.);
#1247=ORIENTED_EDGE('',*,*,#876,.T.);
#1248=ORIENTED_EDGE('',*,*,#887,.F.);
#1249=ORIENTED_EDGE('',*,*,#888,.F.);
#1250=ORIENTED_EDGE('',*,*,#889,.F.);
#1251=ORIENTED_EDGE('',*,*,#890,.F.);
#1252=ORIENTED_EDGE('',*,*,#891,.F.);
#1253=ORIENTED_EDGE('',*,*,#884,.T.);
#1254=ORIENTED_EDGE('',*,*,#875,.T.);
#1255=ORIENTED_EDGE('',*,*,#839,.T.);
#1256=ORIENTED_EDGE('',*,*,#702,.T.);
#1257=ORIENTED_EDGE('',*,*,#892,.F.);
#1258=ORIENTED_EDGE('',*,*,#893,.F.);
#1259=ORIENTED_EDGE('',*,*,#894,.F.);
#1260=ORIENTED_EDGE('',*,*,#895,.F.);
#1261=ORIENTED_EDGE('',*,*,#896,.F.);
#1262=ORIENTED_EDGE('',*,*,#897,.F.);
#1263=ORIENTED_EDGE('',*,*,#887,.T.);
#1264=ORIENTED_EDGE('',*,*,#871,.T.);
#1265=ORIENTED_EDGE('',*,*,#898,.T.);
#1266=ORIENTED_EDGE('',*,*,#888,.T.);
#1267=ORIENTED_EDGE('',*,*,#897,.T.);
#1268=ORIENTED_EDGE('',*,*,#896,.T.);
#1269=ORIENTED_EDGE('',*,*,#895,.T.);
#1270=ORIENTED_EDGE('',*,*,#894,.T.);
#1271=ORIENTED_EDGE('',*,*,#893,.T.);
#1272=ORIENTED_EDGE('',*,*,#878,.T.);
#1273=ORIENTED_EDGE('',*,*,#870,.T.);
#1274=ORIENTED_EDGE('',*,*,#856,.T.);
#1275=ORIENTED_EDGE('',*,*,#899,.T.);
#1276=ORIENTED_EDGE('',*,*,#889,.T.);
#1277=ORIENTED_EDGE('',*,*,#898,.F.);
#1278=ORIENTED_EDGE('',*,*,#855,.T.);
#1279=ORIENTED_EDGE('',*,*,#900,.F.);
#1280=ORIENTED_EDGE('',*,*,#890,.T.);
#1281=ORIENTED_EDGE('',*,*,#899,.F.);
#1282=ORIENTED_EDGE('',*,*,#861,.T.);
#1283=ORIENTED_EDGE('',*,*,#901,.F.);
#1284=ORIENTED_EDGE('',*,*,#891,.T.);
#1285=ORIENTED_EDGE('',*,*,#900,.T.);
#1286=ORIENTED_EDGE('',*,*,#808,.T.);
#1287=ORIENTED_EDGE('',*,*,#902,.F.);
#1288=ORIENTED_EDGE('',*,*,#801,.T.);
#1289=ORIENTED_EDGE('',*,*,#903,.F.);
#1290=ORIENTED_EDGE('',*,*,#819,.T.);
#1291=ORIENTED_EDGE('',*,*,#821,.T.);
#1292=ORIENTED_EDGE('',*,*,#779,.T.);
#1293=ORIENTED_EDGE('',*,*,#904,.F.);
#1294=ORIENTED_EDGE('',*,*,#862,.T.);
#1295=ORIENTED_EDGE('',*,*,#822,.T.);
#1296=ORIENTED_EDGE('',*,*,#904,.T.);
#1297=ORIENTED_EDGE('',*,*,#778,.T.);
#1298=ORIENTED_EDGE('',*,*,#805,.T.);
#1299=ORIENTED_EDGE('',*,*,#902,.T.);
#1300=ORIENTED_EDGE('',*,*,#807,.T.);
#1301=ORIENTED_EDGE('',*,*,#809,.T.);
#1302=ORIENTED_EDGE('',*,*,#903,.T.);
#1303=ORIENTED_EDGE('',*,*,#804,.T.);
#1304=ORIENTED_EDGE('',*,*,#863,.T.);
#1305=ORIENTED_EDGE('',*,*,#905,.F.);
#1306=ORIENTED_EDGE('',*,*,#885,.T.);
#1307=ORIENTED_EDGE('',*,*,#901,.T.);
#1308=ORIENTED_EDGE('',*,*,#721,.T.);
#1309=ORIENTED_EDGE('',*,*,#906,.F.);
#1310=ORIENTED_EDGE('',*,*,#907,.F.);
#1311=ORIENTED_EDGE('',*,*,#908,.F.);
#1312=ORIENTED_EDGE('',*,*,#909,.F.);
#1313=ORIENTED_EDGE('',*,*,#910,.T.);
#1314=ORIENTED_EDGE('',*,*,#874,.T.);
#1315=ORIENTED_EDGE('',*,*,#886,.F.);
#1316=ORIENTED_EDGE('',*,*,#911,.F.);
#1317=ORIENTED_EDGE('',*,*,#912,.F.);
#1318=ORIENTED_EDGE('',*,*,#913,.F.);
#1319=ORIENTED_EDGE('',*,*,#906,.T.);
#1320=ORIENTED_EDGE('',*,*,#720,.T.);
#1321=ORIENTED_EDGE('',*,*,#750,.T.);
#1322=ORIENTED_EDGE('',*,*,#853,.T.);
#1323=ORIENTED_EDGE('',*,*,#914,.T.);
#1324=ORIENTED_EDGE('',*,*,#912,.T.);
#1325=ORIENTED_EDGE('',*,*,#915,.T.);
#1326=ORIENTED_EDGE('',*,*,#850,.T.);
#1327=ORIENTED_EDGE('',*,*,#916,.T.);
#1328=ORIENTED_EDGE('',*,*,#908,.T.);
#1329=ORIENTED_EDGE('',*,*,#907,.T.);
#1330=ORIENTED_EDGE('',*,*,#917,.T.);
#1331=ORIENTED_EDGE('',*,*,#866,.T.);
#1332=ORIENTED_EDGE('',*,*,#848,.T.);
#1333=ORIENTED_EDGE('',*,*,#918,.T.);
#1334=ORIENTED_EDGE('',*,*,#919,.T.);
#1335=ORIENTED_EDGE('',*,*,#920,.T.);
#1336=ORIENTED_EDGE('',*,*,#921,.T.);
#1337=ORIENTED_EDGE('',*,*,#922,.T.);
#1338=ORIENTED_EDGE('',*,*,#909,.T.);
#1339=ORIENTED_EDGE('',*,*,#916,.F.);
#1340=ORIENTED_EDGE('',*,*,#849,.T.);
#1341=ORIENTED_EDGE('',*,*,#843,.T.);
#1342=ORIENTED_EDGE('',*,*,#869,.T.);
#1343=ORIENTED_EDGE('',*,*,#917,.F.);
#1344=ORIENTED_EDGE('',*,*,#913,.T.);
#1345=ORIENTED_EDGE('',*,*,#914,.F.);
#1346=ORIENTED_EDGE('',*,*,#858,.T.);
#1347=ORIENTED_EDGE('',*,*,#859,.T.);
#1348=ORIENTED_EDGE('',*,*,#915,.F.);
#1349=ORIENTED_EDGE('',*,*,#911,.T.);
#1350=ORIENTED_EDGE('',*,*,#905,.T.);
#1351=ORIENTED_EDGE('',*,*,#722,.T.);
#1352=ORIENTED_EDGE('',*,*,#910,.F.);
#1353=ORIENTED_EDGE('',*,*,#922,.F.);
#1354=ORIENTED_EDGE('',*,*,#921,.F.);
#1355=ORIENTED_EDGE('',*,*,#920,.F.);
#1356=ORIENTED_EDGE('',*,*,#919,.F.);
#1357=ORIENTED_EDGE('',*,*,#918,.F.);
#1358=ORIENTED_EDGE('',*,*,#847,.T.);
#1359=ORIENTED_EDGE('',*,*,#877,.T.);
#1360=ORIENTED_EDGE('',*,*,#729,.T.);
#1361=ORIENTED_EDGE('',*,*,#792,.T.);
#1362=ORIENTED_EDGE('',*,*,#883,.F.);
#1363=ORIENTED_EDGE('',*,*,#882,.F.);
#1364=ORIENTED_EDGE('',*,*,#881,.F.);
#1365=ORIENTED_EDGE('',*,*,#880,.F.);
#1366=ORIENTED_EDGE('',*,*,#879,.F.);
#1367=ORIENTED_EDGE('',*,*,#892,.T.);
#1368=ORIENTED_EDGE('',*,*,#701,.T.);
#1369=ORIENTED_EDGE('',*,*,#728,.T.);
#1370=ORIENTED_EDGE('',*,*,#776,.T.);
#1371=ORIENTED_EDGE('',*,*,#727,.T.);
#1372=ORIENTED_EDGE('',*,*,#923,.T.);
#1373=ORIENTED_EDGE('',*,*,#924,.T.);
#1374=ORIENTED_EDGE('',*,*,#923,.F.);
#1375=ORIENTED_EDGE('',*,*,#924,.F.);
#1376=ORIENTED_EDGE('',*,*,#726,.T.);
#1377=ORIENTED_EDGE('',*,*,#925,.T.);
#1378=ORIENTED_EDGE('',*,*,#926,.T.);
#1379=ORIENTED_EDGE('',*,*,#925,.F.);
#1380=ORIENTED_EDGE('',*,*,#926,.F.);
#1381=ORIENTED_EDGE('',*,*,#725,.T.);
#1382=ORIENTED_EDGE('',*,*,#927,.T.);
#1383=ORIENTED_EDGE('',*,*,#928,.T.);
#1384=ORIENTED_EDGE('',*,*,#927,.F.);
#1385=ORIENTED_EDGE('',*,*,#928,.F.);
#1386=ORIENTED_EDGE('',*,*,#724,.T.);
#1387=ORIENTED_EDGE('',*,*,#929,.T.);
#1388=ORIENTED_EDGE('',*,*,#930,.T.);
#1389=ORIENTED_EDGE('',*,*,#929,.F.);
#1390=ORIENTED_EDGE('',*,*,#930,.F.);
#1391=PLANE('',#1507);
#1392=PLANE('',#1513);
#1393=PLANE('',#1514);
#1394=PLANE('',#1515);
#1395=PLANE('',#1519);
#1396=PLANE('',#1523);
#1397=PLANE('',#1527);
#1398=PLANE('',#1528);
#1399=PLANE('',#1529);
#1400=PLANE('',#1533);
#1401=PLANE('',#1534);
#1402=PLANE('',#1536);
#1403=PLANE('',#1537);
#1404=PLANE('',#1538);
#1405=PLANE('',#1539);
#1406=PLANE('',#1543);
#1407=PLANE('',#1545);
#1408=PLANE('',#1547);
#1409=PLANE('',#1550);
#1410=PLANE('',#1563);
#1411=PLANE('',#1573);
#1412=PLANE('',#1576);
#1413=PLANE('',#1579);
#1414=PLANE('',#1582);
#1415=ADVANCED_FACE('',(#73,#69,#70,#71,#72),#1391,.T.);
#1416=ADVANCED_FACE('',(#74),#1392,.T.);
#1417=ADVANCED_FACE('',(#75),#1393,.T.);
#1418=ADVANCED_FACE('',(#76),#36,.T.);
#1419=ADVANCED_FACE('',(#77),#37,.T.);
#1420=ADVANCED_FACE('',(#78),#38,.T.);
#1421=ADVANCED_FACE('',(#79),#39,.T.);
#1422=ADVANCED_FACE('',(#80),#40,.T.);
#1423=ADVANCED_FACE('',(#81),#41,.T.);
#1424=ADVANCED_FACE('',(#82),#42,.T.);
#1425=ADVANCED_FACE('',(#83),#1394,.T.);
#1426=ADVANCED_FACE('',(#84),#20,.F.);
#1427=ADVANCED_FACE('',(#85),#1395,.T.);
#1428=ADVANCED_FACE('',(#86),#21,.T.);
#1429=ADVANCED_FACE('',(#87),#43,.T.);
#1430=ADVANCED_FACE('',(#88),#44,.T.);
#1431=ADVANCED_FACE('',(#89),#45,.T.);
#1432=ADVANCED_FACE('',(#90),#46,.T.);
#1433=ADVANCED_FACE('',(#91),#1396,.T.);
#1434=ADVANCED_FACE('',(#92),#47,.T.);
#1435=ADVANCED_FACE('',(#93),#48,.T.);
#1436=ADVANCED_FACE('',(#94),#49,.T.);
#1437=ADVANCED_FACE('',(#95),#1397,.T.);
#1438=ADVANCED_FACE('',(#96),#1398,.T.);
#1439=ADVANCED_FACE('',(#97),#1399,.T.);
#1440=ADVANCED_FACE('',(#98),#1400,.T.);
#1441=ADVANCED_FACE('',(#99),#1401,.T.);
#1442=ADVANCED_FACE('',(#100),#22,.F.);
#1443=ADVANCED_FACE('',(#101),#1402,.T.);
#1444=ADVANCED_FACE('',(#102),#50,.T.);
#1445=ADVANCED_FACE('',(#103),#51,.T.);
#1446=ADVANCED_FACE('',(#104),#52,.T.);
#1447=ADVANCED_FACE('',(#105),#53,.T.);
#1448=ADVANCED_FACE('',(#106),#54,.T.);
#1449=ADVANCED_FACE('',(#107),#55,.T.);
#1450=ADVANCED_FACE('',(#108),#56,.T.);
#1451=ADVANCED_FACE('',(#109),#1403,.T.);
#1452=ADVANCED_FACE('',(#110),#57,.T.);
#1453=ADVANCED_FACE('',(#111),#1404,.T.);
#1454=ADVANCED_FACE('',(#112),#58,.T.);
#1455=ADVANCED_FACE('',(#113),#1405,.T.);
#1456=ADVANCED_FACE('',(#114),#23,.T.);
#1457=ADVANCED_FACE('',(#115),#59,.T.);
#1458=ADVANCED_FACE('',(#116),#1406,.T.);
#1459=ADVANCED_FACE('',(#117),#24,.F.);
#1460=ADVANCED_FACE('',(#118),#60,.T.);
#1461=ADVANCED_FACE('',(#119),#19,.T.);
#1462=ADVANCED_FACE('',(#120),#1407,.T.);
#1463=ADVANCED_FACE('',(#121),#1408,.T.);
#1464=ADVANCED_FACE('',(#122),#61,.F.);
#1465=ADVANCED_FACE('',(#123),#25,.T.);
#1466=ADVANCED_FACE('',(#124),#1409,.T.);
#1467=ADVANCED_FACE('',(#125),#62,.T.);
#1468=ADVANCED_FACE('',(#126),#63,.F.);
#1469=ADVANCED_FACE('',(#127),#15,.T.);
#1470=ADVANCED_FACE('',(#128),#26,.T.);
#1471=ADVANCED_FACE('',(#129),#16,.T.);
#1472=ADVANCED_FACE('',(#130),#27,.T.);
#1473=ADVANCED_FACE('',(#131),#28,.T.);
#1474=ADVANCED_FACE('',(#132),#29,.T.);
#1475=ADVANCED_FACE('',(#133),#64,.F.);
#1476=ADVANCED_FACE('',(#134),#30,.T.);
#1477=ADVANCED_FACE('',(#135),#1410,.T.);
#1478=ADVANCED_FACE('',(#136),#31,.T.);
#1479=ADVANCED_FACE('',(#137),#65,.F.);
#1480=ADVANCED_FACE('',(#138),#66,.F.);
#1481=ADVANCED_FACE('',(#139),#17,.T.);
#1482=ADVANCED_FACE('',(#140),#18,.T.);
#1483=ADVANCED_FACE('',(#141),#67,.T.);
#1484=ADVANCED_FACE('',(#142),#68,.T.);
#1485=ADVANCED_FACE('',(#143),#32,.F.);
#1486=ADVANCED_FACE('',(#144),#1411,.F.);
#1487=ADVANCED_FACE('',(#145),#33,.F.);
#1488=ADVANCED_FACE('',(#146),#1412,.F.);
#1489=ADVANCED_FACE('',(#147),#34,.F.);
#1490=ADVANCED_FACE('',(#148),#1413,.F.);
#1491=ADVANCED_FACE('',(#149),#35,.F.);
#1492=ADVANCED_FACE('',(#150),#1414,.F.);
#1493=CLOSED_SHELL('',(#1415,#1416,#1417,#1418,#1419,#1420,#1421,#1422,
#1423,#1424,#1425,#1426,#1427,#1428,#1429,#1430,#1431,#1432,#1433,#1434,
#1435,#1436,#1437,#1438,#1439,#1440,#1441,#1442,#1443,#1444,#1445,#1446,
#1447,#1448,#1449,#1450,#1451,#1452,#1453,#1454,#1455,#1456,#1457,#1458,
#1459,#1460,#1461,#1462,#1463,#1464,#1465,#1466,#1467,#1468,#1469,#1470,
#1471,#1472,#1473,#1474,#1475,#1476,#1477,#1478,#1479,#1480,#1481,#1482,
#1483,#1484,#1485,#1486,#1487,#1488,#1489,#1490,#1491,#1492));
#1494=DERIVED_UNIT_ELEMENT(#1496,1.);
#1495=DERIVED_UNIT_ELEMENT(#7738,-3.);
#1496=(
MASS_UNIT()
NAMED_UNIT(*)
SI_UNIT(.KILO.,.GRAM.)
);
#1497=DERIVED_UNIT((#1494,#1495));
#1498=MEASURE_REPRESENTATION_ITEM('density measure',
POSITIVE_RATIO_MEASURE(7850.),#1497);
#1499=PROPERTY_DEFINITION_REPRESENTATION(#1504,#1501);
#1500=PROPERTY_DEFINITION_REPRESENTATION(#1505,#1502);
#1501=REPRESENTATION('material name',(#1503),#7735);
#1502=REPRESENTATION('density',(#1498),#7735);
#1503=DESCRIPTIVE_REPRESENTATION_ITEM('Steel','Steel');
#1504=PROPERTY_DEFINITION('material property','material name',#7745);
#1505=PROPERTY_DEFINITION('material property','density of part',#7745);
#1506=AXIS2_PLACEMENT_3D('',#1819,#1583,#1584);
#1507=AXIS2_PLACEMENT_3D('',#1820,#1585,#1586);
#1508=AXIS2_PLACEMENT_3D('',#2636,#1591,#1592);
#1509=AXIS2_PLACEMENT_3D('',#2668,#1594,#1595);
#1510=AXIS2_PLACEMENT_3D('',#2670,#1596,#1597);
#1511=AXIS2_PLACEMENT_3D('',#2672,#1598,#1599);
#1512=AXIS2_PLACEMENT_3D('',#2674,#1600,#1601);
#1513=AXIS2_PLACEMENT_3D('',#2675,#1602,#1603);
#1514=AXIS2_PLACEMENT_3D('',#2689,#1606,#1607);
#1515=AXIS2_PLACEMENT_3D('',#3684,#1618,#1619);
#1516=AXIS2_PLACEMENT_3D('',#3688,#1622,#1623);
#1517=AXIS2_PLACEMENT_3D('',#3691,#1624,#1625);
#1518=AXIS2_PLACEMENT_3D('',#3695,#1627,#1628);
#1519=AXIS2_PLACEMENT_3D('',#3697,#1630,#1631);
#1520=AXIS2_PLACEMENT_3D('',#3703,#1635,#1636);
#1521=AXIS2_PLACEMENT_3D('',#3706,#1637,#1638);
#1522=AXIS2_PLACEMENT_3D('',#3710,#1640,#1641);
#1523=AXIS2_PLACEMENT_3D('',#3982,#1646,#1647);
#1524=AXIS2_PLACEMENT_3D('',#3993,#1649,#1650);
#1525=AXIS2_PLACEMENT_3D('',#4004,#1653,#1654);
#1526=AXIS2_PLACEMENT_3D('',#4007,#1656,#1657);
#1527=AXIS2_PLACEMENT_3D('',#4188,#1661,#1662);
#1528=AXIS2_PLACEMENT_3D('',#4209,#1665,#1666);
#1529=AXIS2_PLACEMENT_3D('',#4231,#1669,#1670);
#1530=AXIS2_PLACEMENT_3D('',#4270,#1674,#1675);
#1531=AXIS2_PLACEMENT_3D('',#4274,#1677,#1678);
#1532=AXIS2_PLACEMENT_3D('',#4281,#1680,#1681);
#1533=AXIS2_PLACEMENT_3D('',#4282,#1682,#1683);
#1534=AXIS2_PLACEMENT_3D('',#4300,#1685,#1686);
#1535=AXIS2_PLACEMENT_3D('',#4301,#1687,#1688);
#1536=AXIS2_PLACEMENT_3D('',#4303,#1690,#1691);
#1537=AXIS2_PLACEMENT_3D('',#5402,#1700,#1701);
#1538=AXIS2_PLACEMENT_3D('',#5504,#1704,#1705);
#1539=AXIS2_PLACEMENT_3D('',#5682,#1709,#1710);
#1540=AXIS2_PLACEMENT_3D('',#5701,#1715,#1716);
#1541=AXIS2_PLACEMENT_3D('',#5703,#1717,#1718);
#1542=AXIS2_PLACEMENT_3D('',#5706,#1720,#1721);
#1543=AXIS2_PLACEMENT_3D('',#5724,#1723,#1724);
#1544=AXIS2_PLACEMENT_3D('',#5726,#1726,#1727);
#1545=AXIS2_PLACEMENT_3D('',#5840,#1729,#1730);
#1546=AXIS2_PLACEMENT_3D('',#5843,#1731,#1732);
#1547=AXIS2_PLACEMENT_3D('',#5853,#1735,#1736);
#1548=AXIS2_PLACEMENT_3D('',#6107,#1737,#1738);
#1549=AXIS2_PLACEMENT_3D('',#6165,#1739,#1740);
#1550=AXIS2_PLACEMENT_3D('',#6191,#1743,#1744);
#1551=AXIS2_PLACEMENT_3D('',#6200,#1746,#1747);
#1552=AXIS2_PLACEMENT_3D('',#6203,#1749,#1750);
#1553=AXIS2_PLACEMENT_3D('',#6884,#1752,#1753);
#1554=AXIS2_PLACEMENT_3D('',#6893,#1754,#1755);
#1555=AXIS2_PLACEMENT_3D('',#6894,#1756,#1757);
#1556=AXIS2_PLACEMENT_3D('',#6895,#1758,#1759);
#1557=AXIS2_PLACEMENT_3D('',#6896,#1760,#1761);
#1558=AXIS2_PLACEMENT_3D('',#6897,#1762,#1763);
#1559=AXIS2_PLACEMENT_3D('',#6915,#1764,#1765);
#1560=AXIS2_PLACEMENT_3D('',#6920,#1766,#1767);
#1561=AXIS2_PLACEMENT_3D('',#7051,#1768,#1769);
#1562=AXIS2_PLACEMENT_3D('',#7052,#1770,#1771);
#1563=AXIS2_PLACEMENT_3D('',#7080,#1774,#1775);
#1564=AXIS2_PLACEMENT_3D('',#7082,#1776,#1777);
#1565=AXIS2_PLACEMENT_3D('',#7085,#1779,#1780);
#1566=AXIS2_PLACEMENT_3D('',#7086,#1781,#1782);
#1567=AXIS2_PLACEMENT_3D('',#7095,#1783,#1784);
#1568=AXIS2_PLACEMENT_3D('',#7120,#1785,#1786);
#1569=AXIS2_PLACEMENT_3D('',#7341,#1787,#1788);
#1570=AXIS2_PLACEMENT_3D('',#7342,#1789,#1790);
#1571=AXIS2_PLACEMENT_3D('',#7713,#1791,#1792);
#1572=AXIS2_PLACEMENT_3D('',#7716,#1794,#1795);
#1573=AXIS2_PLACEMENT_3D('',#7717,#1796,#1797);
#1574=AXIS2_PLACEMENT_3D('',#7718,#1798,#1799);
#1575=AXIS2_PLACEMENT_3D('',#7721,#1801,#1802);
#1576=AXIS2_PLACEMENT_3D('',#7722,#1803,#1804);
#1577=AXIS2_PLACEMENT_3D('',#7723,#1805,#1806);
#1578=AXIS2_PLACEMENT_3D('',#7726,#1808,#1809);
#1579=AXIS2_PLACEMENT_3D('',#7727,#1810,#1811);
#1580=AXIS2_PLACEMENT_3D('',#7728,#1812,#1813);
#1581=AXIS2_PLACEMENT_3D('',#7731,#1815,#1816);
#1582=AXIS2_PLACEMENT_3D('',#7732,#1817,#1818);
#1583=DIRECTION('axis',(0.,0.,1.));
#1584=DIRECTION('refdir',(1.,0.,0.));
#1585=DIRECTION('center_axis',(0.,0.,1.));
#1586=DIRECTION('ref_axis',(0.,1.,0.));
#1587=DIRECTION('',(-1.,0.,0.));
#1588=DIRECTION('',(-1.,2.65046556142433E-15,0.));
#1589=DIRECTION('',(-1.,0.,0.));
#1590=DIRECTION('',(2.53765262771464E-16,1.,0.));
#1591=DIRECTION('center_axis',(0.,0.,-1.));
#1592=DIRECTION('ref_axis',(1.,0.,0.));
#1593=DIRECTION('',(1.,0.,0.));
#1594=DIRECTION('center_axis',(0.,0.,1.));
#1595=DIRECTION('ref_axis',(-1.,0.,0.));
#1596=DIRECTION('center_axis',(0.,0.,1.));
#1597=DIRECTION('ref_axis',(-1.,0.,0.));
#1598=DIRECTION('center_axis',(0.,0.,1.));
#1599=DIRECTION('ref_axis',(-1.,0.,0.));
#1600=DIRECTION('center_axis',(0.,0.,1.));
#1601=DIRECTION('ref_axis',(-1.,0.,0.));
#1602=DIRECTION('center_axis',(0.,-1.,0.));
#1603=DIRECTION('ref_axis',(0.,0.,1.));
#1604=DIRECTION('',(1.,0.,0.));
#1605=DIRECTION('',(1.,0.,0.));
#1606=DIRECTION('center_axis',(-2.65046556142433E-15,-1.,0.));
#1607=DIRECTION('ref_axis',(-1.,2.65046556142433E-15,-4.14135243972552E-17));
#1608=DIRECTION('',(0.,0.,-1.));
#1609=DIRECTION('',(-1.,2.65046556142433E-15,-4.14135243972552E-17));
#1610=DIRECTION('',(0.,0.,-1.));
#1611=DIRECTION('',(0.,0.,-1.));
#1612=DIRECTION('',(0.,0.,-1.));
#1613=DIRECTION('',(0.,0.,-1.));
#1614=DIRECTION('',(0.,0.,-1.));
#1615=DIRECTION('',(0.,0.,-1.));
#1616=DIRECTION('',(0.,0.,-1.));
#1617=DIRECTION('',(0.,0.,-1.));
#1618=DIRECTION('center_axis',(0.,-1.,0.));
#1619=DIRECTION('ref_axis',(-1.,0.,0.));
#1620=DIRECTION('',(1.,0.,0.));
#1621=DIRECTION('',(0.,0.,1.));
#1622=DIRECTION('center_axis',(-1.,0.,0.));
#1623=DIRECTION('ref_axis',(0.,-0.295663600525624,-0.955292120413554));
#1624=DIRECTION('center_axis',(1.,0.,0.));
#1625=DIRECTION('ref_axis',(0.,-0.295663600525624,-0.955292120413554));
#1626=DIRECTION('',(1.,0.,0.));
#1627=DIRECTION('center_axis',(-1.,0.,0.));
#1628=DIRECTION('ref_axis',(0.,-0.295663600525624,-0.955292120413554));
#1629=DIRECTION('',(1.,0.,0.));
#1630=DIRECTION('center_axis',(0.,3.46276127875103E-17,1.));
#1631=DIRECTION('ref_axis',(0.,1.,-3.46276127875103E-17));
#1632=DIRECTION('',(0.,1.,-3.46276127875103E-17));
#1633=DIRECTION('',(0.,-1.,3.46276127875103E-17));
#1634=DIRECTION('',(1.,0.,0.));
#1635=DIRECTION('center_axis',(-1.,0.,0.));
#1636=DIRECTION('ref_axis',(0.,-0.308630389474123,-0.951182044980377));
#1637=DIRECTION('center_axis',(-1.,0.,0.));
#1638=DIRECTION('ref_axis',(0.,-0.308630389474123,-0.951182044980377));
#1639=DIRECTION('',(1.,0.,0.));
#1640=DIRECTION('center_axis',(1.,0.,0.));
#1641=DIRECTION('ref_axis',(0.,-0.308630389474123,-0.951182044980377));
#1642=DIRECTION('',(1.,0.,0.));
#1643=DIRECTION('',(1.,0.,0.));
#1644=DIRECTION('',(1.,0.,0.));
#1645=DIRECTION('',(1.,0.,0.));
#1646=DIRECTION('center_axis',(-1.,0.,0.));
#1647=DIRECTION('ref_axis',(0.,1.,0.));
#1648=DIRECTION('',(0.,1.,0.));
#1649=DIRECTION('center_axis',(1.,0.,0.));
#1650=DIRECTION('ref_axis',(0.,0.,-1.));
#1651=DIRECTION('',(0.,1.,0.));
#1652=DIRECTION('',(0.,-1.,3.46276127875103E-17));
#1653=DIRECTION('center_axis',(-1.,0.,0.));
#1654=DIRECTION('ref_axis',(0.,2.06954194881578E-15,-1.));
#1655=DIRECTION('',(0.,-1.,-2.00802437867079E-16));
#1656=DIRECTION('center_axis',(-1.,0.,0.));
#1657=DIRECTION('ref_axis',(0.,-0.126842692386551,-0.991922845481508));
#1658=DIRECTION('',(1.,0.,0.));
#1659=DIRECTION('',(1.,0.,0.));
#1660=DIRECTION('',(1.,0.,0.));
#1661=DIRECTION('center_axis',(0.,0.,-1.));
#1662=DIRECTION('ref_axis',(-1.,0.,0.));
#1663=DIRECTION('',(-1.,0.,0.));
#1664=DIRECTION('',(0.,-1.,0.));
#1665=DIRECTION('center_axis',(0.,-1.,0.));
#1666=DIRECTION('ref_axis',(-1.,0.,0.));
#1667=DIRECTION('',(-1.,0.,0.));
#1668=DIRECTION('',(-1.,0.,0.));
#1669=DIRECTION('center_axis',(1.,0.,0.));
#1670=DIRECTION('ref_axis',(0.,-1.,0.));
#1671=DIRECTION('',(0.,-1.,0.));
#1672=DIRECTION('',(0.,-1.,0.));
#1673=DIRECTION('',(0.,0.,-1.));
#1674=DIRECTION('center_axis',(1.,0.,0.));
#1675=DIRECTION('ref_axis',(0.,-0.126842692386551,-0.991922845481508));
#1676=DIRECTION('',(0.,1.,2.00802437867079E-16));
#1677=DIRECTION('center_axis',(1.,0.,0.));
#1678=DIRECTION('ref_axis',(0.,2.06954194881578E-15,-1.));
#1679=DIRECTION('',(0.,1.,-3.46276127875103E-17));
#1680=DIRECTION('center_axis',(-1.,0.,0.));
#1681=DIRECTION('ref_axis',(0.,0.,-1.));
#1682=DIRECTION('center_axis',(0.,0.,-1.));
#1683=DIRECTION('ref_axis',(-1.,0.,0.));
#1684=DIRECTION('',(-1.,0.,0.));
#1685=DIRECTION('center_axis',(0.,0.,-1.));
#1686=DIRECTION('ref_axis',(0.,-1.,0.));
#1687=DIRECTION('center_axis',(-1.,0.,0.));
#1688=DIRECTION('ref_axis',(0.,-0.126842692386551,-0.991922845481508));
#1689=DIRECTION('',(1.,0.,0.));
#1690=DIRECTION('center_axis',(0.,-2.00802437867079E-16,1.));
#1691=DIRECTION('ref_axis',(0.,1.,2.00802437867079E-16));
#1692=DIRECTION('',(1.,0.,0.));
#1693=DIRECTION('',(0.,0.,-1.));
#1694=DIRECTION('',(0.,0.,-1.));
#1695=DIRECTION('',(0.,0.,-1.));
#1696=DIRECTION('',(0.,0.,-1.));
#1697=DIRECTION('',(0.,0.,-1.));
#1698=DIRECTION('',(0.,0.,-1.));
#1699=DIRECTION('',(0.,0.,-1.));
#1700=DIRECTION('center_axis',(0.,-1.,0.));
#1701=DIRECTION('ref_axis',(-1.,0.,0.));
#1702=DIRECTION('',(1.,0.,0.));
#1703=DIRECTION('',(1.,0.,0.));
#1704=DIRECTION('center_axis',(0.,-1.,0.));
#1705=DIRECTION('ref_axis',(0.,0.,1.));
#1706=DIRECTION('',(1.,0.,0.));
#1707=DIRECTION('',(-1.,0.,0.));
#1708=DIRECTION('',(1.,0.,0.));
#1709=DIRECTION('center_axis',(0.,1.00150996672466E-16,-1.));
#1710=DIRECTION('ref_axis',(0.,-1.,-1.00150996672466E-16));
#1711=DIRECTION('',(-2.53765262771464E-16,-1.,0.));
#1712=DIRECTION('',(1.,0.,0.));
#1713=DIRECTION('',(0.,1.,0.));
#1714=DIRECTION('',(1.,0.,0.));
#1715=DIRECTION('center_axis',(-1.,0.,0.));
#1716=DIRECTION('ref_axis',(0.,0.,-1.));
#1717=DIRECTION('center_axis',(-1.,0.,0.));
#1718=DIRECTION('ref_axis',(0.,0.,-1.));
#1719=DIRECTION('',(1.,0.,0.));
#1720=DIRECTION('center_axis',(1.,0.,0.));
#1721=DIRECTION('ref_axis',(0.,0.,-1.));
#1722=DIRECTION('',(1.,0.,0.));
#1723=DIRECTION('center_axis',(0.,3.46276127875103E-17,1.));
#1724=DIRECTION('ref_axis',(0.,1.,-3.46276127875103E-17));
#1725=DIRECTION('',(1.,0.,0.));
#1726=DIRECTION('center_axis',(-1.,0.,0.));
#1727=DIRECTION('ref_axis',(0.,2.06954194881578E-15,-1.));
#1728=DIRECTION('',(-1.,0.,0.));
#1729=DIRECTION('center_axis',(0.,0.,1.));
#1730=DIRECTION('ref_axis',(0.,1.,0.));
#1731=DIRECTION('center_axis',(0.,0.,-1.));
#1732=DIRECTION('ref_axis',(-1.,0.,0.));
#1733=DIRECTION('',(2.53765262771464E-16,1.,0.));
#1734=DIRECTION('',(0.,-1.,0.));
#1735=DIRECTION('center_axis',(0.,0.,1.));
#1736=DIRECTION('ref_axis',(0.,1.,0.));
#1737=DIRECTION('center_axis',(0.167617325652083,0.953262765129832,-0.251385227804401));
#1738=DIRECTION('ref_axis',(0.984890438593885,-0.173178589803546,0.));
#1739=DIRECTION('center_axis',(0.,0.,1.));
#1740=DIRECTION('ref_axis',(-1.,0.,0.));
#1741=DIRECTION('',(0.,0.,1.));
#1742=DIRECTION('',(0.,0.,1.));
#1743=DIRECTION('center_axis',(1.,0.,0.));
#1744=DIRECTION('ref_axis',(0.,1.,0.));
#1745=DIRECTION('',(0.,0.,1.));
#1746=DIRECTION('center_axis',(-1.,0.,0.));
#1747=DIRECTION('ref_axis',(0.,-0.0978961670758422,-0.995196634073819));
#1748=DIRECTION('',(0.,-1.,0.));
#1749=DIRECTION('center_axis',(-1.,0.,0.));
#1750=DIRECTION('ref_axis',(0.,0.0872897093127686,-0.996182968459154));
#1751=DIRECTION('',(0.,0.,1.));
#1752=DIRECTION('center_axis',(-1.,0.,0.));
#1753=DIRECTION('ref_axis',(0.,0.,1.));
#1754=DIRECTION('center_axis',(0.,-1.,0.));
#1755=DIRECTION('ref_axis',(0.707106781186547,0.,-0.707106781186548));
#1756=DIRECTION('center_axis',(0.,1.,0.));
#1757=DIRECTION('ref_axis',(1.,0.,0.));
#1758=DIRECTION('center_axis',(-1.,0.,0.));
#1759=DIRECTION('ref_axis',(0.,0.,1.));
#1760=DIRECTION('center_axis',(6.94144578931058E-14,0.980966953385607,0.19417475728158));
#1761=DIRECTION('ref_axis',(1.,-7.10542735760099E-14,1.48029736616687E-15));
#1762=DIRECTION('center_axis',(1.,0.,0.));
#1763=DIRECTION('ref_axis',(0.,0.,-1.));
#1764=DIRECTION('center_axis',(1.,0.,0.));
#1765=DIRECTION('ref_axis',(0.,0.,-1.));
#1766=DIRECTION('center_axis',(1.,0.,0.));
#1767=DIRECTION('ref_axis',(0.,0.,-1.));
#1768=DIRECTION('center_axis',(2.87436381779971E-16,-0.980966953385613,
-0.19417475728155));
#1769=DIRECTION('ref_axis',(-1.,0.,-1.48029736616687E-15));
#1770=DIRECTION('center_axis',(0.,0.,1.));
#1771=DIRECTION('ref_axis',(1.,0.,0.));
#1772=DIRECTION('',(0.,0.,1.));
#1773=DIRECTION('',(0.,0.,1.));
#1774=DIRECTION('center_axis',(-1.,2.53765262771464E-16,0.));
#1775=DIRECTION('ref_axis',(-2.53765262771464E-16,-1.,0.));
#1776=DIRECTION('center_axis',(1.,-2.53765262771464E-16,0.));
#1777=DIRECTION('ref_axis',(2.21510960209995E-17,0.0872897093127686,-0.996182968459154));
#1778=DIRECTION('',(2.53765262771464E-16,1.,0.));
#1779=DIRECTION('center_axis',(1.,-2.53765262771464E-16,0.));
#1780=DIRECTION('ref_axis',(-4.6773724024275E-17,-0.184318860325648,-0.982866500460899));
#1781=DIRECTION('center_axis',(2.53765262771464E-16,1.,0.));
#1782=DIRECTION('ref_axis',(-0.707106781186547,0.,-0.707106781186547));
#1783=DIRECTION('center_axis',(0.,-1.,0.));
#1784=DIRECTION('ref_axis',(-1.,0.,0.));
#1785=DIRECTION('center_axis',(0.,-0.952980920819175,0.303030303030303));
#1786=DIRECTION('ref_axis',(-1.,0.,0.));
#1787=DIRECTION('center_axis',(1.,-2.53765262771464E-16,0.));
#1788=DIRECTION('ref_axis',(0.,0.,-1.));
#1789=DIRECTION('center_axis',(1.,-2.53765262771464E-16,0.));
#1790=DIRECTION('ref_axis',(0.,0.,-1.));
#1791=DIRECTION('center_axis',(0.,0.,-1.));
#1792=DIRECTION('ref_axis',(-1.,0.,0.));
#1793=DIRECTION('',(0.,0.,-1.));
#1794=DIRECTION('center_axis',(0.,0.,-1.));
#1795=DIRECTION('ref_axis',(-1.,0.,0.));
#1796=DIRECTION('center_axis',(0.,0.,-1.));
#1797=DIRECTION('ref_axis',(-1.,0.,0.));
#1798=DIRECTION('center_axis',(0.,0.,-1.));
#1799=DIRECTION('ref_axis',(-1.,0.,0.));
#1800=DIRECTION('',(0.,0.,-1.));
#1801=DIRECTION('center_axis',(0.,0.,-1.));
#1802=DIRECTION('ref_axis',(-1.,0.,0.));
#1803=DIRECTION('center_axis',(0.,0.,-1.));
#1804=DIRECTION('ref_axis',(-1.,0.,0.));
#1805=DIRECTION('center_axis',(0.,0.,-1.));
#1806=DIRECTION('ref_axis',(-1.,0.,0.));
#1807=DIRECTION('',(0.,0.,-1.));
#1808=DIRECTION('center_axis',(0.,0.,-1.));
#1809=DIRECTION('ref_axis',(-1.,0.,0.));
#1810=DIRECTION('center_axis',(0.,0.,-1.));
#1811=DIRECTION('ref_axis',(-1.,0.,0.));
#1812=DIRECTION('center_axis',(0.,0.,-1.));
#1813=DIRECTION('ref_axis',(-1.,0.,0.));
#1814=DIRECTION('',(0.,0.,-1.));
#1815=DIRECTION('center_axis',(0.,0.,-1.));
#1816=DIRECTION('ref_axis',(-1.,0.,0.));
#1817=DIRECTION('center_axis',(0.,0.,-1.));
#1818=DIRECTION('ref_axis',(-1.,0.,0.));
#1819=CARTESIAN_POINT('',(0.,0.,0.));
#1820=CARTESIAN_POINT('Origin',(162.865747059945,15.4949240889782,-10.));
#1821=CARTESIAN_POINT('',(162.865747059945,52.6797294605229,-10.));
#1822=CARTESIAN_POINT('',(146.923803669227,15.4949240889782,-10.));
#1823=CARTESIAN_POINT('Ctrl Pts',(162.865747059945,52.6797294605229,-10.));
#1824=CARTESIAN_POINT('Ctrl Pts',(162.798709391062,52.2984770251999,-10.));
#1825=CARTESIAN_POINT('Ctrl Pts',(162.735201014456,51.9261225493129,-10.));
#1826=CARTESIAN_POINT('Ctrl Pts',(162.691272096944,51.6430371281642,-10.));
#1827=CARTESIAN_POINT('Ctrl Pts',(162.67366974648,51.5296045858542,-10.));
#1828=CARTESIAN_POINT('Ctrl Pts',(162.658400508942,51.4267198041521,-10.));
#1829=CARTESIAN_POINT('Ctrl Pts',(162.644490029267,51.3285898498708,-10.));
#1830=CARTESIAN_POINT('Ctrl Pts',(162.592757534604,50.9636486361489,-10.));
#1831=CARTESIAN_POINT('Ctrl Pts',(162.548421580457,50.6286566438324,-10.));
#1832=CARTESIAN_POINT('Ctrl Pts',(162.476150993368,50.0982751316737,-10.));
#1833=CARTESIAN_POINT('Ctrl Pts',(162.421349190196,49.6960940451993,-10.));
#1834=CARTESIAN_POINT('Ctrl Pts',(162.357387259249,49.2410847212588,-10.));
#1835=CARTESIAN_POINT('Ctrl Pts',(162.294649445325,48.8383793488266,-10.));
#1836=CARTESIAN_POINT('Ctrl Pts',(162.121185426168,47.7249377405062,-10.));
#1837=CARTESIAN_POINT('Ctrl Pts',(161.929865942959,46.770358440991,-10.));
#1838=CARTESIAN_POINT('Ctrl Pts',(161.637534437663,45.7690249749549,-10.));
#1839=CARTESIAN_POINT('Ctrl Pts',(161.400439215434,44.9568943070214,-10.));
#1840=CARTESIAN_POINT('Ctrl Pts',(161.113696687427,44.2136855579092,-10.));
#1841=CARTESIAN_POINT('Ctrl Pts',(160.766232604529,43.4190323756552,-10.));
#1842=CARTESIAN_POINT('Ctrl Pts',(160.511156980544,42.8356723499951,-10.));
#1843=CARTESIAN_POINT('Ctrl Pts',(160.226335970909,42.239337011552,-10.));
#1844=CARTESIAN_POINT('Ctrl Pts',(159.961965456412,41.6932312004875,-10.));
#1845=CARTESIAN_POINT('Ctrl Pts',(159.784864237767,41.3273961343759,-10.));
#1846=CARTESIAN_POINT('Ctrl Pts',(159.614109721652,40.9774066684819,-10.));
#1847=CARTESIAN_POINT('Ctrl Pts',(159.454919786132,40.6429703121673,-10.));
#1848=CARTESIAN_POINT('Ctrl Pts',(159.376476545111,40.4781717549024,-10.));
#1849=CARTESIAN_POINT('Ctrl Pts',(159.296834496833,40.3079462339444,-10.));
#1850=CARTESIAN_POINT('Ctrl Pts',(159.25213091647,40.2112637222712,-10.));
#1851=CARTESIAN_POINT('Ctrl Pts',(159.081694921438,39.8426538716561,-10.));
#1852=CARTESIAN_POINT('Ctrl Pts',(158.868259637738,39.4064146387494,-10.));
#1853=CARTESIAN_POINT('Ctrl Pts',(158.672106157313,39.0215248133045,-10.));
#1854=CARTESIAN_POINT('Ctrl Pts',(158.129083720402,37.9560132021779,-10.));
#1855=CARTESIAN_POINT('Ctrl Pts',(157.596662031744,37.0084388936021,-10.));
#1856=CARTESIAN_POINT('Ctrl Pts',(157.106377908854,36.0921782587201,-10.));
#1857=CARTESIAN_POINT('Ctrl Pts',(156.913506306744,35.7317328591053,-10.));
#1858=CARTESIAN_POINT('Ctrl Pts',(156.734479348203,35.3887365701111,-10.));
#1859=CARTESIAN_POINT('Ctrl Pts',(156.606445345404,35.1366895559029,-10.));
#1860=CARTESIAN_POINT('Ctrl Pts',(156.597532685364,35.1191441437259,-10.));
#1861=CARTESIAN_POINT('Ctrl Pts',(156.588700972053,35.1017225886193,-10.));
#1862=CARTESIAN_POINT('Ctrl Pts',(156.579905531197,35.0843366404942,-10.));
#1863=CARTESIAN_POINT('Ctrl Pts',(156.45140056037,34.8303208619605,-10.));
#1864=CARTESIAN_POINT('Ctrl Pts',(156.318625577654,34.5718682898107,-10.));
#1865=CARTESIAN_POINT('Ctrl Pts',(156.105616522738,34.1685334993687,-10.));
#1866=CARTESIAN_POINT('Ctrl Pts',(155.880260053876,33.741818756283,-10.));
#1867=CARTESIAN_POINT('Ctrl Pts',(155.625175526213,33.2694770165407,-10.));
#1868=CARTESIAN_POINT('Ctrl Pts',(155.391887708602,32.8377382126246,-10.));
#1869=CARTESIAN_POINT('Ctrl Pts',(154.923196299335,31.9703450048895,-10.));
#1870=CARTESIAN_POINT('Ctrl Pts',(154.492980634078,31.1740824254695,-10.));
#1871=CARTESIAN_POINT('Ctrl Pts',(154.09221554745,30.3536312777756,-10.));
#1872=CARTESIAN_POINT('Ctrl Pts',(154.060903462938,30.2895287984627,-10.));
#1873=CARTESIAN_POINT('Ctrl Pts',(154.029598243303,30.2249021553843,-10.));
#1874=CARTESIAN_POINT('Ctrl Pts',(153.998260372425,30.1595910049884,-10.));
#1875=CARTESIAN_POINT('Ctrl Pts',(153.685035584176,29.5068002862965,-10.));
#1876=CARTESIAN_POINT('Ctrl Pts',(153.337830817674,28.7692266788901,-10.));
#1877=CARTESIAN_POINT('Ctrl Pts',(152.889623214348,27.7889909783112,-10.));
#1878=CARTESIAN_POINT('Ctrl Pts',(152.562736362543,27.0740852966334,-10.));
#1879=CARTESIAN_POINT('Ctrl Pts',(152.158409178139,26.1741298870338,-10.));
#1880=CARTESIAN_POINT('Ctrl Pts',(151.745006186444,25.2526709819501,-10.));
#1881=CARTESIAN_POINT('Ctrl Pts',(151.202949021906,24.0444470180142,-10.));
#1882=CARTESIAN_POINT('Ctrl Pts',(150.652430508292,22.901063754603,-10.));
#1883=CARTESIAN_POINT('Ctrl Pts',(150.115215977177,21.7768074539904,-10.));
#1884=CARTESIAN_POINT('Ctrl Pts',(149.97477747122,21.4829046162502,-10.));
#1885=CARTESIAN_POINT('Ctrl Pts',(149.835120909977,21.1904941304953,-10.));
#1886=CARTESIAN_POINT('Ctrl Pts',(149.696344785069,20.8989831161019,-10.));
#1887=CARTESIAN_POINT('Ctrl Pts',(149.571120113534,20.6359380782737,-10.));
#1888=CARTESIAN_POINT('Ctrl Pts',(149.473349884869,20.4297377010699,-10.));
#1889=CARTESIAN_POINT('Ctrl Pts',(149.417452206475,20.3117076736475,-10.));
#1890=CARTESIAN_POINT('Ctrl Pts',(149.393012612132,20.2601025609946,-10.));
#1891=CARTESIAN_POINT('Ctrl Pts',(149.373375828442,20.2186017543172,-10.));
#1892=CARTESIAN_POINT('Ctrl Pts',(149.355062343386,20.1798784065357,-10.));
#1893=CARTESIAN_POINT('Ctrl Pts',(149.278574095943,20.0181461639976,-10.));
#1894=CARTESIAN_POINT('Ctrl Pts',(149.181275492388,19.8143965277491,-10.));
#1895=CARTESIAN_POINT('Ctrl Pts',(149.046712194221,19.5399829300484,-10.));
#1896=CARTESIAN_POINT('Ctrl Pts',(148.548976153463,18.5249547647934,-10.));
#1897=CARTESIAN_POINT('Ctrl Pts',(147.713080534372,16.9531928503494,-10.));
#1898=CARTESIAN_POINT('Ctrl Pts',(146.924729110558,15.4976688320025,-10.));
#1899=CARTESIAN_POINT('',(163.550495981836,70.5310988764831,-10.));
#1900=CARTESIAN_POINT('Ctrl Pts',(163.550495981836,70.5310988764832,-10.));
#1901=CARTESIAN_POINT('Ctrl Pts',(163.709684486876,68.973470779603,-10.));
#1902=CARTESIAN_POINT('Ctrl Pts',(163.771359257711,67.8553868004557,-10.));
#1903=CARTESIAN_POINT('Ctrl Pts',(163.800260888111,67.0298593575181,-10.));
#1904=CARTESIAN_POINT('Ctrl Pts',(163.838922557558,65.9255524836266,-10.));
#1905=CARTESIAN_POINT('Ctrl Pts',(163.73584903451,65.3463720860214,-10.));
#1906=CARTESIAN_POINT('Ctrl Pts',(163.681067964406,64.9372926418141,-10.));
#1907=CARTESIAN_POINT('Ctrl Pts',(163.637080489985,64.6088147286622,-10.));
#1908=CARTESIAN_POINT('Ctrl Pts',(163.597345286227,64.3656293305547,-10.));
#1909=CARTESIAN_POINT('Ctrl Pts',(163.55333552887,64.1042174735895,-10.));
#1910=CARTESIAN_POINT('Ctrl Pts',(163.457692095417,63.5361087393785,-10.));
#1911=CARTESIAN_POINT('Ctrl Pts',(163.357927437861,63.0130081134919,-10.));
#1912=CARTESIAN_POINT('Ctrl Pts',(163.300600259246,62.5509540412111,-10.));
#1913=CARTESIAN_POINT('Ctrl Pts',(163.278210736478,62.3704956544304,-10.));
#1914=CARTESIAN_POINT('Ctrl Pts',(163.252793072019,62.1504451809568,-10.));
#1915=CARTESIAN_POINT('Ctrl Pts',(163.253080159773,61.8944864668665,-10.));
#1916=CARTESIAN_POINT('Ctrl Pts',(163.254016466768,61.0597036106316,-10.));
#1917=CARTESIAN_POINT('Ctrl Pts',(163.321901011603,59.8832018803187,-10.));
#1918=CARTESIAN_POINT('Ctrl Pts',(163.36315114069,58.8359883629391,-10.));
#1919=CARTESIAN_POINT('Ctrl Pts',(163.388916325512,58.1818898080772,-10.));
#1920=CARTESIAN_POINT('Ctrl Pts',(163.398121524532,57.6109252307136,-10.));
#1921=CARTESIAN_POINT('Ctrl Pts',(163.391010521753,57.1211910172994,-10.));
#1922=CARTESIAN_POINT('Ctrl Pts',(163.389248181067,56.9998187500942,-10.));
#1923=CARTESIAN_POINT('Ctrl Pts',(163.386558924206,56.8816506379325,-10.));
#1924=CARTESIAN_POINT('Ctrl Pts',(163.382986470369,56.7662410303389,-10.));
#1925=CARTESIAN_POINT('Ctrl Pts',(163.336480396395,55.2638429611897,-10.));
#1926=CARTESIAN_POINT('Ctrl Pts',(163.138166095554,54.229013952137,-10.));
#1927=CARTESIAN_POINT('Ctrl Pts',(162.865747059945,52.6797294605227,-10.));
#1928=CARTESIAN_POINT('',(163.248925434041,70.531098876483,-10.));
#1929=CARTESIAN_POINT('',(163.20812152089,70.531098876483,-10.));
#1930=CARTESIAN_POINT('',(139.937367852056,201.169386695771,-10.));
#1931=CARTESIAN_POINT('Ctrl Pts',(163.248925434041,70.531098876483,-10.));
#1932=CARTESIAN_POINT('Ctrl Pts',(163.234348208105,70.673013207814,-10.));
#1933=CARTESIAN_POINT('Ctrl Pts',(163.219761571783,70.8099706125173,-10.));
#1934=CARTESIAN_POINT('Ctrl Pts',(163.205444625547,70.9402286410937,-10.));
#1935=CARTESIAN_POINT('Ctrl Pts',(163.136299455185,71.5693232419008,-10.));
#1936=CARTESIAN_POINT('Ctrl Pts',(163.082420308017,71.9827530639923,-10.));
#1937=CARTESIAN_POINT('Ctrl Pts',(163.022237727672,72.4082149379055,-10.));
#1938=CARTESIAN_POINT('Ctrl Pts',(162.987094118001,72.6566633417599,-10.));
#1939=CARTESIAN_POINT('Ctrl Pts',(162.954693922691,72.9099847367427,-10.));
#1940=CARTESIAN_POINT('Ctrl Pts',(162.916145942879,73.2681733179224,-10.));
#1941=CARTESIAN_POINT('Ctrl Pts',(162.866517027798,73.7293261660003,-10.));
#1942=CARTESIAN_POINT('Ctrl Pts',(162.809570667532,74.4019696465709,-10.));
#1943=CARTESIAN_POINT('Ctrl Pts',(162.756152229962,75.0478174776571,-10.));
#1944=CARTESIAN_POINT('Ctrl Pts',(162.719565271256,75.4901667675521,-10.));
#1945=CARTESIAN_POINT('Ctrl Pts',(162.678016262293,75.9735153453941,-10.));
#1946=CARTESIAN_POINT('Ctrl Pts',(162.629304637826,76.4246051326975,-10.));
#1947=CARTESIAN_POINT('Ctrl Pts',(162.587477083372,76.8119455847786,-10.));
#1948=CARTESIAN_POINT('Ctrl Pts',(162.553464438944,77.0823532764048,-10.));
#1949=CARTESIAN_POINT('Ctrl Pts',(162.500412142807,77.4371591550649,-10.));
#1950=CARTESIAN_POINT('Ctrl Pts',(162.476520652884,77.5969418919518,-10.));
#1951=CARTESIAN_POINT('Ctrl Pts',(162.449965704775,77.7784763918286,-10.));
#1952=CARTESIAN_POINT('Ctrl Pts',(162.414726909111,78.0315652652755,-10.));
#1953=CARTESIAN_POINT('Ctrl Pts',(162.347405541803,78.5150746670561,-10.));
#1954=CARTESIAN_POINT('Ctrl Pts',(162.243152010297,79.3329211693319,-10.));
#1955=CARTESIAN_POINT('Ctrl Pts',(162.147855182084,80.094976614151,-10.));
#1956=CARTESIAN_POINT('Ctrl Pts',(162.052529180846,80.8572653454606,-10.));
#1957=CARTESIAN_POINT('Ctrl Pts',(161.955159290751,81.6320299884347,-10.));
#1958=CARTESIAN_POINT('Ctrl Pts',(161.833850186507,82.4396173611556,-10.));
#1959=CARTESIAN_POINT('Ctrl Pts',(161.696440105542,83.3543932715358,-10.));
#1960=CARTESIAN_POINT('Ctrl Pts',(161.572225833433,84.3068952689061,-10.));
#1961=CARTESIAN_POINT('Ctrl Pts',(161.467381851503,85.1496038731418,-10.));
#1962=CARTESIAN_POINT('Ctrl Pts',(161.406640875245,85.6378240111008,-10.));
#1963=CARTESIAN_POINT('Ctrl Pts',(161.346136657298,86.1300886961795,-10.));
#1964=CARTESIAN_POINT('Ctrl Pts',(161.292332856904,86.5417692176969,-10.));
#1965=CARTESIAN_POINT('Ctrl Pts',(161.240093784187,86.9414772037902,-10.));
#1966=CARTESIAN_POINT('Ctrl Pts',(161.202762716421,87.205321446986,-10.));
#1967=CARTESIAN_POINT('Ctrl Pts',(161.170148725857,87.4274616810732,-10.));
#1968=CARTESIAN_POINT('Ctrl Pts',(161.155929963945,87.5243084344063,-10.));
#1969=CARTESIAN_POINT('Ctrl Pts',(161.143711910211,87.6116296263374,-10.));
#1970=CARTESIAN_POINT('Ctrl Pts',(161.13127231289,87.7041129936435,-10.));
#1971=CARTESIAN_POINT('Ctrl Pts',(161.105514900529,87.8956089212569,-10.));
#1972=CARTESIAN_POINT('Ctrl Pts',(161.073590760541,88.1515576768428,-10.));
#1973=CARTESIAN_POINT('Ctrl Pts',(161.04013088312,88.4590076682351,-10.));
#1974=CARTESIAN_POINT('Ctrl Pts',(160.975030377137,89.0571912704072,-10.));
#1975=CARTESIAN_POINT('Ctrl Pts',(160.922963782196,89.672216228075,-10.));
#1976=CARTESIAN_POINT('Ctrl Pts',(160.864408257526,90.310995863338,-10.));
#1977=CARTESIAN_POINT('Ctrl Pts',(160.801828581115,90.9936747924197,-10.));
#1978=CARTESIAN_POINT('Ctrl Pts',(160.724392041415,91.7518545854719,-10.));
#1979=CARTESIAN_POINT('Ctrl Pts',(160.622467854141,92.4355560966494,-10.));
#1980=CARTESIAN_POINT('Ctrl Pts',(160.603951631325,92.5597618407326,-10.));
#1981=CARTESIAN_POINT('Ctrl Pts',(160.585217325178,92.688367852828,-10.));
#1982=CARTESIAN_POINT('Ctrl Pts',(160.562462341292,92.8505732249253,-10.));
#1983=CARTESIAN_POINT('Ctrl Pts',(160.510337387685,93.2221378692943,-10.));
#1984=CARTESIAN_POINT('Ctrl Pts',(160.428891074418,93.8555622305525,-10.));
#1985=CARTESIAN_POINT('Ctrl Pts',(160.363134577697,94.4138974312299,-10.));
#1986=CARTESIAN_POINT('Ctrl Pts',(160.242449309975,95.4386301425699,-10.));
#1987=CARTESIAN_POINT('Ctrl Pts',(160.147317065911,96.3823634504942,-10.));
#1988=CARTESIAN_POINT('Ctrl Pts',(159.983892478037,97.4498963516244,-10.));
#1989=CARTESIAN_POINT('Ctrl Pts',(159.934202942837,97.7744816197102,-10.));
#1990=CARTESIAN_POINT('Ctrl Pts',(159.890960021777,98.1146754546972,-10.));
#1991=CARTESIAN_POINT('Ctrl Pts',(159.850995209416,98.4713939200624,-10.));
#1992=CARTESIAN_POINT('Ctrl Pts',(159.781587169923,99.0909171423389,-10.));
#1993=CARTESIAN_POINT('Ctrl Pts',(159.716889564412,99.8028992319143,-10.));
#1994=CARTESIAN_POINT('Ctrl Pts',(159.667284919187,100.291238880704,-10.));
#1995=CARTESIAN_POINT('Ctrl Pts',(159.589118159931,101.060762129768,-10.));
#1996=CARTESIAN_POINT('Ctrl Pts',(159.55787316907,101.46162195791,-10.));
#1997=CARTESIAN_POINT('Ctrl Pts',(159.382055762735,102.504880133355,-10.));
#1998=CARTESIAN_POINT('Ctrl Pts',(159.35680542621,102.654709553331,-10.));
#1999=CARTESIAN_POINT('Ctrl Pts',(159.328772092943,102.834117730519,-10.));
#2000=CARTESIAN_POINT('Ctrl Pts',(159.301563806328,103.025820994783,-10.));
#2001=CARTESIAN_POINT('Ctrl Pts',(159.216203328259,103.627251085404,-10.));
#2002=CARTESIAN_POINT('Ctrl Pts',(159.146842447745,104.296365421849,-10.));
#2003=CARTESIAN_POINT('Ctrl Pts',(159.074614988861,104.971266967335,-10.));
#2004=CARTESIAN_POINT('Ctrl Pts',(159.024669779369,105.437960654144,-10.));
#2005=CARTESIAN_POINT('Ctrl Pts',(158.968667826339,105.943518408819,-10.));
#2006=CARTESIAN_POINT('Ctrl Pts',(158.899685649076,106.439564259628,-10.));
#2007=CARTESIAN_POINT('Ctrl Pts',(158.834575699096,106.907765203912,-10.));
#2008=CARTESIAN_POINT('Ctrl Pts',(158.773450810575,107.265218657539,-10.));
#2009=CARTESIAN_POINT('Ctrl Pts',(158.708514545726,107.598204331184,-10.));
#2010=CARTESIAN_POINT('Ctrl Pts',(158.681472502142,107.736872810504,-10.));
#2011=CARTESIAN_POINT('Ctrl Pts',(158.657126654202,107.874738312458,-10.));
#2012=CARTESIAN_POINT('Ctrl Pts',(158.630195995779,108.048590514324,-10.));
#2013=CARTESIAN_POINT('Ctrl Pts',(158.575034292,108.404689630421,-10.));
#2014=CARTESIAN_POINT('Ctrl Pts',(158.503296032549,109.035172439045,-10.));
#2015=CARTESIAN_POINT('Ctrl Pts',(158.440113289288,109.701958651382,-10.));
#2016=CARTESIAN_POINT('Ctrl Pts',(158.387845167568,110.253559628317,-10.));
#2017=CARTESIAN_POINT('Ctrl Pts',(158.329282168036,110.887534673669,-10.));
#2018=CARTESIAN_POINT('Ctrl Pts',(158.242646708972,111.505537182908,-10.));
#2019=CARTESIAN_POINT('Ctrl Pts',(158.179048779731,111.959204541263,-10.));
#2020=CARTESIAN_POINT('Ctrl Pts',(158.117904177181,112.301734611664,-10.));
#2021=CARTESIAN_POINT('Ctrl Pts',(158.04084360292,112.662629797123,-10.));
#2022=CARTESIAN_POINT('Ctrl Pts',(157.989216251605,112.904414428319,-10.));
#2023=CARTESIAN_POINT('Ctrl Pts',(157.936960603117,113.163601563871,-10.));
#2024=CARTESIAN_POINT('Ctrl Pts',(157.862052315967,113.627126648316,-10.));
#2025=CARTESIAN_POINT('Ctrl Pts',(157.792789225954,114.05571981028,-10.));
#2026=CARTESIAN_POINT('Ctrl Pts',(157.723105213847,114.571277063223,-10.));
#2027=CARTESIAN_POINT('Ctrl Pts',(157.656874444727,115.076334631167,-10.));
#2028=CARTESIAN_POINT('Ctrl Pts',(157.551629313956,115.878904954468,-10.));
#2029=CARTESIAN_POINT('Ctrl Pts',(157.450109766642,116.715999794729,-10.));
#2030=CARTESIAN_POINT('Ctrl Pts',(157.235756193822,117.687331902851,-10.));
#2031=CARTESIAN_POINT('Ctrl Pts',(157.163892889373,118.012976743238,-10.));
#2032=CARTESIAN_POINT('Ctrl Pts',(157.07960077977,118.402900602331,-10.));
#2033=CARTESIAN_POINT('Ctrl Pts',(156.941492793909,119.16711357947,-10.));
#2034=CARTESIAN_POINT('Ctrl Pts',(156.867608479843,119.575948385547,-10.));
#2035=CARTESIAN_POINT('Ctrl Pts',(156.792074126857,120.02364504618,-10.));
#2036=CARTESIAN_POINT('Ctrl Pts',(156.720339339335,120.451761114592,-10.));
#2037=CARTESIAN_POINT('Ctrl Pts',(156.602426792381,121.155467890104,-10.));
#2038=CARTESIAN_POINT('Ctrl Pts',(156.483741333224,121.873193918824,-10.));
#2039=CARTESIAN_POINT('Ctrl Pts',(156.326859108117,122.635669114895,-10.));
#2040=CARTESIAN_POINT('Ctrl Pts',(156.314379584562,122.696321793444,-10.));
#2041=CARTESIAN_POINT('Ctrl Pts',(156.301792143232,122.757701939981,-10.));
#2042=CARTESIAN_POINT('Ctrl Pts',(156.288827559772,122.821197798724,-10.));
#2043=CARTESIAN_POINT('Ctrl Pts',(156.240028183159,123.060199563305,-10.));
#2044=CARTESIAN_POINT('Ctrl Pts',(156.1776297978,123.369595121172,-10.));
#2045=CARTESIAN_POINT('Ctrl Pts',(156.116521642474,123.687632406645,-10.));
#2046=CARTESIAN_POINT('Ctrl Pts',(156.033582506837,124.119288990233,-10.));
#2047=CARTESIAN_POINT('Ctrl Pts',(155.969758136595,124.476116896687,-10.));
#2048=CARTESIAN_POINT('Ctrl Pts',(155.904701898569,124.87177633931,-10.));
#2049=CARTESIAN_POINT('Ctrl Pts',(155.851208967092,125.197109990541,-10.));
#2050=CARTESIAN_POINT('Ctrl Pts',(155.792762209874,125.581067321928,-10.));
#2051=CARTESIAN_POINT('Ctrl Pts',(155.730123405087,126.014339716482,-10.));
#2052=CARTESIAN_POINT('Ctrl Pts',(155.654701556149,126.536032382912,-10.));
#2053=CARTESIAN_POINT('Ctrl Pts',(155.584702643337,127.030930755669,-10.));
#2054=CARTESIAN_POINT('Ctrl Pts',(155.517358334543,127.461611892412,-10.));
#2055=CARTESIAN_POINT('Ctrl Pts',(155.370638206737,128.399918225306,-10.));
#2056=CARTESIAN_POINT('Ctrl Pts',(155.302482710169,128.99127485833,-10.));
#2057=CARTESIAN_POINT('Ctrl Pts',(155.222203443897,129.699373467839,-10.));
#2058=CARTESIAN_POINT('Ctrl Pts',(155.167297649494,130.18366684116,-10.));
#2059=CARTESIAN_POINT('Ctrl Pts',(155.103617939005,130.789998493075,-10.));
#2060=CARTESIAN_POINT('Ctrl Pts',(155.034492148868,131.434788825024,-10.));
#2061=CARTESIAN_POINT('Ctrl Pts',(154.995916501148,131.794614074749,-10.));
#2062=CARTESIAN_POINT('Ctrl Pts',(154.962448079219,132.097384110633,-10.));
#2063=CARTESIAN_POINT('Ctrl Pts',(154.938510660509,132.307942969377,-10.));
#2064=CARTESIAN_POINT('Ctrl Pts',(154.925920011276,132.41869312024,-10.));
#2065=CARTESIAN_POINT('Ctrl Pts',(154.915667807058,132.512472632848,-10.));
#2066=CARTESIAN_POINT('Ctrl Pts',(154.905496447663,132.607930291949,-10.));
#2067=CARTESIAN_POINT('Ctrl Pts',(154.885039233503,132.799920143021,-10.));
#2068=CARTESIAN_POINT('Ctrl Pts',(154.860258827315,133.04450393873,-10.));
#2069=CARTESIAN_POINT('Ctrl Pts',(154.833203216242,133.337375761162,-10.));
#2070=CARTESIAN_POINT('Ctrl Pts',(154.785028042452,133.858862816315,-10.));
#2071=CARTESIAN_POINT('Ctrl Pts',(154.742374302848,134.395825422554,-10.));
#2072=CARTESIAN_POINT('Ctrl Pts',(154.701489691406,134.932688279361,-10.));
#2073=CARTESIAN_POINT('Ctrl Pts',(154.666387704999,135.393618493363,-10.));
#2074=CARTESIAN_POINT('Ctrl Pts',(154.630530493503,135.878544467546,-10.));
#2075=CARTESIAN_POINT('Ctrl Pts',(154.596494334292,136.307909896582,-10.));
#2076=CARTESIAN_POINT('Ctrl Pts',(154.565756764179,136.69566369388,-10.));
#2077=CARTESIAN_POINT('Ctrl Pts',(154.541473008147,136.978924661614,-10.));
#2078=CARTESIAN_POINT('Ctrl Pts',(154.519448502084,137.222797666143,-10.));
#2079=CARTESIAN_POINT('Ctrl Pts',(154.509620186082,137.331624667569,-10.));
#2080=CARTESIAN_POINT('Ctrl Pts',(154.501063888354,137.431461407298,-10.));
#2081=CARTESIAN_POINT('Ctrl Pts',(154.492840328508,137.531249087457,-10.));
#2082=CARTESIAN_POINT('Ctrl Pts',(154.469718465843,137.811818218037,-10.));
#2083=CARTESIAN_POINT('Ctrl Pts',(154.447494295614,138.106248454134,-10.));
#2084=CARTESIAN_POINT('Ctrl Pts',(154.417385434962,138.577445126295,-10.));
#2085=CARTESIAN_POINT('Ctrl Pts',(154.376568007226,139.21622838475,-10.));
#2086=CARTESIAN_POINT('Ctrl Pts',(154.335134347025,139.996841669673,-10.));
#2087=CARTESIAN_POINT('Ctrl Pts',(154.294842119527,140.662457856301,-10.));
#2088=CARTESIAN_POINT('Ctrl Pts',(154.251999591948,141.370204277972,-10.));
#2089=CARTESIAN_POINT('Ctrl Pts',(154.221552909875,141.784564981877,-10.));
#2090=CARTESIAN_POINT('Ctrl Pts',(154.187924697721,142.193350794105,-10.));
#2091=CARTESIAN_POINT('Ctrl Pts',(154.170424425236,142.406084764901,-10.));
#2092=CARTESIAN_POINT('Ctrl Pts',(154.153476305224,142.619167075098,-10.));
#2093=CARTESIAN_POINT('Ctrl Pts',(154.132769778413,142.893436686432,-10.));
#2094=CARTESIAN_POINT('Ctrl Pts',(154.104787038146,143.264083843605,-10.));
#2095=CARTESIAN_POINT('Ctrl Pts',(154.065954569871,143.81074586319,-10.));
#2096=CARTESIAN_POINT('Ctrl Pts',(154.028111721346,144.393580888727,-10.));
#2097=CARTESIAN_POINT('Ctrl Pts',(154.00002309517,144.82618667271,-10.));
#2098=CARTESIAN_POINT('Ctrl Pts',(153.97580442363,145.219087300917,-10.));
#2099=CARTESIAN_POINT('Ctrl Pts',(153.947849277929,145.683804006483,-10.));
#2100=CARTESIAN_POINT('Ctrl Pts',(153.921817053629,146.116554729519,-10.));
#2101=CARTESIAN_POINT('Ctrl Pts',(153.887914237406,146.692814436785,-10.));
#2102=CARTESIAN_POINT('Ctrl Pts',(153.863086118943,147.109875781129,-10.));
#2103=CARTESIAN_POINT('Ctrl Pts',(153.848583102118,147.353496646057,-10.));
#2104=CARTESIAN_POINT('Ctrl Pts',(153.839799862079,147.503379810871,-10.));
#2105=CARTESIAN_POINT('Ctrl Pts',(153.830765998898,147.658621187889,-10.));
#2106=CARTESIAN_POINT('Ctrl Pts',(153.814282920307,147.941872745566,-10.));
#2107=CARTESIAN_POINT('Ctrl Pts',(153.798302236518,148.222403563533,-10.));
#2108=CARTESIAN_POINT('Ctrl Pts',(153.782966384103,148.499949527936,-10.));
#2109=CARTESIAN_POINT('Ctrl Pts',(153.759225427525,148.929609810978,-10.));
#2110=CARTESIAN_POINT('Ctrl Pts',(153.736944401458,149.353595288655,-10.));
#2111=CARTESIAN_POINT('Ctrl Pts',(153.716219753161,149.778032216624,-10.));
#2112=CARTESIAN_POINT('Ctrl Pts',(153.693947528981,150.23416320976,-10.));
#2113=CARTESIAN_POINT('Ctrl Pts',(153.672309640017,150.719667493753,-10.));
#2114=CARTESIAN_POINT('Ctrl Pts',(153.654903859577,151.156368698558,-10.));
#2115=CARTESIAN_POINT('Ctrl Pts',(153.639886198615,151.533153333849,-10.));
#2116=CARTESIAN_POINT('Ctrl Pts',(153.630801555787,151.793256868489,-10.));
#2117=CARTESIAN_POINT('Ctrl Pts',(153.623408424508,152.013904525804,-10.));
#2118=CARTESIAN_POINT('Ctrl Pts',(153.62019464317,152.109819679531,-10.));
#2119=CARTESIAN_POINT('Ctrl Pts',(153.61683941851,152.200484105359,-10.));
#2120=CARTESIAN_POINT('Ctrl Pts',(153.613150307735,152.292924101239,-10.));
#2121=CARTESIAN_POINT('Ctrl Pts',(153.603684082004,152.530124315828,-10.));
#2122=CARTESIAN_POINT('Ctrl Pts',(153.590562896528,152.81175837052,-10.));
#2123=CARTESIAN_POINT('Ctrl Pts',(153.572053770998,153.148612768586,-10.));
#2124=CARTESIAN_POINT('Ctrl Pts',(153.540081842845,153.730481674065,-10.));
#2125=CARTESIAN_POINT('Ctrl Pts',(153.500424154091,154.327079308525,-10.));
#2126=CARTESIAN_POINT('Ctrl Pts',(153.464089034765,154.910360673869,-10.));
#2127=CARTESIAN_POINT('Ctrl Pts',(153.439451516608,155.305862477521,-10.));
#2128=CARTESIAN_POINT('Ctrl Pts',(153.415634369176,155.70786595332,-10.));
#2129=CARTESIAN_POINT('Ctrl Pts',(153.396217578599,156.094719780729,-10.));
#2130=CARTESIAN_POINT('Ctrl Pts',(153.376608235781,156.485409956437,-10.));
#2131=CARTESIAN_POINT('Ctrl Pts',(153.365800920431,156.765804232112,-10.));
#2132=CARTESIAN_POINT('Ctrl Pts',(153.358020601454,157.008535863545,-10.));
#2133=CARTESIAN_POINT('Ctrl Pts',(153.343971197476,157.446851407962,-10.));
#2134=CARTESIAN_POINT('Ctrl Pts',(153.320922860356,157.788432167062,-10.));
#2135=CARTESIAN_POINT('Ctrl Pts',(153.282274941277,158.224215363216,-10.));
#2136=CARTESIAN_POINT('Ctrl Pts',(153.234352395202,158.764576676171,-10.));
#2137=CARTESIAN_POINT('Ctrl Pts',(153.139836444679,159.546482264765,-10.));
#2138=CARTESIAN_POINT('Ctrl Pts',(153.062647711052,160.192217084164,-10.));
#2139=CARTESIAN_POINT('Ctrl Pts',(152.974220221459,160.931971531981,-10.));
#2140=CARTESIAN_POINT('Ctrl Pts',(152.911892975705,161.626076218071,-10.));
#2141=CARTESIAN_POINT('Ctrl Pts',(152.898406376236,162.01743115958,-10.));
#2142=CARTESIAN_POINT('Ctrl Pts',(152.891686088376,162.212440870408,-10.));
#2143=CARTESIAN_POINT('Ctrl Pts',(152.880793761271,162.390429803048,-10.));
#2144=CARTESIAN_POINT('Ctrl Pts',(152.866094050945,162.570839733463,-10.));
#2145=CARTESIAN_POINT('Ctrl Pts',(152.839491805133,162.897329794108,-10.));
#2146=CARTESIAN_POINT('Ctrl Pts',(152.797016448783,163.259248175087,-10.));
#2147=CARTESIAN_POINT('Ctrl Pts',(152.732403920738,163.671052738963,-10.));
#2148=CARTESIAN_POINT('Ctrl Pts',(152.644300364608,164.232576140158,-10.));
#2149=CARTESIAN_POINT('Ctrl Pts',(152.534230266369,164.768383950711,-10.));
#2150=CARTESIAN_POINT('Ctrl Pts',(152.444651888428,165.224045075457,-10.));
#2151=CARTESIAN_POINT('Ctrl Pts',(152.291686268386,166.002140058627,-10.));
#2152=CARTESIAN_POINT('Ctrl Pts',(152.201552152842,166.650074587187,-10.));
#2153=CARTESIAN_POINT('Ctrl Pts',(152.192086422803,166.992300342076,-10.));
#2154=CARTESIAN_POINT('Ctrl Pts',(152.183490114835,167.303092850561,-10.));
#2155=CARTESIAN_POINT('Ctrl Pts',(152.162522880024,167.584130837446,-10.));
#2156=CARTESIAN_POINT('Ctrl Pts',(152.125349799179,167.904226509295,-10.));
#2157=CARTESIAN_POINT('Ctrl Pts',(152.072062016151,168.363085132836,-10.));
#2158=CARTESIAN_POINT('Ctrl Pts',(151.960722970966,168.982142898542,-10.));
#2159=CARTESIAN_POINT('Ctrl Pts',(151.839661555806,169.524904705064,-10.));
#2160=CARTESIAN_POINT('Ctrl Pts',(151.684542039144,170.220361213473,-10.));
#2161=CARTESIAN_POINT('Ctrl Pts',(151.528070696485,170.827409353652,-10.));
#2162=CARTESIAN_POINT('Ctrl Pts',(151.436395459303,171.287558382876,-10.));
#2163=CARTESIAN_POINT('Ctrl Pts',(151.341621956085,171.76325865748,-10.));
#2164=CARTESIAN_POINT('Ctrl Pts',(151.325243506642,171.965972934052,-10.));
#2165=CARTESIAN_POINT('Ctrl Pts',(151.315004443832,172.126103335877,-10.));
#2166=CARTESIAN_POINT('Ctrl Pts',(151.301992629539,172.329597258127,-10.));
#2167=CARTESIAN_POINT('Ctrl Pts',(151.283544940343,172.521768326373,-10.));
#2168=CARTESIAN_POINT('Ctrl Pts',(151.25815075501,172.724432831492,-10.));
#2169=CARTESIAN_POINT('Ctrl Pts',(151.21873370825,173.039010210919,-10.));
#2170=CARTESIAN_POINT('Ctrl Pts',(151.159447124503,173.393749134539,-10.));
#2171=CARTESIAN_POINT('Ctrl Pts',(151.071778460832,173.792347711355,-10.));
#2172=CARTESIAN_POINT('Ctrl Pts',(150.931562415068,174.429860751334,-10.));
#2173=CARTESIAN_POINT('Ctrl Pts',(150.765801852704,174.98345597907,-10.));
#2174=CARTESIAN_POINT('Ctrl Pts',(150.621475840332,175.467662803894,-10.));
#2175=CARTESIAN_POINT('Ctrl Pts',(150.373702251349,176.298931269123,-10.));
#2176=CARTESIAN_POINT('Ctrl Pts',(150.196936852516,176.963801103919,-10.));
#2177=CARTESIAN_POINT('Ctrl Pts',(150.146861941157,177.35719795426,-10.));
#2178=CARTESIAN_POINT('Ctrl Pts',(150.107599703538,177.665648637381,-10.));
#2179=CARTESIAN_POINT('Ctrl Pts',(150.05473886676,177.950778890335,-10.));
#2180=CARTESIAN_POINT('Ctrl Pts',(149.981667103639,178.259396307279,-10.));
#2181=CARTESIAN_POINT('Ctrl Pts',(149.885562185265,178.665293885189,-10.));
#2182=CARTESIAN_POINT('Ctrl Pts',(149.736408217829,179.153565223345,-10.));
#2183=CARTESIAN_POINT('Ctrl Pts',(149.557375137849,179.640617645581,-10.));
#2184=CARTESIAN_POINT('Ctrl Pts',(149.242217257678,180.497992209776,-10.));
#2185=CARTESIAN_POINT('Ctrl Pts',(148.906012260799,181.252667117412,-10.));
#2186=CARTESIAN_POINT('Ctrl Pts',(148.740681431189,181.720013219281,-10.));
#2187=CARTESIAN_POINT('Ctrl Pts',(148.563295853695,182.221434874063,-10.));
#2188=CARTESIAN_POINT('Ctrl Pts',(148.542978490412,182.367146686139,-10.));
#2189=CARTESIAN_POINT('Ctrl Pts',(148.518335597378,182.511717606933,-10.));
#2190=CARTESIAN_POINT('Ctrl Pts',(148.455308923909,182.881472254057,-10.));
#2191=CARTESIAN_POINT('Ctrl Pts',(148.365289612783,183.26277403948,-10.));
#2192=CARTESIAN_POINT('Ctrl Pts',(148.244671169991,183.66470974634,-10.));
#2193=CARTESIAN_POINT('Ctrl Pts',(148.064390554204,184.265457153304,-10.));
#2194=CARTESIAN_POINT('Ctrl Pts',(147.845937890332,184.813793251708,-10.));
#2195=CARTESIAN_POINT('Ctrl Pts',(147.64827570295,185.286719155692,-10.));
#2196=CARTESIAN_POINT('Ctrl Pts',(147.371267096801,185.949489042082,-10.));
#2197=CARTESIAN_POINT('Ctrl Pts',(147.113942790671,186.535731233678,-10.));
#2198=CARTESIAN_POINT('Ctrl Pts',(146.978913002528,186.904432040045,-10.));
#2199=CARTESIAN_POINT('Ctrl Pts',(146.814614380802,187.353051823492,-10.));
#2200=CARTESIAN_POINT('Ctrl Pts',(146.796132818434,187.478072786585,-10.));
#2201=CARTESIAN_POINT('Ctrl Pts',(146.774484439567,187.590371620011,-10.));
#2202=CARTESIAN_POINT('Ctrl Pts',(146.743846570893,187.749302546517,-10.));
#2203=CARTESIAN_POINT('Ctrl Pts',(146.709593101097,187.900135857198,-10.));
#2204=CARTESIAN_POINT('Ctrl Pts',(146.670525405897,188.052020633831,-10.));
#2205=CARTESIAN_POINT('Ctrl Pts',(146.564849232527,188.462861404076,-10.));
#2206=CARTESIAN_POINT('Ctrl Pts',(146.401242655399,188.939201805048,-10.));
#2207=CARTESIAN_POINT('Ctrl Pts',(146.213563576688,189.382257963624,-10.));
#2208=CARTESIAN_POINT('Ctrl Pts',(145.848898455481,190.243127107264,-10.));
#2209=CARTESIAN_POINT('Ctrl Pts',(145.469601952869,190.89869509693,-10.));
#2210=CARTESIAN_POINT('Ctrl Pts',(145.193593082623,191.430145672542,-10.));
#2211=CARTESIAN_POINT('Ctrl Pts',(144.869026316459,192.055093684354,-10.));
#2212=CARTESIAN_POINT('Ctrl Pts',(144.702962454804,192.519302007417,-10.));
#2213=CARTESIAN_POINT('Ctrl Pts',(144.681566216703,192.624882044426,-10.));
#2214=CARTESIAN_POINT('Ctrl Pts',(144.650715525545,192.777115212654,-10.));
#2215=CARTESIAN_POINT('Ctrl Pts',(144.617408086958,192.91873685514,-10.));
#2216=CARTESIAN_POINT('Ctrl Pts',(144.579127546756,193.064059259445,-10.));
#2217=CARTESIAN_POINT('Ctrl Pts',(144.508282916239,193.333003009572,-10.));
#2218=CARTESIAN_POINT('Ctrl Pts',(144.419849304966,193.618277699918,-10.));
#2219=CARTESIAN_POINT('Ctrl Pts',(144.291033659103,193.959298912499,-10.));
#2220=CARTESIAN_POINT('Ctrl Pts',(143.998124191196,194.734735322046,-10.));
#2221=CARTESIAN_POINT('Ctrl Pts',(143.66114256329,195.369251917762,-10.));
#2222=CARTESIAN_POINT('Ctrl Pts',(143.361955946213,195.918973509019,-10.));
#2223=CARTESIAN_POINT('Ctrl Pts',(142.949299887681,196.677182373287,-10.));
#2224=CARTESIAN_POINT('Ctrl Pts',(142.601403498789,197.289863658008,-10.));
#2225=CARTESIAN_POINT('Ctrl Pts',(142.428333271406,197.687224402086,-10.));
#2226=CARTESIAN_POINT('Ctrl Pts',(142.348206817987,197.871190804811,-10.));
#2227=CARTESIAN_POINT('Ctrl Pts',(142.329454632813,197.938004951068,-10.));
#2228=CARTESIAN_POINT('Ctrl Pts',(142.319428951259,197.970828875469,-10.));
#2229=CARTESIAN_POINT('Ctrl Pts',(142.253437805078,198.186882854612,-10.));
#2230=CARTESIAN_POINT('Ctrl Pts',(142.179677475662,198.375743985836,-10.));
#2231=CARTESIAN_POINT('Ctrl Pts',(142.098865279231,198.554086683805,-10.));
#2232=CARTESIAN_POINT('Ctrl Pts',(141.877718629064,199.04213046902,-10.));
#2233=CARTESIAN_POINT('Ctrl Pts',(141.604962302548,199.435734678511,-10.));
#2234=CARTESIAN_POINT('Ctrl Pts',(141.361825641707,199.738598657718,-10.));
#2235=CARTESIAN_POINT('Ctrl Pts',(141.020671092792,200.16355894076,-10.));
#2236=CARTESIAN_POINT('Ctrl Pts',(140.72043840102,200.446398789936,-10.));
#2237=CARTESIAN_POINT('Ctrl Pts',(140.472379014708,200.677798058131,-10.));
#2238=CARTESIAN_POINT('Ctrl Pts',(140.238033492854,200.896404509867,-10.));
#2239=CARTESIAN_POINT('Ctrl Pts',(140.050975254673,201.06209738183,-10.));
#2240=CARTESIAN_POINT('Ctrl Pts',(139.937367852056,201.169386695771,-10.));
#2241=CARTESIAN_POINT('',(137.948307588424,203.3826530025,-10.));
#2242=CARTESIAN_POINT('Ctrl Pts',(139.937367852056,201.169386695771,-10.));
#2243=CARTESIAN_POINT('Ctrl Pts',(139.788314820972,201.460281771242,-10.));
#2244=CARTESIAN_POINT('Ctrl Pts',(139.61908879281,201.715861332413,-10.));
#2245=CARTESIAN_POINT('Ctrl Pts',(139.440447146947,201.945909874268,-10.));
#2246=CARTESIAN_POINT('Ctrl Pts',(139.020770057492,202.486355535822,-10.));
#2247=CARTESIAN_POINT('Ctrl Pts',(138.62801723274,202.812970035136,-10.));
#2248=CARTESIAN_POINT('Ctrl Pts',(138.351271940547,203.047127819819,-10.));
#2249=CARTESIAN_POINT('Ctrl Pts',(138.184443898974,203.188283191708,-10.));
#2250=CARTESIAN_POINT('Ctrl Pts',(138.047159082877,203.299702447881,-10.));
#2251=CARTESIAN_POINT('Ctrl Pts',(137.948307588424,203.382653002501,-10.));
#2252=CARTESIAN_POINT('',(135.921794499897,205.228848135426,-10.));
#2253=CARTESIAN_POINT('Ctrl Pts',(137.948307588424,203.382653002501,-10.));
#2254=CARTESIAN_POINT('Ctrl Pts',(137.724382772416,203.742596688502,-10.));
#2255=CARTESIAN_POINT('Ctrl Pts',(137.465618904983,204.03744933931,-10.));
#2256=CARTESIAN_POINT('Ctrl Pts',(137.22208055897,204.270177074213,-10.));
#2257=CARTESIAN_POINT('Ctrl Pts',(136.779491924091,204.693119301485,-10.));
#2258=CARTESIAN_POINT('Ctrl Pts',(136.46869026976,204.880613882827,-10.));
#2259=CARTESIAN_POINT('Ctrl Pts',(136.229543724897,205.035053783376,-10.));
#2260=CARTESIAN_POINT('Ctrl Pts',(136.111664039714,205.111180021649,-10.));
#2261=CARTESIAN_POINT('Ctrl Pts',(136.008435946962,205.175078345437,-10.));
#2262=CARTESIAN_POINT('Ctrl Pts',(135.921794499897,205.228848135426,-10.));
#2263=CARTESIAN_POINT('',(133.909596912754,206.673777852203,-10.));
#2264=CARTESIAN_POINT('Ctrl Pts',(135.921794499897,205.228848135427,-10.));
#2265=CARTESIAN_POINT('Ctrl Pts',(135.669920879867,205.527751227251,-10.));
#2266=CARTESIAN_POINT('Ctrl Pts',(135.418683117155,205.743071536814,-10.));
#2267=CARTESIAN_POINT('Ctrl Pts',(135.221147360075,205.895029875399,-10.));
#2268=CARTESIAN_POINT('Ctrl Pts',(134.818603225446,206.204695015571,-10.));
#2269=CARTESIAN_POINT('Ctrl Pts',(134.561740043626,206.334797575602,-10.));
#2270=CARTESIAN_POINT('Ctrl Pts',(134.345369392275,206.450743053733,-10.));
#2271=CARTESIAN_POINT('Ctrl Pts',(134.176505244976,206.54123145489,-10.));
#2272=CARTESIAN_POINT('Ctrl Pts',(134.027888878001,206.614910975431,-10.));
#2273=CARTESIAN_POINT('Ctrl Pts',(133.909596912754,206.673777852203,-10.));
#2274=CARTESIAN_POINT('',(132.454849510433,207.545713798604,-10.));
#2275=CARTESIAN_POINT('Ctrl Pts',(133.909596912754,206.673777852202,-10.));
#2276=CARTESIAN_POINT('Ctrl Pts',(133.726619309384,206.839970470563,-10.));
#2277=CARTESIAN_POINT('Ctrl Pts',(133.590863932514,206.938319544406,-10.));
#2278=CARTESIAN_POINT('Ctrl Pts',(133.465204214289,207.024148764624,-10.));
#2279=CARTESIAN_POINT('Ctrl Pts',(133.217179935222,207.19355651731,-10.));
#2280=CARTESIAN_POINT('Ctrl Pts',(133.03941495697,207.283704668271,-10.));
#2281=CARTESIAN_POINT('Ctrl Pts',(132.894460373195,207.354469212584,-10.));
#2282=CARTESIAN_POINT('Ctrl Pts',(132.714266846043,207.44243685393,-10.));
#2283=CARTESIAN_POINT('Ctrl Pts',(132.574617466482,207.499151334404,-10.));
#2284=CARTESIAN_POINT('Ctrl Pts',(132.454849510433,207.545713798604,-10.));
#2285=CARTESIAN_POINT('',(132.396490674122,208.260033377895,-10.));
#2286=CARTESIAN_POINT('Ctrl Pts',(132.454849510433,207.545713798604,-10.));
#2287=CARTESIAN_POINT('Ctrl Pts',(132.430279908965,207.774098707125,-10.));
#2288=CARTESIAN_POINT('Ctrl Pts',(132.410003210125,208.018089270865,-10.));
#2289=CARTESIAN_POINT('Ctrl Pts',(132.396490674122,208.260033377895,-10.));
#2290=CARTESIAN_POINT('',(126.666818533716,213.643999999998,-10.));
#2291=CARTESIAN_POINT('Ctrl Pts',(132.396490674122,208.260033377895,-10.));
#2292=CARTESIAN_POINT('Ctrl Pts',(132.329463705761,209.460161910593,-10.));
#2293=CARTESIAN_POINT('Ctrl Pts',(131.871440045714,210.621754612206,-10.));
#2294=CARTESIAN_POINT('Ctrl Pts',(131.120290828145,211.539930517953,-10.));
#2295=CARTESIAN_POINT('Ctrl Pts',(130.030219495604,212.872391778213,-10.));
#2296=CARTESIAN_POINT('Ctrl Pts',(128.345320218418,213.643999999998,-10.));
#2297=CARTESIAN_POINT('Ctrl Pts',(126.666818533716,213.643999999998,-10.));
#2298=CARTESIAN_POINT('',(113.262706703297,213.643999999998,-10.));
#2299=CARTESIAN_POINT('',(144.766282796831,213.643999999998,-10.));
#2300=CARTESIAN_POINT('',(107.557421592749,208.437883522446,-10.));
#2301=CARTESIAN_POINT('Ctrl Pts',(113.262706703297,213.643999999998,-10.));
#2302=CARTESIAN_POINT('Ctrl Pts',(112.141969901168,213.643999999998,-10.));
#2303=CARTESIAN_POINT('Ctrl Pts',(111.019940424107,213.308837676861,-10.));
#2304=CARTESIAN_POINT('Ctrl Pts',(110.078855483006,212.682551304436,-10.));
#2305=CARTESIAN_POINT('Ctrl Pts',(108.673315654928,211.74717299608,-10.));
#2306=CARTESIAN_POINT('Ctrl Pts',(107.706968836328,210.150382488733,-10.));
#2307=CARTESIAN_POINT('Ctrl Pts',(107.557421592749,208.437883522446,-10.));
#2308=CARTESIAN_POINT('',(107.457558887015,207.520366178289,-10.));
#2309=CARTESIAN_POINT('Ctrl Pts',(107.557421592749,208.437883522445,-10.));
#2310=CARTESIAN_POINT('Ctrl Pts',(107.529074081492,208.11326982472,-10.));
#2311=CARTESIAN_POINT('Ctrl Pts',(107.494307787154,207.80752132975,-10.));
#2312=CARTESIAN_POINT('Ctrl Pts',(107.457558887015,207.520366178289,-10.));
#2313=CARTESIAN_POINT('',(106.043285161096,206.652928949855,-10.));
#2314=CARTESIAN_POINT('Ctrl Pts',(107.457558887015,207.520366178289,-10.));
#2315=CARTESIAN_POINT('Ctrl Pts',(107.267466711748,207.445395806847,-10.));
#2316=CARTESIAN_POINT('Ctrl Pts',(107.084404727374,207.362241088713,-10.));
#2317=CARTESIAN_POINT('Ctrl Pts',(106.59085231946,207.096550291344,-10.));
#2318=CARTESIAN_POINT('Ctrl Pts',(106.303301306776,206.894279008694,-10.));
#2319=CARTESIAN_POINT('Ctrl Pts',(106.043285161096,206.652928949855,-10.));
#2320=CARTESIAN_POINT('',(104.070869083145,205.25505954155,-10.));
#2321=CARTESIAN_POINT('Ctrl Pts',(106.043285161096,206.652928949855,-10.));
#2322=CARTESIAN_POINT('Ctrl Pts',(105.864282992897,206.566984308659,-10.));
#2323=CARTESIAN_POINT('Ctrl Pts',(105.619883109754,206.452981154925,-10.));
#2324=CARTESIAN_POINT('Ctrl Pts',(105.299822052326,206.264389330036,-10.));
#2325=CARTESIAN_POINT('Ctrl Pts',(105.064653756967,206.125819463605,-10.));
#2326=CARTESIAN_POINT('Ctrl Pts',(104.80997936665,205.988127129597,-10.));
#2327=CARTESIAN_POINT('Ctrl Pts',(104.384002616864,205.584685584431,-10.));
#2328=CARTESIAN_POINT('Ctrl Pts',(104.288118662349,205.493874123981,-10.));
#2329=CARTESIAN_POINT('Ctrl Pts',(104.185717441568,205.389764969287,-10.));
#2330=CARTESIAN_POINT('Ctrl Pts',(104.070869083145,205.25505954155,-10.));
#2331=CARTESIAN_POINT('',(101.981586769495,203.441943538396,-10.));
#2332=CARTESIAN_POINT('Ctrl Pts',(104.070869083145,205.25505954155,-10.));
#2333=CARTESIAN_POINT('Ctrl Pts',(103.970792913578,205.197247719172,-10.));
#2334=CARTESIAN_POINT('Ctrl Pts',(103.855684215341,205.130749528059,-10.));
#2335=CARTESIAN_POINT('Ctrl Pts',(103.7178127024,205.046464644997,-10.));
#2336=CARTESIAN_POINT('Ctrl Pts',(103.459792007739,204.888729057614,-10.));
#2337=CARTESIAN_POINT('Ctrl Pts',(103.118065046923,204.674344044609,-10.));
#2338=CARTESIAN_POINT('Ctrl Pts',(102.73291481269,204.323021169822,-10.));
#2339=CARTESIAN_POINT('Ctrl Pts',(102.473016019603,204.085949027512,-10.));
#2340=CARTESIAN_POINT('Ctrl Pts',(102.227971192645,203.82304790214,-10.));
#2341=CARTESIAN_POINT('Ctrl Pts',(101.981586769494,203.441943538398,-10.));
#2342=CARTESIAN_POINT('',(99.9098938472718,201.352166590861,-10.));
#2343=CARTESIAN_POINT('Ctrl Pts',(101.981586769495,203.441943538396,-10.));
#2344=CARTESIAN_POINT('Ctrl Pts',(101.84364341078,203.336108259305,-10.));
#2345=CARTESIAN_POINT('Ctrl Pts',(101.63684269593,203.184918735378,-10.));
#2346=CARTESIAN_POINT('Ctrl Pts',(101.382069442132,202.980896063894,-10.));
#2347=CARTESIAN_POINT('Ctrl Pts',(101.140303872702,202.787289958807,-10.));
#2348=CARTESIAN_POINT('Ctrl Pts',(100.878401721155,202.583964413373,-10.));
#2349=CARTESIAN_POINT('Ctrl Pts',(100.500195375521,202.15994744707,-10.));
#2350=CARTESIAN_POINT('Ctrl Pts',(100.32208058637,201.960258326512,-10.));
#2351=CARTESIAN_POINT('Ctrl Pts',(100.097609469409,201.674338891168,-10.));
#2352=CARTESIAN_POINT('Ctrl Pts',(99.9098938472718,201.352166590861,-10.));
#2353=CARTESIAN_POINT('',(74.982410023696,70.531098876483,-10.));
#2354=CARTESIAN_POINT('Ctrl Pts',(99.9098938472717,201.352166590861,-10.));
#2355=CARTESIAN_POINT('Ctrl Pts',(99.8447228948287,201.299176406706,-10.));
#2356=CARTESIAN_POINT('Ctrl Pts',(99.7616398066434,201.233740112653,-10.));
#2357=CARTESIAN_POINT('Ctrl Pts',(99.663703415645,201.15737951236,-10.));
#2358=CARTESIAN_POINT('Ctrl Pts',(99.3510787305836,200.913627334296,-10.));
#2359=CARTESIAN_POINT('Ctrl Pts',(98.9130314402151,200.606095521076,-10.));
#2360=CARTESIAN_POINT('Ctrl Pts',(98.3592692287757,200.038576933184,-10.));
#2361=CARTESIAN_POINT('Ctrl Pts',(98.160948225386,199.83532930547,-10.));
#2362=CARTESIAN_POINT('Ctrl Pts',(97.9430356622541,199.589702926085,-10.));
#2363=CARTESIAN_POINT('Ctrl Pts',(97.7267791295487,199.280251945579,-10.));
#2364=CARTESIAN_POINT('Ctrl Pts',(97.5070540473813,198.96583766515,-10.));
#2365=CARTESIAN_POINT('Ctrl Pts',(97.3347825648254,198.683415156597,-10.));
#2366=CARTESIAN_POINT('Ctrl Pts',(97.1513247126255,198.197945696892,-10.));
#2367=CARTESIAN_POINT('Ctrl Pts',(97.1349991714075,198.154744756842,-10.));
#2368=CARTESIAN_POINT('Ctrl Pts',(97.0996846534901,198.068531411873,-10.));
#2369=CARTESIAN_POINT('Ctrl Pts',(97.0485653763494,197.962338794647,-10.));
#2370=CARTESIAN_POINT('Ctrl Pts',(96.891164490228,197.63536210433,-10.));
#2371=CARTESIAN_POINT('Ctrl Pts',(96.6209695164377,197.192926358642,-10.));
#2372=CARTESIAN_POINT('Ctrl Pts',(96.2871482895086,196.680010478712,-10.));
#2373=CARTESIAN_POINT('Ctrl Pts',(95.8449115368772,196.000514284896,-10.));
#2374=CARTESIAN_POINT('Ctrl Pts',(95.2752095122812,195.19678193787,-10.));
#2375=CARTESIAN_POINT('Ctrl Pts',(94.7669623191192,194.116728117096,-10.));
#2376=CARTESIAN_POINT('Ctrl Pts',(94.5801355412088,193.719710724733,-10.));
#2377=CARTESIAN_POINT('Ctrl Pts',(94.4372306414939,193.352191095373,-10.));
#2378=CARTESIAN_POINT('Ctrl Pts',(94.325083051798,192.993152930387,-10.));
#2379=CARTESIAN_POINT('Ctrl Pts',(94.3191140632362,192.974043338234,-10.));
#2380=CARTESIAN_POINT('Ctrl Pts',(94.3123498730537,192.953431630279,-10.));
#2381=CARTESIAN_POINT('Ctrl Pts',(94.3042194067896,192.930018225742,-10.));
#2382=CARTESIAN_POINT('Ctrl Pts',(94.274995779826,192.845862584738,-10.));
#2383=CARTESIAN_POINT('Ctrl Pts',(94.2179825821717,192.698346628297,-10.));
#2384=CARTESIAN_POINT('Ctrl Pts',(94.1159042597247,192.489080094759,-10.));
#2385=CARTESIAN_POINT('Ctrl Pts',(93.8795747027606,192.004590675529,-10.));
#2386=CARTESIAN_POINT('Ctrl Pts',(93.4619859647746,191.346506199122,-10.));
#2387=CARTESIAN_POINT('Ctrl Pts',(92.9807350015349,190.524880058895,-10.));
#2388=CARTESIAN_POINT('Ctrl Pts',(92.7522568000283,190.1348056961,-10.));
#2389=CARTESIAN_POINT('Ctrl Pts',(92.505355860437,189.69384383279,-10.));
#2390=CARTESIAN_POINT('Ctrl Pts',(92.2786325778891,189.211651643764,-10.));
#2391=CARTESIAN_POINT('Ctrl Pts',(92.0807069524267,188.790705944964,-10.));
#2392=CARTESIAN_POINT('Ctrl Pts',(91.9286858199364,188.407168311445,-10.));
#2393=CARTESIAN_POINT('Ctrl Pts',(91.8018073727213,188.006173301092,-10.));
#2394=CARTESIAN_POINT('Ctrl Pts',(91.7747478254612,187.920652523751,-10.));
#2395=CARTESIAN_POINT('Ctrl Pts',(91.7437953742841,187.830396567487,-10.));
#2396=CARTESIAN_POINT('Ctrl Pts',(91.7013603794501,187.718291324118,-10.));
#2397=CARTESIAN_POINT('Ctrl Pts',(91.632426224051,187.536180302364,-10.));
#2398=CARTESIAN_POINT('Ctrl Pts',(91.5186497757432,187.26320022069,-10.));
#2399=CARTESIAN_POINT('Ctrl Pts',(91.3431634734142,186.906533301579,-10.));
#2400=CARTESIAN_POINT('Ctrl Pts',(91.1167788666267,186.446418186237,-10.));
#2401=CARTESIAN_POINT('Ctrl Pts',(90.8334421999029,185.940388710063,-10.));
#2402=CARTESIAN_POINT('Ctrl Pts',(90.5218799055837,185.36411522233,-10.));
#2403=CARTESIAN_POINT('Ctrl Pts',(90.1640523053863,184.702268256466,-10.));
#2404=CARTESIAN_POINT('Ctrl Pts',(89.7563623431748,183.892669087328,-10.));
#2405=CARTESIAN_POINT('Ctrl Pts',(89.4899637476406,183.170441031962,-10.));
#2406=CARTESIAN_POINT('Ctrl Pts',(89.4040753656288,182.93759070858,-10.));
#2407=CARTESIAN_POINT('Ctrl Pts',(89.3125764666824,182.70976785656,-10.));
#2408=CARTESIAN_POINT('Ctrl Pts',(89.031715270339,182.20378703463,-10.));
#2409=CARTESIAN_POINT('Ctrl Pts',(88.838664336702,181.855999332563,-10.));
#2410=CARTESIAN_POINT('Ctrl Pts',(88.5734891473193,181.428407020913,-10.));
#2411=CARTESIAN_POINT('Ctrl Pts',(88.2858787210907,180.974816245664,-10.));
#2412=CARTESIAN_POINT('Ctrl Pts',(88.059459166923,180.617729673898,-10.));
#2413=CARTESIAN_POINT('Ctrl Pts',(87.8048647326345,180.218573178397,-10.));
#2414=CARTESIAN_POINT('Ctrl Pts',(87.5671808899218,179.818166264386,-10.));
#2415=CARTESIAN_POINT('Ctrl Pts',(87.2342047891901,179.25722812315,-10.));
#2416=CARTESIAN_POINT('Ctrl Pts',(87.0203604310272,178.846438630211,-10.));
#2417=CARTESIAN_POINT('Ctrl Pts',(86.8277426073347,178.423484234086,-10.));
#2418=CARTESIAN_POINT('Ctrl Pts',(86.7773303738076,178.312787958009,-10.));
#2419=CARTESIAN_POINT('Ctrl Pts',(86.7264028160091,178.20511502398,-10.));
#2420=CARTESIAN_POINT('Ctrl Pts',(86.6651216496468,178.081327604752,-10.));
#2421=CARTESIAN_POINT('Ctrl Pts',(86.5429135663105,177.834468346956,-10.));
#2422=CARTESIAN_POINT('Ctrl Pts',(86.3497849542525,177.474280089672,-10.));
#2423=CARTESIAN_POINT('Ctrl Pts',(86.1365320901851,177.119293076811,-10.));
#2424=CARTESIAN_POINT('Ctrl Pts',(85.8582556837317,176.656065955767,-10.));
#2425=CARTESIAN_POINT('Ctrl Pts',(85.5594779265409,176.209881972963,-10.));
#2426=CARTESIAN_POINT('Ctrl Pts',(85.2253312956846,175.704281786563,-10.));
#2427=CARTESIAN_POINT('Ctrl Pts',(85.0143069096516,175.384978944456,-10.));
#2428=CARTESIAN_POINT('Ctrl Pts',(84.7844396474505,175.033887662144,-10.));
#2429=CARTESIAN_POINT('Ctrl Pts',(84.5671183432206,174.679644899322,-10.));
#2430=CARTESIAN_POINT('Ctrl Pts',(84.3000849054624,174.244369291656,-10.));
#2431=CARTESIAN_POINT('Ctrl Pts',(84.1216922374522,173.925552198022,-10.));
#2432=CARTESIAN_POINT('Ctrl Pts',(83.9402693994831,173.569389624915,-10.));
#2433=CARTESIAN_POINT('Ctrl Pts',(83.8243564623801,173.34183365458,-10.));
#2434=CARTESIAN_POINT('Ctrl Pts',(83.6989804170552,173.101888361936,-10.));
#2435=CARTESIAN_POINT('Ctrl Pts',(83.4554723866443,172.676126511247,-10.));
#2436=CARTESIAN_POINT('Ctrl Pts',(83.2973434652292,172.399645846048,-10.));
#2437=CARTESIAN_POINT('Ctrl Pts',(83.0654984575911,172.009194241742,-10.));
#2438=CARTESIAN_POINT('Ctrl Pts',(82.7904868822412,171.561606842044,-10.));
#2439=CARTESIAN_POINT('Ctrl Pts',(82.401387268794,170.928338646025,-10.));
#2440=CARTESIAN_POINT('Ctrl Pts',(81.9937989152716,170.286871641661,-10.));
#2441=CARTESIAN_POINT('Ctrl Pts',(81.5791916599999,169.575610863532,-10.));
#2442=CARTESIAN_POINT('Ctrl Pts',(81.3644407204547,169.207204574393,-10.));
#2443=CARTESIAN_POINT('Ctrl Pts',(81.1860124296039,168.883265271429,-10.));
#2444=CARTESIAN_POINT('Ctrl Pts',(81.0409823294856,168.60627673336,-10.));
#2445=CARTESIAN_POINT('Ctrl Pts',(80.96214413444,168.455706083737,-10.));
#2446=CARTESIAN_POINT('Ctrl Pts',(80.8833487339506,168.312070260075,-10.));
#2447=CARTESIAN_POINT('Ctrl Pts',(80.7640221083544,168.106665870903,-10.));
#2448=CARTESIAN_POINT('Ctrl Pts',(80.6382764042024,167.890211920049,-10.));
#2449=CARTESIAN_POINT('Ctrl Pts',(80.4409525352058,167.565344218324,-10.));
#2450=CARTESIAN_POINT('Ctrl Pts',(80.1891480218414,167.16790955594,-10.));
#2451=CARTESIAN_POINT('Ctrl Pts',(79.8122244401476,166.572993704618,-10.));
#2452=CARTESIAN_POINT('Ctrl Pts',(79.381482047749,165.919651823486,-10.));
#2453=CARTESIAN_POINT('Ctrl Pts',(78.9506196126752,165.186426666822,-10.));
#2454=CARTESIAN_POINT('Ctrl Pts',(78.85500400467,165.023711694589,-10.));
#2455=CARTESIAN_POINT('Ctrl Pts',(78.7745884747607,164.884368757982,-10.));
#2456=CARTESIAN_POINT('Ctrl Pts',(78.6631308790607,164.682558483854,-10.));
#2457=CARTESIAN_POINT('Ctrl Pts',(78.5782196793005,164.528814341138,-10.));
#2458=CARTESIAN_POINT('Ctrl Pts',(78.4097063801325,164.289771030276,-10.));
#2459=CARTESIAN_POINT('Ctrl Pts',(78.0066705391858,163.355223446956,-10.));
#2460=CARTESIAN_POINT('Ctrl Pts',(77.9242733805318,163.164163353363,-10.));
#2461=CARTESIAN_POINT('Ctrl Pts',(77.8279390263152,162.939034513109,-10.));
#2462=CARTESIAN_POINT('Ctrl Pts',(77.7158672047312,162.672883736027,-10.));
#2463=CARTESIAN_POINT('Ctrl Pts',(77.5099796527797,162.183937173289,-10.));
#2464=CARTESIAN_POINT('Ctrl Pts',(77.2335364497502,161.516859268521,-10.));
#2465=CARTESIAN_POINT('Ctrl Pts',(76.944896008903,160.773681107617,-10.));
#2466=CARTESIAN_POINT('Ctrl Pts',(76.5908565808496,159.862116635723,-10.));
#2467=CARTESIAN_POINT('Ctrl Pts',(76.2444034100671,158.915702019205,-10.));
#2468=CARTESIAN_POINT('Ctrl Pts',(75.9579204107085,157.853416073314,-10.));
#2469=CARTESIAN_POINT('Ctrl Pts',(75.7627046172311,157.129551151866,-10.));
#2470=CARTESIAN_POINT('Ctrl Pts',(75.5899364624755,156.408033757971,-10.));
#2471=CARTESIAN_POINT('Ctrl Pts',(75.4350028046672,155.682008092691,-10.));
#2472=CARTESIAN_POINT('Ctrl Pts',(75.187015931153,154.51993112781,-10.));
#2473=CARTESIAN_POINT('Ctrl Pts',(74.9839452693538,153.298523642615,-10.));
#2474=CARTESIAN_POINT('Ctrl Pts',(74.8676483837811,152.332025429084,-10.));
#2475=CARTESIAN_POINT('Ctrl Pts',(74.831520460355,152.03178029975,-10.));
#2476=CARTESIAN_POINT('Ctrl Pts',(74.8040858567693,151.757663685307,-10.));
#2477=CARTESIAN_POINT('Ctrl Pts',(74.7813736287328,151.497605542556,-10.));
#2478=CARTESIAN_POINT('Ctrl Pts',(74.7137174818886,150.722933332251,-10.));
#2479=CARTESIAN_POINT('Ctrl Pts',(74.681929867819,150.009120562603,-10.));
#2480=CARTESIAN_POINT('Ctrl Pts',(74.6644275345071,149.300222645218,-10.));
#2481=CARTESIAN_POINT('Ctrl Pts',(74.6410496524996,148.353347073098,-10.));
#2482=CARTESIAN_POINT('Ctrl Pts',(74.6469873611713,147.492058066557,-10.));
#2483=CARTESIAN_POINT('Ctrl Pts',(74.6549473829183,146.844520253713,-10.));
#2484=CARTESIAN_POINT('Ctrl Pts',(74.6593603789164,146.485528548966,-10.));
#2485=CARTESIAN_POINT('Ctrl Pts',(74.6725746687231,146.176982892506,-10.));
#2486=CARTESIAN_POINT('Ctrl Pts',(74.6872777100891,145.911007019054,-10.));
#2487=CARTESIAN_POINT('Ctrl Pts',(74.7237332149609,145.251532254,-10.));
#2488=CARTESIAN_POINT('Ctrl Pts',(74.7633049619432,144.873900153764,-10.));
#2489=CARTESIAN_POINT('Ctrl Pts',(74.7868624330204,144.630031465333,-10.));
#2490=CARTESIAN_POINT('Ctrl Pts',(74.8105280515781,144.385043226159,-10.));
#2491=CARTESIAN_POINT('Ctrl Pts',(74.8306059552716,144.194869582872,-10.));
#2492=CARTESIAN_POINT('Ctrl Pts',(74.8533533502898,143.985878923809,-10.));
#2493=CARTESIAN_POINT('Ctrl Pts',(74.9078766228593,143.484948832275,-10.));
#2494=CARTESIAN_POINT('Ctrl Pts',(74.9663376920804,142.99582699951,-10.));
#2495=CARTESIAN_POINT('Ctrl Pts',(75.0190878822595,142.529690689591,-10.));
#2496=CARTESIAN_POINT('Ctrl Pts',(75.0673995084278,142.102776529247,-10.));
#2497=CARTESIAN_POINT('Ctrl Pts',(75.1006451580283,141.783260216926,-10.));
#2498=CARTESIAN_POINT('Ctrl Pts',(75.1241529637328,141.537578649731,-10.));
#2499=CARTESIAN_POINT('Ctrl Pts',(75.16384937016,141.12270899045,-10.));
#2500=CARTESIAN_POINT('Ctrl Pts',(75.2022401260044,140.830105246226,-10.));
#2501=CARTESIAN_POINT('Ctrl Pts',(75.2535446965815,140.47497495458,-10.));
#2502=CARTESIAN_POINT('Ctrl Pts',(75.3114505693773,140.074150442014,-10.));
#2503=CARTESIAN_POINT('Ctrl Pts',(75.4036866269989,139.522573704865,-10.));
#2504=CARTESIAN_POINT('Ctrl Pts',(75.4882185024773,139.03351594703,-10.));
#2505=CARTESIAN_POINT('Ctrl Pts',(75.6476455718642,138.1111532921,-10.));
#2506=CARTESIAN_POINT('Ctrl Pts',(75.7803074813181,137.311979024876,-10.));
#2507=CARTESIAN_POINT('Ctrl Pts',(75.8263867956883,136.637725786698,-10.));
#2508=CARTESIAN_POINT('Ctrl Pts',(75.8349378113192,136.512603482739,-10.));
#2509=CARTESIAN_POINT('Ctrl Pts',(75.843574244179,136.388585185823,-10.));
#2510=CARTESIAN_POINT('Ctrl Pts',(75.8521888988287,136.265597625144,-10.));
#2511=CARTESIAN_POINT('Ctrl Pts',(75.9201218217602,135.295749753021,-10.));
#2512=CARTESIAN_POINT('Ctrl Pts',(75.9825040784675,134.328335152032,-10.));
#2513=CARTESIAN_POINT('Ctrl Pts',(76.0072370578457,133.682488085046,-10.));
#2514=CARTESIAN_POINT('Ctrl Pts',(76.0366025458693,132.915673298171,-10.));
#2515=CARTESIAN_POINT('Ctrl Pts',(76.0383432538948,132.475898763298,-10.));
#2516=CARTESIAN_POINT('Ctrl Pts',(76.0328567175519,131.926980302081,-10.));
#2517=CARTESIAN_POINT('Ctrl Pts',(76.0302516309537,131.666345898621,-10.));
#2518=CARTESIAN_POINT('Ctrl Pts',(76.0328358601312,131.384787949296,-10.));
#2519=CARTESIAN_POINT('Ctrl Pts',(76.0393581569456,131.09974214493,-10.));
#2520=CARTESIAN_POINT('Ctrl Pts',(76.0563526661356,130.357026245956,-10.));
#2521=CARTESIAN_POINT('Ctrl Pts',(76.0949964405026,129.653702416349,-10.));
#2522=CARTESIAN_POINT('Ctrl Pts',(76.1079051295173,128.917448847174,-10.));
#2523=CARTESIAN_POINT('Ctrl Pts',(76.1135489170214,128.595552588867,-10.));
#2524=CARTESIAN_POINT('Ctrl Pts',(76.1141820094668,128.234971021338,-10.));
#2525=CARTESIAN_POINT('Ctrl Pts',(76.1082086100001,127.902696237406,-10.));
#2526=CARTESIAN_POINT('Ctrl Pts',(76.1016451986658,127.537601604917,-10.));
#2527=CARTESIAN_POINT('Ctrl Pts',(76.0916411049598,127.296168239085,-10.));
#2528=CARTESIAN_POINT('Ctrl Pts',(76.080745339462,127.061901426216,-10.));
#2529=CARTESIAN_POINT('Ctrl Pts',(76.0683748036041,126.795925987455,-10.));
#2530=CARTESIAN_POINT('Ctrl Pts',(76.0636191653648,126.549384723587,-10.));
#2531=CARTESIAN_POINT('Ctrl Pts',(76.0655527608398,126.249768567821,-10.));
#2532=CARTESIAN_POINT('Ctrl Pts',(76.0689078623257,125.729885985112,-10.));
#2533=CARTESIAN_POINT('Ctrl Pts',(76.1075215772542,124.997194456853,-10.));
#2534=CARTESIAN_POINT('Ctrl Pts',(76.1418279736998,124.352090349371,-10.));
#2535=CARTESIAN_POINT('Ctrl Pts',(76.1659455921983,123.898577991092,-10.));
#2536=CARTESIAN_POINT('Ctrl Pts',(76.185210647833,123.434642331992,-10.));
#2537=CARTESIAN_POINT('Ctrl Pts',(76.1888368874557,123.045289936088,-10.));
#2538=CARTESIAN_POINT('Ctrl Pts',(76.1930966798478,122.587912446879,-10.));
#2539=CARTESIAN_POINT('Ctrl Pts',(76.1831340903349,122.328011469282,-10.));
#2540=CARTESIAN_POINT('Ctrl Pts',(76.1707034919515,122.0640478445,-10.));
#2541=CARTESIAN_POINT('Ctrl Pts',(76.1547050528957,121.724321160897,-10.));
#2542=CARTESIAN_POINT('Ctrl Pts',(76.1541570092722,121.386152728577,-10.));
#2543=CARTESIAN_POINT('Ctrl Pts',(76.1695627713642,120.992104976238,-10.));
#2544=CARTESIAN_POINT('Ctrl Pts',(76.1884350159444,120.509391721675,-10.));
#2545=CARTESIAN_POINT('Ctrl Pts',(76.2311225455887,120.012936219023,-10.));
#2546=CARTESIAN_POINT('Ctrl Pts',(76.2684654411165,119.570335543437,-10.));
#2547=CARTESIAN_POINT('Ctrl Pts',(76.3095317447283,119.083603771154,-10.));
#2548=CARTESIAN_POINT('Ctrl Pts',(76.3473769348751,118.574337933912,-10.));
#2549=CARTESIAN_POINT('Ctrl Pts',(76.3625013797131,118.175426888967,-10.));
#2550=CARTESIAN_POINT('Ctrl Pts',(76.3821133833628,117.658155349202,-10.));
#2551=CARTESIAN_POINT('Ctrl Pts',(76.3766123201996,117.32450615132,-10.));
#2552=CARTESIAN_POINT('Ctrl Pts',(76.3665015425978,117.008217115702,-10.));
#2553=CARTESIAN_POINT('Ctrl Pts',(76.3626950565662,116.889141230202,-10.));
#2554=CARTESIAN_POINT('Ctrl Pts',(76.360620048306,116.774688741068,-10.));
#2555=CARTESIAN_POINT('Ctrl Pts',(76.3598123368556,116.661303113305,-10.));
#2556=CARTESIAN_POINT('Ctrl Pts',(76.3544298832674,115.905720313733,-10.));
#2557=CARTESIAN_POINT('Ctrl Pts',(76.4027505037874,115.21823540456,-10.));
#2558=CARTESIAN_POINT('Ctrl Pts',(76.4496576413972,114.565539315159,-10.));
#2559=CARTESIAN_POINT('Ctrl Pts',(76.5166903611287,113.632802928755,-10.));
#2560=CARTESIAN_POINT('Ctrl Pts',(76.5822735019519,112.770039366845,-10.));
#2561=CARTESIAN_POINT('Ctrl Pts',(76.5717823982362,111.936569162063,-10.));
#2562=CARTESIAN_POINT('Ctrl Pts',(76.5560724282467,110.688483902484,-10.));
#2563=CARTESIAN_POINT('Ctrl Pts',(76.6541685168705,109.665945507101,-10.));
#2564=CARTESIAN_POINT('Ctrl Pts',(76.7059539215866,108.747706855659,-10.));
#2565=CARTESIAN_POINT('Ctrl Pts',(76.7426306927063,108.097368617758,-10.));
#2566=CARTESIAN_POINT('Ctrl Pts',(76.7629178266642,107.464853812587,-10.));
#2567=CARTESIAN_POINT('Ctrl Pts',(76.7550126952964,106.94641037021,-10.));
#2568=CARTESIAN_POINT('Ctrl Pts',(76.7473677046689,106.445027777893,-10.));
#2569=CARTESIAN_POINT('Ctrl Pts',(76.7562587563278,106.074460941532,-10.));
#2570=CARTESIAN_POINT('Ctrl Pts',(76.7648378127748,105.757919473525,-10.));
#2571=CARTESIAN_POINT('Ctrl Pts',(76.7849179779141,105.01702156823,-10.));
#2572=CARTESIAN_POINT('Ctrl Pts',(76.8106493933398,104.571875058886,-10.));
#2573=CARTESIAN_POINT('Ctrl Pts',(76.8342633103807,103.881954397236,-10.));
#2574=CARTESIAN_POINT('Ctrl Pts',(76.8516339707225,103.374441075514,-10.));
#2575=CARTESIAN_POINT('Ctrl Pts',(76.8673628119145,102.663547383853,-10.));
#2576=CARTESIAN_POINT('Ctrl Pts',(76.8451513812764,102.017042957581,-10.));
#2577=CARTESIAN_POINT('Ctrl Pts',(76.826738615246,101.481105631773,-10.));
#2578=CARTESIAN_POINT('Ctrl Pts',(76.8342306239736,100.990203095018,-10.));
#2579=CARTESIAN_POINT('Ctrl Pts',(76.8461820540781,100.535717887943,-10.));
#2580=CARTESIAN_POINT('Ctrl Pts',(76.8817770973998,99.1821208293844,-10.));
#2581=CARTESIAN_POINT('Ctrl Pts',(76.9308730777706,98.1265650078424,-10.));
#2582=CARTESIAN_POINT('Ctrl Pts',(76.8727151381191,97.0990970100583,-10.));
#2583=CARTESIAN_POINT('Ctrl Pts',(76.8279195993437,96.3077006364747,-10.));
#2584=CARTESIAN_POINT('Ctrl Pts',(76.819812165894,95.5483088940592,-10.));
#2585=CARTESIAN_POINT('Ctrl Pts',(76.8101726462845,94.7962114108501,-10.));
#2586=CARTESIAN_POINT('Ctrl Pts',(76.7987225215351,93.9028463516673,-10.));
#2587=CARTESIAN_POINT('Ctrl Pts',(76.7840199393017,92.9903584955239,-10.));
#2588=CARTESIAN_POINT('Ctrl Pts',(76.7287680730264,92.1260427698602,-10.));
#2589=CARTESIAN_POINT('Ctrl Pts',(76.7068336120075,91.7829177159816,-10.));
#2590=CARTESIAN_POINT('Ctrl Pts',(76.6872126983329,91.3185482397038,-10.));
#2591=CARTESIAN_POINT('Ctrl Pts',(76.6763009802577,90.8861977261398,-10.));
#2592=CARTESIAN_POINT('Ctrl Pts',(76.6573278824192,90.1344344806251,-10.));
#2593=CARTESIAN_POINT('Ctrl Pts',(76.6549090663883,89.4138975251614,-10.));
#2594=CARTESIAN_POINT('Ctrl Pts',(76.637767928274,88.7317368087985,-10.));
#2595=CARTESIAN_POINT('Ctrl Pts',(76.6236057135595,88.1681274107272,-10.));
#2596=CARTESIAN_POINT('Ctrl Pts',(76.5945235485076,87.5842514403834,-10.));
#2597=CARTESIAN_POINT('Ctrl Pts',(76.5627350764501,87.180193901236,-10.));
#2598=CARTESIAN_POINT('Ctrl Pts',(76.5496146725978,87.0134228125343,-10.));
#2599=CARTESIAN_POINT('Ctrl Pts',(76.5374578077622,86.8452627746807,-10.));
#2600=CARTESIAN_POINT('Ctrl Pts',(76.5229336041836,86.6142380734821,-10.));
#2601=CARTESIAN_POINT('Ctrl Pts',(76.5030100810537,86.2973307846941,-10.));
#2602=CARTESIAN_POINT('Ctrl Pts',(76.4770050567729,85.7920200205612,-10.));
#2603=CARTESIAN_POINT('Ctrl Pts',(76.4532780377687,85.2812623675927,-10.));
#2604=CARTESIAN_POINT('Ctrl Pts',(76.40627732397,84.2695055066287,-10.));
#2605=CARTESIAN_POINT('Ctrl Pts',(76.3562456157138,83.252441142335,-10.));
#2606=CARTESIAN_POINT('Ctrl Pts',(76.2558722456155,82.2636837147973,-10.));
#2607=CARTESIAN_POINT('Ctrl Pts',(76.1941560876194,81.6557305340077,-10.));
#2608=CARTESIAN_POINT('Ctrl Pts',(76.1603390269795,81.0800840904927,-10.));
#2609=CARTESIAN_POINT('Ctrl Pts',(76.1315612790383,80.5713172986948,-10.));
#2610=CARTESIAN_POINT('Ctrl Pts',(76.0963140319092,79.9481751098706,-10.));
#2611=CARTESIAN_POINT('Ctrl Pts',(76.0704315513031,79.483292664945,-10.));
#2612=CARTESIAN_POINT('Ctrl Pts',(76.0446186331154,79.1145444758552,-10.));
#2613=CARTESIAN_POINT('Ctrl Pts',(75.9977306604556,78.4447304361308,-10.));
#2614=CARTESIAN_POINT('Ctrl Pts',(75.9600772869088,78.0221600823838,-10.));
#2615=CARTESIAN_POINT('Ctrl Pts',(75.875433999709,77.35721956419,-10.));
#2616=CARTESIAN_POINT('Ctrl Pts',(75.8644616655073,77.2710231293488,-10.));
#2617=CARTESIAN_POINT('Ctrl Pts',(75.8533268102142,77.182005295634,-10.));
#2618=CARTESIAN_POINT('Ctrl Pts',(75.8419520513069,77.0895784942263,-10.));
#2619=CARTESIAN_POINT('Ctrl Pts',(75.7732883541078,76.5316443914758,-10.));
#2620=CARTESIAN_POINT('Ctrl Pts',(75.6888022888461,75.7754586319975,-10.));
#2621=CARTESIAN_POINT('Ctrl Pts',(75.6065044810519,75.0685455040259,-10.));
#2622=CARTESIAN_POINT('Ctrl Pts',(75.5016422986068,74.1678112635285,-10.));
#2623=CARTESIAN_POINT('Ctrl Pts',(75.3922008695381,73.2985374073064,-10.));
#2624=CARTESIAN_POINT('Ctrl Pts',(75.2637783546646,72.4330928696259,-10.));
#2625=CARTESIAN_POINT('Ctrl Pts',(75.16534837999,71.7697692771071,-10.));
#2626=CARTESIAN_POINT('Ctrl Pts',(75.0618091515826,71.0672014082557,-10.));
#2627=CARTESIAN_POINT('Ctrl Pts',(74.9922703866332,70.5976768109584,-10.));
#2628=CARTESIAN_POINT('Ctrl Pts',(74.988917056009,70.5750351777329,-10.));
#2629=CARTESIAN_POINT('Ctrl Pts',(74.9856311888975,70.5528489453514,-10.));
#2630=CARTESIAN_POINT('Ctrl Pts',(74.982410023696,70.5310988764831,-10.));
#2631=CARTESIAN_POINT('',(72.8657470599447,70.531098876483,-10.));
#2632=CARTESIAN_POINT('',(118.92407854182,70.531098876483,-10.));
#2633=CARTESIAN_POINT('',(72.8657470599448,45.,-10.));
#2634=CARTESIAN_POINT('',(72.8657470599447,100.247462044489,-10.));
#2635=CARTESIAN_POINT('',(74.1587064065804,34.2904436448024,-10.));
#2636=CARTESIAN_POINT('Origin',(117.865747059945,45.,-10.));
#2637=CARTESIAN_POINT('',(75.3721974619999,15.4949240889782,-10.));
#2638=CARTESIAN_POINT('Ctrl Pts',(75.3721974619999,15.4949240889782,-10.));
#2639=CARTESIAN_POINT('Ctrl Pts',(74.8116997281085,16.7381704718379,-10.));
#2640=CARTESIAN_POINT('Ctrl Pts',(74.084651539647,18.691971505948,-10.));
#2641=CARTESIAN_POINT('Ctrl Pts',(73.6181996455233,21.1416040791111,-10.));
#2642=CARTESIAN_POINT('Ctrl Pts',(73.4821105686862,21.8562935029756,-10.));
#2643=CARTESIAN_POINT('Ctrl Pts',(73.3764088914698,22.6149155433539,-10.));
#2644=CARTESIAN_POINT('Ctrl Pts',(73.3063825359444,23.4107934065103,-10.));
#2645=CARTESIAN_POINT('Ctrl Pts',(73.2763937507773,23.7516280833743,-10.));
#2646=CARTESIAN_POINT('Ctrl Pts',(73.2512045480179,24.0951093634736,-10.));
#2647=CARTESIAN_POINT('Ctrl Pts',(73.2300851047371,24.5775492800205,-10.));
#2648=CARTESIAN_POINT('Ctrl Pts',(73.2017661217812,25.2244511700098,-10.));
#2649=CARTESIAN_POINT('Ctrl Pts',(73.1899326955475,26.052069582498,-10.));
#2650=CARTESIAN_POINT('Ctrl Pts',(73.2173090031244,27.0048811213784,-10.));
#2651=CARTESIAN_POINT('Ctrl Pts',(73.2244216813832,27.2524324720583,-10.));
#2652=CARTESIAN_POINT('Ctrl Pts',(73.2368548848902,27.5083843796179,-10.));
#2653=CARTESIAN_POINT('Ctrl Pts',(73.2547446139496,27.7716742872315,-10.));
#2654=CARTESIAN_POINT('Ctrl Pts',(73.2680331582386,27.9672468186286,-10.));
#2655=CARTESIAN_POINT('Ctrl Pts',(73.2843236482618,28.1668682496996,-10.));
#2656=CARTESIAN_POINT('Ctrl Pts',(73.3034993724668,28.3701485912962,-10.));
#2657=CARTESIAN_POINT('Ctrl Pts',(73.317558969657,28.5191932734672,-10.));
#2658=CARTESIAN_POINT('Ctrl Pts',(73.3330609317575,28.6772559057687,-10.));
#2659=CARTESIAN_POINT('Ctrl Pts',(73.3643673651438,28.9474031126517,-10.));
#2660=CARTESIAN_POINT('Ctrl Pts',(73.4550245323255,29.7296953717494,-10.));
#2661=CARTESIAN_POINT('Ctrl Pts',(73.6931267284562,31.151883939288,-10.));
#2662=CARTESIAN_POINT('Ctrl Pts',(73.8657000827857,32.426622479253,-10.));
#2663=CARTESIAN_POINT('Ctrl Pts',(73.9632956219353,33.147526326582,-10.));
#2664=CARTESIAN_POINT('Ctrl Pts',(74.0777766541725,33.815638608488,-10.));
#2665=CARTESIAN_POINT('Ctrl Pts',(74.1587064065804,34.2904436448024,-10.));
#2666=CARTESIAN_POINT('',(162.865747059945,15.4949240889782,-10.));
#2667=CARTESIAN_POINT('',(116.915744520722,28.7505179711873,-10.));
#2668=CARTESIAN_POINT('Origin',(106.415744520722,28.7505179711873,-10.));
#2669=CARTESIAN_POINT('',(147.017965292554,80.668098725723,-10.));
#2670=CARTESIAN_POINT('Origin',(136.517965292554,80.668098725723,-10.));
#2671=CARTESIAN_POINT('',(133.801396520914,179.192132509763,-10.));
#2672=CARTESIAN_POINT('Origin',(123.301396520914,179.192132509763,-10.));
#2673=CARTESIAN_POINT('',(113.780760836495,128.239764160256,-10.));
#2674=CARTESIAN_POINT('Origin',(103.280760836495,128.239764160256,-10.));
#2675=CARTESIAN_POINT('Origin',(162.865747059945,15.4949240889782,-11.5));
#2676=CARTESIAN_POINT('',(146.923803669227,15.4949240889782,-11.5));
#2677=CARTESIAN_POINT('Ctrl Pts',(146.923803669227,15.4949240889782,-10.));
#2678=CARTESIAN_POINT('Ctrl Pts',(146.923803669227,15.4949240889782,-10.5));
#2679=CARTESIAN_POINT('Ctrl Pts',(146.923803669227,15.4949240889782,-11.));
#2680=CARTESIAN_POINT('Ctrl Pts',(146.923803669227,15.4949240889782,-11.5));
#2681=CARTESIAN_POINT('',(75.3721974619999,15.4949240889782,-11.5));
#2682=CARTESIAN_POINT('Ctrl Pts',(75.3721974619999,15.4949240889782,-11.5));
#2683=CARTESIAN_POINT('Ctrl Pts',(75.3721974619999,15.4949240889782,-11.));
#2684=CARTESIAN_POINT('Ctrl Pts',(75.3721974619999,15.4949240889781,-10.5));
#2685=CARTESIAN_POINT('Ctrl Pts',(75.3721974619999,15.4949240889782,-10.));
#2686=CARTESIAN_POINT('',(81.6657470599448,15.494924088978,-11.5));
#2687=CARTESIAN_POINT('',(162.865747059945,15.4949240889782,-11.5));
#2688=CARTESIAN_POINT('',(162.865747059945,15.4949240889782,-11.5));
#2689=CARTESIAN_POINT('Origin',(126.666818533716,213.643999999998,-1.00000000000001));
#2690=CARTESIAN_POINT('',(126.666818533716,213.643999999998,-1.00000000000001));
#2691=CARTESIAN_POINT('',(126.666818533716,213.643999999998,-1.00000000000001));
#2692=CARTESIAN_POINT('',(113.262706703297,213.643999999998,-1.00000000000001));
#2693=CARTESIAN_POINT('',(126.666818533716,213.643999999998,-1.00000000000001));
#2694=CARTESIAN_POINT('',(113.262706703297,213.643999999998,-1.00000000000001));
#2695=CARTESIAN_POINT('Ctrl Pts',(113.262706703297,213.643999999998,-1.00000000000001));
#2696=CARTESIAN_POINT('Ctrl Pts',(113.262706703297,213.643999999998,-11.5));
#2697=CARTESIAN_POINT('Ctrl Pts',(112.141969901168,213.643999999998,-1.00000000000001));
#2698=CARTESIAN_POINT('Ctrl Pts',(112.141969901168,213.643999999998,-11.5));
#2699=CARTESIAN_POINT('Ctrl Pts',(111.019940424107,213.308837676861,-1.00000000000001));
#2700=CARTESIAN_POINT('Ctrl Pts',(111.019940424107,213.308837676861,-11.5));
#2701=CARTESIAN_POINT('Ctrl Pts',(110.078855483006,212.682551304436,-1.00000000000001));
#2702=CARTESIAN_POINT('Ctrl Pts',(110.078855483006,212.682551304436,-11.5));
#2703=CARTESIAN_POINT('Ctrl Pts',(108.673315654928,211.74717299608,-1.00000000000001));
#2704=CARTESIAN_POINT('Ctrl Pts',(108.673315654928,211.74717299608,-11.5));
#2705=CARTESIAN_POINT('Ctrl Pts',(107.706968836328,210.150382488733,-1.00000000000001));
#2706=CARTESIAN_POINT('Ctrl Pts',(107.706968836328,210.150382488733,-11.5));
#2707=CARTESIAN_POINT('Ctrl Pts',(107.557421592749,208.437883522446,-1.00000000000001));
#2708=CARTESIAN_POINT('Ctrl Pts',(107.557421592749,208.437883522446,-11.5));
#2709=CARTESIAN_POINT('',(107.557421592749,208.437883522446,-1.00000000000001));
#2710=CARTESIAN_POINT('Ctrl Pts',(107.557421592749,208.437883522446,-1.00000000000001));
#2711=CARTESIAN_POINT('Ctrl Pts',(107.706968836328,210.150382488733,-1.00000000000001));
#2712=CARTESIAN_POINT('Ctrl Pts',(108.673315654928,211.74717299608,-1.00000000000001));
#2713=CARTESIAN_POINT('Ctrl Pts',(110.078855483006,212.682551304436,-1.00000000000001));
#2714=CARTESIAN_POINT('Ctrl Pts',(111.019940424107,213.308837676861,-1.00000000000001));
#2715=CARTESIAN_POINT('Ctrl Pts',(112.141969901168,213.643999999998,-1.00000000000001));
#2716=CARTESIAN_POINT('Ctrl Pts',(113.262706703297,213.643999999998,-1.00000000000001));
#2717=CARTESIAN_POINT('',(107.557421592749,208.437883522446,-1.00000000000001));
#2718=CARTESIAN_POINT('Ctrl Pts',(107.557421592749,208.437883522445,-1.00000000000001));
#2719=CARTESIAN_POINT('Ctrl Pts',(107.557421592749,208.437883522445,-11.5));
#2720=CARTESIAN_POINT('Ctrl Pts',(107.529074081492,208.11326982472,-1.00000000000001));
#2721=CARTESIAN_POINT('Ctrl Pts',(107.529074081492,208.11326982472,-11.5));
#2722=CARTESIAN_POINT('Ctrl Pts',(107.494307787154,207.80752132975,-1.00000000000001));
#2723=CARTESIAN_POINT('Ctrl Pts',(107.494307787154,207.80752132975,-11.5));
#2724=CARTESIAN_POINT('Ctrl Pts',(107.457558887015,207.520366178289,-1.00000000000001));
#2725=CARTESIAN_POINT('Ctrl Pts',(107.457558887015,207.520366178289,-11.5));
#2726=CARTESIAN_POINT('',(107.457558887015,207.520366178289,-1.00000000000001));
#2727=CARTESIAN_POINT('Ctrl Pts',(107.457558887015,207.520366178289,-1.00000000000001));
#2728=CARTESIAN_POINT('Ctrl Pts',(107.494307787154,207.80752132975,-1.00000000000001));
#2729=CARTESIAN_POINT('Ctrl Pts',(107.529074081492,208.11326982472,-1.00000000000001));
#2730=CARTESIAN_POINT('Ctrl Pts',(107.557421592749,208.437883522445,-1.00000000000001));
#2731=CARTESIAN_POINT('',(107.457558887015,207.520366178289,-1.00000000000001));
#2732=CARTESIAN_POINT('Ctrl Pts',(107.457558887015,207.520366178289,-1.00000000000001));
#2733=CARTESIAN_POINT('Ctrl Pts',(107.457558887015,207.520366178289,-11.5));
#2734=CARTESIAN_POINT('Ctrl Pts',(107.260332678802,207.442582218655,-1.00000000000001));
#2735=CARTESIAN_POINT('Ctrl Pts',(107.260332678802,207.442582218655,-11.5));
#2736=CARTESIAN_POINT('Ctrl Pts',(107.010879328498,207.354923028812,-1.00000000000001));
#2737=CARTESIAN_POINT('Ctrl Pts',(107.010879328498,207.354923028812,-11.5));
#2738=CARTESIAN_POINT('Ctrl Pts',(106.579791191341,207.072240755212,-1.00000000000001));
#2739=CARTESIAN_POINT('Ctrl Pts',(106.579791191341,207.072240755212,-11.5));
#2740=CARTESIAN_POINT('Ctrl Pts',(106.429633838927,206.973776385354,-1.00000000000001));
#2741=CARTESIAN_POINT('Ctrl Pts',(106.429633838927,206.973776385354,-11.5));
#2742=CARTESIAN_POINT('Ctrl Pts',(106.248104264899,206.8430444622,-1.00000000000001));
#2743=CARTESIAN_POINT('Ctrl Pts',(106.248104264899,206.8430444622,-11.5));
#2744=CARTESIAN_POINT('Ctrl Pts',(106.043285161096,206.652928949855,-1.00000000000001));
#2745=CARTESIAN_POINT('Ctrl Pts',(106.043285161096,206.652928949855,-11.5));
#2746=CARTESIAN_POINT('',(106.043285161096,206.652928949855,-1.00000000000001));
#2747=CARTESIAN_POINT('Ctrl Pts',(106.043285161096,206.652928949855,-1.00000000000001));
#2748=CARTESIAN_POINT('Ctrl Pts',(106.248104264899,206.8430444622,-1.00000000000001));
#2749=CARTESIAN_POINT('Ctrl Pts',(106.429633838927,206.973776385354,-1.00000000000001));
#2750=CARTESIAN_POINT('Ctrl Pts',(106.579791191341,207.072240755212,-1.00000000000001));
#2751=CARTESIAN_POINT('Ctrl Pts',(107.010879328498,207.354923028812,-1.00000000000001));
#2752=CARTESIAN_POINT('Ctrl Pts',(107.260332678802,207.442582218655,-1.00000000000001));
#2753=CARTESIAN_POINT('Ctrl Pts',(107.457558887015,207.520366178289,-1.00000000000001));
#2754=CARTESIAN_POINT('',(106.043285161096,206.652928949855,-1.00000000000001));
#2755=CARTESIAN_POINT('Ctrl Pts',(106.043285161096,206.652928949855,-1.00000000000001));
#2756=CARTESIAN_POINT('Ctrl Pts',(106.043285161096,206.652928949855,-11.5));
#2757=CARTESIAN_POINT('Ctrl Pts',(105.864282992897,206.566984308659,-1.00000000000001));
#2758=CARTESIAN_POINT('Ctrl Pts',(105.864282992897,206.566984308659,-11.5));
#2759=CARTESIAN_POINT('Ctrl Pts',(105.619883109754,206.452981154925,-1.00000000000001));
#2760=CARTESIAN_POINT('Ctrl Pts',(105.619883109754,206.452981154925,-11.5));
#2761=CARTESIAN_POINT('Ctrl Pts',(105.299822052326,206.264389330036,-1.00000000000001));
#2762=CARTESIAN_POINT('Ctrl Pts',(105.299822052326,206.264389330036,-11.5));
#2763=CARTESIAN_POINT('Ctrl Pts',(105.064653756967,206.125819463605,-1.00000000000001));
#2764=CARTESIAN_POINT('Ctrl Pts',(105.064653756967,206.125819463605,-11.5));
#2765=CARTESIAN_POINT('Ctrl Pts',(104.80997936665,205.988127129597,-1.00000000000001));
#2766=CARTESIAN_POINT('Ctrl Pts',(104.80997936665,205.988127129597,-11.5));
#2767=CARTESIAN_POINT('Ctrl Pts',(104.384002616864,205.584685584431,-1.00000000000001));
#2768=CARTESIAN_POINT('Ctrl Pts',(104.384002616864,205.584685584431,-11.5));
#2769=CARTESIAN_POINT('Ctrl Pts',(104.288118662349,205.493874123981,-1.00000000000001));
#2770=CARTESIAN_POINT('Ctrl Pts',(104.288118662349,205.493874123981,-11.5));
#2771=CARTESIAN_POINT('Ctrl Pts',(104.185717441568,205.389764969287,-1.00000000000001));
#2772=CARTESIAN_POINT('Ctrl Pts',(104.185717441568,205.389764969287,-11.5));
#2773=CARTESIAN_POINT('Ctrl Pts',(104.070869083145,205.25505954155,-1.00000000000001));
#2774=CARTESIAN_POINT('Ctrl Pts',(104.070869083145,205.25505954155,-11.5));
#2775=CARTESIAN_POINT('',(104.070869083145,205.25505954155,-1.00000000000001));
#2776=CARTESIAN_POINT('Ctrl Pts',(104.070869083145,205.25505954155,-1.00000000000001));
#2777=CARTESIAN_POINT('Ctrl Pts',(104.185717441568,205.389764969287,-1.00000000000001));
#2778=CARTESIAN_POINT('Ctrl Pts',(104.288118662349,205.493874123981,-1.00000000000001));
#2779=CARTESIAN_POINT('Ctrl Pts',(104.384002616864,205.584685584431,-1.00000000000001));
#2780=CARTESIAN_POINT('Ctrl Pts',(104.80997936665,205.988127129597,-1.00000000000001));
#2781=CARTESIAN_POINT('Ctrl Pts',(105.064653756967,206.125819463605,-1.00000000000001));
#2782=CARTESIAN_POINT('Ctrl Pts',(105.299822052326,206.264389330036,-1.00000000000001));
#2783=CARTESIAN_POINT('Ctrl Pts',(105.619883109754,206.452981154925,-1.00000000000001));
#2784=CARTESIAN_POINT('Ctrl Pts',(105.864282992897,206.566984308659,-1.00000000000001));
#2785=CARTESIAN_POINT('Ctrl Pts',(106.043285161096,206.652928949855,-1.00000000000001));
#2786=CARTESIAN_POINT('',(104.070869083145,205.25505954155,-1.00000000000001));
#2787=CARTESIAN_POINT('Ctrl Pts',(104.070869083145,205.25505954155,-1.00000000000001));
#2788=CARTESIAN_POINT('Ctrl Pts',(104.070869083145,205.25505954155,-11.5));
#2789=CARTESIAN_POINT('Ctrl Pts',(103.970792913578,205.197247719172,-1.00000000000001));
#2790=CARTESIAN_POINT('Ctrl Pts',(103.970792913578,205.197247719172,-11.5));
#2791=CARTESIAN_POINT('Ctrl Pts',(103.855684215341,205.130749528059,-1.00000000000001));
#2792=CARTESIAN_POINT('Ctrl Pts',(103.855684215341,205.130749528059,-11.5));
#2793=CARTESIAN_POINT('Ctrl Pts',(103.7178127024,205.046464644997,-1.00000000000001));
#2794=CARTESIAN_POINT('Ctrl Pts',(103.7178127024,205.046464644997,-11.5));
#2795=CARTESIAN_POINT('Ctrl Pts',(103.459792007739,204.888729057614,-1.00000000000001));
#2796=CARTESIAN_POINT('Ctrl Pts',(103.459792007739,204.888729057614,-11.5));
#2797=CARTESIAN_POINT('Ctrl Pts',(103.118065046923,204.674344044609,-1.00000000000001));
#2798=CARTESIAN_POINT('Ctrl Pts',(103.118065046923,204.674344044609,-11.5));
#2799=CARTESIAN_POINT('Ctrl Pts',(102.73291481269,204.323021169822,-1.00000000000001));
#2800=CARTESIAN_POINT('Ctrl Pts',(102.73291481269,204.323021169822,-11.5));
#2801=CARTESIAN_POINT('Ctrl Pts',(102.473016019603,204.085949027512,-1.00000000000001));
#2802=CARTESIAN_POINT('Ctrl Pts',(102.473016019603,204.085949027512,-11.5));
#2803=CARTESIAN_POINT('Ctrl Pts',(102.227971192645,203.82304790214,-1.00000000000001));
#2804=CARTESIAN_POINT('Ctrl Pts',(102.227971192645,203.82304790214,-11.5));
#2805=CARTESIAN_POINT('Ctrl Pts',(101.981586769494,203.441943538398,-1.00000000000001));
#2806=CARTESIAN_POINT('Ctrl Pts',(101.981586769494,203.441943538398,-11.5));
#2807=CARTESIAN_POINT('',(101.981586769495,203.441943538396,-1.00000000000001));
#2808=CARTESIAN_POINT('Ctrl Pts',(101.981586769494,203.441943538398,-1.00000000000001));
#2809=CARTESIAN_POINT('Ctrl Pts',(102.227971192645,203.82304790214,-1.00000000000001));
#2810=CARTESIAN_POINT('Ctrl Pts',(102.473016019603,204.085949027512,-1.00000000000001));
#2811=CARTESIAN_POINT('Ctrl Pts',(102.73291481269,204.323021169822,-1.00000000000001));
#2812=CARTESIAN_POINT('Ctrl Pts',(103.118065046923,204.674344044609,-1.00000000000001));
#2813=CARTESIAN_POINT('Ctrl Pts',(103.459792007739,204.888729057614,-1.00000000000001));
#2814=CARTESIAN_POINT('Ctrl Pts',(103.7178127024,205.046464644997,-1.00000000000001));
#2815=CARTESIAN_POINT('Ctrl Pts',(103.855684215341,205.130749528059,-1.00000000000001));
#2816=CARTESIAN_POINT('Ctrl Pts',(103.970792913578,205.197247719172,-1.00000000000001));
#2817=CARTESIAN_POINT('Ctrl Pts',(104.070869083145,205.25505954155,-1.00000000000001));
#2818=CARTESIAN_POINT('',(101.981586769495,203.441943538396,-1.00000000000001));
#2819=CARTESIAN_POINT('Ctrl Pts',(101.981586769495,203.441943538396,-1.00000000000001));
#2820=CARTESIAN_POINT('Ctrl Pts',(101.981586769495,203.441943538396,-11.5));
#2821=CARTESIAN_POINT('Ctrl Pts',(101.84364341078,203.336108259305,-1.00000000000001));
#2822=CARTESIAN_POINT('Ctrl Pts',(101.84364341078,203.336108259305,-11.5));
#2823=CARTESIAN_POINT('Ctrl Pts',(101.63684269593,203.184918735378,-1.00000000000001));
#2824=CARTESIAN_POINT('Ctrl Pts',(101.63684269593,203.184918735378,-11.5));
#2825=CARTESIAN_POINT('Ctrl Pts',(101.382069442132,202.980896063894,-1.00000000000001));
#2826=CARTESIAN_POINT('Ctrl Pts',(101.382069442132,202.980896063894,-11.5));
#2827=CARTESIAN_POINT('Ctrl Pts',(101.140303872702,202.787289958807,-1.00000000000001));
#2828=CARTESIAN_POINT('Ctrl Pts',(101.140303872702,202.787289958807,-11.5));
#2829=CARTESIAN_POINT('Ctrl Pts',(100.878401721155,202.583964413373,-1.00000000000001));
#2830=CARTESIAN_POINT('Ctrl Pts',(100.878401721155,202.583964413373,-11.5));
#2831=CARTESIAN_POINT('Ctrl Pts',(100.500195375521,202.15994744707,-1.00000000000001));
#2832=CARTESIAN_POINT('Ctrl Pts',(100.500195375521,202.15994744707,-11.5));
#2833=CARTESIAN_POINT('Ctrl Pts',(100.32208058637,201.960258326512,-1.00000000000001));
#2834=CARTESIAN_POINT('Ctrl Pts',(100.32208058637,201.960258326512,-11.5));
#2835=CARTESIAN_POINT('Ctrl Pts',(100.097609469409,201.674338891168,-1.00000000000001));
#2836=CARTESIAN_POINT('Ctrl Pts',(100.097609469409,201.674338891168,-11.5));
#2837=CARTESIAN_POINT('Ctrl Pts',(99.9098938472718,201.352166590861,-1.00000000000001));
#2838=CARTESIAN_POINT('Ctrl Pts',(99.9098938472718,201.352166590861,-11.5));
#2839=CARTESIAN_POINT('',(99.9098938472718,201.352166590861,-1.00000000000001));
#2840=CARTESIAN_POINT('Ctrl Pts',(99.9098938472718,201.352166590861,-1.00000000000001));
#2841=CARTESIAN_POINT('Ctrl Pts',(100.097609469409,201.674338891168,-1.00000000000001));
#2842=CARTESIAN_POINT('Ctrl Pts',(100.32208058637,201.960258326512,-1.00000000000001));
#2843=CARTESIAN_POINT('Ctrl Pts',(100.500195375521,202.15994744707,-1.00000000000001));
#2844=CARTESIAN_POINT('Ctrl Pts',(100.878401721155,202.583964413373,-1.00000000000001));
#2845=CARTESIAN_POINT('Ctrl Pts',(101.140303872702,202.787289958807,-1.00000000000001));
#2846=CARTESIAN_POINT('Ctrl Pts',(101.382069442132,202.980896063894,-1.00000000000001));
#2847=CARTESIAN_POINT('Ctrl Pts',(101.63684269593,203.184918735378,-1.00000000000001));
#2848=CARTESIAN_POINT('Ctrl Pts',(101.84364341078,203.336108259305,-1.00000000000001));
#2849=CARTESIAN_POINT('Ctrl Pts',(101.981586769495,203.441943538396,-1.00000000000001));
#2850=CARTESIAN_POINT('',(99.9098938472718,201.352166590861,-1.00000000000001));
#2851=CARTESIAN_POINT('Ctrl Pts',(99.9098938472717,201.352166590861,-1.00000000000001));
#2852=CARTESIAN_POINT('Ctrl Pts',(99.9098938472717,201.352166590861,-11.5));
#2853=CARTESIAN_POINT('Ctrl Pts',(99.8447228948287,201.299176406706,-1.00000000000001));
#2854=CARTESIAN_POINT('Ctrl Pts',(99.8447228948287,201.299176406706,-11.5));
#2855=CARTESIAN_POINT('Ctrl Pts',(99.7616398066434,201.233740112653,-1.00000000000001));
#2856=CARTESIAN_POINT('Ctrl Pts',(99.7616398066434,201.233740112653,-11.5));
#2857=CARTESIAN_POINT('Ctrl Pts',(99.663703415645,201.15737951236,-1.00000000000001));
#2858=CARTESIAN_POINT('Ctrl Pts',(99.663703415645,201.15737951236,-11.5));
#2859=CARTESIAN_POINT('Ctrl Pts',(99.3510787305836,200.913627334296,-1.00000000000001));
#2860=CARTESIAN_POINT('Ctrl Pts',(99.3510787305836,200.913627334296,-11.5));
#2861=CARTESIAN_POINT('Ctrl Pts',(98.9130314402151,200.606095521076,-1.00000000000001));
#2862=CARTESIAN_POINT('Ctrl Pts',(98.9130314402151,200.606095521076,-11.5));
#2863=CARTESIAN_POINT('Ctrl Pts',(98.3592692287757,200.038576933184,-1.00000000000001));
#2864=CARTESIAN_POINT('Ctrl Pts',(98.3592692287757,200.038576933184,-11.5));
#2865=CARTESIAN_POINT('Ctrl Pts',(98.160948225386,199.83532930547,-1.00000000000001));
#2866=CARTESIAN_POINT('Ctrl Pts',(98.160948225386,199.83532930547,-11.5));
#2867=CARTESIAN_POINT('Ctrl Pts',(97.9430356622541,199.589702926085,-1.00000000000001));
#2868=CARTESIAN_POINT('Ctrl Pts',(97.9430356622541,199.589702926085,-11.5));
#2869=CARTESIAN_POINT('Ctrl Pts',(97.7267791295487,199.280251945579,-1.00000000000001));
#2870=CARTESIAN_POINT('Ctrl Pts',(97.7267791295487,199.280251945579,-11.5));
#2871=CARTESIAN_POINT('Ctrl Pts',(97.5070540473813,198.96583766515,-1.00000000000001));
#2872=CARTESIAN_POINT('Ctrl Pts',(97.5070540473813,198.96583766515,-11.5));
#2873=CARTESIAN_POINT('Ctrl Pts',(97.3347825648254,198.683415156597,-1.00000000000001));
#2874=CARTESIAN_POINT('Ctrl Pts',(97.3347825648254,198.683415156597,-11.5));
#2875=CARTESIAN_POINT('Ctrl Pts',(97.1513247126255,198.197945696892,-1.00000000000001));
#2876=CARTESIAN_POINT('Ctrl Pts',(97.1513247126255,198.197945696892,-11.5));
#2877=CARTESIAN_POINT('Ctrl Pts',(97.1349991714075,198.154744756842,-1.00000000000001));
#2878=CARTESIAN_POINT('Ctrl Pts',(97.1349991714075,198.154744756842,-11.5));
#2879=CARTESIAN_POINT('Ctrl Pts',(97.0996846534901,198.068531411873,-1.00000000000001));
#2880=CARTESIAN_POINT('Ctrl Pts',(97.0996846534901,198.068531411873,-11.5));
#2881=CARTESIAN_POINT('Ctrl Pts',(97.0485653763494,197.962338794647,-1.00000000000001));
#2882=CARTESIAN_POINT('Ctrl Pts',(97.0485653763494,197.962338794647,-11.5));
#2883=CARTESIAN_POINT('Ctrl Pts',(96.891164490228,197.63536210433,-1.00000000000001));
#2884=CARTESIAN_POINT('Ctrl Pts',(96.891164490228,197.63536210433,-11.5));
#2885=CARTESIAN_POINT('Ctrl Pts',(96.6209695164377,197.192926358642,-1.00000000000001));
#2886=CARTESIAN_POINT('Ctrl Pts',(96.6209695164377,197.192926358642,-11.5));
#2887=CARTESIAN_POINT('Ctrl Pts',(96.2871482895086,196.680010478712,-1.00000000000001));
#2888=CARTESIAN_POINT('Ctrl Pts',(96.2871482895086,196.680010478712,-11.5));
#2889=CARTESIAN_POINT('Ctrl Pts',(95.8449115368772,196.000514284896,-1.00000000000001));
#2890=CARTESIAN_POINT('Ctrl Pts',(95.8449115368772,196.000514284896,-11.5));
#2891=CARTESIAN_POINT('Ctrl Pts',(95.2752095122812,195.19678193787,-1.00000000000001));
#2892=CARTESIAN_POINT('Ctrl Pts',(95.2752095122812,195.19678193787,-11.5));
#2893=CARTESIAN_POINT('Ctrl Pts',(94.7669623191192,194.116728117096,-1.00000000000001));
#2894=CARTESIAN_POINT('Ctrl Pts',(94.7669623191192,194.116728117096,-11.5));
#2895=CARTESIAN_POINT('Ctrl Pts',(94.5801355412088,193.719710724733,-1.00000000000001));
#2896=CARTESIAN_POINT('Ctrl Pts',(94.5801355412088,193.719710724733,-11.5));
#2897=CARTESIAN_POINT('Ctrl Pts',(94.4372306414939,193.352191095373,-1.00000000000001));
#2898=CARTESIAN_POINT('Ctrl Pts',(94.4372306414939,193.352191095373,-11.5));
#2899=CARTESIAN_POINT('Ctrl Pts',(94.325083051798,192.993152930387,-1.00000000000001));
#2900=CARTESIAN_POINT('Ctrl Pts',(94.325083051798,192.993152930387,-11.5));
#2901=CARTESIAN_POINT('Ctrl Pts',(94.3191140632362,192.974043338234,-1.00000000000001));
#2902=CARTESIAN_POINT('Ctrl Pts',(94.3191140632362,192.974043338234,-11.5));
#2903=CARTESIAN_POINT('Ctrl Pts',(94.3123498730537,192.953431630279,-1.00000000000001));
#2904=CARTESIAN_POINT('Ctrl Pts',(94.3123498730537,192.953431630279,-11.5));
#2905=CARTESIAN_POINT('Ctrl Pts',(94.3042194067896,192.930018225742,-1.00000000000001));
#2906=CARTESIAN_POINT('Ctrl Pts',(94.3042194067896,192.930018225742,-11.5));
#2907=CARTESIAN_POINT('Ctrl Pts',(94.274995779826,192.845862584738,-1.00000000000001));
#2908=CARTESIAN_POINT('Ctrl Pts',(94.274995779826,192.845862584738,-11.5));
#2909=CARTESIAN_POINT('Ctrl Pts',(94.2179825821717,192.698346628297,-1.00000000000001));
#2910=CARTESIAN_POINT('Ctrl Pts',(94.2179825821717,192.698346628297,-11.5));
#2911=CARTESIAN_POINT('Ctrl Pts',(94.1159042597247,192.489080094759,-1.00000000000001));
#2912=CARTESIAN_POINT('Ctrl Pts',(94.1159042597247,192.489080094759,-11.5));
#2913=CARTESIAN_POINT('Ctrl Pts',(93.8795747027606,192.004590675529,-1.00000000000001));
#2914=CARTESIAN_POINT('Ctrl Pts',(93.8795747027606,192.004590675529,-11.5));
#2915=CARTESIAN_POINT('Ctrl Pts',(93.4619859647746,191.346506199122,-1.00000000000001));
#2916=CARTESIAN_POINT('Ctrl Pts',(93.4619859647746,191.346506199122,-11.5));
#2917=CARTESIAN_POINT('Ctrl Pts',(92.9807350015349,190.524880058895,-1.00000000000001));
#2918=CARTESIAN_POINT('Ctrl Pts',(92.9807350015349,190.524880058895,-11.5));
#2919=CARTESIAN_POINT('Ctrl Pts',(92.7522568000283,190.1348056961,-1.00000000000001));
#2920=CARTESIAN_POINT('Ctrl Pts',(92.7522568000283,190.1348056961,-11.5));
#2921=CARTESIAN_POINT('Ctrl Pts',(92.505355860437,189.69384383279,-1.00000000000001));
#2922=CARTESIAN_POINT('Ctrl Pts',(92.505355860437,189.69384383279,-11.5));
#2923=CARTESIAN_POINT('Ctrl Pts',(92.2786325778891,189.211651643764,-1.00000000000001));
#2924=CARTESIAN_POINT('Ctrl Pts',(92.2786325778891,189.211651643764,-11.5));
#2925=CARTESIAN_POINT('Ctrl Pts',(92.0807069524267,188.790705944964,-1.00000000000001));
#2926=CARTESIAN_POINT('Ctrl Pts',(92.0807069524267,188.790705944964,-11.5));
#2927=CARTESIAN_POINT('Ctrl Pts',(91.9286858199364,188.407168311445,-1.00000000000001));
#2928=CARTESIAN_POINT('Ctrl Pts',(91.9286858199364,188.407168311445,-11.5));
#2929=CARTESIAN_POINT('Ctrl Pts',(91.8018073727213,188.006173301092,-1.00000000000001));
#2930=CARTESIAN_POINT('Ctrl Pts',(91.8018073727213,188.006173301092,-11.5));
#2931=CARTESIAN_POINT('Ctrl Pts',(91.7747478254612,187.920652523751,-1.00000000000001));
#2932=CARTESIAN_POINT('Ctrl Pts',(91.7747478254612,187.920652523751,-11.5));
#2933=CARTESIAN_POINT('Ctrl Pts',(91.7437953742841,187.830396567487,-1.00000000000001));
#2934=CARTESIAN_POINT('Ctrl Pts',(91.7437953742841,187.830396567487,-11.5));
#2935=CARTESIAN_POINT('Ctrl Pts',(91.7013603794501,187.718291324118,-1.00000000000001));
#2936=CARTESIAN_POINT('Ctrl Pts',(91.7013603794501,187.718291324118,-11.5));
#2937=CARTESIAN_POINT('Ctrl Pts',(91.632426224051,187.536180302364,-1.00000000000001));
#2938=CARTESIAN_POINT('Ctrl Pts',(91.632426224051,187.536180302364,-11.5));
#2939=CARTESIAN_POINT('Ctrl Pts',(91.5186497757432,187.26320022069,-1.00000000000001));
#2940=CARTESIAN_POINT('Ctrl Pts',(91.5186497757432,187.26320022069,-11.5));
#2941=CARTESIAN_POINT('Ctrl Pts',(91.3431634734142,186.906533301579,-1.00000000000001));
#2942=CARTESIAN_POINT('Ctrl Pts',(91.3431634734142,186.906533301579,-11.5));
#2943=CARTESIAN_POINT('Ctrl Pts',(91.1167788666267,186.446418186237,-1.00000000000001));
#2944=CARTESIAN_POINT('Ctrl Pts',(91.1167788666267,186.446418186237,-11.5));
#2945=CARTESIAN_POINT('Ctrl Pts',(90.8334421999029,185.940388710063,-1.00000000000001));
#2946=CARTESIAN_POINT('Ctrl Pts',(90.8334421999029,185.940388710063,-11.5));
#2947=CARTESIAN_POINT('Ctrl Pts',(90.5218799055837,185.36411522233,-1.00000000000001));
#2948=CARTESIAN_POINT('Ctrl Pts',(90.5218799055837,185.36411522233,-11.5));
#2949=CARTESIAN_POINT('Ctrl Pts',(90.1640523053863,184.702268256466,-1.00000000000001));
#2950=CARTESIAN_POINT('Ctrl Pts',(90.1640523053863,184.702268256466,-11.5));
#2951=CARTESIAN_POINT('Ctrl Pts',(89.7563623431748,183.892669087328,-1.00000000000001));
#2952=CARTESIAN_POINT('Ctrl Pts',(89.7563623431748,183.892669087328,-11.5));
#2953=CARTESIAN_POINT('Ctrl Pts',(89.4899637476406,183.170441031962,-1.00000000000001));
#2954=CARTESIAN_POINT('Ctrl Pts',(89.4899637476406,183.170441031962,-11.5));
#2955=CARTESIAN_POINT('Ctrl Pts',(89.4040753656288,182.93759070858,-1.00000000000001));
#2956=CARTESIAN_POINT('Ctrl Pts',(89.4040753656288,182.93759070858,-11.5));
#2957=CARTESIAN_POINT('Ctrl Pts',(89.3125764666824,182.70976785656,-1.00000000000001));
#2958=CARTESIAN_POINT('Ctrl Pts',(89.3125764666824,182.70976785656,-11.5));
#2959=CARTESIAN_POINT('Ctrl Pts',(89.031715270339,182.20378703463,-1.00000000000001));
#2960=CARTESIAN_POINT('Ctrl Pts',(89.031715270339,182.20378703463,-11.5));
#2961=CARTESIAN_POINT('Ctrl Pts',(88.838664336702,181.855999332563,-1.00000000000001));
#2962=CARTESIAN_POINT('Ctrl Pts',(88.838664336702,181.855999332563,-11.5));
#2963=CARTESIAN_POINT('Ctrl Pts',(88.5734891473193,181.428407020913,-1.00000000000001));
#2964=CARTESIAN_POINT('Ctrl Pts',(88.5734891473193,181.428407020913,-11.5));
#2965=CARTESIAN_POINT('Ctrl Pts',(88.2858787210907,180.974816245664,-1.00000000000001));
#2966=CARTESIAN_POINT('Ctrl Pts',(88.2858787210907,180.974816245664,-11.5));
#2967=CARTESIAN_POINT('Ctrl Pts',(88.059459166923,180.617729673898,-1.00000000000001));
#2968=CARTESIAN_POINT('Ctrl Pts',(88.059459166923,180.617729673898,-11.5));
#2969=CARTESIAN_POINT('Ctrl Pts',(87.8048647326345,180.218573178397,-1.00000000000001));
#2970=CARTESIAN_POINT('Ctrl Pts',(87.8048647326345,180.218573178397,-11.5));
#2971=CARTESIAN_POINT('Ctrl Pts',(87.5671808899218,179.818166264386,-1.00000000000001));
#2972=CARTESIAN_POINT('Ctrl Pts',(87.5671808899218,179.818166264386,-11.5));
#2973=CARTESIAN_POINT('Ctrl Pts',(87.2342047891901,179.25722812315,-1.00000000000001));
#2974=CARTESIAN_POINT('Ctrl Pts',(87.2342047891901,179.25722812315,-11.5));
#2975=CARTESIAN_POINT('Ctrl Pts',(87.0203604310272,178.846438630211,-1.00000000000001));
#2976=CARTESIAN_POINT('Ctrl Pts',(87.0203604310272,178.846438630211,-11.5));
#2977=CARTESIAN_POINT('Ctrl Pts',(86.8277426073347,178.423484234086,-1.00000000000001));
#2978=CARTESIAN_POINT('Ctrl Pts',(86.8277426073347,178.423484234086,-11.5));
#2979=CARTESIAN_POINT('Ctrl Pts',(86.7773303738076,178.312787958009,-1.00000000000001));
#2980=CARTESIAN_POINT('Ctrl Pts',(86.7773303738076,178.312787958009,-11.5));
#2981=CARTESIAN_POINT('Ctrl Pts',(86.7264028160091,178.20511502398,-1.00000000000001));
#2982=CARTESIAN_POINT('Ctrl Pts',(86.7264028160091,178.20511502398,-11.5));
#2983=CARTESIAN_POINT('Ctrl Pts',(86.6651216496468,178.081327604752,-1.00000000000001));
#2984=CARTESIAN_POINT('Ctrl Pts',(86.6651216496468,178.081327604752,-11.5));
#2985=CARTESIAN_POINT('Ctrl Pts',(86.5429135663105,177.834468346956,-1.00000000000001));
#2986=CARTESIAN_POINT('Ctrl Pts',(86.5429135663105,177.834468346956,-11.5));
#2987=CARTESIAN_POINT('Ctrl Pts',(86.3497849542525,177.474280089672,-1.00000000000001));
#2988=CARTESIAN_POINT('Ctrl Pts',(86.3497849542525,177.474280089672,-11.5));
#2989=CARTESIAN_POINT('Ctrl Pts',(86.1365320901851,177.119293076811,-1.00000000000001));
#2990=CARTESIAN_POINT('Ctrl Pts',(86.1365320901851,177.119293076811,-11.5));
#2991=CARTESIAN_POINT('Ctrl Pts',(85.8582556837317,176.656065955767,-1.00000000000001));
#2992=CARTESIAN_POINT('Ctrl Pts',(85.8582556837317,176.656065955767,-11.5));
#2993=CARTESIAN_POINT('Ctrl Pts',(85.5594779265409,176.209881972963,-1.00000000000001));
#2994=CARTESIAN_POINT('Ctrl Pts',(85.5594779265409,176.209881972963,-11.5));
#2995=CARTESIAN_POINT('Ctrl Pts',(85.2253312956846,175.704281786563,-1.00000000000001));
#2996=CARTESIAN_POINT('Ctrl Pts',(85.2253312956846,175.704281786563,-11.5));
#2997=CARTESIAN_POINT('Ctrl Pts',(85.0143069096516,175.384978944456,-1.00000000000001));
#2998=CARTESIAN_POINT('Ctrl Pts',(85.0143069096516,175.384978944456,-11.5));
#2999=CARTESIAN_POINT('Ctrl Pts',(84.7844396474505,175.033887662144,-1.00000000000001));
#3000=CARTESIAN_POINT('Ctrl Pts',(84.7844396474505,175.033887662144,-11.5));
#3001=CARTESIAN_POINT('Ctrl Pts',(84.5671183432206,174.679644899322,-1.00000000000001));
#3002=CARTESIAN_POINT('Ctrl Pts',(84.5671183432206,174.679644899322,-11.5));
#3003=CARTESIAN_POINT('Ctrl Pts',(84.3000849054624,174.244369291656,-1.00000000000001));
#3004=CARTESIAN_POINT('Ctrl Pts',(84.3000849054624,174.244369291656,-11.5));
#3005=CARTESIAN_POINT('Ctrl Pts',(84.1216922374522,173.925552198022,-1.00000000000001));
#3006=CARTESIAN_POINT('Ctrl Pts',(84.1216922374522,173.925552198022,-11.5));
#3007=CARTESIAN_POINT('Ctrl Pts',(83.9402693994831,173.569389624915,-1.00000000000001));
#3008=CARTESIAN_POINT('Ctrl Pts',(83.9402693994831,173.569389624915,-11.5));
#3009=CARTESIAN_POINT('Ctrl Pts',(83.8243564623801,173.34183365458,-1.00000000000001));
#3010=CARTESIAN_POINT('Ctrl Pts',(83.8243564623801,173.34183365458,-11.5));
#3011=CARTESIAN_POINT('Ctrl Pts',(83.6989804170552,173.101888361936,-1.00000000000001));
#3012=CARTESIAN_POINT('Ctrl Pts',(83.6989804170552,173.101888361936,-11.5));
#3013=CARTESIAN_POINT('Ctrl Pts',(83.4554723866443,172.676126511247,-1.00000000000001));
#3014=CARTESIAN_POINT('Ctrl Pts',(83.4554723866443,172.676126511247,-11.5));
#3015=CARTESIAN_POINT('Ctrl Pts',(83.2973434652292,172.399645846048,-1.00000000000001));
#3016=CARTESIAN_POINT('Ctrl Pts',(83.2973434652292,172.399645846048,-11.5));
#3017=CARTESIAN_POINT('Ctrl Pts',(83.0654984575911,172.009194241742,-1.00000000000001));
#3018=CARTESIAN_POINT('Ctrl Pts',(83.0654984575911,172.009194241742,-11.5));
#3019=CARTESIAN_POINT('Ctrl Pts',(82.7904868822412,171.561606842044,-1.00000000000001));
#3020=CARTESIAN_POINT('Ctrl Pts',(82.7904868822412,171.561606842044,-11.5));
#3021=CARTESIAN_POINT('Ctrl Pts',(82.401387268794,170.928338646025,-1.00000000000001));
#3022=CARTESIAN_POINT('Ctrl Pts',(82.401387268794,170.928338646025,-11.5));
#3023=CARTESIAN_POINT('Ctrl Pts',(81.9937989152716,170.286871641661,-1.00000000000001));
#3024=CARTESIAN_POINT('Ctrl Pts',(81.9937989152716,170.286871641661,-11.5));
#3025=CARTESIAN_POINT('Ctrl Pts',(81.5791916599999,169.575610863532,-1.00000000000001));
#3026=CARTESIAN_POINT('Ctrl Pts',(81.5791916599999,169.575610863532,-11.5));
#3027=CARTESIAN_POINT('Ctrl Pts',(81.3644407204547,169.207204574393,-1.00000000000001));
#3028=CARTESIAN_POINT('Ctrl Pts',(81.3644407204547,169.207204574393,-11.5));
#3029=CARTESIAN_POINT('Ctrl Pts',(81.1860124296039,168.883265271429,-1.00000000000001));
#3030=CARTESIAN_POINT('Ctrl Pts',(81.1860124296039,168.883265271429,-11.5));
#3031=CARTESIAN_POINT('Ctrl Pts',(81.0409823294856,168.60627673336,-1.00000000000001));
#3032=CARTESIAN_POINT('Ctrl Pts',(81.0409823294856,168.60627673336,-11.5));
#3033=CARTESIAN_POINT('Ctrl Pts',(80.96214413444,168.455706083737,-1.00000000000001));
#3034=CARTESIAN_POINT('Ctrl Pts',(80.96214413444,168.455706083737,-11.5));
#3035=CARTESIAN_POINT('Ctrl Pts',(80.8833487339506,168.312070260075,-1.00000000000001));
#3036=CARTESIAN_POINT('Ctrl Pts',(80.8833487339506,168.312070260075,-11.5));
#3037=CARTESIAN_POINT('Ctrl Pts',(80.7640221083544,168.106665870903,-1.00000000000001));
#3038=CARTESIAN_POINT('Ctrl Pts',(80.7640221083544,168.106665870903,-11.5));
#3039=CARTESIAN_POINT('Ctrl Pts',(80.6382764042024,167.890211920049,-1.00000000000001));
#3040=CARTESIAN_POINT('Ctrl Pts',(80.6382764042024,167.890211920049,-11.5));
#3041=CARTESIAN_POINT('Ctrl Pts',(80.4409525352058,167.565344218324,-1.00000000000001));
#3042=CARTESIAN_POINT('Ctrl Pts',(80.4409525352058,167.565344218324,-11.5));
#3043=CARTESIAN_POINT('Ctrl Pts',(80.1891480218414,167.16790955594,-1.00000000000001));
#3044=CARTESIAN_POINT('Ctrl Pts',(80.1891480218414,167.16790955594,-11.5));
#3045=CARTESIAN_POINT('Ctrl Pts',(79.8122244401476,166.572993704618,-1.00000000000001));
#3046=CARTESIAN_POINT('Ctrl Pts',(79.8122244401476,166.572993704618,-11.5));
#3047=CARTESIAN_POINT('Ctrl Pts',(79.381482047749,165.919651823486,-1.00000000000001));
#3048=CARTESIAN_POINT('Ctrl Pts',(79.381482047749,165.919651823486,-11.5));
#3049=CARTESIAN_POINT('Ctrl Pts',(78.9506196126752,165.186426666822,-1.00000000000001));
#3050=CARTESIAN_POINT('Ctrl Pts',(78.9506196126752,165.186426666822,-11.5));
#3051=CARTESIAN_POINT('Ctrl Pts',(78.85500400467,165.023711694589,-1.00000000000001));
#3052=CARTESIAN_POINT('Ctrl Pts',(78.85500400467,165.023711694589,-11.5));
#3053=CARTESIAN_POINT('Ctrl Pts',(78.7745884747607,164.884368757982,-1.00000000000001));
#3054=CARTESIAN_POINT('Ctrl Pts',(78.7745884747607,164.884368757982,-11.5));
#3055=CARTESIAN_POINT('Ctrl Pts',(78.6631308790607,164.682558483854,-1.00000000000001));
#3056=CARTESIAN_POINT('Ctrl Pts',(78.6631308790607,164.682558483854,-11.5));
#3057=CARTESIAN_POINT('Ctrl Pts',(78.5782196793005,164.528814341138,-1.00000000000001));
#3058=CARTESIAN_POINT('Ctrl Pts',(78.5782196793005,164.528814341138,-11.5));
#3059=CARTESIAN_POINT('Ctrl Pts',(78.4097063801325,164.289771030276,-1.00000000000001));
#3060=CARTESIAN_POINT('Ctrl Pts',(78.4097063801325,164.289771030276,-11.5));
#3061=CARTESIAN_POINT('Ctrl Pts',(78.0066705391858,163.355223446956,-1.00000000000001));
#3062=CARTESIAN_POINT('Ctrl Pts',(78.0066705391858,163.355223446956,-11.5));
#3063=CARTESIAN_POINT('Ctrl Pts',(77.9242733805318,163.164163353363,-1.00000000000001));
#3064=CARTESIAN_POINT('Ctrl Pts',(77.9242733805318,163.164163353363,-11.5));
#3065=CARTESIAN_POINT('Ctrl Pts',(77.8279390263152,162.939034513109,-1.00000000000001));
#3066=CARTESIAN_POINT('Ctrl Pts',(77.8279390263152,162.939034513109,-11.5));
#3067=CARTESIAN_POINT('Ctrl Pts',(77.7158672047312,162.672883736027,-1.00000000000001));
#3068=CARTESIAN_POINT('Ctrl Pts',(77.7158672047312,162.672883736027,-11.5));
#3069=CARTESIAN_POINT('Ctrl Pts',(77.5099796527797,162.183937173289,-1.00000000000001));
#3070=CARTESIAN_POINT('Ctrl Pts',(77.5099796527797,162.183937173289,-11.5));
#3071=CARTESIAN_POINT('Ctrl Pts',(77.2335364497502,161.516859268521,-1.00000000000001));
#3072=CARTESIAN_POINT('Ctrl Pts',(77.2335364497502,161.516859268521,-11.5));
#3073=CARTESIAN_POINT('Ctrl Pts',(76.9448960089029,160.773681107617,-1.00000000000001));
#3074=CARTESIAN_POINT('Ctrl Pts',(76.9448960089029,160.773681107617,-11.5));
#3075=CARTESIAN_POINT('Ctrl Pts',(76.5908565808495,159.862116635722,-1.00000000000001));
#3076=CARTESIAN_POINT('Ctrl Pts',(76.5908565808495,159.862116635722,-11.5));
#3077=CARTESIAN_POINT('Ctrl Pts',(76.2444034100671,158.915702019205,-1.00000000000001));
#3078=CARTESIAN_POINT('Ctrl Pts',(76.2444034100671,158.915702019205,-11.5));
#3079=CARTESIAN_POINT('Ctrl Pts',(75.9579204107085,157.853416073314,-1.00000000000001));
#3080=CARTESIAN_POINT('Ctrl Pts',(75.9579204107085,157.853416073314,-11.5));
#3081=CARTESIAN_POINT('Ctrl Pts',(75.7627046172311,157.129551151866,-1.00000000000001));
#3082=CARTESIAN_POINT('Ctrl Pts',(75.7627046172311,157.129551151866,-11.5));
#3083=CARTESIAN_POINT('Ctrl Pts',(75.5899364624755,156.408033757971,-1.00000000000001));
#3084=CARTESIAN_POINT('Ctrl Pts',(75.5899364624755,156.408033757971,-11.5));
#3085=CARTESIAN_POINT('Ctrl Pts',(75.4350028046672,155.682008092691,-1.00000000000001));
#3086=CARTESIAN_POINT('Ctrl Pts',(75.4350028046672,155.682008092691,-11.5));
#3087=CARTESIAN_POINT('Ctrl Pts',(75.187015931153,154.51993112781,-1.00000000000001));
#3088=CARTESIAN_POINT('Ctrl Pts',(75.187015931153,154.51993112781,-11.5));
#3089=CARTESIAN_POINT('Ctrl Pts',(74.9839452693538,153.298523642615,-1.00000000000001));
#3090=CARTESIAN_POINT('Ctrl Pts',(74.9839452693538,153.298523642615,-11.5));
#3091=CARTESIAN_POINT('Ctrl Pts',(74.8676483837811,152.332025429084,-1.00000000000001));
#3092=CARTESIAN_POINT('Ctrl Pts',(74.8676483837811,152.332025429084,-11.5));
#3093=CARTESIAN_POINT('Ctrl Pts',(74.831520460355,152.03178029975,-1.00000000000001));
#3094=CARTESIAN_POINT('Ctrl Pts',(74.831520460355,152.03178029975,-11.5));
#3095=CARTESIAN_POINT('Ctrl Pts',(74.8040858567694,151.757663685308,-1.00000000000001));
#3096=CARTESIAN_POINT('Ctrl Pts',(74.8040858567694,151.757663685308,-11.5));
#3097=CARTESIAN_POINT('Ctrl Pts',(74.7813736287328,151.497605542556,-1.00000000000001));
#3098=CARTESIAN_POINT('Ctrl Pts',(74.7813736287328,151.497605542556,-11.5));
#3099=CARTESIAN_POINT('Ctrl Pts',(74.7137174818886,150.722933332251,-1.00000000000001));
#3100=CARTESIAN_POINT('Ctrl Pts',(74.7137174818886,150.722933332251,-11.5));
#3101=CARTESIAN_POINT('Ctrl Pts',(74.681929867819,150.009120562603,-1.00000000000001));
#3102=CARTESIAN_POINT('Ctrl Pts',(74.681929867819,150.009120562603,-11.5));
#3103=CARTESIAN_POINT('Ctrl Pts',(74.6644275345071,149.300222645218,-1.00000000000001));
#3104=CARTESIAN_POINT('Ctrl Pts',(74.6644275345071,149.300222645218,-11.5));
#3105=CARTESIAN_POINT('Ctrl Pts',(74.6410496524996,148.353347073098,-1.00000000000001));
#3106=CARTESIAN_POINT('Ctrl Pts',(74.6410496524996,148.353347073098,-11.5));
#3107=CARTESIAN_POINT('Ctrl Pts',(74.6469873611713,147.492058066557,-1.00000000000001));
#3108=CARTESIAN_POINT('Ctrl Pts',(74.6469873611713,147.492058066557,-11.5));
#3109=CARTESIAN_POINT('Ctrl Pts',(74.6549473829183,146.844520253713,-1.00000000000001));
#3110=CARTESIAN_POINT('Ctrl Pts',(74.6549473829183,146.844520253713,-11.5));
#3111=CARTESIAN_POINT('Ctrl Pts',(74.6593603789164,146.485528548966,-1.00000000000001));
#3112=CARTESIAN_POINT('Ctrl Pts',(74.6593603789164,146.485528548966,-11.5));
#3113=CARTESIAN_POINT('Ctrl Pts',(74.6725746687231,146.176982892506,-1.00000000000001));
#3114=CARTESIAN_POINT('Ctrl Pts',(74.6725746687231,146.176982892506,-11.5));
#3115=CARTESIAN_POINT('Ctrl Pts',(74.6872777100891,145.911007019054,-1.00000000000001));
#3116=CARTESIAN_POINT('Ctrl Pts',(74.6872777100891,145.911007019054,-11.5));
#3117=CARTESIAN_POINT('Ctrl Pts',(74.7237332149609,145.251532254,-1.00000000000001));
#3118=CARTESIAN_POINT('Ctrl Pts',(74.7237332149609,145.251532254,-11.5));
#3119=CARTESIAN_POINT('Ctrl Pts',(74.7633049619432,144.873900153764,-1.00000000000001));
#3120=CARTESIAN_POINT('Ctrl Pts',(74.7633049619432,144.873900153764,-11.5));
#3121=CARTESIAN_POINT('Ctrl Pts',(74.7868624330204,144.630031465333,-1.00000000000001));
#3122=CARTESIAN_POINT('Ctrl Pts',(74.7868624330204,144.630031465333,-11.5));
#3123=CARTESIAN_POINT('Ctrl Pts',(74.8105280515781,144.385043226159,-1.00000000000001));
#3124=CARTESIAN_POINT('Ctrl Pts',(74.8105280515781,144.385043226159,-11.5));
#3125=CARTESIAN_POINT('Ctrl Pts',(74.8306059552716,144.194869582872,-1.00000000000001));
#3126=CARTESIAN_POINT('Ctrl Pts',(74.8306059552716,144.194869582872,-11.5));
#3127=CARTESIAN_POINT('Ctrl Pts',(74.8533533502898,143.985878923809,-1.00000000000001));
#3128=CARTESIAN_POINT('Ctrl Pts',(74.8533533502898,143.985878923809,-11.5));
#3129=CARTESIAN_POINT('Ctrl Pts',(74.9078766228593,143.484948832275,-1.00000000000001));
#3130=CARTESIAN_POINT('Ctrl Pts',(74.9078766228593,143.484948832275,-11.5));
#3131=CARTESIAN_POINT('Ctrl Pts',(74.9663376920804,142.99582699951,-1.00000000000001));
#3132=CARTESIAN_POINT('Ctrl Pts',(74.9663376920804,142.99582699951,-11.5));
#3133=CARTESIAN_POINT('Ctrl Pts',(75.0190878822595,142.529690689591,-1.00000000000001));
#3134=CARTESIAN_POINT('Ctrl Pts',(75.0190878822595,142.529690689591,-11.5));
#3135=CARTESIAN_POINT('Ctrl Pts',(75.0673995084278,142.102776529247,-1.00000000000001));
#3136=CARTESIAN_POINT('Ctrl Pts',(75.0673995084278,142.102776529247,-11.5));
#3137=CARTESIAN_POINT('Ctrl Pts',(75.1006451580283,141.783260216926,-1.00000000000001));
#3138=CARTESIAN_POINT('Ctrl Pts',(75.1006451580283,141.783260216926,-11.5));
#3139=CARTESIAN_POINT('Ctrl Pts',(75.1241529637328,141.537578649731,-1.00000000000001));
#3140=CARTESIAN_POINT('Ctrl Pts',(75.1241529637328,141.537578649731,-11.5));
#3141=CARTESIAN_POINT('Ctrl Pts',(75.16384937016,141.12270899045,-1.00000000000001));
#3142=CARTESIAN_POINT('Ctrl Pts',(75.16384937016,141.12270899045,-11.5));
#3143=CARTESIAN_POINT('Ctrl Pts',(75.2022401260044,140.830105246226,-1.00000000000001));
#3144=CARTESIAN_POINT('Ctrl Pts',(75.2022401260044,140.830105246226,-11.5));
#3145=CARTESIAN_POINT('Ctrl Pts',(75.2535446965815,140.47497495458,-1.00000000000001));
#3146=CARTESIAN_POINT('Ctrl Pts',(75.2535446965815,140.47497495458,-11.5));
#3147=CARTESIAN_POINT('Ctrl Pts',(75.3114505693773,140.074150442014,-1.00000000000001));
#3148=CARTESIAN_POINT('Ctrl Pts',(75.3114505693773,140.074150442014,-11.5));
#3149=CARTESIAN_POINT('Ctrl Pts',(75.4036866269989,139.522573704865,-1.00000000000001));
#3150=CARTESIAN_POINT('Ctrl Pts',(75.4036866269989,139.522573704865,-11.5));
#3151=CARTESIAN_POINT('Ctrl Pts',(75.4882185024773,139.03351594703,-1.00000000000001));
#3152=CARTESIAN_POINT('Ctrl Pts',(75.4882185024773,139.03351594703,-11.5));
#3153=CARTESIAN_POINT('Ctrl Pts',(75.6476455718642,138.1111532921,-1.00000000000001));
#3154=CARTESIAN_POINT('Ctrl Pts',(75.6476455718642,138.1111532921,-11.5));
#3155=CARTESIAN_POINT('Ctrl Pts',(75.7803074813181,137.311979024876,-1.00000000000001));
#3156=CARTESIAN_POINT('Ctrl Pts',(75.7803074813181,137.311979024876,-11.5));
#3157=CARTESIAN_POINT('Ctrl Pts',(75.8263867956883,136.637725786698,-1.00000000000001));
#3158=CARTESIAN_POINT('Ctrl Pts',(75.8263867956883,136.637725786698,-11.5));
#3159=CARTESIAN_POINT('Ctrl Pts',(75.8349378113192,136.512603482739,-1.00000000000001));
#3160=CARTESIAN_POINT('Ctrl Pts',(75.8349378113192,136.512603482739,-11.5));
#3161=CARTESIAN_POINT('Ctrl Pts',(75.843574244179,136.388585185823,-1.00000000000001));
#3162=CARTESIAN_POINT('Ctrl Pts',(75.843574244179,136.388585185823,-11.5));
#3163=CARTESIAN_POINT('Ctrl Pts',(75.8521888988287,136.265597625144,-1.00000000000001));
#3164=CARTESIAN_POINT('Ctrl Pts',(75.8521888988287,136.265597625144,-11.5));
#3165=CARTESIAN_POINT('Ctrl Pts',(75.9201218217602,135.295749753021,-1.00000000000001));
#3166=CARTESIAN_POINT('Ctrl Pts',(75.9201218217602,135.295749753021,-11.5));
#3167=CARTESIAN_POINT('Ctrl Pts',(75.9825040784675,134.328335152032,-1.00000000000001));
#3168=CARTESIAN_POINT('Ctrl Pts',(75.9825040784675,134.328335152032,-11.5));
#3169=CARTESIAN_POINT('Ctrl Pts',(76.0072370578457,133.682488085046,-1.00000000000001));
#3170=CARTESIAN_POINT('Ctrl Pts',(76.0072370578457,133.682488085046,-11.5));
#3171=CARTESIAN_POINT('Ctrl Pts',(76.0366025458693,132.915673298171,-1.00000000000001));
#3172=CARTESIAN_POINT('Ctrl Pts',(76.0366025458693,132.915673298171,-11.5));
#3173=CARTESIAN_POINT('Ctrl Pts',(76.0383432538948,132.475898763298,-1.00000000000001));
#3174=CARTESIAN_POINT('Ctrl Pts',(76.0383432538948,132.475898763298,-11.5));
#3175=CARTESIAN_POINT('Ctrl Pts',(76.0328567175519,131.926980302081,-1.00000000000001));
#3176=CARTESIAN_POINT('Ctrl Pts',(76.0328567175519,131.926980302081,-11.5));
#3177=CARTESIAN_POINT('Ctrl Pts',(76.0302516309537,131.666345898621,-1.00000000000001));
#3178=CARTESIAN_POINT('Ctrl Pts',(76.0302516309537,131.666345898621,-11.5));
#3179=CARTESIAN_POINT('Ctrl Pts',(76.0328358601312,131.384787949296,-1.00000000000001));
#3180=CARTESIAN_POINT('Ctrl Pts',(76.0328358601312,131.384787949296,-11.5));
#3181=CARTESIAN_POINT('Ctrl Pts',(76.0393581569456,131.09974214493,-1.00000000000001));
#3182=CARTESIAN_POINT('Ctrl Pts',(76.0393581569456,131.09974214493,-11.5));
#3183=CARTESIAN_POINT('Ctrl Pts',(76.0563526661356,130.357026245956,-1.00000000000001));
#3184=CARTESIAN_POINT('Ctrl Pts',(76.0563526661356,130.357026245956,-11.5));
#3185=CARTESIAN_POINT('Ctrl Pts',(76.0949964405026,129.653702416349,-1.00000000000001));
#3186=CARTESIAN_POINT('Ctrl Pts',(76.0949964405026,129.653702416349,-11.5));
#3187=CARTESIAN_POINT('Ctrl Pts',(76.1079051295173,128.917448847174,-1.00000000000001));
#3188=CARTESIAN_POINT('Ctrl Pts',(76.1079051295173,128.917448847174,-11.5));
#3189=CARTESIAN_POINT('Ctrl Pts',(76.1135489170214,128.595552588867,-1.00000000000001));
#3190=CARTESIAN_POINT('Ctrl Pts',(76.1135489170214,128.595552588867,-11.5));
#3191=CARTESIAN_POINT('Ctrl Pts',(76.1141820094668,128.234971021338,-1.00000000000001));
#3192=CARTESIAN_POINT('Ctrl Pts',(76.1141820094668,128.234971021338,-11.5));
#3193=CARTESIAN_POINT('Ctrl Pts',(76.1082086100001,127.902696237406,-1.00000000000001));
#3194=CARTESIAN_POINT('Ctrl Pts',(76.1082086100001,127.902696237406,-11.5));
#3195=CARTESIAN_POINT('Ctrl Pts',(76.1016451986658,127.537601604917,-1.00000000000001));
#3196=CARTESIAN_POINT('Ctrl Pts',(76.1016451986658,127.537601604917,-11.5));
#3197=CARTESIAN_POINT('Ctrl Pts',(76.0916411049598,127.296168239085,-1.00000000000001));
#3198=CARTESIAN_POINT('Ctrl Pts',(76.0916411049598,127.296168239085,-11.5));
#3199=CARTESIAN_POINT('Ctrl Pts',(76.080745339462,127.061901426216,-1.00000000000001));
#3200=CARTESIAN_POINT('Ctrl Pts',(76.080745339462,127.061901426216,-11.5));
#3201=CARTESIAN_POINT('Ctrl Pts',(76.0683748036041,126.795925987455,-1.00000000000001));
#3202=CARTESIAN_POINT('Ctrl Pts',(76.0683748036041,126.795925987455,-11.5));
#3203=CARTESIAN_POINT('Ctrl Pts',(76.0636191653648,126.549384723587,-1.00000000000001));
#3204=CARTESIAN_POINT('Ctrl Pts',(76.0636191653648,126.549384723587,-11.5));
#3205=CARTESIAN_POINT('Ctrl Pts',(76.0655527608398,126.249768567821,-1.00000000000001));
#3206=CARTESIAN_POINT('Ctrl Pts',(76.0655527608398,126.249768567821,-11.5));
#3207=CARTESIAN_POINT('Ctrl Pts',(76.0689078623257,125.729885985112,-1.00000000000001));
#3208=CARTESIAN_POINT('Ctrl Pts',(76.0689078623257,125.729885985112,-11.5));
#3209=CARTESIAN_POINT('Ctrl Pts',(76.1075215772542,124.997194456853,-1.00000000000001));
#3210=CARTESIAN_POINT('Ctrl Pts',(76.1075215772542,124.997194456853,-11.5));
#3211=CARTESIAN_POINT('Ctrl Pts',(76.1418279736998,124.352090349371,-1.00000000000001));
#3212=CARTESIAN_POINT('Ctrl Pts',(76.1418279736998,124.352090349371,-11.5));
#3213=CARTESIAN_POINT('Ctrl Pts',(76.1659455921983,123.898577991092,-1.00000000000001));
#3214=CARTESIAN_POINT('Ctrl Pts',(76.1659455921983,123.898577991092,-11.5));
#3215=CARTESIAN_POINT('Ctrl Pts',(76.185210647833,123.434642331992,-1.00000000000001));
#3216=CARTESIAN_POINT('Ctrl Pts',(76.185210647833,123.434642331992,-11.5));
#3217=CARTESIAN_POINT('Ctrl Pts',(76.1888368874557,123.045289936088,-1.00000000000001));
#3218=CARTESIAN_POINT('Ctrl Pts',(76.1888368874557,123.045289936088,-11.5));
#3219=CARTESIAN_POINT('Ctrl Pts',(76.1930966798478,122.587912446879,-1.00000000000001));
#3220=CARTESIAN_POINT('Ctrl Pts',(76.1930966798478,122.587912446879,-11.5));
#3221=CARTESIAN_POINT('Ctrl Pts',(76.1831340903349,122.328011469282,-1.00000000000001));
#3222=CARTESIAN_POINT('Ctrl Pts',(76.1831340903349,122.328011469282,-11.5));
#3223=CARTESIAN_POINT('Ctrl Pts',(76.1707034919515,122.0640478445,-1.00000000000001));
#3224=CARTESIAN_POINT('Ctrl Pts',(76.1707034919515,122.0640478445,-11.5));
#3225=CARTESIAN_POINT('Ctrl Pts',(76.1547050528957,121.724321160897,-1.00000000000001));
#3226=CARTESIAN_POINT('Ctrl Pts',(76.1547050528957,121.724321160897,-11.5));
#3227=CARTESIAN_POINT('Ctrl Pts',(76.1541570092722,121.386152728577,-1.00000000000001));
#3228=CARTESIAN_POINT('Ctrl Pts',(76.1541570092722,121.386152728577,-11.5));
#3229=CARTESIAN_POINT('Ctrl Pts',(76.1695627713642,120.992104976238,-1.00000000000001));
#3230=CARTESIAN_POINT('Ctrl Pts',(76.1695627713642,120.992104976238,-11.5));
#3231=CARTESIAN_POINT('Ctrl Pts',(76.1884350159444,120.509391721675,-1.00000000000001));
#3232=CARTESIAN_POINT('Ctrl Pts',(76.1884350159444,120.509391721675,-11.5));
#3233=CARTESIAN_POINT('Ctrl Pts',(76.2311225455887,120.012936219023,-1.00000000000001));
#3234=CARTESIAN_POINT('Ctrl Pts',(76.2311225455887,120.012936219023,-11.5));
#3235=CARTESIAN_POINT('Ctrl Pts',(76.2684654411165,119.570335543437,-1.00000000000001));
#3236=CARTESIAN_POINT('Ctrl Pts',(76.2684654411165,119.570335543437,-11.5));
#3237=CARTESIAN_POINT('Ctrl Pts',(76.3095317447283,119.083603771153,-1.00000000000001));
#3238=CARTESIAN_POINT('Ctrl Pts',(76.3095317447283,119.083603771153,-11.5));
#3239=CARTESIAN_POINT('Ctrl Pts',(76.3473769348751,118.574337933912,-1.00000000000001));
#3240=CARTESIAN_POINT('Ctrl Pts',(76.3473769348751,118.574337933912,-11.5));
#3241=CARTESIAN_POINT('Ctrl Pts',(76.3625013797131,118.175426888967,-1.00000000000001));
#3242=CARTESIAN_POINT('Ctrl Pts',(76.3625013797131,118.175426888967,-11.5));
#3243=CARTESIAN_POINT('Ctrl Pts',(76.3821133833628,117.658155349202,-1.00000000000001));
#3244=CARTESIAN_POINT('Ctrl Pts',(76.3821133833628,117.658155349202,-11.5));
#3245=CARTESIAN_POINT('Ctrl Pts',(76.3766123201996,117.32450615132,-1.00000000000001));
#3246=CARTESIAN_POINT('Ctrl Pts',(76.3766123201996,117.32450615132,-11.5));
#3247=CARTESIAN_POINT('Ctrl Pts',(76.3665015425978,117.008217115702,-1.00000000000001));
#3248=CARTESIAN_POINT('Ctrl Pts',(76.3665015425978,117.008217115702,-11.5));
#3249=CARTESIAN_POINT('Ctrl Pts',(76.3626950565662,116.889141230202,-1.00000000000001));
#3250=CARTESIAN_POINT('Ctrl Pts',(76.3626950565662,116.889141230202,-11.5));
#3251=CARTESIAN_POINT('Ctrl Pts',(76.360620048306,116.774688741068,-1.00000000000001));
#3252=CARTESIAN_POINT('Ctrl Pts',(76.360620048306,116.774688741068,-11.5));
#3253=CARTESIAN_POINT('Ctrl Pts',(76.3598123368556,116.661303113305,-1.00000000000001));
#3254=CARTESIAN_POINT('Ctrl Pts',(76.3598123368556,116.661303113305,-11.5));
#3255=CARTESIAN_POINT('Ctrl Pts',(76.3544298832674,115.905720313733,-1.00000000000001));
#3256=CARTESIAN_POINT('Ctrl Pts',(76.3544298832674,115.905720313733,-11.5));
#3257=CARTESIAN_POINT('Ctrl Pts',(76.4027505037874,115.21823540456,-1.00000000000001));
#3258=CARTESIAN_POINT('Ctrl Pts',(76.4027505037874,115.21823540456,-11.5));
#3259=CARTESIAN_POINT('Ctrl Pts',(76.4496576413972,114.565539315159,-1.00000000000001));
#3260=CARTESIAN_POINT('Ctrl Pts',(76.4496576413972,114.565539315159,-11.5));
#3261=CARTESIAN_POINT('Ctrl Pts',(76.5166903611287,113.632802928755,-1.00000000000001));
#3262=CARTESIAN_POINT('Ctrl Pts',(76.5166903611287,113.632802928755,-11.5));
#3263=CARTESIAN_POINT('Ctrl Pts',(76.5822735019519,112.770039366845,-1.00000000000001));
#3264=CARTESIAN_POINT('Ctrl Pts',(76.5822735019519,112.770039366845,-11.5));
#3265=CARTESIAN_POINT('Ctrl Pts',(76.5717823982362,111.936569162063,-1.00000000000001));
#3266=CARTESIAN_POINT('Ctrl Pts',(76.5717823982362,111.936569162063,-11.5));
#3267=CARTESIAN_POINT('Ctrl Pts',(76.5560724282467,110.688483902484,-1.00000000000001));
#3268=CARTESIAN_POINT('Ctrl Pts',(76.5560724282467,110.688483902484,-11.5));
#3269=CARTESIAN_POINT('Ctrl Pts',(76.6541685168705,109.665945507101,-1.00000000000001));
#3270=CARTESIAN_POINT('Ctrl Pts',(76.6541685168705,109.665945507101,-11.5));
#3271=CARTESIAN_POINT('Ctrl Pts',(76.7059539215866,108.747706855659,-1.00000000000001));
#3272=CARTESIAN_POINT('Ctrl Pts',(76.7059539215866,108.747706855659,-11.5));
#3273=CARTESIAN_POINT('Ctrl Pts',(76.7426306927063,108.097368617758,-1.00000000000001));
#3274=CARTESIAN_POINT('Ctrl Pts',(76.7426306927063,108.097368617758,-11.5));
#3275=CARTESIAN_POINT('Ctrl Pts',(76.7629178266642,107.464853812587,-1.00000000000001));
#3276=CARTESIAN_POINT('Ctrl Pts',(76.7629178266642,107.464853812587,-11.5));
#3277=CARTESIAN_POINT('Ctrl Pts',(76.7550126952964,106.94641037021,-1.00000000000001));
#3278=CARTESIAN_POINT('Ctrl Pts',(76.7550126952964,106.94641037021,-11.5));
#3279=CARTESIAN_POINT('Ctrl Pts',(76.7473677046689,106.445027777893,-1.00000000000001));
#3280=CARTESIAN_POINT('Ctrl Pts',(76.7473677046689,106.445027777893,-11.5));
#3281=CARTESIAN_POINT('Ctrl Pts',(76.7562587563278,106.074460941532,-1.00000000000001));
#3282=CARTESIAN_POINT('Ctrl Pts',(76.7562587563278,106.074460941532,-11.5));
#3283=CARTESIAN_POINT('Ctrl Pts',(76.7648378127748,105.757919473525,-1.00000000000001));
#3284=CARTESIAN_POINT('Ctrl Pts',(76.7648378127748,105.757919473525,-11.5));
#3285=CARTESIAN_POINT('Ctrl Pts',(76.7849179779141,105.01702156823,-1.00000000000001));
#3286=CARTESIAN_POINT('Ctrl Pts',(76.7849179779141,105.01702156823,-11.5));
#3287=CARTESIAN_POINT('Ctrl Pts',(76.8106493933398,104.571875058886,-1.00000000000001));
#3288=CARTESIAN_POINT('Ctrl Pts',(76.8106493933398,104.571875058886,-11.5));
#3289=CARTESIAN_POINT('Ctrl Pts',(76.8342633103807,103.881954397236,-1.00000000000001));
#3290=CARTESIAN_POINT('Ctrl Pts',(76.8342633103807,103.881954397236,-11.5));
#3291=CARTESIAN_POINT('Ctrl Pts',(76.8516339707225,103.374441075514,-1.00000000000001));
#3292=CARTESIAN_POINT('Ctrl Pts',(76.8516339707225,103.374441075514,-11.5));
#3293=CARTESIAN_POINT('Ctrl Pts',(76.8673628119145,102.663547383853,-1.00000000000001));
#3294=CARTESIAN_POINT('Ctrl Pts',(76.8673628119145,102.663547383853,-11.5));
#3295=CARTESIAN_POINT('Ctrl Pts',(76.8451513812764,102.017042957581,-1.00000000000001));
#3296=CARTESIAN_POINT('Ctrl Pts',(76.8451513812764,102.017042957581,-11.5));
#3297=CARTESIAN_POINT('Ctrl Pts',(76.826738615246,101.481105631773,-1.00000000000001));
#3298=CARTESIAN_POINT('Ctrl Pts',(76.826738615246,101.481105631773,-11.5));
#3299=CARTESIAN_POINT('Ctrl Pts',(76.8342306239736,100.990203095018,-1.00000000000001));
#3300=CARTESIAN_POINT('Ctrl Pts',(76.8342306239736,100.990203095018,-11.5));
#3301=CARTESIAN_POINT('Ctrl Pts',(76.8461820540781,100.535717887943,-1.00000000000001));
#3302=CARTESIAN_POINT('Ctrl Pts',(76.8461820540781,100.535717887943,-11.5));
#3303=CARTESIAN_POINT('Ctrl Pts',(76.8817770973998,99.1821208293844,-1.00000000000001));
#3304=CARTESIAN_POINT('Ctrl Pts',(76.8817770973998,99.1821208293844,-11.5));
#3305=CARTESIAN_POINT('Ctrl Pts',(76.9308730777706,98.1265650078424,-1.00000000000001));
#3306=CARTESIAN_POINT('Ctrl Pts',(76.9308730777706,98.1265650078424,-11.5));
#3307=CARTESIAN_POINT('Ctrl Pts',(76.8727151381191,97.0990970100583,-1.00000000000001));
#3308=CARTESIAN_POINT('Ctrl Pts',(76.8727151381191,97.0990970100583,-11.5));
#3309=CARTESIAN_POINT('Ctrl Pts',(76.8279195993437,96.3077006364747,-1.00000000000001));
#3310=CARTESIAN_POINT('Ctrl Pts',(76.8279195993437,96.3077006364747,-11.5));
#3311=CARTESIAN_POINT('Ctrl Pts',(76.819812165894,95.5483088940592,-1.00000000000001));
#3312=CARTESIAN_POINT('Ctrl Pts',(76.819812165894,95.5483088940592,-11.5));
#3313=CARTESIAN_POINT('Ctrl Pts',(76.8101726462845,94.7962114108501,-1.00000000000001));
#3314=CARTESIAN_POINT('Ctrl Pts',(76.8101726462845,94.7962114108501,-11.5));
#3315=CARTESIAN_POINT('Ctrl Pts',(76.7987225215351,93.9028463516673,-1.00000000000001));
#3316=CARTESIAN_POINT('Ctrl Pts',(76.7987225215351,93.9028463516673,-11.5));
#3317=CARTESIAN_POINT('Ctrl Pts',(76.7840199393017,92.9903584955239,-1.00000000000001));
#3318=CARTESIAN_POINT('Ctrl Pts',(76.7840199393017,92.9903584955239,-11.5));
#3319=CARTESIAN_POINT('Ctrl Pts',(76.7287680730264,92.1260427698602,-1.00000000000001));
#3320=CARTESIAN_POINT('Ctrl Pts',(76.7287680730264,92.1260427698602,-11.5));
#3321=CARTESIAN_POINT('Ctrl Pts',(76.7068336120075,91.7829177159816,-1.00000000000001));
#3322=CARTESIAN_POINT('Ctrl Pts',(76.7068336120075,91.7829177159816,-11.5));
#3323=CARTESIAN_POINT('Ctrl Pts',(76.6872126983329,91.3185482397038,-1.00000000000001));
#3324=CARTESIAN_POINT('Ctrl Pts',(76.6872126983329,91.3185482397038,-11.5));
#3325=CARTESIAN_POINT('Ctrl Pts',(76.6763009802577,90.8861977261398,-1.00000000000001));
#3326=CARTESIAN_POINT('Ctrl Pts',(76.6763009802577,90.8861977261398,-11.5));
#3327=CARTESIAN_POINT('Ctrl Pts',(76.6573278824192,90.1344344806251,-1.00000000000001));
#3328=CARTESIAN_POINT('Ctrl Pts',(76.6573278824192,90.1344344806251,-11.5));
#3329=CARTESIAN_POINT('Ctrl Pts',(76.6549090663883,89.4138975251614,-1.00000000000001));
#3330=CARTESIAN_POINT('Ctrl Pts',(76.6549090663883,89.4138975251614,-11.5));
#3331=CARTESIAN_POINT('Ctrl Pts',(76.637767928274,88.7317368087985,-1.00000000000001));
#3332=CARTESIAN_POINT('Ctrl Pts',(76.637767928274,88.7317368087985,-11.5));
#3333=CARTESIAN_POINT('Ctrl Pts',(76.6236057135595,88.1681274107272,-1.00000000000001));
#3334=CARTESIAN_POINT('Ctrl Pts',(76.6236057135595,88.1681274107272,-11.5));
#3335=CARTESIAN_POINT('Ctrl Pts',(76.5945235485076,87.5842514403834,-1.00000000000001));
#3336=CARTESIAN_POINT('Ctrl Pts',(76.5945235485076,87.5842514403834,-11.5));
#3337=CARTESIAN_POINT('Ctrl Pts',(76.5627350764501,87.180193901236,-1.00000000000001));
#3338=CARTESIAN_POINT('Ctrl Pts',(76.5627350764501,87.180193901236,-11.5));
#3339=CARTESIAN_POINT('Ctrl Pts',(76.5496146725978,87.0134228125343,-1.00000000000001));
#3340=CARTESIAN_POINT('Ctrl Pts',(76.5496146725978,87.0134228125343,-11.5));
#3341=CARTESIAN_POINT('Ctrl Pts',(76.5374578077622,86.8452627746807,-1.00000000000001));
#3342=CARTESIAN_POINT('Ctrl Pts',(76.5374578077622,86.8452627746807,-11.5));
#3343=CARTESIAN_POINT('Ctrl Pts',(76.5229336041836,86.6142380734821,-1.00000000000001));
#3344=CARTESIAN_POINT('Ctrl Pts',(76.5229336041836,86.6142380734821,-11.5));
#3345=CARTESIAN_POINT('Ctrl Pts',(76.5030100810537,86.2973307846941,-1.00000000000001));
#3346=CARTESIAN_POINT('Ctrl Pts',(76.5030100810537,86.2973307846941,-11.5));
#3347=CARTESIAN_POINT('Ctrl Pts',(76.4770050567729,85.7920200205612,-1.00000000000001));
#3348=CARTESIAN_POINT('Ctrl Pts',(76.4770050567729,85.7920200205612,-11.5));
#3349=CARTESIAN_POINT('Ctrl Pts',(76.4532780377687,85.2812623675927,-1.00000000000001));
#3350=CARTESIAN_POINT('Ctrl Pts',(76.4532780377687,85.2812623675927,-11.5));
#3351=CARTESIAN_POINT('Ctrl Pts',(76.40627732397,84.2695055066287,-1.00000000000001));
#3352=CARTESIAN_POINT('Ctrl Pts',(76.40627732397,84.2695055066287,-11.5));
#3353=CARTESIAN_POINT('Ctrl Pts',(76.3562456157138,83.252441142335,-1.00000000000001));
#3354=CARTESIAN_POINT('Ctrl Pts',(76.3562456157138,83.252441142335,-11.5));
#3355=CARTESIAN_POINT('Ctrl Pts',(76.2558722456155,82.2636837147973,-1.00000000000001));
#3356=CARTESIAN_POINT('Ctrl Pts',(76.2558722456155,82.2636837147973,-11.5));
#3357=CARTESIAN_POINT('Ctrl Pts',(76.1941560876194,81.6557305340077,-1.00000000000001));
#3358=CARTESIAN_POINT('Ctrl Pts',(76.1941560876194,81.6557305340077,-11.5));
#3359=CARTESIAN_POINT('Ctrl Pts',(76.1603390269795,81.0800840904927,-1.00000000000001));
#3360=CARTESIAN_POINT('Ctrl Pts',(76.1603390269795,81.0800840904927,-11.5));
#3361=CARTESIAN_POINT('Ctrl Pts',(76.1315612790383,80.5713172986948,-1.00000000000001));
#3362=CARTESIAN_POINT('Ctrl Pts',(76.1315612790383,80.5713172986948,-11.5));
#3363=CARTESIAN_POINT('Ctrl Pts',(76.0963140319092,79.9481751098706,-1.00000000000001));
#3364=CARTESIAN_POINT('Ctrl Pts',(76.0963140319092,79.9481751098706,-11.5));
#3365=CARTESIAN_POINT('Ctrl Pts',(76.0704315513031,79.483292664945,-1.00000000000001));
#3366=CARTESIAN_POINT('Ctrl Pts',(76.0704315513031,79.483292664945,-11.5));
#3367=CARTESIAN_POINT('Ctrl Pts',(76.0446186331154,79.1145444758552,-1.00000000000001));
#3368=CARTESIAN_POINT('Ctrl Pts',(76.0446186331154,79.1145444758552,-11.5));
#3369=CARTESIAN_POINT('Ctrl Pts',(75.9977306604556,78.4447304361309,-1.00000000000001));
#3370=CARTESIAN_POINT('Ctrl Pts',(75.9977306604556,78.4447304361309,-11.5));
#3371=CARTESIAN_POINT('Ctrl Pts',(75.9600772869088,78.0221600823838,-1.00000000000001));
#3372=CARTESIAN_POINT('Ctrl Pts',(75.9600772869088,78.0221600823838,-11.5));
#3373=CARTESIAN_POINT('Ctrl Pts',(75.875433999709,77.3572195641901,-1.00000000000001));
#3374=CARTESIAN_POINT('Ctrl Pts',(75.875433999709,77.3572195641901,-11.5));
#3375=CARTESIAN_POINT('Ctrl Pts',(75.8644616655073,77.2710231293488,-1.00000000000001));
#3376=CARTESIAN_POINT('Ctrl Pts',(75.8644616655073,77.2710231293488,-11.5));
#3377=CARTESIAN_POINT('Ctrl Pts',(75.8533268102142,77.1820052956341,-1.00000000000001));
#3378=CARTESIAN_POINT('Ctrl Pts',(75.8533268102142,77.1820052956341,-11.5));
#3379=CARTESIAN_POINT('Ctrl Pts',(75.8419520513069,77.0895784942263,-1.00000000000001));
#3380=CARTESIAN_POINT('Ctrl Pts',(75.8419520513069,77.0895784942263,-11.5));
#3381=CARTESIAN_POINT('Ctrl Pts',(75.7732883541078,76.5316443914758,-1.00000000000001));
#3382=CARTESIAN_POINT('Ctrl Pts',(75.7732883541078,76.5316443914758,-11.5));
#3383=CARTESIAN_POINT('Ctrl Pts',(75.6888022888461,75.7754586319974,-1.00000000000001));
#3384=CARTESIAN_POINT('Ctrl Pts',(75.6888022888461,75.7754586319974,-11.5));
#3385=CARTESIAN_POINT('Ctrl Pts',(75.6065044810518,75.0685455040258,-1.00000000000001));
#3386=CARTESIAN_POINT('Ctrl Pts',(75.6065044810518,75.0685455040258,-11.5));
#3387=CARTESIAN_POINT('Ctrl Pts',(75.5016422986068,74.1678112635284,-1.00000000000001));
#3388=CARTESIAN_POINT('Ctrl Pts',(75.5016422986068,74.1678112635284,-11.5));
#3389=CARTESIAN_POINT('Ctrl Pts',(75.3922008695381,73.2985374073064,-1.00000000000001));
#3390=CARTESIAN_POINT('Ctrl Pts',(75.3922008695381,73.2985374073064,-11.5));
#3391=CARTESIAN_POINT('Ctrl Pts',(75.2637783546646,72.4330928696259,-1.00000000000001));
#3392=CARTESIAN_POINT('Ctrl Pts',(75.2637783546646,72.4330928696259,-11.5));
#3393=CARTESIAN_POINT('Ctrl Pts',(75.16534837999,71.7697692771071,-1.00000000000001));
#3394=CARTESIAN_POINT('Ctrl Pts',(75.16534837999,71.7697692771071,-11.5));
#3395=CARTESIAN_POINT('Ctrl Pts',(75.0618091515826,71.0672014082557,-1.00000000000001));
#3396=CARTESIAN_POINT('Ctrl Pts',(75.0618091515826,71.0672014082557,-11.5));
#3397=CARTESIAN_POINT('Ctrl Pts',(74.9922703866332,70.5976768109584,-1.00000000000001));
#3398=CARTESIAN_POINT('Ctrl Pts',(74.9922703866332,70.5976768109584,-11.5));
#3399=CARTESIAN_POINT('Ctrl Pts',(74.988917056009,70.5750351777329,-1.00000000000001));
#3400=CARTESIAN_POINT('Ctrl Pts',(74.988917056009,70.5750351777329,-11.5));
#3401=CARTESIAN_POINT('Ctrl Pts',(74.9856311888975,70.5528489453514,-1.00000000000001));
#3402=CARTESIAN_POINT('Ctrl Pts',(74.9856311888975,70.5528489453514,-11.5));
#3403=CARTESIAN_POINT('Ctrl Pts',(74.982410023696,70.5310988764831,-1.00000000000001));
#3404=CARTESIAN_POINT('Ctrl Pts',(74.982410023696,70.5310988764831,-11.5));
#3405=CARTESIAN_POINT('',(74.982410023696,70.531098876483,-1.00000000000001));
#3406=CARTESIAN_POINT('Ctrl Pts',(74.982410023696,70.5310988764831,-1.00000000000001));
#3407=CARTESIAN_POINT('Ctrl Pts',(74.9856311888975,70.5528489453514,-1.00000000000001));
#3408=CARTESIAN_POINT('Ctrl Pts',(74.988917056009,70.5750351777329,-1.00000000000001));
#3409=CARTESIAN_POINT('Ctrl Pts',(74.9922703866332,70.5976768109584,-1.00000000000001));
#3410=CARTESIAN_POINT('Ctrl Pts',(75.0618091515826,71.0672014082557,-1.00000000000001));
#3411=CARTESIAN_POINT('Ctrl Pts',(75.16534837999,71.7697692771071,-1.00000000000001));
#3412=CARTESIAN_POINT('Ctrl Pts',(75.2637783546646,72.4330928696259,-1.00000000000001));
#3413=CARTESIAN_POINT('Ctrl Pts',(75.3922008695381,73.2985374073064,-1.00000000000001));
#3414=CARTESIAN_POINT('Ctrl Pts',(75.5016422986068,74.1678112635285,-1.00000000000001));
#3415=CARTESIAN_POINT('Ctrl Pts',(75.6065044810519,75.0685455040259,-1.00000000000001));
#3416=CARTESIAN_POINT('Ctrl Pts',(75.6888022888461,75.7754586319975,-1.00000000000001));
#3417=CARTESIAN_POINT('Ctrl Pts',(75.7732883541078,76.5316443914758,-1.00000000000001));
#3418=CARTESIAN_POINT('Ctrl Pts',(75.8419520513069,77.0895784942263,-1.00000000000001));
#3419=CARTESIAN_POINT('Ctrl Pts',(75.8533268102142,77.182005295634,-1.00000000000001));
#3420=CARTESIAN_POINT('Ctrl Pts',(75.8644616655073,77.2710231293488,-1.00000000000001));
#3421=CARTESIAN_POINT('Ctrl Pts',(75.875433999709,77.35721956419,-1.00000000000001));
#3422=CARTESIAN_POINT('Ctrl Pts',(75.9600772869088,78.0221600823838,-1.00000000000001));
#3423=CARTESIAN_POINT('Ctrl Pts',(75.9977306604556,78.4447304361308,-1.00000000000001));
#3424=CARTESIAN_POINT('Ctrl Pts',(76.0446186331154,79.1145444758552,-1.00000000000001));
#3425=CARTESIAN_POINT('Ctrl Pts',(76.0704315513031,79.483292664945,-1.00000000000001));
#3426=CARTESIAN_POINT('Ctrl Pts',(76.0963140319092,79.9481751098706,-1.00000000000001));
#3427=CARTESIAN_POINT('Ctrl Pts',(76.1315612790383,80.5713172986948,-1.00000000000001));
#3428=CARTESIAN_POINT('Ctrl Pts',(76.1603390269795,81.0800840904927,-1.00000000000001));
#3429=CARTESIAN_POINT('Ctrl Pts',(76.1941560876194,81.6557305340077,-1.00000000000001));
#3430=CARTESIAN_POINT('Ctrl Pts',(76.2558722456155,82.2636837147973,-1.00000000000001));
#3431=CARTESIAN_POINT('Ctrl Pts',(76.3562456157138,83.252441142335,-1.00000000000001));
#3432=CARTESIAN_POINT('Ctrl Pts',(76.40627732397,84.2695055066287,-1.00000000000001));
#3433=CARTESIAN_POINT('Ctrl Pts',(76.4532780377687,85.2812623675927,-1.00000000000001));
#3434=CARTESIAN_POINT('Ctrl Pts',(76.4770050567729,85.7920200205612,-1.00000000000001));
#3435=CARTESIAN_POINT('Ctrl Pts',(76.5030100810537,86.2973307846941,-1.00000000000001));
#3436=CARTESIAN_POINT('Ctrl Pts',(76.5229336041836,86.6142380734821,-1.00000000000001));
#3437=CARTESIAN_POINT('Ctrl Pts',(76.5374578077622,86.8452627746807,-1.00000000000001));
#3438=CARTESIAN_POINT('Ctrl Pts',(76.5496146725978,87.0134228125343,-1.00000000000001));
#3439=CARTESIAN_POINT('Ctrl Pts',(76.5627350764501,87.180193901236,-1.00000000000001));
#3440=CARTESIAN_POINT('Ctrl Pts',(76.5945235485076,87.5842514403834,-1.00000000000001));
#3441=CARTESIAN_POINT('Ctrl Pts',(76.6236057135595,88.1681274107272,-1.00000000000001));
#3442=CARTESIAN_POINT('Ctrl Pts',(76.637767928274,88.7317368087985,-1.00000000000001));
#3443=CARTESIAN_POINT('Ctrl Pts',(76.6549090663883,89.4138975251614,-1.00000000000001));
#3444=CARTESIAN_POINT('Ctrl Pts',(76.6573278824192,90.1344344806251,-1.00000000000001));
#3445=CARTESIAN_POINT('Ctrl Pts',(76.6763009802577,90.8861977261398,-1.00000000000001));
#3446=CARTESIAN_POINT('Ctrl Pts',(76.6872126983329,91.3185482397038,-1.00000000000001));
#3447=CARTESIAN_POINT('Ctrl Pts',(76.7068336120075,91.7829177159816,-1.00000000000001));
#3448=CARTESIAN_POINT('Ctrl Pts',(76.7287680730264,92.1260427698602,-1.00000000000001));
#3449=CARTESIAN_POINT('Ctrl Pts',(76.7840199393017,92.9903584955239,-1.00000000000001));
#3450=CARTESIAN_POINT('Ctrl Pts',(76.7987225215351,93.9028463516673,-1.00000000000001));
#3451=CARTESIAN_POINT('Ctrl Pts',(76.8101726462845,94.7962114108501,-1.00000000000001));
#3452=CARTESIAN_POINT('Ctrl Pts',(76.819812165894,95.5483088940592,-1.00000000000001));
#3453=CARTESIAN_POINT('Ctrl Pts',(76.8279195993437,96.3077006364747,-1.00000000000001));
#3454=CARTESIAN_POINT('Ctrl Pts',(76.8727151381191,97.0990970100583,-1.00000000000001));
#3455=CARTESIAN_POINT('Ctrl Pts',(76.9308730777706,98.1265650078424,-1.00000000000001));
#3456=CARTESIAN_POINT('Ctrl Pts',(76.8817770973998,99.1821208293844,-1.00000000000001));
#3457=CARTESIAN_POINT('Ctrl Pts',(76.8461820540781,100.535717887943,-1.00000000000001));
#3458=CARTESIAN_POINT('Ctrl Pts',(76.8342306239736,100.990203095018,-1.00000000000001));
#3459=CARTESIAN_POINT('Ctrl Pts',(76.826738615246,101.481105631773,-1.00000000000001));
#3460=CARTESIAN_POINT('Ctrl Pts',(76.8451513812764,102.017042957581,-1.00000000000001));
#3461=CARTESIAN_POINT('Ctrl Pts',(76.8673628119145,102.663547383853,-1.00000000000001));
#3462=CARTESIAN_POINT('Ctrl Pts',(76.8516339707225,103.374441075514,-1.00000000000001));
#3463=CARTESIAN_POINT('Ctrl Pts',(76.8342633103807,103.881954397236,-1.00000000000001));
#3464=CARTESIAN_POINT('Ctrl Pts',(76.8106493933398,104.571875058886,-1.00000000000001));
#3465=CARTESIAN_POINT('Ctrl Pts',(76.7849179779141,105.01702156823,-1.00000000000001));
#3466=CARTESIAN_POINT('Ctrl Pts',(76.7648378127748,105.757919473525,-1.00000000000001));
#3467=CARTESIAN_POINT('Ctrl Pts',(76.7562587563278,106.074460941532,-1.00000000000001));
#3468=CARTESIAN_POINT('Ctrl Pts',(76.7473677046689,106.445027777893,-1.00000000000001));
#3469=CARTESIAN_POINT('Ctrl Pts',(76.7550126952964,106.94641037021,-1.00000000000001));
#3470=CARTESIAN_POINT('Ctrl Pts',(76.7629178266642,107.464853812587,-1.00000000000001));
#3471=CARTESIAN_POINT('Ctrl Pts',(76.7426306927063,108.097368617758,-1.00000000000001));
#3472=CARTESIAN_POINT('Ctrl Pts',(76.7059539215866,108.747706855659,-1.00000000000001));
#3473=CARTESIAN_POINT('Ctrl Pts',(76.6541685168705,109.665945507101,-1.00000000000001));
#3474=CARTESIAN_POINT('Ctrl Pts',(76.5560724282467,110.688483902484,-1.00000000000001));
#3475=CARTESIAN_POINT('Ctrl Pts',(76.5717823982362,111.936569162063,-1.00000000000001));
#3476=CARTESIAN_POINT('Ctrl Pts',(76.5822735019519,112.770039366845,-1.00000000000001));
#3477=CARTESIAN_POINT('Ctrl Pts',(76.5166903611287,113.632802928755,-1.00000000000001));
#3478=CARTESIAN_POINT('Ctrl Pts',(76.4496576413972,114.565539315159,-1.00000000000001));
#3479=CARTESIAN_POINT('Ctrl Pts',(76.4027505037874,115.21823540456,-1.00000000000001));
#3480=CARTESIAN_POINT('Ctrl Pts',(76.3544298832674,115.905720313733,-1.00000000000001));
#3481=CARTESIAN_POINT('Ctrl Pts',(76.3598123368556,116.661303113305,-1.00000000000001));
#3482=CARTESIAN_POINT('Ctrl Pts',(76.360620048306,116.774688741068,-1.00000000000001));
#3483=CARTESIAN_POINT('Ctrl Pts',(76.3626950565662,116.889141230202,-1.00000000000001));
#3484=CARTESIAN_POINT('Ctrl Pts',(76.3665015425978,117.008217115702,-1.00000000000001));
#3485=CARTESIAN_POINT('Ctrl Pts',(76.3766123201996,117.32450615132,-1.00000000000001));
#3486=CARTESIAN_POINT('Ctrl Pts',(76.3821133833628,117.658155349202,-1.00000000000001));
#3487=CARTESIAN_POINT('Ctrl Pts',(76.3625013797131,118.175426888967,-1.00000000000001));
#3488=CARTESIAN_POINT('Ctrl Pts',(76.3473769348751,118.574337933912,-1.00000000000001));
#3489=CARTESIAN_POINT('Ctrl Pts',(76.3095317447283,119.083603771154,-1.00000000000001));
#3490=CARTESIAN_POINT('Ctrl Pts',(76.2684654411165,119.570335543437,-1.00000000000001));
#3491=CARTESIAN_POINT('Ctrl Pts',(76.2311225455887,120.012936219023,-1.00000000000001));
#3492=CARTESIAN_POINT('Ctrl Pts',(76.1884350159444,120.509391721675,-1.00000000000001));
#3493=CARTESIAN_POINT('Ctrl Pts',(76.1695627713642,120.992104976238,-1.00000000000001));
#3494=CARTESIAN_POINT('Ctrl Pts',(76.1541570092722,121.386152728577,-1.00000000000001));
#3495=CARTESIAN_POINT('Ctrl Pts',(76.1547050528957,121.724321160897,-1.00000000000001));
#3496=CARTESIAN_POINT('Ctrl Pts',(76.1707034919515,122.0640478445,-1.00000000000001));
#3497=CARTESIAN_POINT('Ctrl Pts',(76.1831340903349,122.328011469282,-1.00000000000001));
#3498=CARTESIAN_POINT('Ctrl Pts',(76.1930966798478,122.587912446879,-1.00000000000001));
#3499=CARTESIAN_POINT('Ctrl Pts',(76.1888368874557,123.045289936088,-1.00000000000001));
#3500=CARTESIAN_POINT('Ctrl Pts',(76.185210647833,123.434642331992,-1.00000000000001));
#3501=CARTESIAN_POINT('Ctrl Pts',(76.1659455921983,123.898577991092,-1.00000000000001));
#3502=CARTESIAN_POINT('Ctrl Pts',(76.1418279736998,124.352090349371,-1.00000000000001));
#3503=CARTESIAN_POINT('Ctrl Pts',(76.1075215772542,124.997194456853,-1.00000000000001));
#3504=CARTESIAN_POINT('Ctrl Pts',(76.0689078623257,125.729885985112,-1.00000000000001));
#3505=CARTESIAN_POINT('Ctrl Pts',(76.0655527608398,126.249768567821,-1.00000000000001));
#3506=CARTESIAN_POINT('Ctrl Pts',(76.0636191653648,126.549384723587,-1.00000000000001));
#3507=CARTESIAN_POINT('Ctrl Pts',(76.0683748036041,126.795925987455,-1.00000000000001));
#3508=CARTESIAN_POINT('Ctrl Pts',(76.080745339462,127.061901426216,-1.00000000000001));
#3509=CARTESIAN_POINT('Ctrl Pts',(76.0916411049598,127.296168239085,-1.00000000000001));
#3510=CARTESIAN_POINT('Ctrl Pts',(76.1016451986658,127.537601604917,-1.00000000000001));
#3511=CARTESIAN_POINT('Ctrl Pts',(76.1082086100001,127.902696237406,-1.00000000000001));
#3512=CARTESIAN_POINT('Ctrl Pts',(76.1141820094668,128.234971021338,-1.00000000000001));
#3513=CARTESIAN_POINT('Ctrl Pts',(76.1135489170214,128.595552588867,-1.00000000000001));
#3514=CARTESIAN_POINT('Ctrl Pts',(76.1079051295173,128.917448847174,-1.00000000000001));
#3515=CARTESIAN_POINT('Ctrl Pts',(76.0949964405026,129.653702416349,-1.00000000000001));
#3516=CARTESIAN_POINT('Ctrl Pts',(76.0563526661356,130.357026245956,-1.00000000000001));
#3517=CARTESIAN_POINT('Ctrl Pts',(76.0393581569456,131.09974214493,-1.00000000000001));
#3518=CARTESIAN_POINT('Ctrl Pts',(76.0328358601312,131.384787949296,-1.00000000000001));
#3519=CARTESIAN_POINT('Ctrl Pts',(76.0302516309537,131.666345898621,-1.00000000000001));
#3520=CARTESIAN_POINT('Ctrl Pts',(76.0328567175519,131.926980302081,-1.00000000000001));
#3521=CARTESIAN_POINT('Ctrl Pts',(76.0383432538948,132.475898763298,-1.00000000000001));
#3522=CARTESIAN_POINT('Ctrl Pts',(76.0366025458693,132.915673298171,-1.00000000000001));
#3523=CARTESIAN_POINT('Ctrl Pts',(76.0072370578457,133.682488085046,-1.00000000000001));
#3524=CARTESIAN_POINT('Ctrl Pts',(75.9825040784675,134.328335152032,-1.00000000000001));
#3525=CARTESIAN_POINT('Ctrl Pts',(75.9201218217602,135.295749753021,-1.00000000000001));
#3526=CARTESIAN_POINT('Ctrl Pts',(75.8521888988287,136.265597625144,-1.00000000000001));
#3527=CARTESIAN_POINT('Ctrl Pts',(75.843574244179,136.388585185823,-1.00000000000001));
#3528=CARTESIAN_POINT('Ctrl Pts',(75.8349378113192,136.512603482739,-1.00000000000001));
#3529=CARTESIAN_POINT('Ctrl Pts',(75.8263867956883,136.637725786698,-1.00000000000001));
#3530=CARTESIAN_POINT('Ctrl Pts',(75.7803074813181,137.311979024876,-1.00000000000001));
#3531=CARTESIAN_POINT('Ctrl Pts',(75.6476455718642,138.1111532921,-1.00000000000001));
#3532=CARTESIAN_POINT('Ctrl Pts',(75.4882185024773,139.03351594703,-1.00000000000001));
#3533=CARTESIAN_POINT('Ctrl Pts',(75.4036866269989,139.522573704865,-1.00000000000001));
#3534=CARTESIAN_POINT('Ctrl Pts',(75.3114505693773,140.074150442014,-1.00000000000001));
#3535=CARTESIAN_POINT('Ctrl Pts',(75.2535446965815,140.47497495458,-1.00000000000001));
#3536=CARTESIAN_POINT('Ctrl Pts',(75.2022401260044,140.830105246226,-1.00000000000001));
#3537=CARTESIAN_POINT('Ctrl Pts',(75.16384937016,141.12270899045,-1.00000000000001));
#3538=CARTESIAN_POINT('Ctrl Pts',(75.1241529637328,141.537578649731,-1.00000000000001));
#3539=CARTESIAN_POINT('Ctrl Pts',(75.1006451580283,141.783260216926,-1.00000000000001));
#3540=CARTESIAN_POINT('Ctrl Pts',(75.0673995084278,142.102776529247,-1.00000000000001));
#3541=CARTESIAN_POINT('Ctrl Pts',(75.0190878822595,142.529690689591,-1.00000000000001));
#3542=CARTESIAN_POINT('Ctrl Pts',(74.9663376920804,142.99582699951,-1.00000000000001));
#3543=CARTESIAN_POINT('Ctrl Pts',(74.9078766228593,143.484948832275,-1.00000000000001));
#3544=CARTESIAN_POINT('Ctrl Pts',(74.8533533502898,143.985878923809,-1.00000000000001));
#3545=CARTESIAN_POINT('Ctrl Pts',(74.8306059552716,144.194869582872,-1.00000000000001));
#3546=CARTESIAN_POINT('Ctrl Pts',(74.8105280515781,144.385043226159,-1.00000000000001));
#3547=CARTESIAN_POINT('Ctrl Pts',(74.7868624330204,144.630031465333,-1.00000000000001));
#3548=CARTESIAN_POINT('Ctrl Pts',(74.7633049619432,144.873900153764,-1.00000000000001));
#3549=CARTESIAN_POINT('Ctrl Pts',(74.7237332149609,145.251532254,-1.00000000000001));
#3550=CARTESIAN_POINT('Ctrl Pts',(74.6872777100891,145.911007019054,-1.00000000000001));
#3551=CARTESIAN_POINT('Ctrl Pts',(74.6725746687231,146.176982892506,-1.00000000000001));
#3552=CARTESIAN_POINT('Ctrl Pts',(74.6593603789164,146.485528548966,-1.00000000000001));
#3553=CARTESIAN_POINT('Ctrl Pts',(74.6549473829183,146.844520253713,-1.00000000000001));
#3554=CARTESIAN_POINT('Ctrl Pts',(74.6469873611713,147.492058066557,-1.00000000000001));
#3555=CARTESIAN_POINT('Ctrl Pts',(74.6410496524996,148.353347073098,-1.00000000000001));
#3556=CARTESIAN_POINT('Ctrl Pts',(74.6644275345071,149.300222645218,-1.00000000000001));
#3557=CARTESIAN_POINT('Ctrl Pts',(74.681929867819,150.009120562603,-1.00000000000001));
#3558=CARTESIAN_POINT('Ctrl Pts',(74.7137174818886,150.722933332251,-1.00000000000001));
#3559=CARTESIAN_POINT('Ctrl Pts',(74.7813736287328,151.497605542556,-1.00000000000001));
#3560=CARTESIAN_POINT('Ctrl Pts',(74.8040858567693,151.757663685307,-1.00000000000001));
#3561=CARTESIAN_POINT('Ctrl Pts',(74.831520460355,152.03178029975,-1.00000000000001));
#3562=CARTESIAN_POINT('Ctrl Pts',(74.8676483837811,152.332025429084,-1.00000000000001));
#3563=CARTESIAN_POINT('Ctrl Pts',(74.9839452693538,153.298523642615,-1.00000000000001));
#3564=CARTESIAN_POINT('Ctrl Pts',(75.187015931153,154.51993112781,-1.00000000000001));
#3565=CARTESIAN_POINT('Ctrl Pts',(75.4350028046672,155.682008092691,-1.00000000000001));
#3566=CARTESIAN_POINT('Ctrl Pts',(75.5899364624755,156.408033757971,-1.00000000000001));
#3567=CARTESIAN_POINT('Ctrl Pts',(75.762704617231,157.129551151866,-1.00000000000001));
#3568=CARTESIAN_POINT('Ctrl Pts',(75.9579204107084,157.853416073314,-1.00000000000001));
#3569=CARTESIAN_POINT('Ctrl Pts',(76.244403410067,158.915702019205,-1.00000000000001));
#3570=CARTESIAN_POINT('Ctrl Pts',(76.5908565808495,159.862116635722,-1.00000000000001));
#3571=CARTESIAN_POINT('Ctrl Pts',(76.9448960089029,160.773681107617,-1.00000000000001));
#3572=CARTESIAN_POINT('Ctrl Pts',(77.2335364497501,161.516859268521,-1.00000000000001));
#3573=CARTESIAN_POINT('Ctrl Pts',(77.5099796527797,162.183937173289,-1.00000000000001));
#3574=CARTESIAN_POINT('Ctrl Pts',(77.7158672047312,162.672883736027,-1.00000000000001));
#3575=CARTESIAN_POINT('Ctrl Pts',(77.8279390263152,162.939034513109,-1.00000000000001));
#3576=CARTESIAN_POINT('Ctrl Pts',(77.9242733805318,163.164163353363,-1.00000000000001));
#3577=CARTESIAN_POINT('Ctrl Pts',(78.0066705391858,163.355223446956,-1.00000000000001));
#3578=CARTESIAN_POINT('Ctrl Pts',(78.4097063801325,164.289771030276,-1.00000000000001));
#3579=CARTESIAN_POINT('Ctrl Pts',(78.5782196793005,164.528814341138,-1.00000000000001));
#3580=CARTESIAN_POINT('Ctrl Pts',(78.6631308790607,164.682558483854,-1.00000000000001));
#3581=CARTESIAN_POINT('Ctrl Pts',(78.7745884747607,164.884368757982,-1.00000000000001));
#3582=CARTESIAN_POINT('Ctrl Pts',(78.85500400467,165.023711694589,-1.00000000000001));
#3583=CARTESIAN_POINT('Ctrl Pts',(78.9506196126752,165.186426666822,-1.00000000000001));
#3584=CARTESIAN_POINT('Ctrl Pts',(79.381482047749,165.919651823486,-1.00000000000001));
#3585=CARTESIAN_POINT('Ctrl Pts',(79.8122244401476,166.572993704618,-1.00000000000001));
#3586=CARTESIAN_POINT('Ctrl Pts',(80.1891480218414,167.16790955594,-1.00000000000001));
#3587=CARTESIAN_POINT('Ctrl Pts',(80.4409525352058,167.565344218324,-1.00000000000001));
#3588=CARTESIAN_POINT('Ctrl Pts',(80.6382764042024,167.890211920049,-1.00000000000001));
#3589=CARTESIAN_POINT('Ctrl Pts',(80.7640221083544,168.106665870903,-1.00000000000001));
#3590=CARTESIAN_POINT('Ctrl Pts',(80.8833487339506,168.312070260075,-1.00000000000001));
#3591=CARTESIAN_POINT('Ctrl Pts',(80.96214413444,168.455706083737,-1.00000000000001));
#3592=CARTESIAN_POINT('Ctrl Pts',(81.0409823294856,168.60627673336,-1.00000000000001));
#3593=CARTESIAN_POINT('Ctrl Pts',(81.1860124296039,168.883265271429,-1.00000000000001));
#3594=CARTESIAN_POINT('Ctrl Pts',(81.3644407204547,169.207204574393,-1.00000000000001));
#3595=CARTESIAN_POINT('Ctrl Pts',(81.5791916599999,169.575610863532,-1.00000000000001));
#3596=CARTESIAN_POINT('Ctrl Pts',(81.9937989152716,170.286871641661,-1.00000000000001));
#3597=CARTESIAN_POINT('Ctrl Pts',(82.401387268794,170.928338646025,-1.00000000000001));
#3598=CARTESIAN_POINT('Ctrl Pts',(82.7904868822412,171.561606842044,-1.00000000000001));
#3599=CARTESIAN_POINT('Ctrl Pts',(83.0654984575911,172.009194241742,-1.00000000000001));
#3600=CARTESIAN_POINT('Ctrl Pts',(83.2973434652292,172.399645846048,-1.00000000000001));
#3601=CARTESIAN_POINT('Ctrl Pts',(83.4554723866443,172.676126511247,-1.00000000000001));
#3602=CARTESIAN_POINT('Ctrl Pts',(83.6989804170552,173.101888361936,-1.00000000000001));
#3603=CARTESIAN_POINT('Ctrl Pts',(83.8243564623801,173.34183365458,-1.00000000000001));
#3604=CARTESIAN_POINT('Ctrl Pts',(83.9402693994831,173.569389624915,-1.00000000000001));
#3605=CARTESIAN_POINT('Ctrl Pts',(84.1216922374522,173.925552198022,-1.00000000000001));
#3606=CARTESIAN_POINT('Ctrl Pts',(84.3000849054624,174.244369291656,-1.00000000000001));
#3607=CARTESIAN_POINT('Ctrl Pts',(84.5671183432206,174.679644899322,-1.00000000000001));
#3608=CARTESIAN_POINT('Ctrl Pts',(84.7844396474505,175.033887662144,-1.00000000000001));
#3609=CARTESIAN_POINT('Ctrl Pts',(85.0143069096516,175.384978944456,-1.00000000000001));
#3610=CARTESIAN_POINT('Ctrl Pts',(85.2253312956846,175.704281786563,-1.00000000000001));
#3611=CARTESIAN_POINT('Ctrl Pts',(85.5594779265409,176.209881972963,-1.00000000000001));
#3612=CARTESIAN_POINT('Ctrl Pts',(85.8582556837317,176.656065955767,-1.00000000000001));
#3613=CARTESIAN_POINT('Ctrl Pts',(86.1365320901851,177.119293076811,-1.00000000000001));
#3614=CARTESIAN_POINT('Ctrl Pts',(86.3497849542525,177.474280089672,-1.00000000000001));
#3615=CARTESIAN_POINT('Ctrl Pts',(86.5429135663105,177.834468346956,-1.00000000000001));
#3616=CARTESIAN_POINT('Ctrl Pts',(86.6651216496468,178.081327604752,-1.00000000000001));
#3617=CARTESIAN_POINT('Ctrl Pts',(86.7264028160091,178.20511502398,-1.00000000000001));
#3618=CARTESIAN_POINT('Ctrl Pts',(86.7773303738076,178.312787958009,-1.00000000000001));
#3619=CARTESIAN_POINT('Ctrl Pts',(86.8277426073347,178.423484234086,-1.00000000000001));
#3620=CARTESIAN_POINT('Ctrl Pts',(87.0203604310272,178.846438630211,-1.00000000000001));
#3621=CARTESIAN_POINT('Ctrl Pts',(87.2342047891901,179.25722812315,-1.00000000000001));
#3622=CARTESIAN_POINT('Ctrl Pts',(87.5671808899218,179.818166264386,-1.00000000000001));
#3623=CARTESIAN_POINT('Ctrl Pts',(87.8048647326345,180.218573178397,-1.00000000000001));
#3624=CARTESIAN_POINT('Ctrl Pts',(88.059459166923,180.617729673898,-1.00000000000001));
#3625=CARTESIAN_POINT('Ctrl Pts',(88.2858787210907,180.974816245664,-1.00000000000001));
#3626=CARTESIAN_POINT('Ctrl Pts',(88.5734891473193,181.428407020913,-1.00000000000001));
#3627=CARTESIAN_POINT('Ctrl Pts',(88.838664336702,181.855999332563,-1.00000000000001));
#3628=CARTESIAN_POINT('Ctrl Pts',(89.031715270339,182.20378703463,-1.00000000000001));
#3629=CARTESIAN_POINT('Ctrl Pts',(89.3125764666824,182.70976785656,-1.00000000000001));
#3630=CARTESIAN_POINT('Ctrl Pts',(89.4040753656288,182.93759070858,-1.00000000000001));
#3631=CARTESIAN_POINT('Ctrl Pts',(89.4899637476406,183.170441031962,-1.00000000000001));
#3632=CARTESIAN_POINT('Ctrl Pts',(89.7563623431748,183.892669087328,-1.00000000000001));
#3633=CARTESIAN_POINT('Ctrl Pts',(90.1640523053863,184.702268256466,-1.00000000000001));
#3634=CARTESIAN_POINT('Ctrl Pts',(90.5218799055837,185.36411522233,-1.00000000000001));
#3635=CARTESIAN_POINT('Ctrl Pts',(90.8334421999029,185.940388710063,-1.00000000000001));
#3636=CARTESIAN_POINT('Ctrl Pts',(91.1167788666267,186.446418186237,-1.00000000000001));
#3637=CARTESIAN_POINT('Ctrl Pts',(91.3431634734142,186.906533301579,-1.00000000000001));
#3638=CARTESIAN_POINT('Ctrl Pts',(91.5186497757432,187.26320022069,-1.00000000000001));
#3639=CARTESIAN_POINT('Ctrl Pts',(91.632426224051,187.536180302364,-1.00000000000001));
#3640=CARTESIAN_POINT('Ctrl Pts',(91.7013603794501,187.718291324118,-1.00000000000001));
#3641=CARTESIAN_POINT('Ctrl Pts',(91.7437953742841,187.830396567487,-1.00000000000001));
#3642=CARTESIAN_POINT('Ctrl Pts',(91.7747478254612,187.920652523751,-1.00000000000001));
#3643=CARTESIAN_POINT('Ctrl Pts',(91.8018073727213,188.006173301092,-1.00000000000001));
#3644=CARTESIAN_POINT('Ctrl Pts',(91.9286858199364,188.407168311445,-1.00000000000001));
#3645=CARTESIAN_POINT('Ctrl Pts',(92.0807069524267,188.790705944964,-1.00000000000001));
#3646=CARTESIAN_POINT('Ctrl Pts',(92.2786325778891,189.211651643764,-1.00000000000001));
#3647=CARTESIAN_POINT('Ctrl Pts',(92.505355860437,189.69384383279,-1.00000000000001));
#3648=CARTESIAN_POINT('Ctrl Pts',(92.7522568000283,190.1348056961,-1.00000000000001));
#3649=CARTESIAN_POINT('Ctrl Pts',(92.9807350015349,190.524880058895,-1.00000000000001));
#3650=CARTESIAN_POINT('Ctrl Pts',(93.4619859647746,191.346506199122,-1.00000000000001));
#3651=CARTESIAN_POINT('Ctrl Pts',(93.8795747027606,192.004590675529,-1.00000000000001));
#3652=CARTESIAN_POINT('Ctrl Pts',(94.1159042597247,192.489080094759,-1.00000000000001));
#3653=CARTESIAN_POINT('Ctrl Pts',(94.2179825821717,192.698346628297,-1.00000000000001));
#3654=CARTESIAN_POINT('Ctrl Pts',(94.274995779826,192.845862584738,-1.00000000000001));
#3655=CARTESIAN_POINT('Ctrl Pts',(94.3042194067896,192.930018225742,-1.00000000000001));
#3656=CARTESIAN_POINT('Ctrl Pts',(94.3123498730537,192.953431630279,-1.00000000000001));
#3657=CARTESIAN_POINT('Ctrl Pts',(94.3191140632362,192.974043338234,-1.00000000000001));
#3658=CARTESIAN_POINT('Ctrl Pts',(94.325083051798,192.993152930387,-1.00000000000001));
#3659=CARTESIAN_POINT('Ctrl Pts',(94.4372306414939,193.352191095373,-1.00000000000001));
#3660=CARTESIAN_POINT('Ctrl Pts',(94.5801355412088,193.719710724733,-1.00000000000001));
#3661=CARTESIAN_POINT('Ctrl Pts',(94.7669623191192,194.116728117096,-1.00000000000001));
#3662=CARTESIAN_POINT('Ctrl Pts',(95.2752095122812,195.19678193787,-1.00000000000001));
#3663=CARTESIAN_POINT('Ctrl Pts',(95.8449115368772,196.000514284896,-1.00000000000001));
#3664=CARTESIAN_POINT('Ctrl Pts',(96.2871482895086,196.680010478712,-1.00000000000001));
#3665=CARTESIAN_POINT('Ctrl Pts',(96.6209695164377,197.192926358642,-1.00000000000001));
#3666=CARTESIAN_POINT('Ctrl Pts',(96.891164490228,197.63536210433,-1.00000000000001));
#3667=CARTESIAN_POINT('Ctrl Pts',(97.0485653763494,197.962338794647,-1.00000000000001));
#3668=CARTESIAN_POINT('Ctrl Pts',(97.0996846534901,198.068531411873,-1.00000000000001));
#3669=CARTESIAN_POINT('Ctrl Pts',(97.1349991714075,198.154744756842,-1.00000000000001));
#3670=CARTESIAN_POINT('Ctrl Pts',(97.1513247126255,198.197945696892,-1.00000000000001));
#3671=CARTESIAN_POINT('Ctrl Pts',(97.3347825648254,198.683415156597,-1.00000000000001));
#3672=CARTESIAN_POINT('Ctrl Pts',(97.5070540473813,198.96583766515,-1.00000000000001));
#3673=CARTESIAN_POINT('Ctrl Pts',(97.7267791295487,199.280251945579,-1.00000000000001));
#3674=CARTESIAN_POINT('Ctrl Pts',(97.9430356622541,199.589702926085,-1.00000000000001));
#3675=CARTESIAN_POINT('Ctrl Pts',(98.160948225386,199.83532930547,-1.00000000000001));
#3676=CARTESIAN_POINT('Ctrl Pts',(98.3592692287757,200.038576933184,-1.00000000000001));
#3677=CARTESIAN_POINT('Ctrl Pts',(98.9130314402151,200.606095521076,-1.00000000000001));
#3678=CARTESIAN_POINT('Ctrl Pts',(99.3510787305836,200.913627334296,-1.00000000000001));
#3679=CARTESIAN_POINT('Ctrl Pts',(99.663703415645,201.15737951236,-1.00000000000001));
#3680=CARTESIAN_POINT('Ctrl Pts',(99.7616398066434,201.233740112653,-1.00000000000001));
#3681=CARTESIAN_POINT('Ctrl Pts',(99.8447228948287,201.299176406706,-1.00000000000001));
#3682=CARTESIAN_POINT('Ctrl Pts',(99.9098938472717,201.352166590861,-1.00000000000001));
#3683=CARTESIAN_POINT('',(74.982410023696,70.531098876483,-1.00000000000001));
#3684=CARTESIAN_POINT('Origin',(74.982410023696,70.531098876483,-1.00000000000001));
#3685=CARTESIAN_POINT('',(72.8657470599448,70.531098876483,-1.00000000000001));
#3686=CARTESIAN_POINT('',(-66.9861953896594,70.531098876483,-1.00000000000001));
#3687=CARTESIAN_POINT('',(72.8657470599447,70.531098876483,-22.));
#3688=CARTESIAN_POINT('Origin',(162.865747059945,88.,115.));
#3689=CARTESIAN_POINT('',(81.6657470599448,56.5500582304014,-33.9152146783157));
#3690=CARTESIAN_POINT('',(81.6657470599448,76.9037520188829,-36.7949711971433));
#3691=CARTESIAN_POINT('Origin',(81.6657470599448,88.,115.));
#3692=CARTESIAN_POINT('',(154.065747059945,56.5500582304015,-33.9152146783157));
#3693=CARTESIAN_POINT('',(162.865747059945,56.5500582304014,-33.9152146783157));
#3694=CARTESIAN_POINT('',(154.065747059945,76.9037520188829,-36.7949711971433));
#3695=CARTESIAN_POINT('Origin',(154.065747059945,88.,115.));
#3696=CARTESIAN_POINT('',(162.865747059945,76.9037520188829,-36.7949711971433));
#3697=CARTESIAN_POINT('Origin',(162.865747059945,76.9037520188829,-36.7949711971433));
#3698=CARTESIAN_POINT('',(81.6657470599448,84.0178728004028,-36.7949711971433));
#3699=CARTESIAN_POINT('',(81.6657470599448,93.7910871495883,-36.7949711971433));
#3700=CARTESIAN_POINT('',(154.065747059945,84.0178728004028,-36.7949711971433));
#3701=CARTESIAN_POINT('',(154.065747059945,76.9851954936965,-36.7949711971433));
#3702=CARTESIAN_POINT('',(162.865747059945,84.0178728004028,-36.7949711971433));
#3703=CARTESIAN_POINT('Origin',(162.865747059945,88.,115.));
#3704=CARTESIAN_POINT('',(81.6657470599448,77.0666389685106,-30.3949711971433));
#3705=CARTESIAN_POINT('',(81.6657470599448,56.5500582304017,-27.3732320190558));
#3706=CARTESIAN_POINT('Origin',(81.6657470599448,88.,115.));
#3707=CARTESIAN_POINT('',(154.065747059945,77.0666389685101,-30.3949711971433));
#3708=CARTESIAN_POINT('',(162.865747059945,77.0666389685101,-30.3949711971433));
#3709=CARTESIAN_POINT('',(154.065747059945,56.5500582304014,-27.3732320190557));
#3710=CARTESIAN_POINT('Origin',(154.065747059945,88.,115.));
#3711=CARTESIAN_POINT('',(162.865747059945,56.5500582304015,-27.3732320190558));
#3712=CARTESIAN_POINT('Ctrl Pts',(192.885518762925,56.5500582304015,-27.3732320190558));
#3713=CARTESIAN_POINT('Ctrl Pts',(-57.1342529400552,56.5500582304015,-27.3732320190558));
#3714=CARTESIAN_POINT('Ctrl Pts',(192.885518762925,56.0135990157574,-27.2547293284653));
#3715=CARTESIAN_POINT('Ctrl Pts',(-57.1342529400552,56.0135990157574,-27.2547293284653));
#3716=CARTESIAN_POINT('Ctrl Pts',(192.885518762925,55.4470517175346,-27.1258235411452));
#3717=CARTESIAN_POINT('Ctrl Pts',(-57.1342529400552,55.4470517175346,-27.1258235411452));
#3718=CARTESIAN_POINT('Ctrl Pts',(192.885518762925,55.0026793821302,-27.0225787151625));
#3719=CARTESIAN_POINT('Ctrl Pts',(-57.1342529400552,55.0026793821302,-27.0225787151625));
#3720=CARTESIAN_POINT('Ctrl Pts',(192.885518762925,54.4465306289758,-26.8933639178741));
#3721=CARTESIAN_POINT('Ctrl Pts',(-57.1342529400552,54.4465306289758,-26.8933639178741));
#3722=CARTESIAN_POINT('Ctrl Pts',(192.885518762925,53.8894003813879,-26.7604740232618));
#3723=CARTESIAN_POINT('Ctrl Pts',(-57.1342529400552,53.8894003813879,-26.7604740232618));
#3724=CARTESIAN_POINT('Ctrl Pts',(192.885518762925,53.3322907330695,-26.6241009399411));
#3725=CARTESIAN_POINT('Ctrl Pts',(-57.1342529400552,53.3322907330695,-26.6241009399411));
#3726=CARTESIAN_POINT('Ctrl Pts',(192.885518762925,52.5626010367545,-26.4356910687362));
#3727=CARTESIAN_POINT('Ctrl Pts',(-57.1342529400552,52.5626010367545,-26.4356910687362));
#3728=CARTESIAN_POINT('Ctrl Pts',(192.885518762925,51.7417071810297,-26.2267266093427));
#3729=CARTESIAN_POINT('Ctrl Pts',(-57.1342529400552,51.7417071810297,-26.2267266093427));
#3730=CARTESIAN_POINT('Ctrl Pts',(192.885518762925,51.1176471884866,-26.0635604397893));
#3731=CARTESIAN_POINT('Ctrl Pts',(-57.1342529400552,51.1176471884866,-26.0635604397893));
#3732=CARTESIAN_POINT('Ctrl Pts',(192.885518762925,50.0418858874296,-25.7822928486207));
#3733=CARTESIAN_POINT('Ctrl Pts',(-57.1342529400552,50.0418858874296,-25.7822928486207));
#3734=CARTESIAN_POINT('Ctrl Pts',(192.885518762925,49.4268842995182,-25.6123130000256));
#3735=CARTESIAN_POINT('Ctrl Pts',(-57.1342529400552,49.4268842995182,-25.6123130000256));
#3736=CARTESIAN_POINT('Ctrl Pts',(192.885518762925,48.7653501255551,-25.427484069511));
#3737=CARTESIAN_POINT('Ctrl Pts',(-57.1342529400552,48.7653501255551,-25.427484069511));
#3738=CARTESIAN_POINT('Ctrl Pts',(192.885518762925,48.2495928345129,-25.2833843808473));
#3739=CARTESIAN_POINT('Ctrl Pts',(-57.1342529400552,48.2495928345129,-25.2833843808473));
#3740=CARTESIAN_POINT('Ctrl Pts',(192.885518762925,47.6541076654151,-25.1139165018654));
#3741=CARTESIAN_POINT('Ctrl Pts',(-57.1342529400552,47.6541076654151,-25.1139165018654));
#3742=CARTESIAN_POINT('Ctrl Pts',(192.885518762925,47.,-24.9222499564063));
#3743=CARTESIAN_POINT('Ctrl Pts',(-57.1342529400552,47.,-24.9222499564063));
#3744=CARTESIAN_POINT('',(81.6657470599448,47.,-24.9222499564063));
#3745=CARTESIAN_POINT('Ctrl Pts',(81.6657470599448,56.5500582304015,-27.3732320190558));
#3746=CARTESIAN_POINT('Ctrl Pts',(81.6657470599448,56.0135990157574,-27.2547293284653));
#3747=CARTESIAN_POINT('Ctrl Pts',(81.6657470599448,55.4470517175346,-27.1258235411452));
#3748=CARTESIAN_POINT('Ctrl Pts',(81.6657470599448,55.0026793821302,-27.0225787151625));
#3749=CARTESIAN_POINT('Ctrl Pts',(81.6657470599448,54.4465306289758,-26.8933639178741));
#3750=CARTESIAN_POINT('Ctrl Pts',(81.6657470599448,53.8894003813879,-26.7604740232618));
#3751=CARTESIAN_POINT('Ctrl Pts',(81.6657470599448,53.3322907330695,-26.6241009399411));
#3752=CARTESIAN_POINT('Ctrl Pts',(81.6657470599448,52.5626010367545,-26.4356910687362));
#3753=CARTESIAN_POINT('Ctrl Pts',(81.6657470599448,51.7417071810297,-26.2267266093427));
#3754=CARTESIAN_POINT('Ctrl Pts',(81.6657470599448,51.1176471884866,-26.0635604397893));
#3755=CARTESIAN_POINT('Ctrl Pts',(81.6657470599448,50.0418858874296,-25.7822928486207));
#3756=CARTESIAN_POINT('Ctrl Pts',(81.6657470599448,49.4268842995182,-25.6123130000256));
#3757=CARTESIAN_POINT('Ctrl Pts',(81.6657470599448,48.7653501255551,-25.427484069511));
#3758=CARTESIAN_POINT('Ctrl Pts',(81.6657470599448,48.2495928345129,-25.2833843808473));
#3759=CARTESIAN_POINT('Ctrl Pts',(81.6657470599448,47.6541076654151,-25.1139165018654));
#3760=CARTESIAN_POINT('Ctrl Pts',(81.6657470599448,47.,-24.9222499564063));
#3761=CARTESIAN_POINT('',(154.065747059945,52.6797294605231,-26.4627672636203));
#3762=CARTESIAN_POINT('Ctrl Pts',(154.065747059945,52.6730524803653,-26.4609335855415));
#3763=CARTESIAN_POINT('Ctrl Pts',(154.065747059945,52.8931557380447,-26.5159659059549));
#3764=CARTESIAN_POINT('Ctrl Pts',(154.065747059945,53.1147680458348,-26.5708542592563));
#3765=CARTESIAN_POINT('Ctrl Pts',(154.065747059945,53.3322907330695,-26.6241009399411));
#3766=CARTESIAN_POINT('Ctrl Pts',(154.065747059945,53.8894003813879,-26.7604740232618));
#3767=CARTESIAN_POINT('Ctrl Pts',(154.065747059945,54.4465306289758,-26.8933639178741));
#3768=CARTESIAN_POINT('Ctrl Pts',(154.065747059945,55.0026793821302,-27.0225787151625));
#3769=CARTESIAN_POINT('Ctrl Pts',(154.065747059945,55.4470517175346,-27.1258235411452));
#3770=CARTESIAN_POINT('Ctrl Pts',(154.065747059945,56.0135990157574,-27.2547293284653));
#3771=CARTESIAN_POINT('Ctrl Pts',(154.065747059945,56.5500582304015,-27.3732320190558));
#3772=CARTESIAN_POINT('',(154.065747059945,46.9999999999999,-24.9222499564063));
#3773=CARTESIAN_POINT('Ctrl Pts',(154.065747059945,47.,-24.9222499564063));
#3774=CARTESIAN_POINT('Ctrl Pts',(154.065747059945,47.6541076654151,-25.1139165018654));
#3775=CARTESIAN_POINT('Ctrl Pts',(154.065747059945,48.2495928345129,-25.2833843808473));
#3776=CARTESIAN_POINT('Ctrl Pts',(154.065747059945,48.7653501255551,-25.427484069511));
#3777=CARTESIAN_POINT('Ctrl Pts',(154.065747059945,49.4268842995182,-25.6123130000256));
#3778=CARTESIAN_POINT('Ctrl Pts',(154.065747059945,50.0418858874296,-25.7822928486207));
#3779=CARTESIAN_POINT('Ctrl Pts',(154.065747059945,51.1176471884866,-26.0635604397893));
#3780=CARTESIAN_POINT('Ctrl Pts',(154.065747059945,51.5653410334464,-26.1806140735546));
#3781=CARTESIAN_POINT('Ctrl Pts',(154.065747059945,52.1143348632435,-26.3212376662253));
#3782=CARTESIAN_POINT('Ctrl Pts',(154.065747059945,52.6730524803653,-26.4609335855415));
#3783=CARTESIAN_POINT('',(162.865747059945,47.,-24.9222499564063));
#3784=CARTESIAN_POINT('Ctrl Pts',(192.885518762925,47.,-24.9222499564063));
#3785=CARTESIAN_POINT('Ctrl Pts',(-57.1342529400552,47.,-24.9222499564063));
#3786=CARTESIAN_POINT('Ctrl Pts',(192.885518762925,46.9664647994501,-24.9124234761791));
#3787=CARTESIAN_POINT('Ctrl Pts',(-57.1342529400552,46.9664647994501,-24.9124234761791));
#3788=CARTESIAN_POINT('Ctrl Pts',(192.885518762925,46.9327754826148,-24.902538745162));
#3789=CARTESIAN_POINT('Ctrl Pts',(-57.1342529400552,46.9327754826148,-24.902538745162));
#3790=CARTESIAN_POINT('Ctrl Pts',(192.885518762925,46.8989348830304,-24.89259622694));
#3791=CARTESIAN_POINT('Ctrl Pts',(-57.1342529400552,46.8989348830304,-24.89259622694));
#3792=CARTESIAN_POINT('Ctrl Pts',(192.885518762925,46.3965394361955,-24.7449902168168));
#3793=CARTESIAN_POINT('Ctrl Pts',(-57.1342529400552,46.3965394361955,-24.7449902168168));
#3794=CARTESIAN_POINT('Ctrl Pts',(192.885518762925,45.8276028477641,-24.5743409965157));
#3795=CARTESIAN_POINT('Ctrl Pts',(-57.1342529400552,45.8276028477641,-24.5743409965157));
#3796=CARTESIAN_POINT('Ctrl Pts',(192.885518762925,45.3291635333692,-24.4217907936241));
#3797=CARTESIAN_POINT('Ctrl Pts',(-57.1342529400552,45.3291635333692,-24.4217907936241));
#3798=CARTESIAN_POINT('Ctrl Pts',(192.885518762925,44.9041917839988,-24.2917257591908));
#3799=CARTESIAN_POINT('Ctrl Pts',(-57.1342529400552,44.9041917839988,-24.2917257591908));
#3800=CARTESIAN_POINT('Ctrl Pts',(192.885518762925,44.5257512244338,-24.1739981489476));
#3801=CARTESIAN_POINT('Ctrl Pts',(-57.1342529400552,44.5257512244338,-24.1739981489476));
#3802=CARTESIAN_POINT('Ctrl Pts',(192.885518762925,44.1256323628106,-24.047746825685));
#3803=CARTESIAN_POINT('Ctrl Pts',(-57.1342529400552,44.1256323628106,-24.047746825685));
#3804=CARTESIAN_POINT('Ctrl Pts',(192.885518762925,43.7821349984715,-23.9393615408496));
#3805=CARTESIAN_POINT('Ctrl Pts',(-57.1342529400552,43.7821349984715,-23.9393615408496));
#3806=CARTESIAN_POINT('Ctrl Pts',(192.885518762925,43.4108519967804,-23.8208575248781));
#3807=CARTESIAN_POINT('Ctrl Pts',(-57.1342529400552,43.4108519967804,-23.8208575248781));
#3808=CARTESIAN_POINT('Ctrl Pts',(192.885518762925,43.,-23.6875482257258));
#3809=CARTESIAN_POINT('Ctrl Pts',(-57.1342529400552,43.,-23.6875482257258));
#3810=CARTESIAN_POINT('',(81.6657470599448,45.,-24.3206231426742));
#3811=CARTESIAN_POINT('Ctrl Pts',(81.6657470599448,47.,-24.9222499564063));
#3812=CARTESIAN_POINT('Ctrl Pts',(81.6657470599448,46.3319053644016,-24.7264849507116));
#3813=CARTESIAN_POINT('Ctrl Pts',(81.6657470599448,45.665221599854,-24.5259375329524));
#3814=CARTESIAN_POINT('Ctrl Pts',(81.6657470599448,45.,-24.3206231426742));
#3815=CARTESIAN_POINT('',(154.065747059945,42.9999999999999,-23.6875482257258));
#3816=CARTESIAN_POINT('Ctrl Pts',(154.065747059945,43.,-23.6875482257258));
#3817=CARTESIAN_POINT('Ctrl Pts',(154.065747059945,43.6490574421924,-23.8981481337372));
#3818=CARTESIAN_POINT('Ctrl Pts',(154.065747059945,44.2995852986231,-24.1041890658769));
#3819=CARTESIAN_POINT('Ctrl Pts',(154.065747059945,45.6328400078376,-24.5161936446972));
#3820=CARTESIAN_POINT('Ctrl Pts',(154.065747059945,46.3156798876232,-24.7217305635564));
#3821=CARTESIAN_POINT('Ctrl Pts',(154.065747059945,47.,-24.9222499564063));
#3822=CARTESIAN_POINT('',(81.6657470599448,43.,-23.6875482257259));
#3823=CARTESIAN_POINT('',(162.865747059945,43.,-23.6875482257259));
#3824=CARTESIAN_POINT('Ctrl Pts',(81.6657470599448,45.,-24.3206231426742));
#3825=CARTESIAN_POINT('Ctrl Pts',(81.6657470599448,44.9838442983287,-24.3156368373003));
#3826=CARTESIAN_POINT('Ctrl Pts',(81.6657470599448,44.967689459072,-24.3106477202746));
#3827=CARTESIAN_POINT('Ctrl Pts',(81.6657470599448,44.2995852986231,-24.1041890658769));
#3828=CARTESIAN_POINT('Ctrl Pts',(81.6657470599448,43.6490574421924,-23.8981481337372));
#3829=CARTESIAN_POINT('Ctrl Pts',(81.6657470599448,43.,-23.6875482257258));
#3830=CARTESIAN_POINT('Ctrl Pts',(192.885518762925,43.,-23.6875482257258));
#3831=CARTESIAN_POINT('Ctrl Pts',(-57.1342529400552,43.,-23.6875482257258));
#3832=CARTESIAN_POINT('Ctrl Pts',(192.885518762925,42.9161191370796,-23.6603313711509));
#3833=CARTESIAN_POINT('Ctrl Pts',(-57.1342529400552,42.9161191370796,-23.6603313711509));
#3834=CARTESIAN_POINT('Ctrl Pts',(192.885518762925,42.8305895351274,-23.6324955435199));
#3835=CARTESIAN_POINT('Ctrl Pts',(-57.1342529400552,42.8305895351274,-23.6324955435199));
#3836=CARTESIAN_POINT('Ctrl Pts',(192.885518762925,42.7433118998476,-23.6039978322002));
#3837=CARTESIAN_POINT('Ctrl Pts',(-57.1342529400552,42.7433118998476,-23.6039978322002));
#3838=CARTESIAN_POINT('Ctrl Pts',(192.885518762925,41.9940839094487,-23.3593614724436));
#3839=CARTESIAN_POINT('Ctrl Pts',(-57.1342529400552,41.9940839094487,-23.3593614724436));
#3840=CARTESIAN_POINT('Ctrl Pts',(192.885518762925,41.2834295375342,-23.1202038186871));
#3841=CARTESIAN_POINT('Ctrl Pts',(-57.1342529400552,41.2834295375342,-23.1202038186871));
#3842=CARTESIAN_POINT('Ctrl Pts',(192.885518762925,40.6907320747779,-22.9168923708861));
#3843=CARTESIAN_POINT('Ctrl Pts',(-57.1342529400552,40.6907320747779,-22.9168923708861));
#3844=CARTESIAN_POINT('Ctrl Pts',(192.885518762925,40.1012720956164,-22.714691468546));
#3845=CARTESIAN_POINT('Ctrl Pts',(-57.1342529400552,40.1012720956164,-22.714691468546));
#3846=CARTESIAN_POINT('Ctrl Pts',(192.885518762925,39.6732806748063,-22.5643680560236));
#3847=CARTESIAN_POINT('Ctrl Pts',(-57.1342529400552,39.6732806748063,-22.5643680560236));
#3848=CARTESIAN_POINT('Ctrl Pts',(192.885518762925,39.2612486153267,-22.4182307640658));
#3849=CARTESIAN_POINT('Ctrl Pts',(-57.1342529400552,39.2612486153267,-22.4182307640658));
#3850=CARTESIAN_POINT('Ctrl Pts',(192.885518762925,38.2261991817242,-22.0511250552038));
#3851=CARTESIAN_POINT('Ctrl Pts',(-57.1342529400552,38.2261991817242,-22.0511250552038));
#3852=CARTESIAN_POINT('Ctrl Pts',(192.885518762925,37.3352601610996,-21.7304567557963));
#3853=CARTESIAN_POINT('Ctrl Pts',(-57.1342529400552,37.3352601610996,-21.7304567557963));
#3854=CARTESIAN_POINT('Ctrl Pts',(192.885518762925,35.7460869912547,-21.1204048191803));
#3855=CARTESIAN_POINT('Ctrl Pts',(-57.1342529400552,35.7460869912547,-21.1204048191803));
#3856=CARTESIAN_POINT('Ctrl Pts',(192.885518762925,35.3157694484438,-20.955214482889));
#3857=CARTESIAN_POINT('Ctrl Pts',(-57.1342529400552,35.3157694484438,-20.955214482889));
#3858=CARTESIAN_POINT('Ctrl Pts',(192.885518762925,34.8040117033741,-20.7560619721221));
#3859=CARTESIAN_POINT('Ctrl Pts',(-57.1342529400552,34.8040117033741,-20.7560619721221));
#3860=CARTESIAN_POINT('Ctrl Pts',(192.885518762925,34.3072379172153,-20.5592982158897));
#3861=CARTESIAN_POINT('Ctrl Pts',(-57.1342529400552,34.3072379172153,-20.5592982158897));
#3862=CARTESIAN_POINT('Ctrl Pts',(192.885518762925,33.8168860375113,-20.3650780689849));
#3863=CARTESIAN_POINT('Ctrl Pts',(-57.1342529400552,33.8168860375113,-20.3650780689849));
#3864=CARTESIAN_POINT('Ctrl Pts',(192.885518762925,33.3533692333378,-20.1784779288285));
#3865=CARTESIAN_POINT('Ctrl Pts',(-57.1342529400552,33.3533692333378,-20.1784779288285));
#3866=CARTESIAN_POINT('Ctrl Pts',(192.885518762925,32.9006339371019,-19.9936883425658));
#3867=CARTESIAN_POINT('Ctrl Pts',(-57.1342529400552,32.9006339371019,-19.9936883425658));
#3868=CARTESIAN_POINT('',(81.6657470599448,34.2904436448024,-20.5526450829747));
#3869=CARTESIAN_POINT('Ctrl Pts',(81.6657470599448,43.,-23.6875482257258));
#3870=CARTESIAN_POINT('Ctrl Pts',(81.6657470599448,41.3909460774424,-23.1654579051353));
#3871=CARTESIAN_POINT('Ctrl Pts',(81.6657470599448,39.7910999320605,-22.6154047333764));
#3872=CARTESIAN_POINT('Ctrl Pts',(81.6657470599448,36.8905484855953,-21.5613584370508));
#3873=CARTESIAN_POINT('Ctrl Pts',(81.6657470599448,35.586833060432,-21.0663089832755));
#3874=CARTESIAN_POINT('Ctrl Pts',(81.6657470599448,34.2904436448024,-20.5526450829747));
#3875=CARTESIAN_POINT('',(154.065747059945,32.900633937102,-19.9936883425659));
#3876=CARTESIAN_POINT('Ctrl Pts',(154.065747059945,32.9006339371019,-19.9936883425658));
#3877=CARTESIAN_POINT('Ctrl Pts',(154.065747059945,34.6540434490061,-20.7093644140975));
#3878=CARTESIAN_POINT('Ctrl Pts',(154.065747059945,36.4212302477049,-21.3908104707152));
#3879=CARTESIAN_POINT('Ctrl Pts',(154.065747059945,39.7910999320605,-22.6154047333764));
#3880=CARTESIAN_POINT('Ctrl Pts',(154.065747059945,41.3909460774424,-23.1654579051353));
#3881=CARTESIAN_POINT('Ctrl Pts',(154.065747059945,43.,-23.6875482257258));
#3882=CARTESIAN_POINT('',(81.6657470599448,32.9006339371019,-19.9936883425658));
#3883=CARTESIAN_POINT('',(162.865747059945,32.9006339371019,-19.9936883425658));
#3884=CARTESIAN_POINT('Ctrl Pts',(81.6657470599448,34.2904436448024,-20.5526450829747));
#3885=CARTESIAN_POINT('Ctrl Pts',(81.6657470599448,33.8262282273061,-20.3687106115449));
#3886=CARTESIAN_POINT('Ctrl Pts',(81.6657470599448,33.3629521775702,-20.1823893276406));
#3887=CARTESIAN_POINT('Ctrl Pts',(81.6657470599448,32.9006339371019,-19.9936883425658));
#3888=CARTESIAN_POINT('Ctrl Pts',(192.885518762925,32.900633937102,-19.9936883425658));
#3889=CARTESIAN_POINT('Ctrl Pts',(-57.1342529400552,32.900633937102,-19.9936883425658));
#3890=CARTESIAN_POINT('Ctrl Pts',(192.885518762925,31.6387565776747,-19.478637280496));
#3891=CARTESIAN_POINT('Ctrl Pts',(-57.1342529400552,31.6387565776747,-19.478637280496));
#3892=CARTESIAN_POINT('Ctrl Pts',(192.885518762925,30.4594632251061,-18.9805176033959));
#3893=CARTESIAN_POINT('Ctrl Pts',(-57.1342529400552,30.4594632251061,-18.9805176033959));
#3894=CARTESIAN_POINT('Ctrl Pts',(192.885518762925,29.0260847309839,-18.3465910726853));
#3895=CARTESIAN_POINT('Ctrl Pts',(-57.1342529400552,29.0260847309839,-18.3465910726853));
#3896=CARTESIAN_POINT('Ctrl Pts',(192.885518762925,28.7461393582267,-18.2227823231692));
#3897=CARTESIAN_POINT('Ctrl Pts',(-57.1342529400552,28.7461393582267,-18.2227823231692));
#3898=CARTESIAN_POINT('Ctrl Pts',(192.885518762925,28.4153475504769,-18.0755579875837));
#3899=CARTESIAN_POINT('Ctrl Pts',(-57.1342529400552,28.4153475504769,-18.0755579875837));
#3900=CARTESIAN_POINT('Ctrl Pts',(192.885518762925,28.0088558070543,-17.8920563889514));
#3901=CARTESIAN_POINT('Ctrl Pts',(-57.1342529400552,28.0088558070543,-17.8920563889514));
#3902=CARTESIAN_POINT('Ctrl Pts',(192.885518762925,27.2463335638856,-17.547832790617));
#3903=CARTESIAN_POINT('Ctrl Pts',(-57.1342529400552,27.2463335638856,-17.547832790617));
#3904=CARTESIAN_POINT('Ctrl Pts',(192.885518762925,26.295677986564,-17.1084751882374));
#3905=CARTESIAN_POINT('Ctrl Pts',(-57.1342529400552,26.295677986564,-17.1084751882374));
#3906=CARTESIAN_POINT('Ctrl Pts',(192.885518762925,25.4694336285601,-16.7162264192608));
#3907=CARTESIAN_POINT('Ctrl Pts',(-57.1342529400552,25.4694336285601,-16.7162264192608));
#3908=CARTESIAN_POINT('Ctrl Pts',(192.885518762925,24.9011838137888,-16.4464572061267));
#3909=CARTESIAN_POINT('Ctrl Pts',(-57.1342529400552,24.9011838137888,-16.4464572061267));
#3910=CARTESIAN_POINT('Ctrl Pts',(192.885518762925,24.4410310077925,-16.2246877195042));
#3911=CARTESIAN_POINT('Ctrl Pts',(-57.1342529400552,24.4410310077925,-16.2246877195042));
#3912=CARTESIAN_POINT('Ctrl Pts',(192.885518762925,23.8554669154739,-15.9378284081081));
#3913=CARTESIAN_POINT('Ctrl Pts',(-57.1342529400552,23.8554669154739,-15.9378284081081));
#3914=CARTESIAN_POINT('Ctrl Pts',(192.885518762925,22.8540457457185,-15.4472467776055));
#3915=CARTESIAN_POINT('Ctrl Pts',(-57.1342529400552,22.8540457457185,-15.4472467776055));
#3916=CARTESIAN_POINT('Ctrl Pts',(192.885518762925,21.6500907375541,-14.8397412448928));
#3917=CARTESIAN_POINT('Ctrl Pts',(-57.1342529400552,21.6500907375541,-14.8397412448928));
#3918=CARTESIAN_POINT('Ctrl Pts',(192.885518762925,20.5886970443777,-14.2863189463152));
#3919=CARTESIAN_POINT('Ctrl Pts',(-57.1342529400552,20.5886970443777,-14.2863189463152));
#3920=CARTESIAN_POINT('Ctrl Pts',(192.885518762925,19.9593066364159,-13.9581478929952));
#3921=CARTESIAN_POINT('Ctrl Pts',(-57.1342529400552,19.9593066364159,-13.9581478929952));
#3922=CARTESIAN_POINT('Ctrl Pts',(192.885518762925,19.3865236333187,-13.653446186298));
#3923=CARTESIAN_POINT('Ctrl Pts',(-57.1342529400552,19.3865236333187,-13.653446186298));
#3924=CARTESIAN_POINT('Ctrl Pts',(192.885518762925,18.9186062136017,-13.401701956756));
#3925=CARTESIAN_POINT('Ctrl Pts',(-57.1342529400552,18.9186062136017,-13.401701956756));
#3926=CARTESIAN_POINT('Ctrl Pts',(192.885518762925,18.3312722339996,-13.0857104293019));
#3927=CARTESIAN_POINT('Ctrl Pts',(-57.1342529400552,18.3312722339996,-13.0857104293019));
#3928=CARTESIAN_POINT('Ctrl Pts',(192.885518762925,17.7820702936271,-12.7850342417268));
#3929=CARTESIAN_POINT('Ctrl Pts',(-57.1342529400552,17.7820702936271,-12.7850342417268));
#3930=CARTESIAN_POINT('Ctrl Pts',(192.885518762925,17.2747259174877,-12.503614218643));
#3931=CARTESIAN_POINT('Ctrl Pts',(-57.1342529400552,17.2747259174877,-12.503614218643));
#3932=CARTESIAN_POINT('Ctrl Pts',(192.885518762925,16.6058648770406,-12.1326021442118));
#3933=CARTESIAN_POINT('Ctrl Pts',(-57.1342529400552,16.6058648770406,-12.1326021442118));
#3934=CARTESIAN_POINT('Ctrl Pts',(192.885518762925,16.0097436799601,-11.7950753638311));
#3935=CARTESIAN_POINT('Ctrl Pts',(-57.1342529400552,16.0097436799601,-11.7950753638311));
#3936=CARTESIAN_POINT('Ctrl Pts',(192.885518762925,15.4949240889782,-11.5));
#3937=CARTESIAN_POINT('Ctrl Pts',(-57.1342529400552,15.4949240889782,-11.5));
#3938=CARTESIAN_POINT('Ctrl Pts',(81.6657470599448,32.900633937102,-19.9936883425658));
#3939=CARTESIAN_POINT('Ctrl Pts',(81.6657470599448,31.6387565776747,-19.478637280496));
#3940=CARTESIAN_POINT('Ctrl Pts',(81.6657470599448,30.4594632251061,-18.9805176033959));
#3941=CARTESIAN_POINT('Ctrl Pts',(81.6657470599448,29.0260847309839,-18.3465910726853));
#3942=CARTESIAN_POINT('Ctrl Pts',(81.6657470599448,28.7461393582267,-18.2227823231692));
#3943=CARTESIAN_POINT('Ctrl Pts',(81.6657470599448,28.4153475504769,-18.0755579875837));
#3944=CARTESIAN_POINT('Ctrl Pts',(81.6657470599448,28.0088558070543,-17.8920563889514));
#3945=CARTESIAN_POINT('Ctrl Pts',(81.6657470599448,27.2463335638856,-17.547832790617));
#3946=CARTESIAN_POINT('Ctrl Pts',(81.6657470599448,26.295677986564,-17.1084751882374));
#3947=CARTESIAN_POINT('Ctrl Pts',(81.6657470599448,25.4694336285601,-16.7162264192608));
#3948=CARTESIAN_POINT('Ctrl Pts',(81.6657470599448,24.9011838137888,-16.4464572061267));
#3949=CARTESIAN_POINT('Ctrl Pts',(81.6657470599448,24.4410310077925,-16.2246877195042));
#3950=CARTESIAN_POINT('Ctrl Pts',(81.6657470599448,23.8554669154739,-15.9378284081081));
#3951=CARTESIAN_POINT('Ctrl Pts',(81.6657470599448,22.8540457457185,-15.4472467776055));
#3952=CARTESIAN_POINT('Ctrl Pts',(81.6657470599448,21.6500907375541,-14.8397412448928));
#3953=CARTESIAN_POINT('Ctrl Pts',(81.6657470599448,20.5886970443777,-14.2863189463152));
#3954=CARTESIAN_POINT('Ctrl Pts',(81.6657470599448,19.9593066364159,-13.9581478929952));
#3955=CARTESIAN_POINT('Ctrl Pts',(81.6657470599448,19.3865236333187,-13.653446186298));
#3956=CARTESIAN_POINT('Ctrl Pts',(81.6657470599448,18.9186062136017,-13.401701956756));
#3957=CARTESIAN_POINT('Ctrl Pts',(81.6657470599448,18.3312722339996,-13.0857104293019));
#3958=CARTESIAN_POINT('Ctrl Pts',(81.6657470599448,17.7820702936271,-12.7850342417268));
#3959=CARTESIAN_POINT('Ctrl Pts',(81.6657470599448,17.2747259174877,-12.503614218643));
#3960=CARTESIAN_POINT('Ctrl Pts',(81.6657470599448,16.6058648770406,-12.1326021442118));
#3961=CARTESIAN_POINT('Ctrl Pts',(81.6657470599448,16.0097436799601,-11.7950753638311));
#3962=CARTESIAN_POINT('Ctrl Pts',(81.6657470599448,15.4949240889782,-11.5));
#3963=CARTESIAN_POINT('',(154.065747059945,30.299314514415,-18.9024530296463));
#3964=CARTESIAN_POINT('Ctrl Pts',(154.065747059945,30.2990973019989,-18.9029176449613));
#3965=CARTESIAN_POINT('Ctrl Pts',(154.065747059945,31.2005226080651,-19.2917982198432));
#3966=CARTESIAN_POINT('Ctrl Pts',(154.065747059945,32.0309654960975,-19.6387222669471));
#3967=CARTESIAN_POINT('Ctrl Pts',(154.065747059945,32.900633937102,-19.9936883425658));
#3968=CARTESIAN_POINT('Ctrl Pts',(146.923803669227,15.4949240889781,-11.5));
#3969=CARTESIAN_POINT('Ctrl Pts',(147.596149598435,16.7316721348614,-12.2088577940678));
#3970=CARTESIAN_POINT('Ctrl Pts',(148.267575499372,17.9731193623843,-12.8963666400236));
#3971=CARTESIAN_POINT('Ctrl Pts',(149.036739239822,19.5175534162144,-13.7225788238749));
#3972=CARTESIAN_POINT('Ctrl Pts',(149.181602492795,19.8144836815193,-13.8801175211907));
#3973=CARTESIAN_POINT('Ctrl Pts',(149.366847019677,20.2045538502498,-14.0853375293683));
#3974=CARTESIAN_POINT('Ctrl Pts',(149.41346999307,20.3034082284598,-14.1372746656589));
#3975=CARTESIAN_POINT('Ctrl Pts',(149.68591971392,20.8778906715686,-14.4375878064126));
#3976=CARTESIAN_POINT('Ctrl Pts',(149.888305935184,21.3019161350637,-14.6565834273102));
#3977=CARTESIAN_POINT('Ctrl Pts',(150.843650367807,23.3013260248269,-15.6768557561077));
#3978=CARTESIAN_POINT('Ctrl Pts',(151.612449867209,24.9592837663841,-16.4800613573816));
#3979=CARTESIAN_POINT('Ctrl Pts',(153.130126023856,28.3355140680089,-18.0597586702444));
#3980=CARTESIAN_POINT('Ctrl Pts',(153.792655995642,29.737536474918,-18.6603739845182));
#3981=CARTESIAN_POINT('Ctrl Pts',(154.065747059945,30.299314514415,-18.9024530296463));
#3982=CARTESIAN_POINT('Origin',(154.065747059945,77.0666389685101,-30.3949711971433));
#3983=CARTESIAN_POINT('',(154.065747059945,209.425295433722,-30.3949711971433));
#3984=CARTESIAN_POINT('',(154.065747059945,156.449850383333,-30.3949711971433));
#3985=CARTESIAN_POINT('',(154.065747059918,202.366299587953,-36.0701062571795));
#3986=CARTESIAN_POINT('Ctrl Pts',(154.065747059945,202.366299587806,-36.070106257259));
#3987=CARTESIAN_POINT('Ctrl Pts',(154.065747059945,204.069545653041,-35.1483849965628));
#3988=CARTESIAN_POINT('Ctrl Pts',(154.065747059945,205.700724522212,-34.0587666953739));
#3989=CARTESIAN_POINT('Ctrl Pts',(154.065747059945,207.969012216755,-32.0578203291363));
#3990=CARTESIAN_POINT('Ctrl Pts',(154.065747059945,208.74612699326,-31.2581674634175));
#3991=CARTESIAN_POINT('Ctrl Pts',(154.065747059945,209.425295433722,-30.3949711971433));
#3992=CARTESIAN_POINT('',(154.065747059945,199.76210743147,-37.3949711971433));
#3993=CARTESIAN_POINT('Origin',(154.065747059945,175.,14.5));
#3994=CARTESIAN_POINT('',(154.065747059945,194.676431700074,-37.3949711971433));
#3995=CARTESIAN_POINT('',(154.065747059945,215.711918916235,-37.3949711971433));
#3996=CARTESIAN_POINT('',(154.065747059945,196.19141170107,-36.7949711971433));
#3997=CARTESIAN_POINT('Ctrl Pts',(154.065747059945,194.675272492888,-37.395090931018));
#3998=CARTESIAN_POINT('Ctrl Pts',(154.065747059945,195.185258647985,-37.2019121174883));
#3999=CARTESIAN_POINT('Ctrl Pts',(154.065747059945,195.690790231076,-37.0017921667128));
#4000=CARTESIAN_POINT('Ctrl Pts',(154.065747059945,196.19141170107,-36.7949711971433));
#4001=CARTESIAN_POINT('',(154.065747059945,179.590852849334,-36.7949711971433));
#4002=CARTESIAN_POINT('',(154.065747059945,128.328745908922,-36.7949711971433));
#4003=CARTESIAN_POINT('',(154.065747059945,175.,-37.));
#4004=CARTESIAN_POINT('Origin',(154.065747059945,175.,14.5000000000011));
#4005=CARTESIAN_POINT('',(154.065747059945,86.5370879821636,-37.));
#4006=CARTESIAN_POINT('',(154.065747059945,81.8018634753369,-37.));
#4007=CARTESIAN_POINT('Origin',(154.065747059945,100.000000000012,144.00000000012));
#4008=CARTESIAN_POINT('',(154.065747059945,52.3389770816588,-32.963277350894));
#4009=CARTESIAN_POINT('Ctrl Pts',(154.065747059945,56.5500582304014,-33.9152146783157));
#4010=CARTESIAN_POINT('Ctrl Pts',(154.065747059945,55.1419184112027,-33.6178245465356));
#4011=CARTESIAN_POINT('Ctrl Pts',(154.065747059945,53.7380835961129,-33.3004797322328));
#4012=CARTESIAN_POINT('Ctrl Pts',(154.065747059945,52.3389770816588,-32.963277350894));
#4013=CARTESIAN_POINT('',(154.065747059945,46.9999999999997,-31.5736674849885));
#4014=CARTESIAN_POINT('Ctrl Pts',(154.065747059945,52.3389770816588,-32.963277350894));
#4015=CARTESIAN_POINT('Ctrl Pts',(154.065747059945,52.0228243699786,-32.887080545187));
#4016=CARTESIAN_POINT('Ctrl Pts',(154.065747059945,51.7069130916982,-32.809869785358));
#4017=CARTESIAN_POINT('Ctrl Pts',(154.065747059945,49.9218212411391,-32.3675137546416));
#4018=CARTESIAN_POINT('Ctrl Pts',(154.065747059945,48.4579089442566,-31.9814778900918));
#4019=CARTESIAN_POINT('Ctrl Pts',(154.065747059945,47.,-31.5736674849886));
#4020=CARTESIAN_POINT('',(154.065747059945,43.,-30.3954607269429));
#4021=CARTESIAN_POINT('Ctrl Pts',(154.065747059945,47.,-31.5736674849886));
#4022=CARTESIAN_POINT('Ctrl Pts',(154.065747059945,46.3669226525284,-31.3965813023767));
#4023=CARTESIAN_POINT('Ctrl Pts',(154.065747059945,45.734999247698,-31.2153954200852));
#4024=CARTESIAN_POINT('Ctrl Pts',(154.065747059945,44.4013279986498,-30.8236351319254));
#4025=CARTESIAN_POINT('Ctrl Pts',(154.065747059945,43.6998865234069,-30.612076110916));
#4026=CARTESIAN_POINT('Ctrl Pts',(154.065747059945,43.,-30.3954607269429));
#4027=CARTESIAN_POINT('',(154.065747059945,32.9006339371019,-26.8763541238171));
#4028=CARTESIAN_POINT('Ctrl Pts',(154.065747059945,43.,-30.3954607269429));
#4029=CARTESIAN_POINT('Ctrl Pts',(154.065747059945,42.557810893023,-30.2586028792875));
#4030=CARTESIAN_POINT('Ctrl Pts',(154.065747059945,42.1087801862701,-30.1174462164407));
#4031=CARTESIAN_POINT('Ctrl Pts',(154.065747059945,41.6448356540323,-29.9690958047898));
#4032=CARTESIAN_POINT('Ctrl Pts',(154.065747059945,41.0975916368364,-29.7941096381614));
#4033=CARTESIAN_POINT('Ctrl Pts',(154.065747059945,40.4731957103368,-29.5899623641482));
#4034=CARTESIAN_POINT('Ctrl Pts',(154.065747059945,40.0338168872995,-29.4440558749265));
#4035=CARTESIAN_POINT('Ctrl Pts',(154.065747059945,39.575061247773,-29.2917148396639));
#4036=CARTESIAN_POINT('Ctrl Pts',(154.065747059945,39.2395612416254,-29.1787635752505));
#4037=CARTESIAN_POINT('Ctrl Pts',(154.065747059945,38.7605691071836,-29.0149938213086));
#4038=CARTESIAN_POINT('Ctrl Pts',(154.065747059945,38.3785551560645,-28.8843813826513));
#4039=CARTESIAN_POINT('Ctrl Pts',(154.065747059945,37.8595269777938,-28.7050783763953));
#4040=CARTESIAN_POINT('Ctrl Pts',(154.065747059945,37.2809367110358,-28.5005805531464));
#4041=CARTESIAN_POINT('Ctrl Pts',(154.065747059945,36.3756131306343,-28.1806016109401));
#4042=CARTESIAN_POINT('Ctrl Pts',(154.065747059945,35.2781375161434,-27.7891218394755));
#4043=CARTESIAN_POINT('Ctrl Pts',(154.065747059945,33.5341742415764,-27.1207719668488));
#4044=CARTESIAN_POINT('Ctrl Pts',(154.065747059945,33.3332253165122,-27.0437610627606));
#4045=CARTESIAN_POINT('Ctrl Pts',(154.065747059945,33.1208008472335,-26.9618585565409));
#4046=CARTESIAN_POINT('Ctrl Pts',(154.065747059945,32.9006339371019,-26.8763541238171));
#4047=CARTESIAN_POINT('',(154.065747059945,30.5378460932272,-25.9359459768669));
#4048=CARTESIAN_POINT('Ctrl Pts',(154.065747059945,32.9006339371019,-26.8763541238171));
#4049=CARTESIAN_POINT('Ctrl Pts',(154.065747059945,32.1104186264696,-26.5694646288204));
#4050=CARTESIAN_POINT('Ctrl Pts',(154.065747059945,31.3227952874326,-26.2559840700148));
#4051=CARTESIAN_POINT('Ctrl Pts',(154.065747059945,30.5378460932272,-25.935945976867));
#4052=CARTESIAN_POINT('',(154.065747059961,30.2993145144806,-24.650110521778));
#4053=CARTESIAN_POINT('Ctrl Pts',(154.065747059945,30.299314514415,-24.6501105217471));
#4054=CARTESIAN_POINT('Ctrl Pts',(154.065747059945,30.299314514415,-25.0860627985982));
#4055=CARTESIAN_POINT('Ctrl Pts',(154.065747059945,30.3935925705984,-25.5232907998653));
#4056=CARTESIAN_POINT('Ctrl Pts',(154.065747059945,30.5378460932272,-25.935945976867));
#4057=CARTESIAN_POINT('Ctrl Pts',(154.065747059945,30.299314514415,-18.9024530296463));
#4058=CARTESIAN_POINT('Ctrl Pts',(154.065747059945,30.299314514415,-20.8183388603569));
#4059=CARTESIAN_POINT('Ctrl Pts',(154.065747059961,30.2993145144806,-22.7342246910675));
#4060=CARTESIAN_POINT('Ctrl Pts',(154.065747059961,30.2993145144806,-24.650110521778));
#4061=CARTESIAN_POINT('Ctrl Pts',(192.884180994715,47.,-31.5736674849886));
#4062=CARTESIAN_POINT('Ctrl Pts',(-57.1342529400552,47.,-31.5736674849886));
#4063=CARTESIAN_POINT('Ctrl Pts',(192.884180994715,47.7326717574919,-31.7786124970948));
#4064=CARTESIAN_POINT('Ctrl Pts',(-57.1342529400552,47.7326717574919,-31.7786124970948));
#4065=CARTESIAN_POINT('Ctrl Pts',(192.884180994715,48.1198880298603,-31.8831455056917));
#4066=CARTESIAN_POINT('Ctrl Pts',(-57.1342529400552,48.1198880298603,-31.8831455056917));
#4067=CARTESIAN_POINT('Ctrl Pts',(192.884180994715,48.5948181568451,-32.0104473971421));
#4068=CARTESIAN_POINT('Ctrl Pts',(-57.1342529400552,48.5948181568451,-32.0104473971421));
#4069=CARTESIAN_POINT('Ctrl Pts',(192.884180994715,49.708895845774,-32.3090685815336));
#4070=CARTESIAN_POINT('Ctrl Pts',(-57.1342529400552,49.708895845774,-32.3090685815336));
#4071=CARTESIAN_POINT('Ctrl Pts',(192.884180994715,51.1808179424508,-32.6865687156557));
#4072=CARTESIAN_POINT('Ctrl Pts',(-57.1342529400552,51.1808179424508,-32.6865687156557));
#4073=CARTESIAN_POINT('Ctrl Pts',(192.884180994715,52.6018295111219,-33.0263811826808));
#4074=CARTESIAN_POINT('Ctrl Pts',(-57.1342529400552,52.6018295111219,-33.0263811826808));
#4075=CARTESIAN_POINT('Ctrl Pts',(192.884180994715,53.1031045923655,-33.1462531990465));
#4076=CARTESIAN_POINT('Ctrl Pts',(-57.1342529400552,53.1031045923655,-33.1462531990465));
#4077=CARTESIAN_POINT('Ctrl Pts',(192.884180994715,53.6042762978461,-33.2634062523626));
#4078=CARTESIAN_POINT('Ctrl Pts',(-57.1342529400552,53.6042762978461,-33.2634062523626));
#4079=CARTESIAN_POINT('Ctrl Pts',(192.884180994715,54.1046528806065,-33.3777120852584));
#4080=CARTESIAN_POINT('Ctrl Pts',(-57.1342529400552,54.1046528806065,-33.3777120852584));
#4081=CARTESIAN_POINT('Ctrl Pts',(192.884180994715,54.6512971485804,-33.5025872902565));
#4082=CARTESIAN_POINT('Ctrl Pts',(-57.1342529400552,54.6512971485804,-33.5025872902565));
#4083=CARTESIAN_POINT('Ctrl Pts',(192.884180994715,55.3726861980271,-33.6630528857434));
#4084=CARTESIAN_POINT('Ctrl Pts',(-57.1342529400552,55.3726861980271,-33.6630528857434));
#4085=CARTESIAN_POINT('Ctrl Pts',(192.884180994715,55.9947753044048,-33.7968601556648));
#4086=CARTESIAN_POINT('Ctrl Pts',(-57.1342529400552,55.9947753044048,-33.7968601556648));
#4087=CARTESIAN_POINT('Ctrl Pts',(192.884180994715,56.1865303490998,-33.8381054029473));
#4088=CARTESIAN_POINT('Ctrl Pts',(-57.1342529400552,56.1865303490998,-33.8381054029473));
#4089=CARTESIAN_POINT('Ctrl Pts',(192.884180994715,56.370071914706,-33.8772027185561));
#4090=CARTESIAN_POINT('Ctrl Pts',(-57.1342529400552,56.370071914706,-33.8772027185561));
#4091=CARTESIAN_POINT('Ctrl Pts',(192.884180994715,56.5500582304014,-33.9152146783157));
#4092=CARTESIAN_POINT('Ctrl Pts',(-57.1342529400552,56.5500582304014,-33.9152146783157));
#4093=CARTESIAN_POINT('',(81.6657470599448,47.,-31.5736674849886));
#4094=CARTESIAN_POINT('Ctrl Pts',(81.6657470599448,47.,-31.5736674849886));
#4095=CARTESIAN_POINT('Ctrl Pts',(81.6657470599448,48.4579089442566,-31.9814778900918));
#4096=CARTESIAN_POINT('Ctrl Pts',(81.6657470599448,49.9218212411391,-32.3675137546416));
#4097=CARTESIAN_POINT('Ctrl Pts',(81.6657470599448,53.1038611067688,-33.156041540537));
#4098=CARTESIAN_POINT('Ctrl Pts',(81.6657470599448,54.8237244655201,-33.5506240184715));
#4099=CARTESIAN_POINT('Ctrl Pts',(81.6657470599448,56.5500582304014,-33.9152146783157));
#4100=CARTESIAN_POINT('',(162.865747059945,47.,-31.5736674849886));
#4101=CARTESIAN_POINT('Ctrl Pts',(192.884180994715,43.,-30.3954607269429));
#4102=CARTESIAN_POINT('Ctrl Pts',(-57.1342529400552,43.,-30.3954607269429));
#4103=CARTESIAN_POINT('Ctrl Pts',(192.884180994715,43.7196221825846,-30.6181843116711));
#4104=CARTESIAN_POINT('Ctrl Pts',(-57.1342529400552,43.7196221825846,-30.6181843116711));
#4105=CARTESIAN_POINT('Ctrl Pts',(192.884180994715,44.4210927552271,-30.8296258599541));
#4106=CARTESIAN_POINT('Ctrl Pts',(-57.1342529400552,44.4210927552271,-30.8296258599541));
#4107=CARTESIAN_POINT('Ctrl Pts',(192.884180994715,45.1397388561909,-31.040535519028));
#4108=CARTESIAN_POINT('Ctrl Pts',(-57.1342529400552,45.1397388561909,-31.040535519028));
#4109=CARTESIAN_POINT('Ctrl Pts',(192.884180994715,45.7072749092028,-31.2070971065638));
#4110=CARTESIAN_POINT('Ctrl Pts',(-57.1342529400552,45.7072749092028,-31.2070971065638));
#4111=CARTESIAN_POINT('Ctrl Pts',(192.884180994715,46.2963647068998,-31.3757086009982));
#4112=CARTESIAN_POINT('Ctrl Pts',(-57.1342529400552,46.2963647068998,-31.3757086009982));
#4113=CARTESIAN_POINT('Ctrl Pts',(192.884180994715,46.7281813653101,-31.4973617052036));
#4114=CARTESIAN_POINT('Ctrl Pts',(-57.1342529400552,46.7281813653101,-31.4973617052036));
#4115=CARTESIAN_POINT('Ctrl Pts',(192.884180994715,46.8239592122889,-31.5243446206891));
#4116=CARTESIAN_POINT('Ctrl Pts',(-57.1342529400552,46.8239592122889,-31.5243446206891));
#4117=CARTESIAN_POINT('Ctrl Pts',(192.884180994715,46.9143370889979,-31.5497056137238));
#4118=CARTESIAN_POINT('Ctrl Pts',(-57.1342529400552,46.9143370889979,-31.5497056137238));
#4119=CARTESIAN_POINT('Ctrl Pts',(192.884180994715,47.,-31.5736674849886));
#4120=CARTESIAN_POINT('Ctrl Pts',(-57.1342529400552,47.,-31.5736674849886));
#4121=CARTESIAN_POINT('',(81.6657470599448,44.4091589978409,-30.8241357962546));
#4122=CARTESIAN_POINT('Ctrl Pts',(81.6657470599448,44.4091589978409,-30.8241357962546));
#4123=CARTESIAN_POINT('Ctrl Pts',(81.6657470599448,44.6406979948545,-30.8933491644636));
#4124=CARTESIAN_POINT('Ctrl Pts',(81.6657470599448,44.8724021756794,-30.9620111788481));
#4125=CARTESIAN_POINT('Ctrl Pts',(81.6657470599448,45.734999247698,-31.2153954200852));
#4126=CARTESIAN_POINT('Ctrl Pts',(81.6657470599448,46.3669226525284,-31.3965813023768));
#4127=CARTESIAN_POINT('Ctrl Pts',(81.6657470599448,47.,-31.5736674849886));
#4128=CARTESIAN_POINT('',(81.6657470599448,43.,-30.3954607269429));
#4129=CARTESIAN_POINT('Ctrl Pts',(81.6657470599448,43.,-30.3954607269429));
#4130=CARTESIAN_POINT('Ctrl Pts',(81.6657470599448,43.4690268447465,-30.5406248738019));
#4131=CARTESIAN_POINT('Ctrl Pts',(81.6657470599448,43.9387520136714,-30.6835182233042));
#4132=CARTESIAN_POINT('Ctrl Pts',(81.6657470599448,44.4091589978409,-30.8241357962546));
#4133=CARTESIAN_POINT('',(162.865747059945,43.,-30.3954607269429));
#4134=CARTESIAN_POINT('Ctrl Pts',(192.884180994715,32.9006339371019,-26.8763541238171));
#4135=CARTESIAN_POINT('Ctrl Pts',(-57.1342529400552,32.9006339371019,-26.8763541238171));
#4136=CARTESIAN_POINT('Ctrl Pts',(192.884180994715,33.1208008472335,-26.9618585565409));
#4137=CARTESIAN_POINT('Ctrl Pts',(-57.1342529400552,33.1208008472335,-26.9618585565409));
#4138=CARTESIAN_POINT('Ctrl Pts',(192.884180994715,33.3332253165122,-27.0437610627606));
#4139=CARTESIAN_POINT('Ctrl Pts',(-57.1342529400552,33.3332253165122,-27.0437610627606));
#4140=CARTESIAN_POINT('Ctrl Pts',(192.884180994715,33.5341742415764,-27.1207719668488));
#4141=CARTESIAN_POINT('Ctrl Pts',(-57.1342529400552,33.5341742415764,-27.1207719668488));
#4142=CARTESIAN_POINT('Ctrl Pts',(192.884180994715,35.2781375161434,-27.7891218394755));
#4143=CARTESIAN_POINT('Ctrl Pts',(-57.1342529400552,35.2781375161434,-27.7891218394755));
#4144=CARTESIAN_POINT('Ctrl Pts',(192.884180994715,36.3756131306343,-28.1806016109401));
#4145=CARTESIAN_POINT('Ctrl Pts',(-57.1342529400552,36.3756131306343,-28.1806016109401));
#4146=CARTESIAN_POINT('Ctrl Pts',(192.884180994715,37.2809367110358,-28.5005805531464));
#4147=CARTESIAN_POINT('Ctrl Pts',(-57.1342529400552,37.2809367110358,-28.5005805531464));
#4148=CARTESIAN_POINT('Ctrl Pts',(192.884180994715,37.8595269777938,-28.7050783763953));
#4149=CARTESIAN_POINT('Ctrl Pts',(-57.1342529400552,37.8595269777938,-28.7050783763953));
#4150=CARTESIAN_POINT('Ctrl Pts',(192.884180994715,38.3785551560645,-28.8843813826513));
#4151=CARTESIAN_POINT('Ctrl Pts',(-57.1342529400552,38.3785551560645,-28.8843813826513));
#4152=CARTESIAN_POINT('Ctrl Pts',(192.884180994715,38.7605691071836,-29.0149938213086));
#4153=CARTESIAN_POINT('Ctrl Pts',(-57.1342529400552,38.7605691071836,-29.0149938213086));
#4154=CARTESIAN_POINT('Ctrl Pts',(192.884180994715,39.2395612416254,-29.1787635752505));
#4155=CARTESIAN_POINT('Ctrl Pts',(-57.1342529400552,39.2395612416254,-29.1787635752505));
#4156=CARTESIAN_POINT('Ctrl Pts',(192.884180994715,39.575061247773,-29.2917148396639));
#4157=CARTESIAN_POINT('Ctrl Pts',(-57.1342529400552,39.575061247773,-29.2917148396639));
#4158=CARTESIAN_POINT('Ctrl Pts',(192.884180994715,40.0338168872995,-29.4440558749265));
#4159=CARTESIAN_POINT('Ctrl Pts',(-57.1342529400552,40.0338168872995,-29.4440558749265));
#4160=CARTESIAN_POINT('Ctrl Pts',(192.884180994715,40.4731957103368,-29.5899623641482));
#4161=CARTESIAN_POINT('Ctrl Pts',(-57.1342529400552,40.4731957103368,-29.5899623641482));
#4162=CARTESIAN_POINT('Ctrl Pts',(192.884180994715,41.0975916368364,-29.7941096381614));
#4163=CARTESIAN_POINT('Ctrl Pts',(-57.1342529400552,41.0975916368364,-29.7941096381614));
#4164=CARTESIAN_POINT('Ctrl Pts',(192.884180994715,41.6448356540323,-29.9690958047898));
#4165=CARTESIAN_POINT('Ctrl Pts',(-57.1342529400552,41.6448356540323,-29.9690958047898));
#4166=CARTESIAN_POINT('Ctrl Pts',(192.884180994715,42.1087801862701,-30.1174462164407));
#4167=CARTESIAN_POINT('Ctrl Pts',(-57.1342529400552,42.1087801862701,-30.1174462164407));
#4168=CARTESIAN_POINT('Ctrl Pts',(192.884180994715,42.557810893023,-30.2586028792875));
#4169=CARTESIAN_POINT('Ctrl Pts',(-57.1342529400552,42.557810893023,-30.2586028792875));
#4170=CARTESIAN_POINT('Ctrl Pts',(192.884180994715,43.,-30.3954607269429));
#4171=CARTESIAN_POINT('Ctrl Pts',(-57.1342529400552,43.,-30.3954607269429));
#4172=CARTESIAN_POINT('',(81.6657470599448,33.5815664986899,-27.1389253345595));
#4173=CARTESIAN_POINT('Ctrl Pts',(81.6657470599448,33.5815664986899,-27.1389253345595));
#4174=CARTESIAN_POINT('Ctrl Pts',(81.6657470599448,35.4242081557942,-27.8443877703269));
#4175=CARTESIAN_POINT('Ctrl Pts',(81.6657470599447,37.280415183963,-28.5139606557854));
#4176=CARTESIAN_POINT('Ctrl Pts',(81.6657470599447,40.4271670841106,-29.5803808421626));
#4177=CARTESIAN_POINT('Ctrl Pts',(81.6657470599448,41.7109020005625,-29.9964839660134));
#4178=CARTESIAN_POINT('Ctrl Pts',(81.6657470599448,43.,-30.3954607269429));
#4179=CARTESIAN_POINT('',(81.6657470599448,32.9006339371019,-26.8763541238171));
#4180=CARTESIAN_POINT('Ctrl Pts',(81.6657470599447,32.9006339371019,-26.8763541238171));
#4181=CARTESIAN_POINT('Ctrl Pts',(81.6657470599447,33.1208008472335,-26.9618585565409));
#4182=CARTESIAN_POINT('Ctrl Pts',(81.6657470599447,33.3332253165122,-27.0437610627606));
#4183=CARTESIAN_POINT('Ctrl Pts',(81.6657470599447,33.5341742415764,-27.1207719668488));
#4184=CARTESIAN_POINT('Ctrl Pts',(81.6657470599447,33.5511981206527,-27.1272961337153));
#4185=CARTESIAN_POINT('Ctrl Pts',(81.6657470599447,33.5681603966215,-27.1337939179303));
#4186=CARTESIAN_POINT('Ctrl Pts',(81.6657470599447,33.5850614920932,-27.1402655105226));
#4187=CARTESIAN_POINT('',(162.865747059945,32.9006339371019,-26.8763541238171));
#4188=CARTESIAN_POINT('Origin',(118.535824974363,146.344957756062,-37.3949711971433));
#4189=CARTESIAN_POINT('',(81.6657470599448,199.76210743147,-37.3949711971433));
#4190=CARTESIAN_POINT('',(80.8159078740986,199.762107432497,-37.3949711968983));
#4191=CARTESIAN_POINT('',(-140.,199.76210743147,-37.3949711971433));
#4192=CARTESIAN_POINT('',(81.6657470599448,194.676431700074,-37.3949711971433));
#4193=CARTESIAN_POINT('',(81.6657470599448,215.711918916235,-37.3949711971433));
#4194=CARTESIAN_POINT('',(75.2006868626799,194.676431700496,-37.3949711970633));
#4195=CARTESIAN_POINT('Ctrl Pts',(81.6657470599448,194.676431700074,-37.3949711971433));
#4196=CARTESIAN_POINT('Ctrl Pts',(79.5107269941898,194.676431700074,-37.3949711971433));
#4197=CARTESIAN_POINT('Ctrl Pts',(77.3557069284348,194.676431700496,-37.3949711970633));
#4198=CARTESIAN_POINT('Ctrl Pts',(75.2006868626799,194.676431700496,-37.3949711970633));
#4199=CARTESIAN_POINT('Ctrl Pts',(80.8159078737962,199.76210743147,-37.3949711971433));
#4200=CARTESIAN_POINT('Ctrl Pts',(80.5674861216505,199.76210743147,-37.3949711971433));
#4201=CARTESIAN_POINT('Ctrl Pts',(80.3206070016385,199.728915727541,-37.3949711971433));
#4202=CARTESIAN_POINT('Ctrl Pts',(79.8120970483307,199.604611732091,-37.3949711971433));
#4203=CARTESIAN_POINT('Ctrl Pts',(79.5523384540754,199.507894079803,-37.394971197587));
#4204=CARTESIAN_POINT('Ctrl Pts',(78.7629404761025,199.132433964883,-37.394971197587));
#4205=CARTESIAN_POINT('Ctrl Pts',(78.2129389133886,198.744187846548,-37.3949711971433));
#4206=CARTESIAN_POINT('Ctrl Pts',(76.7843487616745,197.376407042454,-37.3949711971433));
#4207=CARTESIAN_POINT('Ctrl Pts',(75.9304018666937,196.185705297897,-37.3949711971433));
#4208=CARTESIAN_POINT('Ctrl Pts',(75.2006868627823,194.676431700446,-37.3949711971433));
#4209=CARTESIAN_POINT('Origin',(154.065747059945,209.425295433722,-30.3949711971433));
#4210=CARTESIAN_POINT('',(150.835162162204,209.425295433722,-31.5559337577797));
#4211=CARTESIAN_POINT('Ctrl Pts',(154.065747059945,209.425295433722,-30.3949711971433));
#4212=CARTESIAN_POINT('Ctrl Pts',(153.967970442133,209.425295433722,-30.4821673413799));
#4213=CARTESIAN_POINT('Ctrl Pts',(153.866177614875,209.425295433722,-30.5650241451194));
#4214=CARTESIAN_POINT('Ctrl Pts',(153.467141592876,209.425295433722,-30.8607992443208));
#4215=CARTESIAN_POINT('Ctrl Pts',(153.148979786835,209.425295433553,-31.039567887416));
#4216=CARTESIAN_POINT('Ctrl Pts',(152.185627619576,209.425295433553,-31.4387612327274));
#4217=CARTESIAN_POINT('Ctrl Pts',(151.514529342202,209.425295433722,-31.5559337577795));
#4218=CARTESIAN_POINT('Ctrl Pts',(150.835162162204,209.425295433722,-31.5559337577795));
#4219=CARTESIAN_POINT('',(81.6657470599448,209.425295433722,-30.3949711971433));
#4220=CARTESIAN_POINT('',(158.465747059945,209.425295433722,-30.3949711971433));
#4221=CARTESIAN_POINT('',(84.8963319576855,209.425295433722,-31.5559337577795));
#4222=CARTESIAN_POINT('Ctrl Pts',(84.8963319576855,209.425295433722,-31.5559337577795));
#4223=CARTESIAN_POINT('Ctrl Pts',(84.47502479301,209.425295433722,-31.5559337577795));
#4224=CARTESIAN_POINT('Ctrl Pts',(84.0551819704627,209.425295433722,-31.5108713541146));
#4225=CARTESIAN_POINT('Ctrl Pts',(83.2502940673235,209.425295433722,-31.3195330801751));
#4226=CARTESIAN_POINT('Ctrl Pts',(82.8694885006666,209.425295433722,-31.1779809865094));
#4227=CARTESIAN_POINT('Ctrl Pts',(82.205427443109,209.425295433722,-30.8216891619752));
#4228=CARTESIAN_POINT('Ctrl Pts',(81.9223657944657,209.425295433722,-30.6238210458075));
#4229=CARTESIAN_POINT('Ctrl Pts',(81.6657470599448,209.425295433722,-30.3949711971433));
#4230=CARTESIAN_POINT('',(-140.,209.425295433722,-31.5559337577795));
#4231=CARTESIAN_POINT('Origin',(81.6657470599448,209.425295433722,-30.3949711971433));
#4232=CARTESIAN_POINT('',(81.6657470599448,202.366299587806,-36.070106257259));
#4233=CARTESIAN_POINT('Ctrl Pts',(81.6657470599448,209.425295433722,-30.3949711971433));
#4234=CARTESIAN_POINT('Ctrl Pts',(81.6657470599448,208.74580090268,-31.2585819116668));
#4235=CARTESIAN_POINT('Ctrl Pts',(81.6657470599447,207.968263741389,-32.0585914069924));
#4236=CARTESIAN_POINT('Ctrl Pts',(81.6657470599447,205.69981875901,-34.0593709712031));
#4237=CARTESIAN_POINT('Ctrl Pts',(81.6657470599448,204.069075862754,-35.1486392262391));
#4238=CARTESIAN_POINT('Ctrl Pts',(81.6657470599448,202.366299587806,-36.0701062572591));
#4239=CARTESIAN_POINT('',(81.6657470599448,222.629178615939,-30.3949711971433));
#4240=CARTESIAN_POINT('',(81.6657470599448,11.9403510540003,-11.5));
#4241=CARTESIAN_POINT('',(81.6657470599448,30.7912860179074,-11.5));
#4242=CARTESIAN_POINT('',(81.6657470599448,11.9403510540003,-16.8323549141533));
#4243=CARTESIAN_POINT('',(81.6657470599448,11.9403510540003,-11.5));
#4244=CARTESIAN_POINT('Ctrl Pts',(81.6657470599448,11.9403510540002,-16.8323549141533));
#4245=CARTESIAN_POINT('Ctrl Pts',(81.6657470599448,13.0039356097121,-17.4459817281817));
#4246=CARTESIAN_POINT('Ctrl Pts',(81.6657470599448,14.3395086884836,-18.2050998920925));
#4247=CARTESIAN_POINT('Ctrl Pts',(81.6657470599448,16.2363548091136,-19.2192952928772));
#4248=CARTESIAN_POINT('Ctrl Pts',(81.6657470599448,17.3113047178964,-19.7940436826935));
#4249=CARTESIAN_POINT('Ctrl Pts',(81.6657470599448,18.4935965966652,-20.406985580538));
#4250=CARTESIAN_POINT('Ctrl Pts',(81.6657470599448,19.5320004951949,-20.9300299558934));
#4251=CARTESIAN_POINT('Ctrl Pts',(81.6657470599448,20.6593907021374,-21.4978967632185));
#4252=CARTESIAN_POINT('Ctrl Pts',(81.6657470599448,21.6310264060942,-21.9684214726451));
#4253=CARTESIAN_POINT('Ctrl Pts',(81.6657470599448,22.1637637803435,-22.2240139349872));
#4254=CARTESIAN_POINT('Ctrl Pts',(81.6657470599448,22.4019772142824,-22.3383020647232));
#4255=CARTESIAN_POINT('Ctrl Pts',(81.6657470599448,22.5467006454646,-22.4072318944892));
#4256=CARTESIAN_POINT('Ctrl Pts',(81.6657470599448,22.7313387215677,-22.4948793770927));
#4257=CARTESIAN_POINT('Ctrl Pts',(81.6657470599448,24.0478249819329,-23.1198138924344));
#4258=CARTESIAN_POINT('Ctrl Pts',(81.6657470599448,25.6980930340794,-23.8656096036948));
#4259=CARTESIAN_POINT('Ctrl Pts',(81.6657470599448,26.2350309341074,-24.1040207768609));
#4260=CARTESIAN_POINT('Ctrl Pts',(81.6657470599448,26.4024118542209,-24.1783412551281));
#4261=CARTESIAN_POINT('Ctrl Pts',(81.6657470599448,26.5338170106443,-24.2363960160321));
#4262=CARTESIAN_POINT('Ctrl Pts',(81.6657470599448,26.6803335174182,-24.3008919657908));
#4263=CARTESIAN_POINT('Ctrl Pts',(81.6657470599448,28.1090932768963,-24.9298259998704));
#4264=CARTESIAN_POINT('Ctrl Pts',(81.6657470599448,29.4344771512999,-25.4885015965241));
#4265=CARTESIAN_POINT('Ctrl Pts',(81.6657470599448,30.777148696348,-26.0332772386721));
#4266=CARTESIAN_POINT('Ctrl Pts',(81.6657470599448,31.4872461692564,-26.3213922346426));
#4267=CARTESIAN_POINT('Ctrl Pts',(81.6657470599448,32.2297910599633,-26.6158243302062));
#4268=CARTESIAN_POINT('Ctrl Pts',(81.6657470599448,32.9006339371019,-26.8763541238171));
#4269=CARTESIAN_POINT('',(81.6657470599448,86.5370879821636,-37.));
#4270=CARTESIAN_POINT('Origin',(81.6657470599448,100.000000000012,144.00000000012));
#4271=CARTESIAN_POINT('',(81.6657470599448,175.,-37.));
#4272=CARTESIAN_POINT('',(81.6657470599448,147.981191707943,-37.));
#4273=CARTESIAN_POINT('',(81.6657470599448,179.590852849334,-36.7949711971433));
#4274=CARTESIAN_POINT('Origin',(81.6657470599448,175.,14.5000000000011));
#4275=CARTESIAN_POINT('',(81.6657470599448,196.19141170107,-36.7949711971433));
#4276=CARTESIAN_POINT('',(81.6657470599448,194.508074141528,-36.7949711971433));
#4277=CARTESIAN_POINT('Ctrl Pts',(81.6657470599448,196.19141170107,-36.7949711971433));
#4278=CARTESIAN_POINT('Ctrl Pts',(81.6657470599448,195.690790231076,-37.0017921667128));
#4279=CARTESIAN_POINT('Ctrl Pts',(81.6657470599448,195.185258647985,-37.2019121174883));
#4280=CARTESIAN_POINT('Ctrl Pts',(81.6657470599448,194.675272492888,-37.395090931018));
#4281=CARTESIAN_POINT('Origin',(81.6657470599448,175.,14.5));
#4282=CARTESIAN_POINT('Origin',(118.535824974363,146.344957756062,-37.3949711971433));
#4283=CARTESIAN_POINT('',(160.53080725721,194.676431700496,-37.3949711970633));
#4284=CARTESIAN_POINT('Ctrl Pts',(160.53080725721,194.676431700496,-37.3949711970633));
#4285=CARTESIAN_POINT('Ctrl Pts',(158.375787191455,194.676431700496,-37.3949711970633));
#4286=CARTESIAN_POINT('Ctrl Pts',(156.2207671257,194.67643170009,-37.3949711971402));
#4287=CARTESIAN_POINT('Ctrl Pts',(154.065747059945,194.676431700074,-37.3949711971433));
#4288=CARTESIAN_POINT('',(154.915586246092,199.762107431475,-37.3949711971421));
#4289=CARTESIAN_POINT('',(-140.,199.76210743147,-37.3949711971433));
#4290=CARTESIAN_POINT('Ctrl Pts',(160.530807257107,194.676431700446,-37.3949711971433));
#4291=CARTESIAN_POINT('Ctrl Pts',(160.152051867751,195.459813576909,-37.3949711971433));
#4292=CARTESIAN_POINT('Ctrl Pts',(159.709526947236,196.220292239297,-37.3949711964986));
#4293=CARTESIAN_POINT('Ctrl Pts',(158.734266539828,197.547494660014,-37.3949711964986));
#4294=CARTESIAN_POINT('Ctrl Pts',(158.195420753112,198.149297101836,-37.3949711971309));
#4295=CARTESIAN_POINT('Ctrl Pts',(157.073018942763,199.062006589541,-37.3949711971309));
#4296=CARTESIAN_POINT('Ctrl Pts',(156.555043526406,199.36418001759,-37.394971197144));
#4297=CARTESIAN_POINT('Ctrl Pts',(155.68557393085,199.68154747254,-37.394971197144));
#4298=CARTESIAN_POINT('Ctrl Pts',(155.302881741405,199.76210743147,-37.3949711971433));
#4299=CARTESIAN_POINT('Ctrl Pts',(154.915586246093,199.76210743147,-37.3949711971433));
#4300=CARTESIAN_POINT('Origin',(162.865747059945,235.833061798156,-30.3949711971433));
#4301=CARTESIAN_POINT('Origin',(162.865747059945,100.000000000012,144.00000000012));
#4302=CARTESIAN_POINT('',(162.865747059945,86.5370879821636,-37.));
#4303=CARTESIAN_POINT('Origin',(162.865747059945,86.5370879821636,-37.));
#4304=CARTESIAN_POINT('',(162.865747059945,175.,-37.));
#4305=CARTESIAN_POINT('Ctrl Pts',(132.396490674122,208.260033377895,-1.00000000000001));
#4306=CARTESIAN_POINT('Ctrl Pts',(132.396490674122,208.260033377895,-11.5));
#4307=CARTESIAN_POINT('Ctrl Pts',(132.329463705761,209.460161910593,-1.00000000000001));
#4308=CARTESIAN_POINT('Ctrl Pts',(132.329463705761,209.460161910593,-11.5));
#4309=CARTESIAN_POINT('Ctrl Pts',(131.871440045714,210.621754612206,-1.00000000000001));
#4310=CARTESIAN_POINT('Ctrl Pts',(131.871440045714,210.621754612206,-11.5));
#4311=CARTESIAN_POINT('Ctrl Pts',(131.120290828145,211.539930517953,-1.00000000000001));
#4312=CARTESIAN_POINT('Ctrl Pts',(131.120290828145,211.539930517953,-11.5));
#4313=CARTESIAN_POINT('Ctrl Pts',(130.030219495604,212.872391778213,-1.00000000000001));
#4314=CARTESIAN_POINT('Ctrl Pts',(130.030219495604,212.872391778213,-11.5));
#4315=CARTESIAN_POINT('Ctrl Pts',(128.345320218418,213.643999999998,-1.00000000000001));
#4316=CARTESIAN_POINT('Ctrl Pts',(128.345320218418,213.643999999998,-11.5));
#4317=CARTESIAN_POINT('Ctrl Pts',(126.666818533716,213.643999999998,-1.00000000000001));
#4318=CARTESIAN_POINT('Ctrl Pts',(126.666818533716,213.643999999998,-11.5));
#4319=CARTESIAN_POINT('',(132.396490674122,208.260033377895,-1.00000000000001));
#4320=CARTESIAN_POINT('',(132.396490674122,208.260033377895,-1.00000000000001));
#4321=CARTESIAN_POINT('Ctrl Pts',(126.666818533716,213.643999999998,-1.00000000000001));
#4322=CARTESIAN_POINT('Ctrl Pts',(128.345320218418,213.643999999998,-1.00000000000001));
#4323=CARTESIAN_POINT('Ctrl Pts',(130.030219495604,212.872391778213,-1.00000000000001));
#4324=CARTESIAN_POINT('Ctrl Pts',(131.120290828145,211.539930517953,-1.00000000000001));
#4325=CARTESIAN_POINT('Ctrl Pts',(131.871440045714,210.621754612206,-1.00000000000001));
#4326=CARTESIAN_POINT('Ctrl Pts',(132.329463705761,209.460161910593,-1.00000000000001));
#4327=CARTESIAN_POINT('Ctrl Pts',(132.396490674122,208.260033377895,-1.00000000000001));
#4328=CARTESIAN_POINT('Ctrl Pts',(132.454849510433,207.545713798604,-1.00000000000001));
#4329=CARTESIAN_POINT('Ctrl Pts',(132.454849510433,207.545713798604,-11.5));
#4330=CARTESIAN_POINT('Ctrl Pts',(132.430279908965,207.774098707125,-1.00000000000001));
#4331=CARTESIAN_POINT('Ctrl Pts',(132.430279908965,207.774098707125,-11.5));
#4332=CARTESIAN_POINT('Ctrl Pts',(132.410003210125,208.018089270865,-1.00000000000001));
#4333=CARTESIAN_POINT('Ctrl Pts',(132.410003210125,208.018089270865,-11.5));
#4334=CARTESIAN_POINT('Ctrl Pts',(132.396490674122,208.260033377895,-1.00000000000001));
#4335=CARTESIAN_POINT('Ctrl Pts',(132.396490674122,208.260033377895,-11.5));
#4336=CARTESIAN_POINT('',(132.454849510433,207.545713798604,-1.00000000000001));
#4337=CARTESIAN_POINT('',(132.454849510433,207.545713798604,-1.00000000000001));
#4338=CARTESIAN_POINT('Ctrl Pts',(132.396490674122,208.260033377895,-1.00000000000001));
#4339=CARTESIAN_POINT('Ctrl Pts',(132.410003210125,208.018089270865,-1.00000000000001));
#4340=CARTESIAN_POINT('Ctrl Pts',(132.430279908965,207.774098707125,-1.00000000000001));
#4341=CARTESIAN_POINT('Ctrl Pts',(132.454849510433,207.545713798604,-1.00000000000001));
#4342=CARTESIAN_POINT('Ctrl Pts',(133.909596912754,206.673777852202,-1.00000000000001));
#4343=CARTESIAN_POINT('Ctrl Pts',(133.909596912754,206.673777852202,-11.5));
#4344=CARTESIAN_POINT('Ctrl Pts',(133.726619309384,206.839970470563,-1.00000000000001));
#4345=CARTESIAN_POINT('Ctrl Pts',(133.726619309384,206.839970470563,-11.5));
#4346=CARTESIAN_POINT('Ctrl Pts',(133.590863932514,206.938319544406,-1.00000000000001));
#4347=CARTESIAN_POINT('Ctrl Pts',(133.590863932514,206.938319544406,-11.5));
#4348=CARTESIAN_POINT('Ctrl Pts',(133.46520421429,207.024148764624,-1.00000000000001));
#4349=CARTESIAN_POINT('Ctrl Pts',(133.46520421429,207.024148764624,-11.5));
#4350=CARTESIAN_POINT('Ctrl Pts',(133.217179935222,207.19355651731,-1.00000000000001));
#4351=CARTESIAN_POINT('Ctrl Pts',(133.217179935222,207.19355651731,-11.5));
#4352=CARTESIAN_POINT('Ctrl Pts',(133.03941495697,207.283704668271,-1.00000000000001));
#4353=CARTESIAN_POINT('Ctrl Pts',(133.03941495697,207.283704668271,-11.5));
#4354=CARTESIAN_POINT('Ctrl Pts',(132.894460373195,207.354469212584,-1.00000000000001));
#4355=CARTESIAN_POINT('Ctrl Pts',(132.894460373195,207.354469212584,-11.5));
#4356=CARTESIAN_POINT('Ctrl Pts',(132.714266846043,207.44243685393,-1.00000000000001));
#4357=CARTESIAN_POINT('Ctrl Pts',(132.714266846043,207.44243685393,-11.5));
#4358=CARTESIAN_POINT('Ctrl Pts',(132.574617466482,207.499151334404,-1.00000000000001));
#4359=CARTESIAN_POINT('Ctrl Pts',(132.574617466482,207.499151334404,-11.5));
#4360=CARTESIAN_POINT('Ctrl Pts',(132.454849510433,207.545713798604,-1.00000000000001));
#4361=CARTESIAN_POINT('Ctrl Pts',(132.454849510433,207.545713798604,-11.5));
#4362=CARTESIAN_POINT('',(133.909596912754,206.673777852203,-1.00000000000001));
#4363=CARTESIAN_POINT('',(133.909596912754,206.673777852203,-1.00000000000001));
#4364=CARTESIAN_POINT('Ctrl Pts',(132.454849510433,207.545713798604,-1.00000000000001));
#4365=CARTESIAN_POINT('Ctrl Pts',(132.574617466482,207.499151334404,-1.00000000000001));
#4366=CARTESIAN_POINT('Ctrl Pts',(132.714266846043,207.44243685393,-1.00000000000001));
#4367=CARTESIAN_POINT('Ctrl Pts',(132.894460373195,207.354469212584,-1.00000000000001));
#4368=CARTESIAN_POINT('Ctrl Pts',(133.03941495697,207.283704668271,-1.00000000000001));
#4369=CARTESIAN_POINT('Ctrl Pts',(133.217179935222,207.19355651731,-1.00000000000001));
#4370=CARTESIAN_POINT('Ctrl Pts',(133.465204214289,207.024148764624,-1.00000000000001));
#4371=CARTESIAN_POINT('Ctrl Pts',(133.590863932514,206.938319544406,-1.00000000000001));
#4372=CARTESIAN_POINT('Ctrl Pts',(133.726619309384,206.839970470563,-1.00000000000001));
#4373=CARTESIAN_POINT('Ctrl Pts',(133.909596912754,206.673777852202,-1.00000000000001));
#4374=CARTESIAN_POINT('Ctrl Pts',(135.921794499897,205.228848135427,-1.00000000000001));
#4375=CARTESIAN_POINT('Ctrl Pts',(135.921794499897,205.228848135427,-11.5));
#4376=CARTESIAN_POINT('Ctrl Pts',(135.669920879867,205.527751227251,-1.00000000000001));
#4377=CARTESIAN_POINT('Ctrl Pts',(135.669920879867,205.527751227251,-11.5));
#4378=CARTESIAN_POINT('Ctrl Pts',(135.418683117155,205.743071536814,-1.00000000000001));
#4379=CARTESIAN_POINT('Ctrl Pts',(135.418683117155,205.743071536814,-11.5));
#4380=CARTESIAN_POINT('Ctrl Pts',(135.221147360075,205.895029875399,-1.00000000000001));
#4381=CARTESIAN_POINT('Ctrl Pts',(135.221147360075,205.895029875399,-11.5));
#4382=CARTESIAN_POINT('Ctrl Pts',(134.818603225446,206.204695015571,-1.00000000000001));
#4383=CARTESIAN_POINT('Ctrl Pts',(134.818603225446,206.204695015571,-11.5));
#4384=CARTESIAN_POINT('Ctrl Pts',(134.561740043626,206.334797575602,-1.00000000000001));
#4385=CARTESIAN_POINT('Ctrl Pts',(134.561740043626,206.334797575602,-11.5));
#4386=CARTESIAN_POINT('Ctrl Pts',(134.345369392275,206.450743053733,-1.00000000000001));
#4387=CARTESIAN_POINT('Ctrl Pts',(134.345369392275,206.450743053733,-11.5));
#4388=CARTESIAN_POINT('Ctrl Pts',(134.176505244976,206.54123145489,-1.00000000000001));
#4389=CARTESIAN_POINT('Ctrl Pts',(134.176505244976,206.54123145489,-11.5));
#4390=CARTESIAN_POINT('Ctrl Pts',(134.027888878001,206.614910975431,-1.00000000000001));
#4391=CARTESIAN_POINT('Ctrl Pts',(134.027888878001,206.614910975431,-11.5));
#4392=CARTESIAN_POINT('Ctrl Pts',(133.909596912754,206.673777852203,-1.00000000000001));
#4393=CARTESIAN_POINT('Ctrl Pts',(133.909596912754,206.673777852203,-11.5));
#4394=CARTESIAN_POINT('',(135.921794499897,205.228848135426,-1.00000000000001));
#4395=CARTESIAN_POINT('',(135.921794499897,205.228848135426,-1.00000000000001));
#4396=CARTESIAN_POINT('Ctrl Pts',(133.909596912754,206.673777852203,-1.00000000000001));
#4397=CARTESIAN_POINT('Ctrl Pts',(134.027888878001,206.614910975431,-1.00000000000001));
#4398=CARTESIAN_POINT('Ctrl Pts',(134.176505244975,206.54123145489,-1.00000000000001));
#4399=CARTESIAN_POINT('Ctrl Pts',(134.345369392275,206.450743053733,-1.00000000000001));
#4400=CARTESIAN_POINT('Ctrl Pts',(134.561740043626,206.334797575602,-1.00000000000001));
#4401=CARTESIAN_POINT('Ctrl Pts',(134.818603225446,206.204695015571,-1.00000000000001));
#4402=CARTESIAN_POINT('Ctrl Pts',(135.221147360075,205.895029875399,-1.00000000000001));
#4403=CARTESIAN_POINT('Ctrl Pts',(135.418683117155,205.743071536814,-1.00000000000001));
#4404=CARTESIAN_POINT('Ctrl Pts',(135.669920879867,205.527751227251,-1.00000000000001));
#4405=CARTESIAN_POINT('Ctrl Pts',(135.921794499897,205.228848135427,-1.00000000000001));
#4406=CARTESIAN_POINT('Ctrl Pts',(137.948307588424,203.382653002501,-1.00000000000001));
#4407=CARTESIAN_POINT('Ctrl Pts',(137.948307588424,203.382653002501,-11.5));
#4408=CARTESIAN_POINT('Ctrl Pts',(137.724382772416,203.742596688502,-1.00000000000001));
#4409=CARTESIAN_POINT('Ctrl Pts',(137.724382772416,203.742596688502,-11.5));
#4410=CARTESIAN_POINT('Ctrl Pts',(137.465618904983,204.03744933931,-1.00000000000001));
#4411=CARTESIAN_POINT('Ctrl Pts',(137.465618904983,204.03744933931,-11.5));
#4412=CARTESIAN_POINT('Ctrl Pts',(137.22208055897,204.270177074213,-1.00000000000001));
#4413=CARTESIAN_POINT('Ctrl Pts',(137.22208055897,204.270177074213,-11.5));
#4414=CARTESIAN_POINT('Ctrl Pts',(136.779491924091,204.693119301485,-1.00000000000001));
#4415=CARTESIAN_POINT('Ctrl Pts',(136.779491924091,204.693119301485,-11.5));
#4416=CARTESIAN_POINT('Ctrl Pts',(136.46869026976,204.880613882827,-1.00000000000001));
#4417=CARTESIAN_POINT('Ctrl Pts',(136.46869026976,204.880613882827,-11.5));
#4418=CARTESIAN_POINT('Ctrl Pts',(136.229543724897,205.035053783376,-1.00000000000001));
#4419=CARTESIAN_POINT('Ctrl Pts',(136.229543724897,205.035053783376,-11.5));
#4420=CARTESIAN_POINT('Ctrl Pts',(136.111664039714,205.111180021649,-1.00000000000001));
#4421=CARTESIAN_POINT('Ctrl Pts',(136.111664039714,205.111180021649,-11.5));
#4422=CARTESIAN_POINT('Ctrl Pts',(136.008435946962,205.175078345437,-1.00000000000001));
#4423=CARTESIAN_POINT('Ctrl Pts',(136.008435946962,205.175078345437,-11.5));
#4424=CARTESIAN_POINT('Ctrl Pts',(135.921794499897,205.228848135426,-1.00000000000001));
#4425=CARTESIAN_POINT('Ctrl Pts',(135.921794499897,205.228848135426,-11.5));
#4426=CARTESIAN_POINT('',(137.948307588424,203.3826530025,-1.00000000000001));
#4427=CARTESIAN_POINT('',(137.948307588424,203.3826530025,-1.00000000000001));
#4428=CARTESIAN_POINT('Ctrl Pts',(135.921794499897,205.228848135426,-1.00000000000001));
#4429=CARTESIAN_POINT('Ctrl Pts',(136.008435946962,205.175078345437,-1.00000000000001));
#4430=CARTESIAN_POINT('Ctrl Pts',(136.111664039714,205.111180021649,-1.00000000000001));
#4431=CARTESIAN_POINT('Ctrl Pts',(136.229543724897,205.035053783376,-1.00000000000001));
#4432=CARTESIAN_POINT('Ctrl Pts',(136.46869026976,204.880613882827,-1.00000000000001));
#4433=CARTESIAN_POINT('Ctrl Pts',(136.779491924091,204.693119301485,-1.00000000000001));
#4434=CARTESIAN_POINT('Ctrl Pts',(137.22208055897,204.270177074213,-1.00000000000001));
#4435=CARTESIAN_POINT('Ctrl Pts',(137.465618904983,204.03744933931,-1.00000000000001));
#4436=CARTESIAN_POINT('Ctrl Pts',(137.724382772416,203.742596688502,-1.00000000000001));
#4437=CARTESIAN_POINT('Ctrl Pts',(137.948307588424,203.382653002501,-1.00000000000001));
#4438=CARTESIAN_POINT('Ctrl Pts',(139.937367852056,201.169386695771,-1.00000000000001));
#4439=CARTESIAN_POINT('Ctrl Pts',(139.937367852056,201.169386695771,-11.5));
#4440=CARTESIAN_POINT('Ctrl Pts',(139.788314820973,201.460281771242,-1.00000000000001));
#4441=CARTESIAN_POINT('Ctrl Pts',(139.788314820973,201.460281771242,-11.5));
#4442=CARTESIAN_POINT('Ctrl Pts',(139.61908879281,201.715861332413,-1.00000000000001));
#4443=CARTESIAN_POINT('Ctrl Pts',(139.61908879281,201.715861332413,-11.5));
#4444=CARTESIAN_POINT('Ctrl Pts',(139.440447146948,201.945909874268,-1.00000000000001));
#4445=CARTESIAN_POINT('Ctrl Pts',(139.440447146948,201.945909874268,-11.5));
#4446=CARTESIAN_POINT('Ctrl Pts',(139.020770057492,202.486355535822,-1.00000000000001));
#4447=CARTESIAN_POINT('Ctrl Pts',(139.020770057492,202.486355535822,-11.5));
#4448=CARTESIAN_POINT('Ctrl Pts',(138.62801723274,202.812970035135,-1.00000000000001));
#4449=CARTESIAN_POINT('Ctrl Pts',(138.62801723274,202.812970035135,-11.5));
#4450=CARTESIAN_POINT('Ctrl Pts',(138.351271940547,203.047127819819,-1.00000000000001));
#4451=CARTESIAN_POINT('Ctrl Pts',(138.351271940547,203.047127819819,-11.5));
#4452=CARTESIAN_POINT('Ctrl Pts',(138.184443898974,203.188283191708,-1.00000000000001));
#4453=CARTESIAN_POINT('Ctrl Pts',(138.184443898974,203.188283191708,-11.5));
#4454=CARTESIAN_POINT('Ctrl Pts',(138.047159082877,203.299702447881,-1.00000000000001));
#4455=CARTESIAN_POINT('Ctrl Pts',(138.047159082877,203.299702447881,-11.5));
#4456=CARTESIAN_POINT('Ctrl Pts',(137.948307588424,203.382653002501,-1.00000000000001));
#4457=CARTESIAN_POINT('Ctrl Pts',(137.948307588424,203.382653002501,-11.5));
#4458=CARTESIAN_POINT('',(139.937367852056,201.169386695771,-1.00000000000001));
#4459=CARTESIAN_POINT('',(139.937367852056,201.169386695771,-1.00000000000001));
#4460=CARTESIAN_POINT('Ctrl Pts',(137.948307588424,203.382653002501,-1.00000000000001));
#4461=CARTESIAN_POINT('Ctrl Pts',(138.047159082877,203.299702447881,-1.00000000000001));
#4462=CARTESIAN_POINT('Ctrl Pts',(138.184443898974,203.188283191708,-1.00000000000001));
#4463=CARTESIAN_POINT('Ctrl Pts',(138.351271940547,203.047127819819,-1.00000000000001));
#4464=CARTESIAN_POINT('Ctrl Pts',(138.62801723274,202.812970035135,-1.00000000000001));
#4465=CARTESIAN_POINT('Ctrl Pts',(139.020770057492,202.486355535822,-1.00000000000001));
#4466=CARTESIAN_POINT('Ctrl Pts',(139.440447146948,201.945909874268,-1.00000000000001));
#4467=CARTESIAN_POINT('Ctrl Pts',(139.61908879281,201.715861332413,-1.00000000000001));
#4468=CARTESIAN_POINT('Ctrl Pts',(139.788314820973,201.460281771242,-1.00000000000001));
#4469=CARTESIAN_POINT('Ctrl Pts',(139.937367852056,201.169386695771,-1.00000000000001));
#4470=CARTESIAN_POINT('Ctrl Pts',(163.248925434041,70.531098876483,-1.00000000000001));
#4471=CARTESIAN_POINT('Ctrl Pts',(163.248925434041,70.531098876483,-11.5));
#4472=CARTESIAN_POINT('Ctrl Pts',(163.234348208105,70.6730132078139,-1.00000000000001));
#4473=CARTESIAN_POINT('Ctrl Pts',(163.234348208105,70.6730132078139,-11.5));
#4474=CARTESIAN_POINT('Ctrl Pts',(163.219761571783,70.8099706125172,-1.00000000000001));
#4475=CARTESIAN_POINT('Ctrl Pts',(163.219761571783,70.8099706125172,-11.5));
#4476=CARTESIAN_POINT('Ctrl Pts',(163.205444625548,70.9402286410935,-1.00000000000001));
#4477=CARTESIAN_POINT('Ctrl Pts',(163.205444625548,70.9402286410935,-11.5));
#4478=CARTESIAN_POINT('Ctrl Pts',(163.136299455185,71.5693232419007,-1.00000000000001));
#4479=CARTESIAN_POINT('Ctrl Pts',(163.136299455185,71.5693232419007,-11.5));
#4480=CARTESIAN_POINT('Ctrl Pts',(163.082420308017,71.9827530639923,-1.00000000000001));
#4481=CARTESIAN_POINT('Ctrl Pts',(163.082420308017,71.9827530639923,-11.5));
#4482=CARTESIAN_POINT('Ctrl Pts',(163.022237727672,72.4082149379055,-1.00000000000001));
#4483=CARTESIAN_POINT('Ctrl Pts',(163.022237727672,72.4082149379055,-11.5));
#4484=CARTESIAN_POINT('Ctrl Pts',(162.987094118001,72.6566633417599,-1.00000000000001));
#4485=CARTESIAN_POINT('Ctrl Pts',(162.987094118001,72.6566633417599,-11.5));
#4486=CARTESIAN_POINT('Ctrl Pts',(162.954693922691,72.9099847367426,-1.00000000000001));
#4487=CARTESIAN_POINT('Ctrl Pts',(162.954693922691,72.9099847367426,-11.5));
#4488=CARTESIAN_POINT('Ctrl Pts',(162.916145942879,73.2681733179223,-1.00000000000001));
#4489=CARTESIAN_POINT('Ctrl Pts',(162.916145942879,73.2681733179223,-11.5));
#4490=CARTESIAN_POINT('Ctrl Pts',(162.866517027798,73.7293261660001,-1.00000000000001));
#4491=CARTESIAN_POINT('Ctrl Pts',(162.866517027798,73.7293261660001,-11.5));
#4492=CARTESIAN_POINT('Ctrl Pts',(162.809570667532,74.4019696465709,-1.00000000000001));
#4493=CARTESIAN_POINT('Ctrl Pts',(162.809570667532,74.4019696465709,-11.5));
#4494=CARTESIAN_POINT('Ctrl Pts',(162.756152229962,75.0478174776571,-1.00000000000001));
#4495=CARTESIAN_POINT('Ctrl Pts',(162.756152229962,75.0478174776571,-11.5));
#4496=CARTESIAN_POINT('Ctrl Pts',(162.719565271256,75.4901667675521,-1.00000000000001));
#4497=CARTESIAN_POINT('Ctrl Pts',(162.719565271256,75.4901667675521,-11.5));
#4498=CARTESIAN_POINT('Ctrl Pts',(162.678016262293,75.9735153453941,-1.00000000000001));
#4499=CARTESIAN_POINT('Ctrl Pts',(162.678016262293,75.9735153453941,-11.5));
#4500=CARTESIAN_POINT('Ctrl Pts',(162.629304637826,76.4246051326975,-1.00000000000001));
#4501=CARTESIAN_POINT('Ctrl Pts',(162.629304637826,76.4246051326975,-11.5));
#4502=CARTESIAN_POINT('Ctrl Pts',(162.587477083372,76.8119455847786,-1.00000000000001));
#4503=CARTESIAN_POINT('Ctrl Pts',(162.587477083372,76.8119455847786,-11.5));
#4504=CARTESIAN_POINT('Ctrl Pts',(162.553464438944,77.0823532764048,-1.00000000000001));
#4505=CARTESIAN_POINT('Ctrl Pts',(162.553464438944,77.0823532764048,-11.5));
#4506=CARTESIAN_POINT('Ctrl Pts',(162.500412142807,77.4371591550649,-1.00000000000001));
#4507=CARTESIAN_POINT('Ctrl Pts',(162.500412142807,77.4371591550649,-11.5));
#4508=CARTESIAN_POINT('Ctrl Pts',(162.476520652884,77.5969418919518,-1.00000000000001));
#4509=CARTESIAN_POINT('Ctrl Pts',(162.476520652884,77.5969418919518,-11.5));
#4510=CARTESIAN_POINT('Ctrl Pts',(162.449965704775,77.7784763918286,-1.00000000000001));
#4511=CARTESIAN_POINT('Ctrl Pts',(162.449965704775,77.7784763918286,-11.5));
#4512=CARTESIAN_POINT('Ctrl Pts',(162.414726909111,78.0315652652755,-1.00000000000001));
#4513=CARTESIAN_POINT('Ctrl Pts',(162.414726909111,78.0315652652755,-11.5));
#4514=CARTESIAN_POINT('Ctrl Pts',(162.347405541803,78.5150746670561,-1.00000000000001));
#4515=CARTESIAN_POINT('Ctrl Pts',(162.347405541803,78.5150746670561,-11.5));
#4516=CARTESIAN_POINT('Ctrl Pts',(162.243152010297,79.3329211693315,-1.00000000000001));
#4517=CARTESIAN_POINT('Ctrl Pts',(162.243152010297,79.3329211693315,-11.5));
#4518=CARTESIAN_POINT('Ctrl Pts',(162.147855182084,80.0949766141507,-1.00000000000001));
#4519=CARTESIAN_POINT('Ctrl Pts',(162.147855182084,80.0949766141507,-11.5));
#4520=CARTESIAN_POINT('Ctrl Pts',(162.052529180846,80.8572653454602,-1.00000000000001));
#4521=CARTESIAN_POINT('Ctrl Pts',(162.052529180846,80.8572653454602,-11.5));
#4522=CARTESIAN_POINT('Ctrl Pts',(161.955159290751,81.6320299884347,-1.00000000000001));
#4523=CARTESIAN_POINT('Ctrl Pts',(161.955159290751,81.6320299884347,-11.5));
#4524=CARTESIAN_POINT('Ctrl Pts',(161.833850186507,82.4396173611556,-1.00000000000001));
#4525=CARTESIAN_POINT('Ctrl Pts',(161.833850186507,82.4396173611556,-11.5));
#4526=CARTESIAN_POINT('Ctrl Pts',(161.696440105542,83.3543932715358,-1.00000000000001));
#4527=CARTESIAN_POINT('Ctrl Pts',(161.696440105542,83.3543932715358,-11.5));
#4528=CARTESIAN_POINT('Ctrl Pts',(161.572225833433,84.3068952689061,-1.00000000000001));
#4529=CARTESIAN_POINT('Ctrl Pts',(161.572225833433,84.3068952689061,-11.5));
#4530=CARTESIAN_POINT('Ctrl Pts',(161.467381851503,85.1496038731418,-1.00000000000001));
#4531=CARTESIAN_POINT('Ctrl Pts',(161.467381851503,85.1496038731418,-11.5));
#4532=CARTESIAN_POINT('Ctrl Pts',(161.406640875245,85.6378240111008,-1.00000000000001));
#4533=CARTESIAN_POINT('Ctrl Pts',(161.406640875245,85.6378240111008,-11.5));
#4534=CARTESIAN_POINT('Ctrl Pts',(161.346136657298,86.1300886961795,-1.00000000000001));
#4535=CARTESIAN_POINT('Ctrl Pts',(161.346136657298,86.1300886961795,-11.5));
#4536=CARTESIAN_POINT('Ctrl Pts',(161.292332856904,86.5417692176969,-1.00000000000001));
#4537=CARTESIAN_POINT('Ctrl Pts',(161.292332856904,86.5417692176969,-11.5));
#4538=CARTESIAN_POINT('Ctrl Pts',(161.240093784187,86.9414772037902,-1.00000000000001));
#4539=CARTESIAN_POINT('Ctrl Pts',(161.240093784187,86.9414772037902,-11.5));
#4540=CARTESIAN_POINT('Ctrl Pts',(161.202762716421,87.2053214469859,-1.00000000000001));
#4541=CARTESIAN_POINT('Ctrl Pts',(161.202762716421,87.2053214469859,-11.5));
#4542=CARTESIAN_POINT('Ctrl Pts',(161.170148725857,87.427461681073,-1.00000000000001));
#4543=CARTESIAN_POINT('Ctrl Pts',(161.170148725857,87.427461681073,-11.5));
#4544=CARTESIAN_POINT('Ctrl Pts',(161.155929963945,87.5243084344062,-1.00000000000001));
#4545=CARTESIAN_POINT('Ctrl Pts',(161.155929963945,87.5243084344062,-11.5));
#4546=CARTESIAN_POINT('Ctrl Pts',(161.143711910211,87.6116296263373,-1.00000000000001));
#4547=CARTESIAN_POINT('Ctrl Pts',(161.143711910211,87.6116296263373,-11.5));
#4548=CARTESIAN_POINT('Ctrl Pts',(161.13127231289,87.7041129936433,-1.00000000000001));
#4549=CARTESIAN_POINT('Ctrl Pts',(161.13127231289,87.7041129936433,-11.5));
#4550=CARTESIAN_POINT('Ctrl Pts',(161.105514900529,87.8956089212568,-1.00000000000001));
#4551=CARTESIAN_POINT('Ctrl Pts',(161.105514900529,87.8956089212568,-11.5));
#4552=CARTESIAN_POINT('Ctrl Pts',(161.073590760541,88.1515576768428,-1.00000000000001));
#4553=CARTESIAN_POINT('Ctrl Pts',(161.073590760541,88.1515576768428,-11.5));
#4554=CARTESIAN_POINT('Ctrl Pts',(161.04013088312,88.4590076682351,-1.00000000000001));
#4555=CARTESIAN_POINT('Ctrl Pts',(161.04013088312,88.4590076682351,-11.5));
#4556=CARTESIAN_POINT('Ctrl Pts',(160.975030377137,89.0571912704071,-1.00000000000001));
#4557=CARTESIAN_POINT('Ctrl Pts',(160.975030377137,89.0571912704071,-11.5));
#4558=CARTESIAN_POINT('Ctrl Pts',(160.922963782196,89.6722162280749,-1.00000000000001));
#4559=CARTESIAN_POINT('Ctrl Pts',(160.922963782196,89.6722162280749,-11.5));
#4560=CARTESIAN_POINT('Ctrl Pts',(160.864408257526,90.3109958633378,-1.00000000000001));
#4561=CARTESIAN_POINT('Ctrl Pts',(160.864408257526,90.3109958633378,-11.5));
#4562=CARTESIAN_POINT('Ctrl Pts',(160.801828581115,90.9936747924195,-1.00000000000001));
#4563=CARTESIAN_POINT('Ctrl Pts',(160.801828581115,90.9936747924195,-11.5));
#4564=CARTESIAN_POINT('Ctrl Pts',(160.724392041415,91.7518545854718,-1.00000000000001));
#4565=CARTESIAN_POINT('Ctrl Pts',(160.724392041415,91.7518545854718,-11.5));
#4566=CARTESIAN_POINT('Ctrl Pts',(160.622467854141,92.4355560966494,-1.00000000000001));
#4567=CARTESIAN_POINT('Ctrl Pts',(160.622467854141,92.4355560966494,-11.5));
#4568=CARTESIAN_POINT('Ctrl Pts',(160.603951631325,92.5597618407326,-1.00000000000001));
#4569=CARTESIAN_POINT('Ctrl Pts',(160.603951631325,92.5597618407326,-11.5));
#4570=CARTESIAN_POINT('Ctrl Pts',(160.585217325178,92.6883678528281,-1.00000000000001));
#4571=CARTESIAN_POINT('Ctrl Pts',(160.585217325178,92.6883678528281,-11.5));
#4572=CARTESIAN_POINT('Ctrl Pts',(160.562462341291,92.8505732249255,-1.00000000000001));
#4573=CARTESIAN_POINT('Ctrl Pts',(160.562462341291,92.8505732249255,-11.5));
#4574=CARTESIAN_POINT('Ctrl Pts',(160.510337387685,93.2221378692945,-1.00000000000001));
#4575=CARTESIAN_POINT('Ctrl Pts',(160.510337387685,93.2221378692945,-11.5));
#4576=CARTESIAN_POINT('Ctrl Pts',(160.428891074418,93.8555622305526,-1.00000000000001));
#4577=CARTESIAN_POINT('Ctrl Pts',(160.428891074418,93.8555622305526,-11.5));
#4578=CARTESIAN_POINT('Ctrl Pts',(160.363134577697,94.4138974312299,-1.00000000000001));
#4579=CARTESIAN_POINT('Ctrl Pts',(160.363134577697,94.4138974312299,-11.5));
#4580=CARTESIAN_POINT('Ctrl Pts',(160.242449309975,95.4386301425699,-1.00000000000001));
#4581=CARTESIAN_POINT('Ctrl Pts',(160.242449309975,95.4386301425699,-11.5));
#4582=CARTESIAN_POINT('Ctrl Pts',(160.147317065911,96.3823634504942,-1.00000000000001));
#4583=CARTESIAN_POINT('Ctrl Pts',(160.147317065911,96.3823634504942,-11.5));
#4584=CARTESIAN_POINT('Ctrl Pts',(159.983892478037,97.4498963516244,-1.00000000000001));
#4585=CARTESIAN_POINT('Ctrl Pts',(159.983892478037,97.4498963516244,-11.5));
#4586=CARTESIAN_POINT('Ctrl Pts',(159.934202942837,97.7744816197102,-1.00000000000001));
#4587=CARTESIAN_POINT('Ctrl Pts',(159.934202942837,97.7744816197102,-11.5));
#4588=CARTESIAN_POINT('Ctrl Pts',(159.890960021777,98.1146754546972,-1.00000000000001));
#4589=CARTESIAN_POINT('Ctrl Pts',(159.890960021777,98.1146754546972,-11.5));
#4590=CARTESIAN_POINT('Ctrl Pts',(159.850995209416,98.4713939200624,-1.00000000000001));
#4591=CARTESIAN_POINT('Ctrl Pts',(159.850995209416,98.4713939200624,-11.5));
#4592=CARTESIAN_POINT('Ctrl Pts',(159.781587169923,99.0909171423389,-1.00000000000001));
#4593=CARTESIAN_POINT('Ctrl Pts',(159.781587169923,99.0909171423389,-11.5));
#4594=CARTESIAN_POINT('Ctrl Pts',(159.716889564412,99.8028992319143,-1.00000000000001));
#4595=CARTESIAN_POINT('Ctrl Pts',(159.716889564412,99.8028992319143,-11.5));
#4596=CARTESIAN_POINT('Ctrl Pts',(159.667284919187,100.291238880704,-1.00000000000001));
#4597=CARTESIAN_POINT('Ctrl Pts',(159.667284919187,100.291238880704,-11.5));
#4598=CARTESIAN_POINT('Ctrl Pts',(159.589118159931,101.060762129768,-1.00000000000001));
#4599=CARTESIAN_POINT('Ctrl Pts',(159.589118159931,101.060762129768,-11.5));
#4600=CARTESIAN_POINT('Ctrl Pts',(159.55787316907,101.46162195791,-1.00000000000001));
#4601=CARTESIAN_POINT('Ctrl Pts',(159.55787316907,101.46162195791,-11.5));
#4602=CARTESIAN_POINT('Ctrl Pts',(159.382055762735,102.504880133355,-1.00000000000001));
#4603=CARTESIAN_POINT('Ctrl Pts',(159.382055762735,102.504880133355,-11.5));
#4604=CARTESIAN_POINT('Ctrl Pts',(159.35680542621,102.654709553331,-1.00000000000001));
#4605=CARTESIAN_POINT('Ctrl Pts',(159.35680542621,102.654709553331,-11.5));
#4606=CARTESIAN_POINT('Ctrl Pts',(159.328772092943,102.834117730519,-1.00000000000001));
#4607=CARTESIAN_POINT('Ctrl Pts',(159.328772092943,102.834117730519,-11.5));
#4608=CARTESIAN_POINT('Ctrl Pts',(159.301563806328,103.025820994783,-1.00000000000001));
#4609=CARTESIAN_POINT('Ctrl Pts',(159.301563806328,103.025820994783,-11.5));
#4610=CARTESIAN_POINT('Ctrl Pts',(159.216203328259,103.627251085404,-1.00000000000001));
#4611=CARTESIAN_POINT('Ctrl Pts',(159.216203328259,103.627251085404,-11.5));
#4612=CARTESIAN_POINT('Ctrl Pts',(159.146842447745,104.29636542185,-1.00000000000001));
#4613=CARTESIAN_POINT('Ctrl Pts',(159.146842447745,104.29636542185,-11.5));
#4614=CARTESIAN_POINT('Ctrl Pts',(159.074614988861,104.971266967335,-1.00000000000001));
#4615=CARTESIAN_POINT('Ctrl Pts',(159.074614988861,104.971266967335,-11.5));
#4616=CARTESIAN_POINT('Ctrl Pts',(159.024669779369,105.437960654144,-1.00000000000001));
#4617=CARTESIAN_POINT('Ctrl Pts',(159.024669779369,105.437960654144,-11.5));
#4618=CARTESIAN_POINT('Ctrl Pts',(158.968667826339,105.943518408819,-1.00000000000001));
#4619=CARTESIAN_POINT('Ctrl Pts',(158.968667826339,105.943518408819,-11.5));
#4620=CARTESIAN_POINT('Ctrl Pts',(158.899685649076,106.439564259628,-1.00000000000001));
#4621=CARTESIAN_POINT('Ctrl Pts',(158.899685649076,106.439564259628,-11.5));
#4622=CARTESIAN_POINT('Ctrl Pts',(158.834575699096,106.907765203912,-1.00000000000001));
#4623=CARTESIAN_POINT('Ctrl Pts',(158.834575699096,106.907765203912,-11.5));
#4624=CARTESIAN_POINT('Ctrl Pts',(158.773450810575,107.265218657539,-1.00000000000001));
#4625=CARTESIAN_POINT('Ctrl Pts',(158.773450810575,107.265218657539,-11.5));
#4626=CARTESIAN_POINT('Ctrl Pts',(158.708514545726,107.598204331184,-1.00000000000001));
#4627=CARTESIAN_POINT('Ctrl Pts',(158.708514545726,107.598204331184,-11.5));
#4628=CARTESIAN_POINT('Ctrl Pts',(158.681472502142,107.736872810504,-1.00000000000001));
#4629=CARTESIAN_POINT('Ctrl Pts',(158.681472502142,107.736872810504,-11.5));
#4630=CARTESIAN_POINT('Ctrl Pts',(158.657126654202,107.874738312459,-1.00000000000001));
#4631=CARTESIAN_POINT('Ctrl Pts',(158.657126654202,107.874738312459,-11.5));
#4632=CARTESIAN_POINT('Ctrl Pts',(158.630195995779,108.048590514325,-1.00000000000001));
#4633=CARTESIAN_POINT('Ctrl Pts',(158.630195995779,108.048590514325,-11.5));
#4634=CARTESIAN_POINT('Ctrl Pts',(158.575034292,108.404689630421,-1.00000000000001));
#4635=CARTESIAN_POINT('Ctrl Pts',(158.575034292,108.404689630421,-11.5));
#4636=CARTESIAN_POINT('Ctrl Pts',(158.503296032549,109.035172439045,-1.00000000000001));
#4637=CARTESIAN_POINT('Ctrl Pts',(158.503296032549,109.035172439045,-11.5));
#4638=CARTESIAN_POINT('Ctrl Pts',(158.440113289288,109.701958651382,-1.00000000000001));
#4639=CARTESIAN_POINT('Ctrl Pts',(158.440113289288,109.701958651382,-11.5));
#4640=CARTESIAN_POINT('Ctrl Pts',(158.387845167568,110.253559628317,-1.00000000000001));
#4641=CARTESIAN_POINT('Ctrl Pts',(158.387845167568,110.253559628317,-11.5));
#4642=CARTESIAN_POINT('Ctrl Pts',(158.329282168036,110.887534673669,-1.00000000000001));
#4643=CARTESIAN_POINT('Ctrl Pts',(158.329282168036,110.887534673669,-11.5));
#4644=CARTESIAN_POINT('Ctrl Pts',(158.242646708972,111.505537182908,-1.00000000000001));
#4645=CARTESIAN_POINT('Ctrl Pts',(158.242646708972,111.505537182908,-11.5));
#4646=CARTESIAN_POINT('Ctrl Pts',(158.179048779731,111.959204541263,-1.00000000000001));
#4647=CARTESIAN_POINT('Ctrl Pts',(158.179048779731,111.959204541263,-11.5));
#4648=CARTESIAN_POINT('Ctrl Pts',(158.117904177181,112.301734611664,-1.00000000000001));
#4649=CARTESIAN_POINT('Ctrl Pts',(158.117904177181,112.301734611664,-11.5));
#4650=CARTESIAN_POINT('Ctrl Pts',(158.04084360292,112.662629797123,-1.00000000000001));
#4651=CARTESIAN_POINT('Ctrl Pts',(158.04084360292,112.662629797123,-11.5));
#4652=CARTESIAN_POINT('Ctrl Pts',(157.989216251605,112.904414428319,-1.00000000000001));
#4653=CARTESIAN_POINT('Ctrl Pts',(157.989216251605,112.904414428319,-11.5));
#4654=CARTESIAN_POINT('Ctrl Pts',(157.936960603117,113.163601563871,-1.00000000000001));
#4655=CARTESIAN_POINT('Ctrl Pts',(157.936960603117,113.163601563871,-11.5));
#4656=CARTESIAN_POINT('Ctrl Pts',(157.862052315967,113.627126648316,-1.00000000000001));
#4657=CARTESIAN_POINT('Ctrl Pts',(157.862052315967,113.627126648316,-11.5));
#4658=CARTESIAN_POINT('Ctrl Pts',(157.792789225954,114.05571981028,-1.00000000000001));
#4659=CARTESIAN_POINT('Ctrl Pts',(157.792789225954,114.05571981028,-11.5));
#4660=CARTESIAN_POINT('Ctrl Pts',(157.723105213847,114.571277063223,-1.00000000000001));
#4661=CARTESIAN_POINT('Ctrl Pts',(157.723105213847,114.571277063223,-11.5));
#4662=CARTESIAN_POINT('Ctrl Pts',(157.656874444727,115.076334631167,-1.00000000000001));
#4663=CARTESIAN_POINT('Ctrl Pts',(157.656874444727,115.076334631167,-11.5));
#4664=CARTESIAN_POINT('Ctrl Pts',(157.551629313956,115.878904954468,-1.00000000000001));
#4665=CARTESIAN_POINT('Ctrl Pts',(157.551629313956,115.878904954468,-11.5));
#4666=CARTESIAN_POINT('Ctrl Pts',(157.450109766642,116.715999794729,-1.00000000000001));
#4667=CARTESIAN_POINT('Ctrl Pts',(157.450109766642,116.715999794729,-11.5));
#4668=CARTESIAN_POINT('Ctrl Pts',(157.235756193822,117.687331902851,-1.00000000000001));
#4669=CARTESIAN_POINT('Ctrl Pts',(157.235756193822,117.687331902851,-11.5));
#4670=CARTESIAN_POINT('Ctrl Pts',(157.163892889373,118.012976743238,-1.00000000000001));
#4671=CARTESIAN_POINT('Ctrl Pts',(157.163892889373,118.012976743238,-11.5));
#4672=CARTESIAN_POINT('Ctrl Pts',(157.07960077977,118.402900602331,-1.00000000000001));
#4673=CARTESIAN_POINT('Ctrl Pts',(157.07960077977,118.402900602331,-11.5));
#4674=CARTESIAN_POINT('Ctrl Pts',(156.941492793909,119.16711357947,-1.00000000000001));
#4675=CARTESIAN_POINT('Ctrl Pts',(156.941492793909,119.16711357947,-11.5));
#4676=CARTESIAN_POINT('Ctrl Pts',(156.867608479843,119.575948385547,-1.00000000000001));
#4677=CARTESIAN_POINT('Ctrl Pts',(156.867608479843,119.575948385547,-11.5));
#4678=CARTESIAN_POINT('Ctrl Pts',(156.792074126857,120.02364504618,-1.00000000000001));
#4679=CARTESIAN_POINT('Ctrl Pts',(156.792074126857,120.02364504618,-11.5));
#4680=CARTESIAN_POINT('Ctrl Pts',(156.720339339335,120.451761114592,-1.00000000000001));
#4681=CARTESIAN_POINT('Ctrl Pts',(156.720339339335,120.451761114592,-11.5));
#4682=CARTESIAN_POINT('Ctrl Pts',(156.602426792381,121.155467890104,-1.00000000000001));
#4683=CARTESIAN_POINT('Ctrl Pts',(156.602426792381,121.155467890104,-11.5));
#4684=CARTESIAN_POINT('Ctrl Pts',(156.483741333224,121.873193918824,-1.00000000000001));
#4685=CARTESIAN_POINT('Ctrl Pts',(156.483741333224,121.873193918824,-11.5));
#4686=CARTESIAN_POINT('Ctrl Pts',(156.326859108117,122.635669114895,-1.00000000000001));
#4687=CARTESIAN_POINT('Ctrl Pts',(156.326859108117,122.635669114895,-11.5));
#4688=CARTESIAN_POINT('Ctrl Pts',(156.314379584562,122.696321793444,-1.00000000000001));
#4689=CARTESIAN_POINT('Ctrl Pts',(156.314379584562,122.696321793444,-11.5));
#4690=CARTESIAN_POINT('Ctrl Pts',(156.301792143233,122.75770193998,-1.00000000000001));
#4691=CARTESIAN_POINT('Ctrl Pts',(156.301792143233,122.75770193998,-11.5));
#4692=CARTESIAN_POINT('Ctrl Pts',(156.288827559772,122.821197798724,-1.00000000000001));
#4693=CARTESIAN_POINT('Ctrl Pts',(156.288827559772,122.821197798724,-11.5));
#4694=CARTESIAN_POINT('Ctrl Pts',(156.240028183159,123.060199563304,-1.00000000000001));
#4695=CARTESIAN_POINT('Ctrl Pts',(156.240028183159,123.060199563304,-11.5));
#4696=CARTESIAN_POINT('Ctrl Pts',(156.1776297978,123.369595121172,-1.00000000000001));
#4697=CARTESIAN_POINT('Ctrl Pts',(156.1776297978,123.369595121172,-11.5));
#4698=CARTESIAN_POINT('Ctrl Pts',(156.116521642474,123.687632406645,-1.00000000000001));
#4699=CARTESIAN_POINT('Ctrl Pts',(156.116521642474,123.687632406645,-11.5));
#4700=CARTESIAN_POINT('Ctrl Pts',(156.033582506837,124.119288990233,-1.00000000000001));
#4701=CARTESIAN_POINT('Ctrl Pts',(156.033582506837,124.119288990233,-11.5));
#4702=CARTESIAN_POINT('Ctrl Pts',(155.969758136595,124.476116896687,-1.00000000000001));
#4703=CARTESIAN_POINT('Ctrl Pts',(155.969758136595,124.476116896687,-11.5));
#4704=CARTESIAN_POINT('Ctrl Pts',(155.904701898569,124.87177633931,-1.00000000000001));
#4705=CARTESIAN_POINT('Ctrl Pts',(155.904701898569,124.87177633931,-11.5));
#4706=CARTESIAN_POINT('Ctrl Pts',(155.851208967092,125.197109990541,-1.00000000000001));
#4707=CARTESIAN_POINT('Ctrl Pts',(155.851208967092,125.197109990541,-11.5));
#4708=CARTESIAN_POINT('Ctrl Pts',(155.792762209874,125.581067321928,-1.00000000000001));
#4709=CARTESIAN_POINT('Ctrl Pts',(155.792762209874,125.581067321928,-11.5));
#4710=CARTESIAN_POINT('Ctrl Pts',(155.730123405087,126.014339716482,-1.00000000000001));
#4711=CARTESIAN_POINT('Ctrl Pts',(155.730123405087,126.014339716482,-11.5));
#4712=CARTESIAN_POINT('Ctrl Pts',(155.654701556149,126.536032382912,-1.00000000000001));
#4713=CARTESIAN_POINT('Ctrl Pts',(155.654701556149,126.536032382912,-11.5));
#4714=CARTESIAN_POINT('Ctrl Pts',(155.584702643337,127.030930755669,-1.00000000000001));
#4715=CARTESIAN_POINT('Ctrl Pts',(155.584702643337,127.030930755669,-11.5));
#4716=CARTESIAN_POINT('Ctrl Pts',(155.517358334543,127.461611892412,-1.00000000000001));
#4717=CARTESIAN_POINT('Ctrl Pts',(155.517358334543,127.461611892412,-11.5));
#4718=CARTESIAN_POINT('Ctrl Pts',(155.370638206737,128.399918225306,-1.00000000000001));
#4719=CARTESIAN_POINT('Ctrl Pts',(155.370638206737,128.399918225306,-11.5));
#4720=CARTESIAN_POINT('Ctrl Pts',(155.302482710169,128.99127485833,-1.00000000000001));
#4721=CARTESIAN_POINT('Ctrl Pts',(155.302482710169,128.99127485833,-11.5));
#4722=CARTESIAN_POINT('Ctrl Pts',(155.222203443897,129.699373467839,-1.00000000000001));
#4723=CARTESIAN_POINT('Ctrl Pts',(155.222203443897,129.699373467839,-11.5));
#4724=CARTESIAN_POINT('Ctrl Pts',(155.167297649494,130.18366684116,-1.00000000000001));
#4725=CARTESIAN_POINT('Ctrl Pts',(155.167297649494,130.18366684116,-11.5));
#4726=CARTESIAN_POINT('Ctrl Pts',(155.103617939005,130.789998493075,-1.00000000000001));
#4727=CARTESIAN_POINT('Ctrl Pts',(155.103617939005,130.789998493075,-11.5));
#4728=CARTESIAN_POINT('Ctrl Pts',(155.034492148868,131.434788825024,-1.00000000000001));
#4729=CARTESIAN_POINT('Ctrl Pts',(155.034492148868,131.434788825024,-11.5));
#4730=CARTESIAN_POINT('Ctrl Pts',(154.995916501148,131.794614074749,-1.00000000000001));
#4731=CARTESIAN_POINT('Ctrl Pts',(154.995916501148,131.794614074749,-11.5));
#4732=CARTESIAN_POINT('Ctrl Pts',(154.962448079219,132.097384110633,-1.00000000000001));
#4733=CARTESIAN_POINT('Ctrl Pts',(154.962448079219,132.097384110633,-11.5));
#4734=CARTESIAN_POINT('Ctrl Pts',(154.938510660509,132.307942969377,-1.00000000000001));
#4735=CARTESIAN_POINT('Ctrl Pts',(154.938510660509,132.307942969377,-11.5));
#4736=CARTESIAN_POINT('Ctrl Pts',(154.925920011276,132.41869312024,-1.00000000000001));
#4737=CARTESIAN_POINT('Ctrl Pts',(154.925920011276,132.41869312024,-11.5));
#4738=CARTESIAN_POINT('Ctrl Pts',(154.915667807058,132.512472632848,-1.00000000000001));
#4739=CARTESIAN_POINT('Ctrl Pts',(154.915667807058,132.512472632848,-11.5));
#4740=CARTESIAN_POINT('Ctrl Pts',(154.905496447663,132.607930291949,-1.00000000000001));
#4741=CARTESIAN_POINT('Ctrl Pts',(154.905496447663,132.607930291949,-11.5));
#4742=CARTESIAN_POINT('Ctrl Pts',(154.885039233503,132.799920143021,-1.00000000000001));
#4743=CARTESIAN_POINT('Ctrl Pts',(154.885039233503,132.799920143021,-11.5));
#4744=CARTESIAN_POINT('Ctrl Pts',(154.860258827315,133.04450393873,-1.00000000000001));
#4745=CARTESIAN_POINT('Ctrl Pts',(154.860258827315,133.04450393873,-11.5));
#4746=CARTESIAN_POINT('Ctrl Pts',(154.833203216242,133.337375761162,-1.00000000000001));
#4747=CARTESIAN_POINT('Ctrl Pts',(154.833203216242,133.337375761162,-11.5));
#4748=CARTESIAN_POINT('Ctrl Pts',(154.785028042452,133.858862816315,-1.00000000000001));
#4749=CARTESIAN_POINT('Ctrl Pts',(154.785028042452,133.858862816315,-11.5));
#4750=CARTESIAN_POINT('Ctrl Pts',(154.742374302848,134.395825422554,-1.00000000000001));
#4751=CARTESIAN_POINT('Ctrl Pts',(154.742374302848,134.395825422554,-11.5));
#4752=CARTESIAN_POINT('Ctrl Pts',(154.701489691406,134.932688279361,-1.00000000000001));
#4753=CARTESIAN_POINT('Ctrl Pts',(154.701489691406,134.932688279361,-11.5));
#4754=CARTESIAN_POINT('Ctrl Pts',(154.666387704999,135.393618493363,-1.00000000000001));
#4755=CARTESIAN_POINT('Ctrl Pts',(154.666387704999,135.393618493363,-11.5));
#4756=CARTESIAN_POINT('Ctrl Pts',(154.630530493503,135.878544467546,-1.00000000000001));
#4757=CARTESIAN_POINT('Ctrl Pts',(154.630530493503,135.878544467546,-11.5));
#4758=CARTESIAN_POINT('Ctrl Pts',(154.596494334292,136.307909896582,-1.00000000000001));
#4759=CARTESIAN_POINT('Ctrl Pts',(154.596494334292,136.307909896582,-11.5));
#4760=CARTESIAN_POINT('Ctrl Pts',(154.565756764179,136.695663693881,-1.00000000000001));
#4761=CARTESIAN_POINT('Ctrl Pts',(154.565756764179,136.695663693881,-11.5));
#4762=CARTESIAN_POINT('Ctrl Pts',(154.541473008147,136.978924661614,-1.00000000000001));
#4763=CARTESIAN_POINT('Ctrl Pts',(154.541473008147,136.978924661614,-11.5));
#4764=CARTESIAN_POINT('Ctrl Pts',(154.519448502084,137.222797666143,-1.00000000000001));
#4765=CARTESIAN_POINT('Ctrl Pts',(154.519448502084,137.222797666143,-11.5));
#4766=CARTESIAN_POINT('Ctrl Pts',(154.509620186082,137.331624667569,-1.00000000000001));
#4767=CARTESIAN_POINT('Ctrl Pts',(154.509620186082,137.331624667569,-11.5));
#4768=CARTESIAN_POINT('Ctrl Pts',(154.501063888354,137.431461407298,-1.00000000000001));
#4769=CARTESIAN_POINT('Ctrl Pts',(154.501063888354,137.431461407298,-11.5));
#4770=CARTESIAN_POINT('Ctrl Pts',(154.492840328508,137.531249087457,-1.00000000000001));
#4771=CARTESIAN_POINT('Ctrl Pts',(154.492840328508,137.531249087457,-11.5));
#4772=CARTESIAN_POINT('Ctrl Pts',(154.469718465843,137.811818218037,-1.00000000000001));
#4773=CARTESIAN_POINT('Ctrl Pts',(154.469718465843,137.811818218037,-11.5));
#4774=CARTESIAN_POINT('Ctrl Pts',(154.447494295614,138.106248454134,-1.00000000000001));
#4775=CARTESIAN_POINT('Ctrl Pts',(154.447494295614,138.106248454134,-11.5));
#4776=CARTESIAN_POINT('Ctrl Pts',(154.417385434962,138.577445126295,-1.00000000000001));
#4777=CARTESIAN_POINT('Ctrl Pts',(154.417385434962,138.577445126295,-11.5));
#4778=CARTESIAN_POINT('Ctrl Pts',(154.376568007226,139.21622838475,-1.00000000000001));
#4779=CARTESIAN_POINT('Ctrl Pts',(154.376568007226,139.21622838475,-11.5));
#4780=CARTESIAN_POINT('Ctrl Pts',(154.335134347025,139.996841669673,-1.00000000000001));
#4781=CARTESIAN_POINT('Ctrl Pts',(154.335134347025,139.996841669673,-11.5));
#4782=CARTESIAN_POINT('Ctrl Pts',(154.294842119527,140.662457856301,-1.00000000000001));
#4783=CARTESIAN_POINT('Ctrl Pts',(154.294842119527,140.662457856301,-11.5));
#4784=CARTESIAN_POINT('Ctrl Pts',(154.251999591948,141.370204277972,-1.00000000000001));
#4785=CARTESIAN_POINT('Ctrl Pts',(154.251999591948,141.370204277972,-11.5));
#4786=CARTESIAN_POINT('Ctrl Pts',(154.221552909875,141.784564981877,-1.00000000000001));
#4787=CARTESIAN_POINT('Ctrl Pts',(154.221552909875,141.784564981877,-11.5));
#4788=CARTESIAN_POINT('Ctrl Pts',(154.187924697721,142.193350794105,-1.00000000000001));
#4789=CARTESIAN_POINT('Ctrl Pts',(154.187924697721,142.193350794105,-11.5));
#4790=CARTESIAN_POINT('Ctrl Pts',(154.170424425236,142.406084764901,-1.00000000000001));
#4791=CARTESIAN_POINT('Ctrl Pts',(154.170424425236,142.406084764901,-11.5));
#4792=CARTESIAN_POINT('Ctrl Pts',(154.153476305224,142.619167075098,-1.00000000000001));
#4793=CARTESIAN_POINT('Ctrl Pts',(154.153476305224,142.619167075098,-11.5));
#4794=CARTESIAN_POINT('Ctrl Pts',(154.132769778413,142.893436686432,-1.00000000000001));
#4795=CARTESIAN_POINT('Ctrl Pts',(154.132769778413,142.893436686432,-11.5));
#4796=CARTESIAN_POINT('Ctrl Pts',(154.104787038146,143.264083843604,-1.00000000000001));
#4797=CARTESIAN_POINT('Ctrl Pts',(154.104787038146,143.264083843604,-11.5));
#4798=CARTESIAN_POINT('Ctrl Pts',(154.065954569871,143.810745863189,-1.00000000000001));
#4799=CARTESIAN_POINT('Ctrl Pts',(154.065954569871,143.810745863189,-11.5));
#4800=CARTESIAN_POINT('Ctrl Pts',(154.028111721346,144.393580888727,-1.00000000000001));
#4801=CARTESIAN_POINT('Ctrl Pts',(154.028111721346,144.393580888727,-11.5));
#4802=CARTESIAN_POINT('Ctrl Pts',(154.00002309517,144.82618667271,-1.00000000000001));
#4803=CARTESIAN_POINT('Ctrl Pts',(154.00002309517,144.82618667271,-11.5));
#4804=CARTESIAN_POINT('Ctrl Pts',(153.97580442363,145.219087300917,-1.00000000000001));
#4805=CARTESIAN_POINT('Ctrl Pts',(153.97580442363,145.219087300917,-11.5));
#4806=CARTESIAN_POINT('Ctrl Pts',(153.947849277929,145.683804006483,-1.00000000000001));
#4807=CARTESIAN_POINT('Ctrl Pts',(153.947849277929,145.683804006483,-11.5));
#4808=CARTESIAN_POINT('Ctrl Pts',(153.92181705363,146.116554729519,-1.00000000000001));
#4809=CARTESIAN_POINT('Ctrl Pts',(153.92181705363,146.116554729519,-11.5));
#4810=CARTESIAN_POINT('Ctrl Pts',(153.887914237406,146.692814436784,-1.00000000000001));
#4811=CARTESIAN_POINT('Ctrl Pts',(153.887914237406,146.692814436784,-11.5));
#4812=CARTESIAN_POINT('Ctrl Pts',(153.863086118943,147.109875781129,-1.00000000000001));
#4813=CARTESIAN_POINT('Ctrl Pts',(153.863086118943,147.109875781129,-11.5));
#4814=CARTESIAN_POINT('Ctrl Pts',(153.848583102118,147.353496646057,-1.00000000000001));
#4815=CARTESIAN_POINT('Ctrl Pts',(153.848583102118,147.353496646057,-11.5));
#4816=CARTESIAN_POINT('Ctrl Pts',(153.839799862079,147.503379810871,-1.00000000000001));
#4817=CARTESIAN_POINT('Ctrl Pts',(153.839799862079,147.503379810871,-11.5));
#4818=CARTESIAN_POINT('Ctrl Pts',(153.830765998898,147.658621187889,-1.00000000000001));
#4819=CARTESIAN_POINT('Ctrl Pts',(153.830765998898,147.658621187889,-11.5));
#4820=CARTESIAN_POINT('Ctrl Pts',(153.814282920307,147.941872745566,-1.00000000000001));
#4821=CARTESIAN_POINT('Ctrl Pts',(153.814282920307,147.941872745566,-11.5));
#4822=CARTESIAN_POINT('Ctrl Pts',(153.798302236518,148.222403563533,-1.00000000000001));
#4823=CARTESIAN_POINT('Ctrl Pts',(153.798302236518,148.222403563533,-11.5));
#4824=CARTESIAN_POINT('Ctrl Pts',(153.782966384103,148.499949527936,-1.00000000000001));
#4825=CARTESIAN_POINT('Ctrl Pts',(153.782966384103,148.499949527936,-11.5));
#4826=CARTESIAN_POINT('Ctrl Pts',(153.759225427525,148.929609810978,-1.00000000000001));
#4827=CARTESIAN_POINT('Ctrl Pts',(153.759225427525,148.929609810978,-11.5));
#4828=CARTESIAN_POINT('Ctrl Pts',(153.736944401458,149.353595288655,-1.00000000000001));
#4829=CARTESIAN_POINT('Ctrl Pts',(153.736944401458,149.353595288655,-11.5));
#4830=CARTESIAN_POINT('Ctrl Pts',(153.716219753161,149.778032216624,-1.00000000000001));
#4831=CARTESIAN_POINT('Ctrl Pts',(153.716219753161,149.778032216624,-11.5));
#4832=CARTESIAN_POINT('Ctrl Pts',(153.693947528981,150.23416320976,-1.00000000000001));
#4833=CARTESIAN_POINT('Ctrl Pts',(153.693947528981,150.23416320976,-11.5));
#4834=CARTESIAN_POINT('Ctrl Pts',(153.672309640017,150.719667493753,-1.00000000000001));
#4835=CARTESIAN_POINT('Ctrl Pts',(153.672309640017,150.719667493753,-11.5));
#4836=CARTESIAN_POINT('Ctrl Pts',(153.654903859577,151.156368698558,-1.00000000000001));
#4837=CARTESIAN_POINT('Ctrl Pts',(153.654903859577,151.156368698558,-11.5));
#4838=CARTESIAN_POINT('Ctrl Pts',(153.639886198615,151.533153333849,-1.00000000000001));
#4839=CARTESIAN_POINT('Ctrl Pts',(153.639886198615,151.533153333849,-11.5));
#4840=CARTESIAN_POINT('Ctrl Pts',(153.630801555787,151.793256868489,-1.00000000000001));
#4841=CARTESIAN_POINT('Ctrl Pts',(153.630801555787,151.793256868489,-11.5));
#4842=CARTESIAN_POINT('Ctrl Pts',(153.623408424508,152.013904525804,-1.00000000000001));
#4843=CARTESIAN_POINT('Ctrl Pts',(153.623408424508,152.013904525804,-11.5));
#4844=CARTESIAN_POINT('Ctrl Pts',(153.62019464317,152.109819679531,-1.00000000000001));
#4845=CARTESIAN_POINT('Ctrl Pts',(153.62019464317,152.109819679531,-11.5));
#4846=CARTESIAN_POINT('Ctrl Pts',(153.61683941851,152.200484105359,-1.00000000000001));
#4847=CARTESIAN_POINT('Ctrl Pts',(153.61683941851,152.200484105359,-11.5));
#4848=CARTESIAN_POINT('Ctrl Pts',(153.613150307735,152.292924101239,-1.00000000000001));
#4849=CARTESIAN_POINT('Ctrl Pts',(153.613150307735,152.292924101239,-11.5));
#4850=CARTESIAN_POINT('Ctrl Pts',(153.603684082004,152.530124315828,-1.00000000000001));
#4851=CARTESIAN_POINT('Ctrl Pts',(153.603684082004,152.530124315828,-11.5));
#4852=CARTESIAN_POINT('Ctrl Pts',(153.590562896528,152.81175837052,-1.00000000000001));
#4853=CARTESIAN_POINT('Ctrl Pts',(153.590562896528,152.81175837052,-11.5));
#4854=CARTESIAN_POINT('Ctrl Pts',(153.572053770998,153.148612768586,-1.00000000000001));
#4855=CARTESIAN_POINT('Ctrl Pts',(153.572053770998,153.148612768586,-11.5));
#4856=CARTESIAN_POINT('Ctrl Pts',(153.540081842845,153.730481674065,-1.00000000000001));
#4857=CARTESIAN_POINT('Ctrl Pts',(153.540081842845,153.730481674065,-11.5));
#4858=CARTESIAN_POINT('Ctrl Pts',(153.500424154091,154.327079308525,-1.00000000000001));
#4859=CARTESIAN_POINT('Ctrl Pts',(153.500424154091,154.327079308525,-11.5));
#4860=CARTESIAN_POINT('Ctrl Pts',(153.464089034765,154.910360673869,-1.00000000000001));
#4861=CARTESIAN_POINT('Ctrl Pts',(153.464089034765,154.910360673869,-11.5));
#4862=CARTESIAN_POINT('Ctrl Pts',(153.439451516608,155.305862477521,-1.00000000000001));
#4863=CARTESIAN_POINT('Ctrl Pts',(153.439451516608,155.305862477521,-11.5));
#4864=CARTESIAN_POINT('Ctrl Pts',(153.415634369176,155.70786595332,-1.00000000000001));
#4865=CARTESIAN_POINT('Ctrl Pts',(153.415634369176,155.70786595332,-11.5));
#4866=CARTESIAN_POINT('Ctrl Pts',(153.396217578599,156.094719780729,-1.00000000000001));
#4867=CARTESIAN_POINT('Ctrl Pts',(153.396217578599,156.094719780729,-11.5));
#4868=CARTESIAN_POINT('Ctrl Pts',(153.376608235781,156.485409956437,-1.00000000000001));
#4869=CARTESIAN_POINT('Ctrl Pts',(153.376608235781,156.485409956437,-11.5));
#4870=CARTESIAN_POINT('Ctrl Pts',(153.365800920431,156.765804232112,-1.00000000000001));
#4871=CARTESIAN_POINT('Ctrl Pts',(153.365800920431,156.765804232112,-11.5));
#4872=CARTESIAN_POINT('Ctrl Pts',(153.358020601454,157.008535863545,-1.00000000000001));
#4873=CARTESIAN_POINT('Ctrl Pts',(153.358020601454,157.008535863545,-11.5));
#4874=CARTESIAN_POINT('Ctrl Pts',(153.343971197476,157.446851407962,-1.00000000000001));
#4875=CARTESIAN_POINT('Ctrl Pts',(153.343971197476,157.446851407962,-11.5));
#4876=CARTESIAN_POINT('Ctrl Pts',(153.320922860356,157.788432167062,-1.00000000000001));
#4877=CARTESIAN_POINT('Ctrl Pts',(153.320922860356,157.788432167062,-11.5));
#4878=CARTESIAN_POINT('Ctrl Pts',(153.282274941277,158.224215363216,-1.00000000000001));
#4879=CARTESIAN_POINT('Ctrl Pts',(153.282274941277,158.224215363216,-11.5));
#4880=CARTESIAN_POINT('Ctrl Pts',(153.234352395202,158.764576676171,-1.00000000000001));
#4881=CARTESIAN_POINT('Ctrl Pts',(153.234352395202,158.764576676171,-11.5));
#4882=CARTESIAN_POINT('Ctrl Pts',(153.139836444679,159.546482264765,-1.00000000000001));
#4883=CARTESIAN_POINT('Ctrl Pts',(153.139836444679,159.546482264765,-11.5));
#4884=CARTESIAN_POINT('Ctrl Pts',(153.062647711052,160.192217084164,-1.00000000000001));
#4885=CARTESIAN_POINT('Ctrl Pts',(153.062647711052,160.192217084164,-11.5));
#4886=CARTESIAN_POINT('Ctrl Pts',(152.974220221459,160.931971531981,-1.00000000000001));
#4887=CARTESIAN_POINT('Ctrl Pts',(152.974220221459,160.931971531981,-11.5));
#4888=CARTESIAN_POINT('Ctrl Pts',(152.911892975705,161.626076218071,-1.00000000000001));
#4889=CARTESIAN_POINT('Ctrl Pts',(152.911892975705,161.626076218071,-11.5));
#4890=CARTESIAN_POINT('Ctrl Pts',(152.898406376236,162.01743115958,-1.00000000000001));
#4891=CARTESIAN_POINT('Ctrl Pts',(152.898406376236,162.01743115958,-11.5));
#4892=CARTESIAN_POINT('Ctrl Pts',(152.891686088376,162.212440870408,-1.00000000000001));
#4893=CARTESIAN_POINT('Ctrl Pts',(152.891686088376,162.212440870408,-11.5));
#4894=CARTESIAN_POINT('Ctrl Pts',(152.880793761271,162.390429803048,-1.00000000000001));
#4895=CARTESIAN_POINT('Ctrl Pts',(152.880793761271,162.390429803048,-11.5));
#4896=CARTESIAN_POINT('Ctrl Pts',(152.866094050945,162.570839733464,-1.00000000000001));
#4897=CARTESIAN_POINT('Ctrl Pts',(152.866094050945,162.570839733464,-11.5));
#4898=CARTESIAN_POINT('Ctrl Pts',(152.839491805133,162.897329794108,-1.00000000000001));
#4899=CARTESIAN_POINT('Ctrl Pts',(152.839491805133,162.897329794108,-11.5));
#4900=CARTESIAN_POINT('Ctrl Pts',(152.797016448783,163.259248175087,-1.00000000000001));
#4901=CARTESIAN_POINT('Ctrl Pts',(152.797016448783,163.259248175087,-11.5));
#4902=CARTESIAN_POINT('Ctrl Pts',(152.732403920738,163.671052738963,-1.00000000000001));
#4903=CARTESIAN_POINT('Ctrl Pts',(152.732403920738,163.671052738963,-11.5));
#4904=CARTESIAN_POINT('Ctrl Pts',(152.644300364608,164.232576140158,-1.00000000000001));
#4905=CARTESIAN_POINT('Ctrl Pts',(152.644300364608,164.232576140158,-11.5));
#4906=CARTESIAN_POINT('Ctrl Pts',(152.534230266369,164.768383950711,-1.00000000000001));
#4907=CARTESIAN_POINT('Ctrl Pts',(152.534230266369,164.768383950711,-11.5));
#4908=CARTESIAN_POINT('Ctrl Pts',(152.444651888428,165.224045075458,-1.00000000000001));
#4909=CARTESIAN_POINT('Ctrl Pts',(152.444651888428,165.224045075458,-11.5));
#4910=CARTESIAN_POINT('Ctrl Pts',(152.291686268386,166.002140058627,-1.00000000000001));
#4911=CARTESIAN_POINT('Ctrl Pts',(152.291686268386,166.002140058627,-11.5));
#4912=CARTESIAN_POINT('Ctrl Pts',(152.201552152842,166.650074587187,-1.00000000000001));
#4913=CARTESIAN_POINT('Ctrl Pts',(152.201552152842,166.650074587187,-11.5));
#4914=CARTESIAN_POINT('Ctrl Pts',(152.192086422803,166.992300342076,-1.00000000000001));
#4915=CARTESIAN_POINT('Ctrl Pts',(152.192086422803,166.992300342076,-11.5));
#4916=CARTESIAN_POINT('Ctrl Pts',(152.183490114835,167.303092850561,-1.00000000000001));
#4917=CARTESIAN_POINT('Ctrl Pts',(152.183490114835,167.303092850561,-11.5));
#4918=CARTESIAN_POINT('Ctrl Pts',(152.162522880024,167.584130837446,-1.00000000000001));
#4919=CARTESIAN_POINT('Ctrl Pts',(152.162522880024,167.584130837446,-11.5));
#4920=CARTESIAN_POINT('Ctrl Pts',(152.125349799179,167.904226509295,-1.00000000000001));
#4921=CARTESIAN_POINT('Ctrl Pts',(152.125349799179,167.904226509295,-11.5));
#4922=CARTESIAN_POINT('Ctrl Pts',(152.072062016151,168.363085132836,-1.00000000000001));
#4923=CARTESIAN_POINT('Ctrl Pts',(152.072062016151,168.363085132836,-11.5));
#4924=CARTESIAN_POINT('Ctrl Pts',(151.960722970966,168.982142898541,-1.00000000000001));
#4925=CARTESIAN_POINT('Ctrl Pts',(151.960722970966,168.982142898541,-11.5));
#4926=CARTESIAN_POINT('Ctrl Pts',(151.839661555806,169.524904705064,-1.00000000000001));
#4927=CARTESIAN_POINT('Ctrl Pts',(151.839661555806,169.524904705064,-11.5));
#4928=CARTESIAN_POINT('Ctrl Pts',(151.684542039144,170.220361213473,-1.00000000000001));
#4929=CARTESIAN_POINT('Ctrl Pts',(151.684542039144,170.220361213473,-11.5));
#4930=CARTESIAN_POINT('Ctrl Pts',(151.528070696485,170.827409353652,-1.00000000000001));
#4931=CARTESIAN_POINT('Ctrl Pts',(151.528070696485,170.827409353652,-11.5));
#4932=CARTESIAN_POINT('Ctrl Pts',(151.436395459303,171.287558382876,-1.00000000000001));
#4933=CARTESIAN_POINT('Ctrl Pts',(151.436395459303,171.287558382876,-11.5));
#4934=CARTESIAN_POINT('Ctrl Pts',(151.341621956085,171.76325865748,-1.00000000000001));
#4935=CARTESIAN_POINT('Ctrl Pts',(151.341621956085,171.76325865748,-11.5));
#4936=CARTESIAN_POINT('Ctrl Pts',(151.325243506642,171.965972934052,-1.00000000000001));
#4937=CARTESIAN_POINT('Ctrl Pts',(151.325243506642,171.965972934052,-11.5));
#4938=CARTESIAN_POINT('Ctrl Pts',(151.315004443832,172.126103335877,-1.00000000000001));
#4939=CARTESIAN_POINT('Ctrl Pts',(151.315004443832,172.126103335877,-11.5));
#4940=CARTESIAN_POINT('Ctrl Pts',(151.301992629539,172.329597258127,-1.00000000000001));
#4941=CARTESIAN_POINT('Ctrl Pts',(151.301992629539,172.329597258127,-11.5));
#4942=CARTESIAN_POINT('Ctrl Pts',(151.283544940343,172.521768326373,-1.00000000000001));
#4943=CARTESIAN_POINT('Ctrl Pts',(151.283544940343,172.521768326373,-11.5));
#4944=CARTESIAN_POINT('Ctrl Pts',(151.25815075501,172.724432831492,-1.00000000000001));
#4945=CARTESIAN_POINT('Ctrl Pts',(151.25815075501,172.724432831492,-11.5));
#4946=CARTESIAN_POINT('Ctrl Pts',(151.21873370825,173.039010210919,-1.00000000000001));
#4947=CARTESIAN_POINT('Ctrl Pts',(151.21873370825,173.039010210919,-11.5));
#4948=CARTESIAN_POINT('Ctrl Pts',(151.159447124503,173.393749134539,-1.00000000000001));
#4949=CARTESIAN_POINT('Ctrl Pts',(151.159447124503,173.393749134539,-11.5));
#4950=CARTESIAN_POINT('Ctrl Pts',(151.071778460832,173.792347711355,-1.00000000000001));
#4951=CARTESIAN_POINT('Ctrl Pts',(151.071778460832,173.792347711355,-11.5));
#4952=CARTESIAN_POINT('Ctrl Pts',(150.931562415068,174.429860751334,-1.00000000000001));
#4953=CARTESIAN_POINT('Ctrl Pts',(150.931562415068,174.429860751334,-11.5));
#4954=CARTESIAN_POINT('Ctrl Pts',(150.765801852704,174.98345597907,-1.00000000000001));
#4955=CARTESIAN_POINT('Ctrl Pts',(150.765801852704,174.98345597907,-11.5));
#4956=CARTESIAN_POINT('Ctrl Pts',(150.621475840332,175.467662803894,-1.00000000000001));
#4957=CARTESIAN_POINT('Ctrl Pts',(150.621475840332,175.467662803894,-11.5));
#4958=CARTESIAN_POINT('Ctrl Pts',(150.373702251349,176.298931269123,-1.00000000000001));
#4959=CARTESIAN_POINT('Ctrl Pts',(150.373702251349,176.298931269123,-11.5));
#4960=CARTESIAN_POINT('Ctrl Pts',(150.196936852516,176.963801103919,-1.00000000000001));
#4961=CARTESIAN_POINT('Ctrl Pts',(150.196936852516,176.963801103919,-11.5));
#4962=CARTESIAN_POINT('Ctrl Pts',(150.146861941157,177.357197954259,-1.00000000000001));
#4963=CARTESIAN_POINT('Ctrl Pts',(150.146861941157,177.357197954259,-11.5));
#4964=CARTESIAN_POINT('Ctrl Pts',(150.107599703538,177.665648637381,-1.00000000000001));
#4965=CARTESIAN_POINT('Ctrl Pts',(150.107599703538,177.665648637381,-11.5));
#4966=CARTESIAN_POINT('Ctrl Pts',(150.05473886676,177.950778890334,-1.00000000000001));
#4967=CARTESIAN_POINT('Ctrl Pts',(150.05473886676,177.950778890334,-11.5));
#4968=CARTESIAN_POINT('Ctrl Pts',(149.981667103639,178.259396307279,-1.00000000000001));
#4969=CARTESIAN_POINT('Ctrl Pts',(149.981667103639,178.259396307279,-11.5));
#4970=CARTESIAN_POINT('Ctrl Pts',(149.885562185265,178.665293885189,-1.00000000000001));
#4971=CARTESIAN_POINT('Ctrl Pts',(149.885562185265,178.665293885189,-11.5));
#4972=CARTESIAN_POINT('Ctrl Pts',(149.736408217829,179.153565223345,-1.00000000000001));
#4973=CARTESIAN_POINT('Ctrl Pts',(149.736408217829,179.153565223345,-11.5));
#4974=CARTESIAN_POINT('Ctrl Pts',(149.557375137849,179.640617645582,-1.00000000000001));
#4975=CARTESIAN_POINT('Ctrl Pts',(149.557375137849,179.640617645582,-11.5));
#4976=CARTESIAN_POINT('Ctrl Pts',(149.242217257677,180.497992209777,-1.00000000000001));
#4977=CARTESIAN_POINT('Ctrl Pts',(149.242217257677,180.497992209777,-11.5));
#4978=CARTESIAN_POINT('Ctrl Pts',(148.906012260799,181.252667117412,-1.00000000000001));
#4979=CARTESIAN_POINT('Ctrl Pts',(148.906012260799,181.252667117412,-11.5));
#4980=CARTESIAN_POINT('Ctrl Pts',(148.740681431189,181.720013219281,-1.00000000000001));
#4981=CARTESIAN_POINT('Ctrl Pts',(148.740681431189,181.720013219281,-11.5));
#4982=CARTESIAN_POINT('Ctrl Pts',(148.563295853695,182.221434874063,-1.00000000000001));
#4983=CARTESIAN_POINT('Ctrl Pts',(148.563295853695,182.221434874063,-11.5));
#4984=CARTESIAN_POINT('Ctrl Pts',(148.542978490412,182.367146686139,-1.00000000000001));
#4985=CARTESIAN_POINT('Ctrl Pts',(148.542978490412,182.367146686139,-11.5));
#4986=CARTESIAN_POINT('Ctrl Pts',(148.518335597378,182.511717606933,-1.00000000000001));
#4987=CARTESIAN_POINT('Ctrl Pts',(148.518335597378,182.511717606933,-11.5));
#4988=CARTESIAN_POINT('Ctrl Pts',(148.455308923909,182.881472254057,-1.00000000000001));
#4989=CARTESIAN_POINT('Ctrl Pts',(148.455308923909,182.881472254057,-11.5));
#4990=CARTESIAN_POINT('Ctrl Pts',(148.365289612783,183.26277403948,-1.00000000000001));
#4991=CARTESIAN_POINT('Ctrl Pts',(148.365289612783,183.26277403948,-11.5));
#4992=CARTESIAN_POINT('Ctrl Pts',(148.244671169991,183.66470974634,-1.00000000000001));
#4993=CARTESIAN_POINT('Ctrl Pts',(148.244671169991,183.66470974634,-11.5));
#4994=CARTESIAN_POINT('Ctrl Pts',(148.064390554204,184.265457153304,-1.00000000000001));
#4995=CARTESIAN_POINT('Ctrl Pts',(148.064390554204,184.265457153304,-11.5));
#4996=CARTESIAN_POINT('Ctrl Pts',(147.845937890333,184.813793251708,-1.00000000000001));
#4997=CARTESIAN_POINT('Ctrl Pts',(147.845937890333,184.813793251708,-11.5));
#4998=CARTESIAN_POINT('Ctrl Pts',(147.64827570295,185.286719155692,-1.00000000000001));
#4999=CARTESIAN_POINT('Ctrl Pts',(147.64827570295,185.286719155692,-11.5));
#5000=CARTESIAN_POINT('Ctrl Pts',(147.371267096801,185.949489042082,-1.00000000000001));
#5001=CARTESIAN_POINT('Ctrl Pts',(147.371267096801,185.949489042082,-11.5));
#5002=CARTESIAN_POINT('Ctrl Pts',(147.113942790671,186.535731233678,-1.00000000000001));
#5003=CARTESIAN_POINT('Ctrl Pts',(147.113942790671,186.535731233678,-11.5));
#5004=CARTESIAN_POINT('Ctrl Pts',(146.978913002528,186.904432040045,-1.00000000000001));
#5005=CARTESIAN_POINT('Ctrl Pts',(146.978913002528,186.904432040045,-11.5));
#5006=CARTESIAN_POINT('Ctrl Pts',(146.814614380802,187.353051823492,-1.00000000000001));
#5007=CARTESIAN_POINT('Ctrl Pts',(146.814614380802,187.353051823492,-11.5));
#5008=CARTESIAN_POINT('Ctrl Pts',(146.796132818434,187.478072786585,-1.00000000000001));
#5009=CARTESIAN_POINT('Ctrl Pts',(146.796132818434,187.478072786585,-11.5));
#5010=CARTESIAN_POINT('Ctrl Pts',(146.774484439567,187.590371620011,-1.00000000000001));
#5011=CARTESIAN_POINT('Ctrl Pts',(146.774484439567,187.590371620011,-11.5));
#5012=CARTESIAN_POINT('Ctrl Pts',(146.743846570893,187.749302546517,-1.00000000000001));
#5013=CARTESIAN_POINT('Ctrl Pts',(146.743846570893,187.749302546517,-11.5));
#5014=CARTESIAN_POINT('Ctrl Pts',(146.709593101097,187.900135857198,-1.00000000000001));
#5015=CARTESIAN_POINT('Ctrl Pts',(146.709593101097,187.900135857198,-11.5));
#5016=CARTESIAN_POINT('Ctrl Pts',(146.670525405897,188.052020633831,-1.00000000000001));
#5017=CARTESIAN_POINT('Ctrl Pts',(146.670525405897,188.052020633831,-11.5));
#5018=CARTESIAN_POINT('Ctrl Pts',(146.564849232527,188.462861404076,-1.00000000000001));
#5019=CARTESIAN_POINT('Ctrl Pts',(146.564849232527,188.462861404076,-11.5));
#5020=CARTESIAN_POINT('Ctrl Pts',(146.401242655399,188.939201805048,-1.00000000000001));
#5021=CARTESIAN_POINT('Ctrl Pts',(146.401242655399,188.939201805048,-11.5));
#5022=CARTESIAN_POINT('Ctrl Pts',(146.213563576688,189.382257963624,-1.00000000000001));
#5023=CARTESIAN_POINT('Ctrl Pts',(146.213563576688,189.382257963624,-11.5));
#5024=CARTESIAN_POINT('Ctrl Pts',(145.848898455481,190.243127107264,-1.00000000000001));
#5025=CARTESIAN_POINT('Ctrl Pts',(145.848898455481,190.243127107264,-11.5));
#5026=CARTESIAN_POINT('Ctrl Pts',(145.469601952869,190.89869509693,-1.00000000000001));
#5027=CARTESIAN_POINT('Ctrl Pts',(145.469601952869,190.89869509693,-11.5));
#5028=CARTESIAN_POINT('Ctrl Pts',(145.193593082623,191.430145672542,-1.00000000000001));
#5029=CARTESIAN_POINT('Ctrl Pts',(145.193593082623,191.430145672542,-11.5));
#5030=CARTESIAN_POINT('Ctrl Pts',(144.869026316459,192.055093684354,-1.00000000000001));
#5031=CARTESIAN_POINT('Ctrl Pts',(144.869026316459,192.055093684354,-11.5));
#5032=CARTESIAN_POINT('Ctrl Pts',(144.702962454804,192.519302007417,-1.00000000000001));
#5033=CARTESIAN_POINT('Ctrl Pts',(144.702962454804,192.519302007417,-11.5));
#5034=CARTESIAN_POINT('Ctrl Pts',(144.681566216703,192.624882044426,-1.00000000000001));
#5035=CARTESIAN_POINT('Ctrl Pts',(144.681566216703,192.624882044426,-11.5));
#5036=CARTESIAN_POINT('Ctrl Pts',(144.650715525545,192.777115212654,-1.00000000000001));
#5037=CARTESIAN_POINT('Ctrl Pts',(144.650715525545,192.777115212654,-11.5));
#5038=CARTESIAN_POINT('Ctrl Pts',(144.617408086958,192.91873685514,-1.00000000000001));
#5039=CARTESIAN_POINT('Ctrl Pts',(144.617408086958,192.91873685514,-11.5));
#5040=CARTESIAN_POINT('Ctrl Pts',(144.579127546756,193.064059259445,-1.00000000000001));
#5041=CARTESIAN_POINT('Ctrl Pts',(144.579127546756,193.064059259445,-11.5));
#5042=CARTESIAN_POINT('Ctrl Pts',(144.508282916239,193.333003009572,-1.00000000000001));
#5043=CARTESIAN_POINT('Ctrl Pts',(144.508282916239,193.333003009572,-11.5));
#5044=CARTESIAN_POINT('Ctrl Pts',(144.419849304966,193.618277699918,-1.00000000000001));
#5045=CARTESIAN_POINT('Ctrl Pts',(144.419849304966,193.618277699918,-11.5));
#5046=CARTESIAN_POINT('Ctrl Pts',(144.291033659103,193.959298912499,-1.00000000000001));
#5047=CARTESIAN_POINT('Ctrl Pts',(144.291033659103,193.959298912499,-11.5));
#5048=CARTESIAN_POINT('Ctrl Pts',(143.998124191196,194.734735322046,-1.00000000000001));
#5049=CARTESIAN_POINT('Ctrl Pts',(143.998124191196,194.734735322046,-11.5));
#5050=CARTESIAN_POINT('Ctrl Pts',(143.66114256329,195.369251917762,-1.00000000000001));
#5051=CARTESIAN_POINT('Ctrl Pts',(143.66114256329,195.369251917762,-11.5));
#5052=CARTESIAN_POINT('Ctrl Pts',(143.361955946213,195.918973509019,-1.00000000000001));
#5053=CARTESIAN_POINT('Ctrl Pts',(143.361955946213,195.918973509019,-11.5));
#5054=CARTESIAN_POINT('Ctrl Pts',(142.949299887681,196.677182373287,-1.00000000000001));
#5055=CARTESIAN_POINT('Ctrl Pts',(142.949299887681,196.677182373287,-11.5));
#5056=CARTESIAN_POINT('Ctrl Pts',(142.601403498789,197.289863658008,-1.00000000000001));
#5057=CARTESIAN_POINT('Ctrl Pts',(142.601403498789,197.289863658008,-11.5));
#5058=CARTESIAN_POINT('Ctrl Pts',(142.428333271406,197.687224402086,-1.00000000000001));
#5059=CARTESIAN_POINT('Ctrl Pts',(142.428333271406,197.687224402086,-11.5));
#5060=CARTESIAN_POINT('Ctrl Pts',(142.348206817987,197.871190804811,-1.00000000000001));
#5061=CARTESIAN_POINT('Ctrl Pts',(142.348206817987,197.871190804811,-11.5));
#5062=CARTESIAN_POINT('Ctrl Pts',(142.329454632813,197.938004951068,-1.00000000000001));
#5063=CARTESIAN_POINT('Ctrl Pts',(142.329454632813,197.938004951068,-11.5));
#5064=CARTESIAN_POINT('Ctrl Pts',(142.319428951259,197.970828875469,-1.00000000000001));
#5065=CARTESIAN_POINT('Ctrl Pts',(142.319428951259,197.970828875469,-11.5));
#5066=CARTESIAN_POINT('Ctrl Pts',(142.253437805078,198.186882854612,-1.00000000000001));
#5067=CARTESIAN_POINT('Ctrl Pts',(142.253437805078,198.186882854612,-11.5));
#5068=CARTESIAN_POINT('Ctrl Pts',(142.179677475662,198.375743985836,-1.00000000000001));
#5069=CARTESIAN_POINT('Ctrl Pts',(142.179677475662,198.375743985836,-11.5));
#5070=CARTESIAN_POINT('Ctrl Pts',(142.098865279231,198.554086683805,-1.00000000000001));
#5071=CARTESIAN_POINT('Ctrl Pts',(142.098865279231,198.554086683805,-11.5));
#5072=CARTESIAN_POINT('Ctrl Pts',(141.877718629064,199.04213046902,-1.00000000000001));
#5073=CARTESIAN_POINT('Ctrl Pts',(141.877718629064,199.04213046902,-11.5));
#5074=CARTESIAN_POINT('Ctrl Pts',(141.604962302548,199.435734678511,-1.00000000000001));
#5075=CARTESIAN_POINT('Ctrl Pts',(141.604962302548,199.435734678511,-11.5));
#5076=CARTESIAN_POINT('Ctrl Pts',(141.361825641707,199.738598657718,-1.00000000000001));
#5077=CARTESIAN_POINT('Ctrl Pts',(141.361825641707,199.738598657718,-11.5));
#5078=CARTESIAN_POINT('Ctrl Pts',(141.020671092792,200.16355894076,-1.00000000000001));
#5079=CARTESIAN_POINT('Ctrl Pts',(141.020671092792,200.16355894076,-11.5));
#5080=CARTESIAN_POINT('Ctrl Pts',(140.72043840102,200.446398789936,-1.00000000000001));
#5081=CARTESIAN_POINT('Ctrl Pts',(140.72043840102,200.446398789936,-11.5));
#5082=CARTESIAN_POINT('Ctrl Pts',(140.472379014708,200.677798058131,-1.00000000000001));
#5083=CARTESIAN_POINT('Ctrl Pts',(140.472379014708,200.677798058131,-11.5));
#5084=CARTESIAN_POINT('Ctrl Pts',(140.238033492854,200.896404509867,-1.00000000000001));
#5085=CARTESIAN_POINT('Ctrl Pts',(140.238033492854,200.896404509867,-11.5));
#5086=CARTESIAN_POINT('Ctrl Pts',(140.050975254673,201.06209738183,-1.00000000000001));
#5087=CARTESIAN_POINT('Ctrl Pts',(140.050975254673,201.06209738183,-11.5));
#5088=CARTESIAN_POINT('Ctrl Pts',(139.937367852056,201.169386695771,-1.00000000000001));
#5089=CARTESIAN_POINT('Ctrl Pts',(139.937367852056,201.169386695771,-11.5));
#5090=CARTESIAN_POINT('',(163.248925434041,70.531098876483,-1.00000000000001));
#5091=CARTESIAN_POINT('',(163.248925434041,70.531098876483,-1.00000000000001));
#5092=CARTESIAN_POINT('Ctrl Pts',(139.937367852056,201.169386695771,-1.00000000000001));
#5093=CARTESIAN_POINT('Ctrl Pts',(140.050975254673,201.06209738183,-1.00000000000001));
#5094=CARTESIAN_POINT('Ctrl Pts',(140.238033492854,200.896404509867,-1.00000000000001));
#5095=CARTESIAN_POINT('Ctrl Pts',(140.472379014708,200.677798058131,-1.00000000000001));
#5096=CARTESIAN_POINT('Ctrl Pts',(140.72043840102,200.446398789936,-1.00000000000001));
#5097=CARTESIAN_POINT('Ctrl Pts',(141.020671092792,200.16355894076,-1.00000000000001));
#5098=CARTESIAN_POINT('Ctrl Pts',(141.361825641707,199.738598657718,-1.00000000000001));
#5099=CARTESIAN_POINT('Ctrl Pts',(141.604962302548,199.435734678511,-1.00000000000001));
#5100=CARTESIAN_POINT('Ctrl Pts',(141.877718629064,199.04213046902,-1.00000000000001));
#5101=CARTESIAN_POINT('Ctrl Pts',(142.098865279231,198.554086683805,-1.00000000000001));
#5102=CARTESIAN_POINT('Ctrl Pts',(142.179677475662,198.375743985836,-1.00000000000001));
#5103=CARTESIAN_POINT('Ctrl Pts',(142.253437805078,198.186882854612,-1.00000000000001));
#5104=CARTESIAN_POINT('Ctrl Pts',(142.319428951259,197.970828875469,-1.00000000000001));
#5105=CARTESIAN_POINT('Ctrl Pts',(142.329454632813,197.938004951068,-1.00000000000001));
#5106=CARTESIAN_POINT('Ctrl Pts',(142.348206817987,197.871190804811,-1.00000000000001));
#5107=CARTESIAN_POINT('Ctrl Pts',(142.428333271406,197.687224402086,-1.00000000000001));
#5108=CARTESIAN_POINT('Ctrl Pts',(142.601403498789,197.289863658008,-1.00000000000001));
#5109=CARTESIAN_POINT('Ctrl Pts',(142.949299887681,196.677182373287,-1.00000000000001));
#5110=CARTESIAN_POINT('Ctrl Pts',(143.361955946213,195.918973509019,-1.00000000000001));
#5111=CARTESIAN_POINT('Ctrl Pts',(143.66114256329,195.369251917762,-1.00000000000001));
#5112=CARTESIAN_POINT('Ctrl Pts',(143.998124191196,194.734735322046,-1.00000000000001));
#5113=CARTESIAN_POINT('Ctrl Pts',(144.291033659103,193.959298912499,-1.00000000000001));
#5114=CARTESIAN_POINT('Ctrl Pts',(144.419849304966,193.618277699918,-1.00000000000001));
#5115=CARTESIAN_POINT('Ctrl Pts',(144.508282916239,193.333003009572,-1.00000000000001));
#5116=CARTESIAN_POINT('Ctrl Pts',(144.579127546756,193.064059259445,-1.00000000000001));
#5117=CARTESIAN_POINT('Ctrl Pts',(144.617408086958,192.91873685514,-1.00000000000001));
#5118=CARTESIAN_POINT('Ctrl Pts',(144.650715525545,192.777115212654,-1.00000000000001));
#5119=CARTESIAN_POINT('Ctrl Pts',(144.681566216703,192.624882044426,-1.00000000000001));
#5120=CARTESIAN_POINT('Ctrl Pts',(144.702962454804,192.519302007417,-1.00000000000001));
#5121=CARTESIAN_POINT('Ctrl Pts',(144.869026316459,192.055093684354,-1.00000000000001));
#5122=CARTESIAN_POINT('Ctrl Pts',(145.193593082623,191.430145672542,-1.00000000000001));
#5123=CARTESIAN_POINT('Ctrl Pts',(145.469601952869,190.89869509693,-1.00000000000001));
#5124=CARTESIAN_POINT('Ctrl Pts',(145.848898455481,190.243127107264,-1.00000000000001));
#5125=CARTESIAN_POINT('Ctrl Pts',(146.213563576688,189.382257963624,-1.00000000000001));
#5126=CARTESIAN_POINT('Ctrl Pts',(146.401242655399,188.939201805048,-1.00000000000001));
#5127=CARTESIAN_POINT('Ctrl Pts',(146.564849232527,188.462861404076,-1.00000000000001));
#5128=CARTESIAN_POINT('Ctrl Pts',(146.670525405897,188.052020633831,-1.00000000000001));
#5129=CARTESIAN_POINT('Ctrl Pts',(146.709593101097,187.900135857199,-1.00000000000001));
#5130=CARTESIAN_POINT('Ctrl Pts',(146.743846570892,187.749302546517,-1.00000000000001));
#5131=CARTESIAN_POINT('Ctrl Pts',(146.774484439567,187.590371620011,-1.00000000000001));
#5132=CARTESIAN_POINT('Ctrl Pts',(146.796132818434,187.478072786585,-1.00000000000001));
#5133=CARTESIAN_POINT('Ctrl Pts',(146.814614380802,187.353051823492,-1.00000000000001));
#5134=CARTESIAN_POINT('Ctrl Pts',(146.978913002528,186.904432040045,-1.00000000000001));
#5135=CARTESIAN_POINT('Ctrl Pts',(147.113942790671,186.535731233678,-1.00000000000001));
#5136=CARTESIAN_POINT('Ctrl Pts',(147.371267096801,185.949489042082,-1.00000000000001));
#5137=CARTESIAN_POINT('Ctrl Pts',(147.64827570295,185.286719155692,-1.00000000000001));
#5138=CARTESIAN_POINT('Ctrl Pts',(147.845937890332,184.813793251708,-1.00000000000001));
#5139=CARTESIAN_POINT('Ctrl Pts',(148.064390554204,184.265457153304,-1.00000000000001));
#5140=CARTESIAN_POINT('Ctrl Pts',(148.244671169991,183.66470974634,-1.00000000000001));
#5141=CARTESIAN_POINT('Ctrl Pts',(148.365289612783,183.26277403948,-1.00000000000001));
#5142=CARTESIAN_POINT('Ctrl Pts',(148.455308923909,182.881472254057,-1.00000000000001));
#5143=CARTESIAN_POINT('Ctrl Pts',(148.518335597378,182.511717606933,-1.00000000000001));
#5144=CARTESIAN_POINT('Ctrl Pts',(148.542978490412,182.367146686139,-1.00000000000001));
#5145=CARTESIAN_POINT('Ctrl Pts',(148.563295853695,182.221434874063,-1.00000000000001));
#5146=CARTESIAN_POINT('Ctrl Pts',(148.740681431189,181.720013219281,-1.00000000000001));
#5147=CARTESIAN_POINT('Ctrl Pts',(148.906012260799,181.252667117412,-1.00000000000001));
#5148=CARTESIAN_POINT('Ctrl Pts',(149.242217257678,180.497992209776,-1.00000000000001));
#5149=CARTESIAN_POINT('Ctrl Pts',(149.557375137849,179.640617645581,-1.00000000000001));
#5150=CARTESIAN_POINT('Ctrl Pts',(149.736408217829,179.153565223345,-1.00000000000001));
#5151=CARTESIAN_POINT('Ctrl Pts',(149.885562185265,178.665293885189,-1.00000000000001));
#5152=CARTESIAN_POINT('Ctrl Pts',(149.981667103639,178.259396307279,-1.00000000000001));
#5153=CARTESIAN_POINT('Ctrl Pts',(150.05473886676,177.950778890335,-1.00000000000001));
#5154=CARTESIAN_POINT('Ctrl Pts',(150.107599703538,177.665648637381,-1.00000000000001));
#5155=CARTESIAN_POINT('Ctrl Pts',(150.146861941156,177.35719795426,-1.00000000000001));
#5156=CARTESIAN_POINT('Ctrl Pts',(150.196936852516,176.963801103919,-1.00000000000001));
#5157=CARTESIAN_POINT('Ctrl Pts',(150.373702251349,176.298931269123,-1.00000000000001));
#5158=CARTESIAN_POINT('Ctrl Pts',(150.621475840332,175.467662803894,-1.00000000000001));
#5159=CARTESIAN_POINT('Ctrl Pts',(150.765801852704,174.98345597907,-1.00000000000001));
#5160=CARTESIAN_POINT('Ctrl Pts',(150.931562415068,174.429860751334,-1.00000000000001));
#5161=CARTESIAN_POINT('Ctrl Pts',(151.071778460832,173.792347711355,-1.00000000000001));
#5162=CARTESIAN_POINT('Ctrl Pts',(151.159447124503,173.393749134539,-1.00000000000001));
#5163=CARTESIAN_POINT('Ctrl Pts',(151.21873370825,173.039010210919,-1.00000000000001));
#5164=CARTESIAN_POINT('Ctrl Pts',(151.25815075501,172.724432831492,-1.00000000000001));
#5165=CARTESIAN_POINT('Ctrl Pts',(151.283544940343,172.521768326373,-1.00000000000001));
#5166=CARTESIAN_POINT('Ctrl Pts',(151.301992629539,172.329597258127,-1.00000000000001));
#5167=CARTESIAN_POINT('Ctrl Pts',(151.315004443832,172.126103335877,-1.00000000000001));
#5168=CARTESIAN_POINT('Ctrl Pts',(151.325243506642,171.965972934052,-1.00000000000001));
#5169=CARTESIAN_POINT('Ctrl Pts',(151.341621956085,171.76325865748,-1.00000000000001));
#5170=CARTESIAN_POINT('Ctrl Pts',(151.436395459303,171.287558382876,-1.00000000000001));
#5171=CARTESIAN_POINT('Ctrl Pts',(151.528070696485,170.827409353652,-1.00000000000001));
#5172=CARTESIAN_POINT('Ctrl Pts',(151.684542039144,170.220361213473,-1.00000000000001));
#5173=CARTESIAN_POINT('Ctrl Pts',(151.839661555806,169.524904705064,-1.00000000000001));
#5174=CARTESIAN_POINT('Ctrl Pts',(151.960722970966,168.982142898541,-1.00000000000001));
#5175=CARTESIAN_POINT('Ctrl Pts',(152.072062016151,168.363085132836,-1.00000000000001));
#5176=CARTESIAN_POINT('Ctrl Pts',(152.125349799179,167.904226509295,-1.00000000000001));
#5177=CARTESIAN_POINT('Ctrl Pts',(152.162522880024,167.584130837446,-1.00000000000001));
#5178=CARTESIAN_POINT('Ctrl Pts',(152.183490114835,167.303092850561,-1.00000000000001));
#5179=CARTESIAN_POINT('Ctrl Pts',(152.192086422803,166.992300342076,-1.00000000000001));
#5180=CARTESIAN_POINT('Ctrl Pts',(152.201552152842,166.650074587187,-1.00000000000001));
#5181=CARTESIAN_POINT('Ctrl Pts',(152.291686268386,166.002140058627,-1.00000000000001));
#5182=CARTESIAN_POINT('Ctrl Pts',(152.444651888428,165.224045075457,-1.00000000000001));
#5183=CARTESIAN_POINT('Ctrl Pts',(152.534230266369,164.768383950711,-1.00000000000001));
#5184=CARTESIAN_POINT('Ctrl Pts',(152.644300364608,164.232576140158,-1.00000000000001));
#5185=CARTESIAN_POINT('Ctrl Pts',(152.732403920738,163.671052738963,-1.00000000000001));
#5186=CARTESIAN_POINT('Ctrl Pts',(152.797016448783,163.259248175087,-1.00000000000001));
#5187=CARTESIAN_POINT('Ctrl Pts',(152.839491805133,162.897329794108,-1.00000000000001));
#5188=CARTESIAN_POINT('Ctrl Pts',(152.866094050945,162.570839733463,-1.00000000000001));
#5189=CARTESIAN_POINT('Ctrl Pts',(152.880793761271,162.390429803048,-1.00000000000001));
#5190=CARTESIAN_POINT('Ctrl Pts',(152.891686088376,162.212440870408,-1.00000000000001));
#5191=CARTESIAN_POINT('Ctrl Pts',(152.898406376236,162.01743115958,-1.00000000000001));
#5192=CARTESIAN_POINT('Ctrl Pts',(152.911892975705,161.626076218071,-1.00000000000001));
#5193=CARTESIAN_POINT('Ctrl Pts',(152.974220221459,160.931971531981,-1.00000000000001));
#5194=CARTESIAN_POINT('Ctrl Pts',(153.062647711052,160.192217084164,-1.00000000000001));
#5195=CARTESIAN_POINT('Ctrl Pts',(153.139836444679,159.546482264765,-1.00000000000001));
#5196=CARTESIAN_POINT('Ctrl Pts',(153.234352395202,158.76457667617,-1.00000000000001));
#5197=CARTESIAN_POINT('Ctrl Pts',(153.282274941277,158.224215363216,-1.00000000000001));
#5198=CARTESIAN_POINT('Ctrl Pts',(153.320922860356,157.788432167062,-1.00000000000001));
#5199=CARTESIAN_POINT('Ctrl Pts',(153.343971197476,157.446851407962,-1.00000000000001));
#5200=CARTESIAN_POINT('Ctrl Pts',(153.358020601454,157.008535863545,-1.00000000000001));
#5201=CARTESIAN_POINT('Ctrl Pts',(153.365800920431,156.765804232112,-1.00000000000001));
#5202=CARTESIAN_POINT('Ctrl Pts',(153.376608235781,156.485409956437,-1.00000000000001));
#5203=CARTESIAN_POINT('Ctrl Pts',(153.396217578599,156.094719780729,-1.00000000000001));
#5204=CARTESIAN_POINT('Ctrl Pts',(153.415634369176,155.70786595332,-1.00000000000001));
#5205=CARTESIAN_POINT('Ctrl Pts',(153.439451516608,155.305862477521,-1.00000000000001));
#5206=CARTESIAN_POINT('Ctrl Pts',(153.464089034765,154.910360673869,-1.00000000000001));
#5207=CARTESIAN_POINT('Ctrl Pts',(153.500424154091,154.327079308525,-1.00000000000001));
#5208=CARTESIAN_POINT('Ctrl Pts',(153.540081842845,153.730481674065,-1.00000000000001));
#5209=CARTESIAN_POINT('Ctrl Pts',(153.572053770998,153.148612768586,-1.00000000000001));
#5210=CARTESIAN_POINT('Ctrl Pts',(153.590562896528,152.81175837052,-1.00000000000001));
#5211=CARTESIAN_POINT('Ctrl Pts',(153.603684082004,152.530124315828,-1.00000000000001));
#5212=CARTESIAN_POINT('Ctrl Pts',(153.613150307735,152.292924101239,-1.00000000000001));
#5213=CARTESIAN_POINT('Ctrl Pts',(153.61683941851,152.200484105359,-1.00000000000001));
#5214=CARTESIAN_POINT('Ctrl Pts',(153.62019464317,152.109819679531,-1.00000000000001));
#5215=CARTESIAN_POINT('Ctrl Pts',(153.623408424508,152.013904525804,-1.00000000000001));
#5216=CARTESIAN_POINT('Ctrl Pts',(153.630801555787,151.793256868489,-1.00000000000001));
#5217=CARTESIAN_POINT('Ctrl Pts',(153.639886198615,151.533153333849,-1.00000000000001));
#5218=CARTESIAN_POINT('Ctrl Pts',(153.654903859577,151.156368698558,-1.00000000000001));
#5219=CARTESIAN_POINT('Ctrl Pts',(153.672309640017,150.719667493753,-1.00000000000001));
#5220=CARTESIAN_POINT('Ctrl Pts',(153.693947528981,150.23416320976,-1.00000000000001));
#5221=CARTESIAN_POINT('Ctrl Pts',(153.716219753161,149.778032216624,-1.00000000000001));
#5222=CARTESIAN_POINT('Ctrl Pts',(153.736944401458,149.353595288655,-1.00000000000001));
#5223=CARTESIAN_POINT('Ctrl Pts',(153.759225427525,148.929609810978,-1.00000000000001));
#5224=CARTESIAN_POINT('Ctrl Pts',(153.782966384103,148.499949527936,-1.00000000000001));
#5225=CARTESIAN_POINT('Ctrl Pts',(153.798302236518,148.222403563533,-1.00000000000001));
#5226=CARTESIAN_POINT('Ctrl Pts',(153.814282920307,147.941872745566,-1.00000000000001));
#5227=CARTESIAN_POINT('Ctrl Pts',(153.830765998898,147.658621187889,-1.00000000000001));
#5228=CARTESIAN_POINT('Ctrl Pts',(153.839799862079,147.503379810871,-1.00000000000001));
#5229=CARTESIAN_POINT('Ctrl Pts',(153.848583102118,147.353496646057,-1.00000000000001));
#5230=CARTESIAN_POINT('Ctrl Pts',(153.863086118943,147.109875781129,-1.00000000000001));
#5231=CARTESIAN_POINT('Ctrl Pts',(153.887914237406,146.692814436785,-1.00000000000001));
#5232=CARTESIAN_POINT('Ctrl Pts',(153.921817053629,146.116554729519,-1.00000000000001));
#5233=CARTESIAN_POINT('Ctrl Pts',(153.947849277929,145.683804006483,-1.00000000000001));
#5234=CARTESIAN_POINT('Ctrl Pts',(153.97580442363,145.219087300917,-1.00000000000001));
#5235=CARTESIAN_POINT('Ctrl Pts',(154.00002309517,144.82618667271,-1.00000000000001));
#5236=CARTESIAN_POINT('Ctrl Pts',(154.028111721346,144.393580888727,-1.00000000000001));
#5237=CARTESIAN_POINT('Ctrl Pts',(154.065954569871,143.81074586319,-1.00000000000001));
#5238=CARTESIAN_POINT('Ctrl Pts',(154.104787038146,143.264083843605,-1.00000000000001));
#5239=CARTESIAN_POINT('Ctrl Pts',(154.132769778413,142.893436686432,-1.00000000000001));
#5240=CARTESIAN_POINT('Ctrl Pts',(154.153476305224,142.619167075098,-1.00000000000001));
#5241=CARTESIAN_POINT('Ctrl Pts',(154.170424425236,142.406084764901,-1.00000000000001));
#5242=CARTESIAN_POINT('Ctrl Pts',(154.187924697721,142.193350794105,-1.00000000000001));
#5243=CARTESIAN_POINT('Ctrl Pts',(154.221552909875,141.784564981877,-1.00000000000001));
#5244=CARTESIAN_POINT('Ctrl Pts',(154.251999591948,141.370204277972,-1.00000000000001));
#5245=CARTESIAN_POINT('Ctrl Pts',(154.294842119527,140.662457856301,-1.00000000000001));
#5246=CARTESIAN_POINT('Ctrl Pts',(154.335134347025,139.996841669673,-1.00000000000001));
#5247=CARTESIAN_POINT('Ctrl Pts',(154.376568007226,139.21622838475,-1.00000000000001));
#5248=CARTESIAN_POINT('Ctrl Pts',(154.417385434962,138.577445126295,-1.00000000000001));
#5249=CARTESIAN_POINT('Ctrl Pts',(154.447494295614,138.106248454134,-1.00000000000001));
#5250=CARTESIAN_POINT('Ctrl Pts',(154.469718465843,137.811818218037,-1.00000000000001));
#5251=CARTESIAN_POINT('Ctrl Pts',(154.492840328508,137.531249087457,-1.00000000000001));
#5252=CARTESIAN_POINT('Ctrl Pts',(154.501063888354,137.431461407298,-1.00000000000001));
#5253=CARTESIAN_POINT('Ctrl Pts',(154.509620186082,137.331624667569,-1.00000000000001));
#5254=CARTESIAN_POINT('Ctrl Pts',(154.519448502084,137.222797666143,-1.00000000000001));
#5255=CARTESIAN_POINT('Ctrl Pts',(154.541473008147,136.978924661614,-1.00000000000001));
#5256=CARTESIAN_POINT('Ctrl Pts',(154.565756764179,136.69566369388,-1.00000000000001));
#5257=CARTESIAN_POINT('Ctrl Pts',(154.596494334292,136.307909896582,-1.00000000000001));
#5258=CARTESIAN_POINT('Ctrl Pts',(154.630530493503,135.878544467546,-1.00000000000001));
#5259=CARTESIAN_POINT('Ctrl Pts',(154.666387704999,135.393618493363,-1.00000000000001));
#5260=CARTESIAN_POINT('Ctrl Pts',(154.701489691406,134.932688279361,-1.00000000000001));
#5261=CARTESIAN_POINT('Ctrl Pts',(154.742374302848,134.395825422554,-1.00000000000001));
#5262=CARTESIAN_POINT('Ctrl Pts',(154.785028042452,133.858862816315,-1.00000000000001));
#5263=CARTESIAN_POINT('Ctrl Pts',(154.833203216242,133.337375761162,-1.00000000000001));
#5264=CARTESIAN_POINT('Ctrl Pts',(154.860258827314,133.04450393873,-1.00000000000001));
#5265=CARTESIAN_POINT('Ctrl Pts',(154.885039233503,132.799920143021,-1.00000000000001));
#5266=CARTESIAN_POINT('Ctrl Pts',(154.905496447663,132.607930291949,-1.00000000000001));
#5267=CARTESIAN_POINT('Ctrl Pts',(154.915667807058,132.512472632848,-1.00000000000001));
#5268=CARTESIAN_POINT('Ctrl Pts',(154.925920011276,132.41869312024,-1.00000000000001));
#5269=CARTESIAN_POINT('Ctrl Pts',(154.938510660509,132.307942969377,-1.00000000000001));
#5270=CARTESIAN_POINT('Ctrl Pts',(154.962448079219,132.097384110634,-1.00000000000001));
#5271=CARTESIAN_POINT('Ctrl Pts',(154.995916501148,131.79461407475,-1.00000000000001));
#5272=CARTESIAN_POINT('Ctrl Pts',(155.034492148868,131.434788825024,-1.00000000000001));
#5273=CARTESIAN_POINT('Ctrl Pts',(155.103617939005,130.789998493076,-1.00000000000001));
#5274=CARTESIAN_POINT('Ctrl Pts',(155.167297649494,130.18366684116,-1.00000000000001));
#5275=CARTESIAN_POINT('Ctrl Pts',(155.222203443897,129.699373467839,-1.00000000000001));
#5276=CARTESIAN_POINT('Ctrl Pts',(155.302482710169,128.99127485833,-1.00000000000001));
#5277=CARTESIAN_POINT('Ctrl Pts',(155.370638206737,128.399918225306,-1.00000000000001));
#5278=CARTESIAN_POINT('Ctrl Pts',(155.517358334543,127.461611892412,-1.00000000000001));
#5279=CARTESIAN_POINT('Ctrl Pts',(155.584702643337,127.030930755669,-1.00000000000001));
#5280=CARTESIAN_POINT('Ctrl Pts',(155.654701556149,126.536032382912,-1.00000000000001));
#5281=CARTESIAN_POINT('Ctrl Pts',(155.730123405087,126.014339716482,-1.00000000000001));
#5282=CARTESIAN_POINT('Ctrl Pts',(155.792762209874,125.581067321928,-1.00000000000001));
#5283=CARTESIAN_POINT('Ctrl Pts',(155.851208967092,125.197109990541,-1.00000000000001));
#5284=CARTESIAN_POINT('Ctrl Pts',(155.904701898569,124.87177633931,-1.00000000000001));
#5285=CARTESIAN_POINT('Ctrl Pts',(155.969758136595,124.476116896687,-1.00000000000001));
#5286=CARTESIAN_POINT('Ctrl Pts',(156.033582506837,124.119288990233,-1.00000000000001));
#5287=CARTESIAN_POINT('Ctrl Pts',(156.116521642474,123.687632406645,-1.00000000000001));
#5288=CARTESIAN_POINT('Ctrl Pts',(156.1776297978,123.369595121172,-1.00000000000001));
#5289=CARTESIAN_POINT('Ctrl Pts',(156.240028183159,123.060199563304,-1.00000000000001));
#5290=CARTESIAN_POINT('Ctrl Pts',(156.288827559772,122.821197798724,-1.00000000000001));
#5291=CARTESIAN_POINT('Ctrl Pts',(156.301792143233,122.75770193998,-1.00000000000001));
#5292=CARTESIAN_POINT('Ctrl Pts',(156.314379584562,122.696321793444,-1.00000000000001));
#5293=CARTESIAN_POINT('Ctrl Pts',(156.326859108117,122.635669114895,-1.00000000000001));
#5294=CARTESIAN_POINT('Ctrl Pts',(156.483741333224,121.873193918824,-1.00000000000001));
#5295=CARTESIAN_POINT('Ctrl Pts',(156.602426792381,121.155467890104,-1.00000000000001));
#5296=CARTESIAN_POINT('Ctrl Pts',(156.720339339335,120.451761114592,-1.00000000000001));
#5297=CARTESIAN_POINT('Ctrl Pts',(156.792074126857,120.02364504618,-1.00000000000001));
#5298=CARTESIAN_POINT('Ctrl Pts',(156.867608479843,119.575948385547,-1.00000000000001));
#5299=CARTESIAN_POINT('Ctrl Pts',(156.941492793909,119.16711357947,-1.00000000000001));
#5300=CARTESIAN_POINT('Ctrl Pts',(157.07960077977,118.402900602331,-1.00000000000001));
#5301=CARTESIAN_POINT('Ctrl Pts',(157.163892889373,118.012976743238,-1.00000000000001));
#5302=CARTESIAN_POINT('Ctrl Pts',(157.235756193822,117.687331902851,-1.00000000000001));
#5303=CARTESIAN_POINT('Ctrl Pts',(157.450109766642,116.715999794729,-1.00000000000001));
#5304=CARTESIAN_POINT('Ctrl Pts',(157.551629313956,115.878904954468,-1.00000000000001));
#5305=CARTESIAN_POINT('Ctrl Pts',(157.656874444727,115.076334631167,-1.00000000000001));
#5306=CARTESIAN_POINT('Ctrl Pts',(157.723105213847,114.571277063223,-1.00000000000001));
#5307=CARTESIAN_POINT('Ctrl Pts',(157.792789225954,114.05571981028,-1.00000000000001));
#5308=CARTESIAN_POINT('Ctrl Pts',(157.862052315967,113.627126648316,-1.00000000000001));
#5309=CARTESIAN_POINT('Ctrl Pts',(157.936960603117,113.163601563871,-1.00000000000001));
#5310=CARTESIAN_POINT('Ctrl Pts',(157.989216251605,112.904414428319,-1.00000000000001));
#5311=CARTESIAN_POINT('Ctrl Pts',(158.04084360292,112.662629797123,-1.00000000000001));
#5312=CARTESIAN_POINT('Ctrl Pts',(158.117904177181,112.301734611664,-1.00000000000001));
#5313=CARTESIAN_POINT('Ctrl Pts',(158.179048779731,111.959204541263,-1.00000000000001));
#5314=CARTESIAN_POINT('Ctrl Pts',(158.242646708972,111.505537182908,-1.00000000000001));
#5315=CARTESIAN_POINT('Ctrl Pts',(158.329282168036,110.887534673669,-1.00000000000001));
#5316=CARTESIAN_POINT('Ctrl Pts',(158.387845167568,110.253559628317,-1.00000000000001));
#5317=CARTESIAN_POINT('Ctrl Pts',(158.440113289288,109.701958651382,-1.00000000000001));
#5318=CARTESIAN_POINT('Ctrl Pts',(158.503296032549,109.035172439045,-1.00000000000001));
#5319=CARTESIAN_POINT('Ctrl Pts',(158.575034292,108.404689630421,-1.00000000000001));
#5320=CARTESIAN_POINT('Ctrl Pts',(158.630195995779,108.048590514325,-1.00000000000001));
#5321=CARTESIAN_POINT('Ctrl Pts',(158.657126654202,107.874738312459,-1.00000000000001));
#5322=CARTESIAN_POINT('Ctrl Pts',(158.681472502142,107.736872810504,-1.00000000000001));
#5323=CARTESIAN_POINT('Ctrl Pts',(158.708514545726,107.598204331184,-1.00000000000001));
#5324=CARTESIAN_POINT('Ctrl Pts',(158.773450810575,107.265218657539,-1.00000000000001));
#5325=CARTESIAN_POINT('Ctrl Pts',(158.834575699096,106.907765203912,-1.00000000000001));
#5326=CARTESIAN_POINT('Ctrl Pts',(158.899685649076,106.439564259628,-1.00000000000001));
#5327=CARTESIAN_POINT('Ctrl Pts',(158.968667826339,105.943518408819,-1.00000000000001));
#5328=CARTESIAN_POINT('Ctrl Pts',(159.024669779369,105.437960654144,-1.00000000000001));
#5329=CARTESIAN_POINT('Ctrl Pts',(159.074614988861,104.971266967335,-1.00000000000001));
#5330=CARTESIAN_POINT('Ctrl Pts',(159.146842447745,104.29636542185,-1.00000000000001));
#5331=CARTESIAN_POINT('Ctrl Pts',(159.216203328259,103.627251085404,-1.00000000000001));
#5332=CARTESIAN_POINT('Ctrl Pts',(159.301563806328,103.025820994783,-1.00000000000001));
#5333=CARTESIAN_POINT('Ctrl Pts',(159.328772092943,102.834117730519,-1.00000000000001));
#5334=CARTESIAN_POINT('Ctrl Pts',(159.35680542621,102.654709553331,-1.00000000000001));
#5335=CARTESIAN_POINT('Ctrl Pts',(159.382055762735,102.504880133355,-1.00000000000001));
#5336=CARTESIAN_POINT('Ctrl Pts',(159.55787316907,101.46162195791,-1.00000000000001));
#5337=CARTESIAN_POINT('Ctrl Pts',(159.589118159931,101.060762129768,-1.00000000000001));
#5338=CARTESIAN_POINT('Ctrl Pts',(159.667284919187,100.291238880704,-1.00000000000001));
#5339=CARTESIAN_POINT('Ctrl Pts',(159.716889564412,99.8028992319143,-1.00000000000001));
#5340=CARTESIAN_POINT('Ctrl Pts',(159.781587169923,99.0909171423389,-1.00000000000001));
#5341=CARTESIAN_POINT('Ctrl Pts',(159.850995209416,98.4713939200624,-1.00000000000001));
#5342=CARTESIAN_POINT('Ctrl Pts',(159.890960021777,98.1146754546972,-1.00000000000001));
#5343=CARTESIAN_POINT('Ctrl Pts',(159.934202942837,97.7744816197102,-1.00000000000001));
#5344=CARTESIAN_POINT('Ctrl Pts',(159.983892478037,97.4498963516244,-1.00000000000001));
#5345=CARTESIAN_POINT('Ctrl Pts',(160.147317065911,96.3823634504942,-1.00000000000001));
#5346=CARTESIAN_POINT('Ctrl Pts',(160.242449309975,95.4386301425702,-1.00000000000001));
#5347=CARTESIAN_POINT('Ctrl Pts',(160.363134577697,94.4138974312302,-1.00000000000001));
#5348=CARTESIAN_POINT('Ctrl Pts',(160.428891074418,93.8555622305528,-1.00000000000001));
#5349=CARTESIAN_POINT('Ctrl Pts',(160.510337387685,93.2221378692943,-1.00000000000001));
#5350=CARTESIAN_POINT('Ctrl Pts',(160.562462341292,92.8505732249253,-1.00000000000001));
#5351=CARTESIAN_POINT('Ctrl Pts',(160.585217325178,92.688367852828,-1.00000000000001));
#5352=CARTESIAN_POINT('Ctrl Pts',(160.603951631325,92.5597618407326,-1.00000000000001));
#5353=CARTESIAN_POINT('Ctrl Pts',(160.622467854141,92.4355560966494,-1.00000000000001));
#5354=CARTESIAN_POINT('Ctrl Pts',(160.724392041415,91.7518545854718,-1.00000000000001));
#5355=CARTESIAN_POINT('Ctrl Pts',(160.801828581115,90.9936747924195,-1.00000000000001));
#5356=CARTESIAN_POINT('Ctrl Pts',(160.864408257526,90.3109958633378,-1.00000000000001));
#5357=CARTESIAN_POINT('Ctrl Pts',(160.922963782196,89.6722162280749,-1.00000000000001));
#5358=CARTESIAN_POINT('Ctrl Pts',(160.975030377137,89.0571912704071,-1.00000000000001));
#5359=CARTESIAN_POINT('Ctrl Pts',(161.04013088312,88.4590076682351,-1.00000000000001));
#5360=CARTESIAN_POINT('Ctrl Pts',(161.073590760541,88.1515576768428,-1.00000000000001));
#5361=CARTESIAN_POINT('Ctrl Pts',(161.105514900529,87.8956089212568,-1.00000000000001));
#5362=CARTESIAN_POINT('Ctrl Pts',(161.13127231289,87.7041129936433,-1.00000000000001));
#5363=CARTESIAN_POINT('Ctrl Pts',(161.143711910211,87.6116296263373,-1.00000000000001));
#5364=CARTESIAN_POINT('Ctrl Pts',(161.155929963945,87.5243084344062,-1.00000000000001));
#5365=CARTESIAN_POINT('Ctrl Pts',(161.170148725857,87.427461681073,-1.00000000000001));
#5366=CARTESIAN_POINT('Ctrl Pts',(161.202762716421,87.2053214469859,-1.00000000000001));
#5367=CARTESIAN_POINT('Ctrl Pts',(161.240093784187,86.9414772037903,-1.00000000000001));
#5368=CARTESIAN_POINT('Ctrl Pts',(161.292332856904,86.5417692176972,-1.00000000000001));
#5369=CARTESIAN_POINT('Ctrl Pts',(161.346136657298,86.1300886961797,-1.00000000000001));
#5370=CARTESIAN_POINT('Ctrl Pts',(161.406640875245,85.6378240111009,-1.00000000000001));
#5371=CARTESIAN_POINT('Ctrl Pts',(161.467381851503,85.1496038731418,-1.00000000000001));
#5372=CARTESIAN_POINT('Ctrl Pts',(161.572225833433,84.306895268906,-1.00000000000001));
#5373=CARTESIAN_POINT('Ctrl Pts',(161.696440105542,83.3543932715355,-1.00000000000001));
#5374=CARTESIAN_POINT('Ctrl Pts',(161.833850186507,82.4396173611553,-1.00000000000001));
#5375=CARTESIAN_POINT('Ctrl Pts',(161.955159290751,81.6320299884345,-1.00000000000001));
#5376=CARTESIAN_POINT('Ctrl Pts',(162.052529180846,80.8572653454601,-1.00000000000001));
#5377=CARTESIAN_POINT('Ctrl Pts',(162.147855182084,80.0949766141507,-1.00000000000001));
#5378=CARTESIAN_POINT('Ctrl Pts',(162.243152010297,79.3329211693315,-1.00000000000001));
#5379=CARTESIAN_POINT('Ctrl Pts',(162.347405541803,78.5150746670561,-1.00000000000001));
#5380=CARTESIAN_POINT('Ctrl Pts',(162.414726909111,78.0315652652755,-1.00000000000001));
#5381=CARTESIAN_POINT('Ctrl Pts',(162.449965704775,77.7784763918286,-1.00000000000001));
#5382=CARTESIAN_POINT('Ctrl Pts',(162.476520652884,77.5969418919519,-1.00000000000001));
#5383=CARTESIAN_POINT('Ctrl Pts',(162.500412142807,77.4371591550651,-1.00000000000001));
#5384=CARTESIAN_POINT('Ctrl Pts',(162.553464438944,77.0823532764049,-1.00000000000001));
#5385=CARTESIAN_POINT('Ctrl Pts',(162.587477083372,76.8119455847786,-1.00000000000001));
#5386=CARTESIAN_POINT('Ctrl Pts',(162.629304637826,76.4246051326975,-1.00000000000001));
#5387=CARTESIAN_POINT('Ctrl Pts',(162.678016262293,75.9735153453941,-1.00000000000001));
#5388=CARTESIAN_POINT('Ctrl Pts',(162.719565271256,75.4901667675521,-1.00000000000001));
#5389=CARTESIAN_POINT('Ctrl Pts',(162.756152229962,75.0478174776571,-1.00000000000001));
#5390=CARTESIAN_POINT('Ctrl Pts',(162.809570667532,74.4019696465709,-1.00000000000001));
#5391=CARTESIAN_POINT('Ctrl Pts',(162.866517027798,73.7293261660001,-1.00000000000001));
#5392=CARTESIAN_POINT('Ctrl Pts',(162.916145942879,73.2681733179223,-1.00000000000001));
#5393=CARTESIAN_POINT('Ctrl Pts',(162.954693922691,72.9099847367426,-1.00000000000001));
#5394=CARTESIAN_POINT('Ctrl Pts',(162.987094118001,72.6566633417599,-1.00000000000001));
#5395=CARTESIAN_POINT('Ctrl Pts',(163.022237727672,72.4082149379055,-1.00000000000001));
#5396=CARTESIAN_POINT('Ctrl Pts',(163.082420308017,71.9827530639923,-1.00000000000001));
#5397=CARTESIAN_POINT('Ctrl Pts',(163.136299455185,71.5693232419008,-1.00000000000001));
#5398=CARTESIAN_POINT('Ctrl Pts',(163.205444625547,70.9402286410937,-1.00000000000001));
#5399=CARTESIAN_POINT('Ctrl Pts',(163.219761571783,70.8099706125173,-1.00000000000001));
#5400=CARTESIAN_POINT('Ctrl Pts',(163.234348208105,70.673013207814,-1.00000000000001));
#5401=CARTESIAN_POINT('Ctrl Pts',(163.248925434041,70.531098876483,-1.00000000000001));
#5402=CARTESIAN_POINT('Origin',(163.550495981836,70.531098876483,-1.00000000000001));
#5403=CARTESIAN_POINT('',(163.550495981836,70.5310988764831,-1.00000000000001));
#5404=CARTESIAN_POINT('Ctrl Pts',(163.550495981836,70.5310988764831,-1.00000000000001));
#5405=CARTESIAN_POINT('Ctrl Pts',(163.550495981836,70.5310988764831,-4.00000000000001));
#5406=CARTESIAN_POINT('Ctrl Pts',(163.550495981836,70.5310988764831,-7.00000000000001));
#5407=CARTESIAN_POINT('Ctrl Pts',(163.550495981836,70.5310988764831,-10.));
#5408=CARTESIAN_POINT('',(-66.9861953896594,70.531098876483,-1.00000000000001));
#5409=CARTESIAN_POINT('Ctrl Pts',(192.884180994715,11.9403510540002,-16.8323549141533));
#5410=CARTESIAN_POINT('Ctrl Pts',(-57.1342529400552,11.9403510540002,-16.8323549141533));
#5411=CARTESIAN_POINT('Ctrl Pts',(192.884180994715,13.0039356097121,-17.4459817281817));
#5412=CARTESIAN_POINT('Ctrl Pts',(-57.1342529400552,13.0039356097121,-17.4459817281817));
#5413=CARTESIAN_POINT('Ctrl Pts',(192.884180994715,14.3395086884836,-18.2050998920925));
#5414=CARTESIAN_POINT('Ctrl Pts',(-57.1342529400552,14.3395086884836,-18.2050998920925));
#5415=CARTESIAN_POINT('Ctrl Pts',(192.884180994715,16.2363548091136,-19.2192952928772));
#5416=CARTESIAN_POINT('Ctrl Pts',(-57.1342529400552,16.2363548091136,-19.2192952928772));
#5417=CARTESIAN_POINT('Ctrl Pts',(192.884180994715,17.3113047178964,-19.7940436826935));
#5418=CARTESIAN_POINT('Ctrl Pts',(-57.1342529400552,17.3113047178964,-19.7940436826935));
#5419=CARTESIAN_POINT('Ctrl Pts',(192.884180994715,18.4935965966652,-20.406985580538));
#5420=CARTESIAN_POINT('Ctrl Pts',(-57.1342529400552,18.4935965966652,-20.406985580538));
#5421=CARTESIAN_POINT('Ctrl Pts',(192.884180994715,19.5320004951949,-20.9300299558934));
#5422=CARTESIAN_POINT('Ctrl Pts',(-57.1342529400552,19.5320004951949,-20.9300299558934));
#5423=CARTESIAN_POINT('Ctrl Pts',(192.884180994715,20.6593907021374,-21.4978967632185));
#5424=CARTESIAN_POINT('Ctrl Pts',(-57.1342529400552,20.6593907021374,-21.4978967632185));
#5425=CARTESIAN_POINT('Ctrl Pts',(192.884180994715,21.6310264060942,-21.9684214726451));
#5426=CARTESIAN_POINT('Ctrl Pts',(-57.1342529400552,21.6310264060942,-21.9684214726451));
#5427=CARTESIAN_POINT('Ctrl Pts',(192.884180994715,22.1637637803435,-22.2240139349872));
#5428=CARTESIAN_POINT('Ctrl Pts',(-57.1342529400552,22.1637637803435,-22.2240139349872));
#5429=CARTESIAN_POINT('Ctrl Pts',(192.884180994715,22.4019772142824,-22.3383020647232));
#5430=CARTESIAN_POINT('Ctrl Pts',(-57.1342529400552,22.4019772142824,-22.3383020647232));
#5431=CARTESIAN_POINT('Ctrl Pts',(192.884180994715,22.5467006454646,-22.4072318944892));
#5432=CARTESIAN_POINT('Ctrl Pts',(-57.1342529400552,22.5467006454646,-22.4072318944892));
#5433=CARTESIAN_POINT('Ctrl Pts',(192.884180994715,22.7313387215677,-22.4948793770927));
#5434=CARTESIAN_POINT('Ctrl Pts',(-57.1342529400552,22.7313387215677,-22.4948793770927));
#5435=CARTESIAN_POINT('Ctrl Pts',(192.884180994715,24.0478249819329,-23.1198138924344));
#5436=CARTESIAN_POINT('Ctrl Pts',(-57.1342529400552,24.0478249819329,-23.1198138924344));
#5437=CARTESIAN_POINT('Ctrl Pts',(192.884180994715,25.6980930340794,-23.8656096036948));
#5438=CARTESIAN_POINT('Ctrl Pts',(-57.1342529400552,25.6980930340794,-23.8656096036948));
#5439=CARTESIAN_POINT('Ctrl Pts',(192.884180994715,26.2350309341074,-24.1040207768609));
#5440=CARTESIAN_POINT('Ctrl Pts',(-57.1342529400552,26.2350309341074,-24.1040207768609));
#5441=CARTESIAN_POINT('Ctrl Pts',(192.884180994715,26.4024118542209,-24.1783412551281));
#5442=CARTESIAN_POINT('Ctrl Pts',(-57.1342529400552,26.4024118542209,-24.1783412551281));
#5443=CARTESIAN_POINT('Ctrl Pts',(192.884180994715,26.5338170106443,-24.2363960160321));
#5444=CARTESIAN_POINT('Ctrl Pts',(-57.1342529400552,26.5338170106443,-24.2363960160321));
#5445=CARTESIAN_POINT('Ctrl Pts',(192.884180994715,26.6803335174182,-24.3008919657908));
#5446=CARTESIAN_POINT('Ctrl Pts',(-57.1342529400552,26.6803335174182,-24.3008919657908));
#5447=CARTESIAN_POINT('Ctrl Pts',(192.884180994715,28.1090932768963,-24.9298259998704));
#5448=CARTESIAN_POINT('Ctrl Pts',(-57.1342529400552,28.1090932768963,-24.9298259998704));
#5449=CARTESIAN_POINT('Ctrl Pts',(192.884180994715,29.4344771512999,-25.4885015965241));
#5450=CARTESIAN_POINT('Ctrl Pts',(-57.1342529400552,29.4344771512999,-25.4885015965241));
#5451=CARTESIAN_POINT('Ctrl Pts',(192.884180994715,30.777148696348,-26.0332772386721));
#5452=CARTESIAN_POINT('Ctrl Pts',(-57.1342529400552,30.777148696348,-26.0332772386721));
#5453=CARTESIAN_POINT('Ctrl Pts',(192.884180994715,31.4872461692564,-26.3213922346426));
#5454=CARTESIAN_POINT('Ctrl Pts',(-57.1342529400552,31.4872461692564,-26.3213922346426));
#5455=CARTESIAN_POINT('Ctrl Pts',(192.884180994715,32.2297910599633,-26.6158243302062));
#5456=CARTESIAN_POINT('Ctrl Pts',(-57.1342529400552,32.2297910599633,-26.6158243302062));
#5457=CARTESIAN_POINT('Ctrl Pts',(192.884180994715,32.9006339371019,-26.8763541238171));
#5458=CARTESIAN_POINT('Ctrl Pts',(-57.1342529400552,32.9006339371019,-26.8763541238171));
#5459=CARTESIAN_POINT('',(144.868736835635,11.9403510540002,-16.8323549141533));
#5460=CARTESIAN_POINT('',(162.865747059945,11.9403510540002,-16.8323549141533));
#5461=CARTESIAN_POINT('Ctrl Pts',(154.065747059945,30.5378460932273,-25.935945976867));
#5462=CARTESIAN_POINT('Ctrl Pts',(153.943103862694,30.2942514865026,-25.8366280158922));
#5463=CARTESIAN_POINT('Ctrl Pts',(153.858306956184,30.122685053152,-25.7662528151244));
#5464=CARTESIAN_POINT('Ctrl Pts',(153.732498243509,29.8588262748426,-25.6571858024362));
#5465=CARTESIAN_POINT('Ctrl Pts',(153.623801255442,29.6308559390274,-25.5629534116544));
#5466=CARTESIAN_POINT('Ctrl Pts',(153.491390570258,29.3508293307094,-25.4464080726298));
#5467=CARTESIAN_POINT('Ctrl Pts',(153.370207744959,29.0920588378284,-25.3377870284199));
#5468=CARTESIAN_POINT('Ctrl Pts',(153.026069337753,28.3571950893404,-25.0293219216601));
#5469=CARTESIAN_POINT('Ctrl Pts',(152.687421872986,27.615118582444,-24.7108924605158));
#5470=CARTESIAN_POINT('Ctrl Pts',(152.361058316633,26.8896980914169,-24.3928656733974));
#5471=CARTESIAN_POINT('Ctrl Pts',(151.971964762443,26.024845286498,-24.0137112901386));
#5472=CARTESIAN_POINT('Ctrl Pts',(151.65136645783,25.3003910554559,-23.6858746154951));
#5473=CARTESIAN_POINT('Ctrl Pts',(151.483235386723,24.9221017253866,-23.5136049247782));
#5474=CARTESIAN_POINT('Ctrl Pts',(151.389451298649,24.7110906397208,-23.4175123004928));
#5475=CARTESIAN_POINT('Ctrl Pts',(151.313807841236,24.5432183940505,-23.3405927715889));
#5476=CARTESIAN_POINT('Ctrl Pts',(151.228526632606,24.3554244108485,-23.254142788116));
#5477=CARTESIAN_POINT('Ctrl Pts',(151.017749662529,23.8912817537019,-23.0404771298494));
#5478=CARTESIAN_POINT('Ctrl Pts',(150.801943828864,23.4267132477162,-22.8237618036296));
#5479=CARTESIAN_POINT('Ctrl Pts',(150.586327794725,22.9668747987463,-22.6064410794715));
#5480=CARTESIAN_POINT('Ctrl Pts',(150.404853986235,22.5798505453871,-22.4235325140934));
#5481=CARTESIAN_POINT('Ctrl Pts',(150.188973670811,22.1230760702793,-22.2056508502235));
#5482=CARTESIAN_POINT('Ctrl Pts',(149.948254977444,21.6142506393781,-21.9590167963712));
#5483=CARTESIAN_POINT('Ctrl Pts',(149.684709985082,21.0571755222595,-21.6889955158077));
#5484=CARTESIAN_POINT('Ctrl Pts',(149.399284287915,20.453426972405,-21.3917657616457));
#5485=CARTESIAN_POINT('Ctrl Pts',(149.13028631824,19.8785345548828,-21.1040261917691));
#5486=CARTESIAN_POINT('Ctrl Pts',(148.970216877085,19.5364401215749,-20.9328044081849));
#5487=CARTESIAN_POINT('Ctrl Pts',(148.810522860291,19.2066003453894,-20.7660617729517));
#5488=CARTESIAN_POINT('Ctrl Pts',(148.661015716873,18.9039642132606,-20.6118646673575));
#5489=CARTESIAN_POINT('Ctrl Pts',(148.527034435101,18.6327559220297,-20.4736804617018));
#5490=CARTESIAN_POINT('Ctrl Pts',(148.365826500635,18.3117615993139,-20.3091479201011));
#5491=CARTESIAN_POINT('Ctrl Pts',(148.174480898011,17.9392413519815,-20.1159875723971));
#5492=CARTESIAN_POINT('Ctrl Pts',(147.690914491765,16.9978124673567,-19.6278349632573));
#5493=CARTESIAN_POINT('Ctrl Pts',(147.043428614875,15.7943371781354,-18.987146779929));
#5494=CARTESIAN_POINT('Ctrl Pts',(146.489369833458,14.7670517210811,-18.4232936423667));
#5495=CARTESIAN_POINT('Ctrl Pts',(146.222830726506,14.2728591236697,-18.1520427989939));
#5496=CARTESIAN_POINT('Ctrl Pts',(145.969774002061,13.8224914578412,-17.9011246748784));
#5497=CARTESIAN_POINT('Ctrl Pts',(145.763153976301,13.4612044191492,-17.6981836852191));
#5498=CARTESIAN_POINT('Ctrl Pts',(145.547549401077,13.0842073772389,-17.4864181232412));
#5499=CARTESIAN_POINT('Ctrl Pts',(145.34211698305,12.7329271439849,-17.2871133426688));
#5500=CARTESIAN_POINT('Ctrl Pts',(145.12759914918,12.3723807397484,-17.0806693086707));
#5501=CARTESIAN_POINT('Ctrl Pts',(145.041662315888,12.2279441878966,-16.997966876832));
#5502=CARTESIAN_POINT('Ctrl Pts',(144.955341502108,12.083902186325,-16.9151756203262));
#5503=CARTESIAN_POINT('Ctrl Pts',(144.868736835635,11.9403510540002,-16.8323549141533));
#5504=CARTESIAN_POINT('Origin',(162.865747059945,11.9403510540002,-19.2658769765507));
#5505=CARTESIAN_POINT('',(78.0800609912398,11.9403510540002,-19.2658769765507));
#5506=CARTESIAN_POINT('',(77.2915803470554,11.9403510540002,-16.8323549141533));
#5507=CARTESIAN_POINT('Ctrl Pts',(78.0800609912398,11.9403510540002,-19.2658769765507));
#5508=CARTESIAN_POINT('Ctrl Pts',(77.8713383852598,11.9403510540002,-18.9426513672838));
#5509=CARTESIAN_POINT('Ctrl Pts',(77.7023481810937,11.9403510549511,-18.594954722424));
#5510=CARTESIAN_POINT('Ctrl Pts',(77.4165473991473,11.9403510549511,-17.777980712464));
#5511=CARTESIAN_POINT('Ctrl Pts',(77.3240694525887,11.9403510540002,-17.308342775703));
#5512=CARTESIAN_POINT('Ctrl Pts',(77.2915803470554,11.9403510540002,-16.8323549141533));
#5513=CARTESIAN_POINT('',(144.077611943537,11.9403510540002,-19.2658769765507));
#5514=CARTESIAN_POINT('',(162.865747059945,11.9403510540002,-19.2658769765507));
#5515=CARTESIAN_POINT('Ctrl Pts',(144.868736835635,11.9403510540002,-16.8323549141533));
#5516=CARTESIAN_POINT('Ctrl Pts',(144.835597403395,11.9403510540002,-17.2867575080475));
#5517=CARTESIAN_POINT('Ctrl Pts',(144.749304931495,11.940351054015,-17.7354226857363));
#5518=CARTESIAN_POINT('Ctrl Pts',(144.473535474273,11.940351054015,-18.5563681323259));
#5519=CARTESIAN_POINT('Ctrl Pts',(144.297801335175,11.9403510540002,-18.9246703892282));
#5520=CARTESIAN_POINT('Ctrl Pts',(144.077611943537,11.9403510540002,-19.2658769765507));
#5521=CARTESIAN_POINT('',(77.2782873190002,11.9403510540003,-11.5));
#5522=CARTESIAN_POINT('',(81.6657470599448,11.9403510540003,-11.5));
#5523=CARTESIAN_POINT('',(77.2782873189982,11.9403510540019,-16.4400572887863));
#5524=CARTESIAN_POINT('Ctrl Pts',(77.2782873189982,11.9403510540019,-16.4400572887863));
#5525=CARTESIAN_POINT('Ctrl Pts',(77.2782873189982,11.9403510540019,-14.7933715258575));
#5526=CARTESIAN_POINT('Ctrl Pts',(77.2782873189999,11.9403510540005,-13.1466857629288));
#5527=CARTESIAN_POINT('Ctrl Pts',(77.2782873190002,11.9403510540003,-11.5));
#5528=CARTESIAN_POINT('Ctrl Pts',(77.2918156356827,11.9405672351174,-16.8322784830946));
#5529=CARTESIAN_POINT('Ctrl Pts',(77.2827824936041,11.9404289858259,-16.7019594851492));
#5530=CARTESIAN_POINT('Ctrl Pts',(77.2782873190003,11.9403510540002,-16.5711509712352));
#5531=CARTESIAN_POINT('Ctrl Pts',(77.2782873190003,11.9403510540002,-16.4400572887849));
#5532=CARTESIAN_POINT('Ctrl Pts',(192.884155613503,33.1202053921705,-29.0241112481568));
#5533=CARTESIAN_POINT('Ctrl Pts',(-57.1342529400552,33.1202053921705,-29.0241112481568));
#5534=CARTESIAN_POINT('Ctrl Pts',(192.884155613503,32.6826957314178,-28.8549986543165));
#5535=CARTESIAN_POINT('Ctrl Pts',(-57.1342529400552,32.6826957314178,-28.8549986543165));
#5536=CARTESIAN_POINT('Ctrl Pts',(192.884155613503,32.2469279832262,-28.6846548424498));
#5537=CARTESIAN_POINT('Ctrl Pts',(-57.1342529400552,32.2469279832262,-28.6846548424498));
#5538=CARTESIAN_POINT('Ctrl Pts',(192.884155613503,31.811930513546,-28.5127159942435));
#5539=CARTESIAN_POINT('Ctrl Pts',(-57.1342529400552,31.811930513546,-28.5127159942435));
#5540=CARTESIAN_POINT('Ctrl Pts',(192.884155613503,31.2460855082402,-28.2890578232039));
#5541=CARTESIAN_POINT('Ctrl Pts',(-57.1342529400552,31.2460855082402,-28.2890578232039));
#5542=CARTESIAN_POINT('Ctrl Pts',(192.884155613503,30.6810317841115,-28.062501410219));
#5543=CARTESIAN_POINT('Ctrl Pts',(-57.1342529400552,30.6810317841115,-28.062501410219));
#5544=CARTESIAN_POINT('Ctrl Pts',(192.884155613503,30.1147287330524,-27.8321822591599));
#5545=CARTESIAN_POINT('Ctrl Pts',(-57.1342529400552,30.1147287330524,-27.8321822591599));
#5546=CARTESIAN_POINT('Ctrl Pts',(192.884155613503,28.9929798828418,-27.3759596723332));
#5547=CARTESIAN_POINT('Ctrl Pts',(-57.1342529400552,28.9929798828418,-27.3759596723332));
#5548=CARTESIAN_POINT('Ctrl Pts',(192.884155613503,27.8830385426654,-26.911875905685));
#5549=CARTESIAN_POINT('Ctrl Pts',(-57.1342529400552,27.8830385426654,-26.911875905685));
#5550=CARTESIAN_POINT('Ctrl Pts',(192.884155613503,26.7670207247207,-26.4323348031896));
#5551=CARTESIAN_POINT('Ctrl Pts',(-57.1342529400552,26.7670207247207,-26.4323348031896));
#5552=CARTESIAN_POINT('Ctrl Pts',(192.884155613503,26.2522112002681,-26.2111265724951));
#5553=CARTESIAN_POINT('Ctrl Pts',(-57.1342529400552,26.2522112002681,-26.2111265724951));
#5554=CARTESIAN_POINT('Ctrl Pts',(192.884155613503,25.7360422655891,-25.9865656135142));
#5555=CARTESIAN_POINT('Ctrl Pts',(-57.1342529400552,25.7360422655891,-25.9865656135142));
#5556=CARTESIAN_POINT('Ctrl Pts',(192.884155613503,25.2200538622149,-25.7592697192998));
#5557=CARTESIAN_POINT('Ctrl Pts',(-57.1342529400552,25.2200538622149,-25.7592697192998));
#5558=CARTESIAN_POINT('Ctrl Pts',(192.884155613503,24.4342789624965,-25.4131313035624));
#5559=CARTESIAN_POINT('Ctrl Pts',(-57.1342529400552,24.4342789624965,-25.4131313035624));
#5560=CARTESIAN_POINT('Ctrl Pts',(192.884155613503,23.6519824038448,-25.0620151520578));
#5561=CARTESIAN_POINT('Ctrl Pts',(-57.1342529400552,23.6519824038448,-25.0620151520578));
#5562=CARTESIAN_POINT('Ctrl Pts',(192.884155613503,22.8724075439528,-24.7056148500515));
#5563=CARTESIAN_POINT('Ctrl Pts',(-57.1342529400552,22.8724075439528,-24.7056148500515));
#5564=CARTESIAN_POINT('Ctrl Pts',(192.884155613503,22.0928927656718,-24.3492420157142));
#5565=CARTESIAN_POINT('Ctrl Pts',(-57.1342529400552,22.0928927656718,-24.3492420157142));
#5566=CARTESIAN_POINT('Ctrl Pts',(192.884155613503,21.315698372954,-23.9873417069223));
#5567=CARTESIAN_POINT('Ctrl Pts',(-57.1342529400552,21.315698372954,-23.9873417069223));
#5568=CARTESIAN_POINT('Ctrl Pts',(192.884155613503,20.5509107427707,-23.624855603806));
#5569=CARTESIAN_POINT('Ctrl Pts',(-57.1342529400552,20.5509107427707,-23.624855603806));
#5570=CARTESIAN_POINT('Ctrl Pts',(192.884155613503,19.4187786116523,-23.0882593668566));
#5571=CARTESIAN_POINT('Ctrl Pts',(-57.1342529400552,19.4187786116523,-23.0882593668566));
#5572=CARTESIAN_POINT('Ctrl Pts',(192.884155613503,18.30539134245,-22.5463684140425));
#5573=CARTESIAN_POINT('Ctrl Pts',(-57.1342529400552,18.30539134245,-22.5463684140425));
#5574=CARTESIAN_POINT('Ctrl Pts',(192.884155613503,17.2270466114662,-22.0086991315202));
#5575=CARTESIAN_POINT('Ctrl Pts',(-57.1342529400552,17.2270466114662,-22.0086991315202));
#5576=CARTESIAN_POINT('Ctrl Pts',(192.884155613503,16.7862443840196,-21.7889124431305));
#5577=CARTESIAN_POINT('Ctrl Pts',(-57.1342529400552,16.7862443840196,-21.7889124431305));
#5578=CARTESIAN_POINT('Ctrl Pts',(192.884155613503,16.3520812243763,-21.5702419084454));
#5579=CARTESIAN_POINT('Ctrl Pts',(-57.1342529400552,16.3520812243763,-21.5702419084454));
#5580=CARTESIAN_POINT('Ctrl Pts',(192.884155613503,15.9252160627266,-21.3531998659258));
#5581=CARTESIAN_POINT('Ctrl Pts',(-57.1342529400552,15.9252160627266,-21.3531998659258));
#5582=CARTESIAN_POINT('Ctrl Pts',(192.884155613503,15.0961768236234,-20.9316701044235));
#5583=CARTESIAN_POINT('Ctrl Pts',(-57.1342529400552,15.0961768236234,-20.9316701044235));
#5584=CARTESIAN_POINT('Ctrl Pts',(192.884155613503,14.2831725864241,-20.5103684804502));
#5585=CARTESIAN_POINT('Ctrl Pts',(-57.1342529400552,14.2831725864241,-20.5103684804502));
#5586=CARTESIAN_POINT('Ctrl Pts',(192.884155613503,13.4989784042128,-20.0969934608345));
#5587=CARTESIAN_POINT('Ctrl Pts',(-57.1342529400552,13.4989784042128,-20.0969934608345));
#5588=CARTESIAN_POINT('Ctrl Pts',(192.884155613503,12.9651172640819,-19.8155773724731));
#5589=CARTESIAN_POINT('Ctrl Pts',(-57.1342529400552,12.9651172640819,-19.8155773724731));
#5590=CARTESIAN_POINT('Ctrl Pts',(192.884155613503,12.4447936420679,-19.537951021553));
#5591=CARTESIAN_POINT('Ctrl Pts',(-57.1342529400552,12.4447936420679,-19.537951021553));
#5592=CARTESIAN_POINT('Ctrl Pts',(192.884155613503,11.9403510540002,-19.2658769765507));
#5593=CARTESIAN_POINT('Ctrl Pts',(-57.1342529400552,11.9403510540002,-19.2658769765507));
#5594=CARTESIAN_POINT('',(75.7327759258552,32.9285238403223,-28.9498977456677));
#5595=CARTESIAN_POINT('Ctrl Pts',(75.7327759258552,32.9285238403223,-28.9498977456677));
#5596=CARTESIAN_POINT('Ctrl Pts',(75.6758414402067,32.5864499131339,-28.8172388789237));
#5597=CARTESIAN_POINT('Ctrl Pts',(75.6177795194648,32.2421332243334,-28.6825443655661));
#5598=CARTESIAN_POINT('Ctrl Pts',(75.4948938328817,31.4816442527981,-28.3823714834719));
#5599=CARTESIAN_POINT('Ctrl Pts',(75.4321763686056,31.0722521885851,-28.2190871704135));
#5600=CARTESIAN_POINT('Ctrl Pts',(75.3729881602784,30.6280472144356,-28.0400642150867));
#5601=CARTESIAN_POINT('Ctrl Pts',(75.3681117501136,30.5908740095892,-28.0250789101058));
#5602=CARTESIAN_POINT('Ctrl Pts',(75.3533907575591,30.4817961661031,-27.9810231970845));
#5603=CARTESIAN_POINT('Ctrl Pts',(75.3467083495624,30.4329586467955,-27.9612738782354));
#5604=CARTESIAN_POINT('Ctrl Pts',(75.3241386162314,30.2699689199624,-27.8952820289581));
#5605=CARTESIAN_POINT('Ctrl Pts',(75.3078907945291,30.1558067406895,-27.848926919267));
#5606=CARTESIAN_POINT('Ctrl Pts',(75.2446808633456,29.7197667054074,-27.6713730758958));
#5607=CARTESIAN_POINT('Ctrl Pts',(75.1951809964637,29.3949094453219,-27.5380420319607));
#5608=CARTESIAN_POINT('Ctrl Pts',(75.0422662075627,28.3822532588987,-27.1189979042237));
#5609=CARTESIAN_POINT('Ctrl Pts',(74.9429967235296,27.7105834546929,-26.8363134082373));
#5610=CARTESIAN_POINT('Ctrl Pts',(74.8060032456273,26.4689395081197,-26.3050220415942));
#5611=CARTESIAN_POINT('Ctrl Pts',(74.7293178015348,25.609851372698,-25.9364997619764));
#5612=CARTESIAN_POINT('Ctrl Pts',(74.7292159025553,23.4393942950517,-24.966307087569));
#5613=CARTESIAN_POINT('Ctrl Pts',(74.7626140986109,22.5847039285923,-24.5763929182094));
#5614=CARTESIAN_POINT('Ctrl Pts',(75.2281138474803,17.6852635711225,-22.296322210974));
#5615=CARTESIAN_POINT('Ctrl Pts',(76.6411115552357,14.4067174800391,-20.5961260591288));
#5616=CARTESIAN_POINT('Ctrl Pts',(78.0800609912398,11.9403510540002,-19.2658769765507));
#5617=CARTESIAN_POINT('',(75.6851024658756,33.1202053921705,-29.0241112481568));
#5618=CARTESIAN_POINT('Ctrl Pts',(75.6852936708354,33.1202900851817,-29.0240282068153));
#5619=CARTESIAN_POINT('Ctrl Pts',(75.7010469327247,33.0563523483023,-28.9993136529723));
#5620=CARTESIAN_POINT('Ctrl Pts',(75.7169414958561,32.9924580824303,-28.9745745663229));
#5621=CARTESIAN_POINT('Ctrl Pts',(75.7329770360453,32.9286083074385,-28.9498112923683));
#5622=CARTESIAN_POINT('',(154.502213343332,33.1202053921705,-29.0241112481568));
#5623=CARTESIAN_POINT('',(162.865747059945,33.1202053921705,-29.0241112481568));
#5624=CARTESIAN_POINT('Ctrl Pts',(144.077611943537,11.9403510540002,-19.2658769765507));
#5625=CARTESIAN_POINT('Ctrl Pts',(144.379511938022,12.4534910586704,-19.542642023804));
#5626=CARTESIAN_POINT('Ctrl Pts',(144.67881789038,12.9750408874462,-19.820808446735));
#5627=CARTESIAN_POINT('Ctrl Pts',(144.96972000111,13.4989784042129,-20.0969934608345));
#5628=CARTESIAN_POINT('Ctrl Pts',(145.084701779437,13.706069604956,-20.2061581691572));
#5629=CARTESIAN_POINT('Ctrl Pts',(145.198371952422,13.9135333571583,-20.3150129029867));
#5630=CARTESIAN_POINT('Ctrl Pts',(145.310361313685,14.1209940342598,-20.42336687591));
#5631=CARTESIAN_POINT('Ctrl Pts',(145.341389888764,14.1784745763645,-20.4533882042399));
#5632=CARTESIAN_POINT('Ctrl Pts',(145.370585296467,14.2327638341603,-20.4817098352723));
#5633=CARTESIAN_POINT('Ctrl Pts',(145.404317596465,14.2957913652678,-20.5145432902626));
#5634=CARTESIAN_POINT('Ctrl Pts',(145.509597292772,14.492502509616,-20.6170176596461));
#5635=CARTESIAN_POINT('Ctrl Pts',(145.675157513257,14.8017308504234,-20.7774160870444));
#5636=CARTESIAN_POINT('Ctrl Pts',(145.822958910354,15.0784620432552,-20.9199157329486));
#5637=CARTESIAN_POINT('Ctrl Pts',(145.973557681575,15.3604308095696,-21.0651124089889));
#5638=CARTESIAN_POINT('Ctrl Pts',(146.123936688747,15.6427147358951,-21.2095604441631));
#5639=CARTESIAN_POINT('Ctrl Pts',(146.273512082744,15.9252160627267,-21.3531998659258));
#5640=CARTESIAN_POINT('Ctrl Pts',(146.50305459162,16.3587503599702,-21.5736328687326));
#5641=CARTESIAN_POINT('Ctrl Pts',(146.730695676853,16.7927931412005,-21.7921776935404));
#5642=CARTESIAN_POINT('Ctrl Pts',(146.954145339393,17.2270466114662,-22.0086991315202));
#5643=CARTESIAN_POINT('Ctrl Pts',(147.222875834298,17.7492991342593,-22.2690974356594));
#5644=CARTESIAN_POINT('Ctrl Pts',(147.49245089943,18.288239654869,-22.5342152436947));
#5645=CARTESIAN_POINT('Ctrl Pts',(147.694073906287,18.7037392169372,-22.7367989339014));
#5646=CARTESIAN_POINT('Ctrl Pts',(147.830175208331,18.9842133169787,-22.8735487247098));
#5647=CARTESIAN_POINT('Ctrl Pts',(147.94506333637,19.2267381111963,-22.9909720214067));
#5648=CARTESIAN_POINT('Ctrl Pts',(148.049407469835,19.4512211666295,-23.0991861480518));
#5649=CARTESIAN_POINT('Ctrl Pts',(148.232308984057,19.8447103776897,-23.2888712502837));
#5650=CARTESIAN_POINT('Ctrl Pts',(148.396277391152,20.1951918904264,-23.4562556742276));
#5651=CARTESIAN_POINT('Ctrl Pts',(148.563080383587,20.5509107427707,-23.624855603806));
#5652=CARTESIAN_POINT('Ctrl Pts',(148.939171203544,21.3529502799502,-24.0049979791576));
#5653=CARTESIAN_POINT('Ctrl Pts',(149.300916781352,22.1194311182289,-24.3613746245921));
#5654=CARTESIAN_POINT('Ctrl Pts',(149.649694983571,22.8724075439528,-24.7056148500514));
#5655=CARTESIAN_POINT('Ctrl Pts',(149.853116874423,23.3115745770771,-24.9063900049332));
#5656=CARTESIAN_POINT('Ctrl Pts',(150.052123508273,23.7461633829199,-25.1030144919906));
#5657=CARTESIAN_POINT('Ctrl Pts',(150.24657102277,24.1807985287519,-25.2976637604109));
#5658=CARTESIAN_POINT('Ctrl Pts',(150.311582729604,24.3261147224494,-25.3627429217813));
#5659=CARTESIAN_POINT('Ctrl Pts',(150.364257947542,24.4449268176993,-25.4157480008739));
#5660=CARTESIAN_POINT('Ctrl Pts',(150.412806347742,24.5550779883832,-25.4647866746078));
#5661=CARTESIAN_POINT('Ctrl Pts',(150.511658123978,24.7793621837791,-25.564636720807));
#5662=CARTESIAN_POINT('Ctrl Pts',(150.608122409555,24.998358281237,-25.661611525836));
#5663=CARTESIAN_POINT('Ctrl Pts',(150.705886691482,25.220053862215,-25.7592697192998));
#5664=CARTESIAN_POINT('Ctrl Pts',(150.933235836978,25.7356030986266,-25.9863721579118));
#5665=CARTESIAN_POINT('Ctrl Pts',(151.161569601659,26.2519531250175,-26.2110156802779));
#5666=CARTESIAN_POINT('Ctrl Pts',(151.391699913777,26.7670207247207,-26.4323348031896));
#5667=CARTESIAN_POINT('Ctrl Pts',(151.754917813165,27.5799591415918,-26.7816458790694));
#5668=CARTESIAN_POINT('Ctrl Pts',(152.137344287811,28.4194821414614,-27.1345648274762));
#5669=CARTESIAN_POINT('Ctrl Pts',(152.456602893639,29.1041767348485,-27.41773055713));
#5670=CARTESIAN_POINT('Ctrl Pts',(152.533911117347,29.2699749994258,-27.4862989188752));
#5671=CARTESIAN_POINT('Ctrl Pts',(152.608587129297,29.4292117284019,-27.551872380996));
#5672=CARTESIAN_POINT('Ctrl Pts',(152.680873750656,29.5825676737884,-27.6147944505111));
#5673=CARTESIAN_POINT('Ctrl Pts',(152.768600865233,29.768680599517,-27.6911567357868));
#5674=CARTESIAN_POINT('Ctrl Pts',(152.854140610123,29.9455832385857,-27.7633896813728));
#5675=CARTESIAN_POINT('Ctrl Pts',(152.937307595027,30.1147287330524,-27.8321822591599));
#5676=CARTESIAN_POINT('Ctrl Pts',(153.260100367758,30.7712265394474,-28.0991842065418));
#5677=CARTESIAN_POINT('Ctrl Pts',(153.544733637392,31.3117048557325,-28.3149947902308));
#5678=CARTESIAN_POINT('Ctrl Pts',(153.808994108327,31.811930513546,-28.5127159942435));
#5679=CARTESIAN_POINT('Ctrl Pts',(154.047776318013,32.2639276945526,-28.6913742166739));
#5680=CARTESIAN_POINT('Ctrl Pts',(154.27140145987,32.6825206339755,-28.8549309731079));
#5681=CARTESIAN_POINT('Ctrl Pts',(154.502213343332,33.1202053921707,-29.0241112481569));
#5682=CARTESIAN_POINT('Origin',(162.865747059945,175.,-41.));
#5683=CARTESIAN_POINT('',(74.3936111049452,175.,-41.));
#5684=CARTESIAN_POINT('',(74.3936111049452,86.3893424111848,-41.));
#5685=CARTESIAN_POINT('',(74.3936111049452,147.99944642176,-41.));
#5686=CARTESIAN_POINT('',(161.337883014944,175.,-41.));
#5687=CARTESIAN_POINT('',(162.865747059945,175.,-41.));
#5688=CARTESIAN_POINT('',(161.337883014944,86.3893424111846,-41.));
#5689=CARTESIAN_POINT('',(161.337883014944,93.9916203414022,-41.));
#5690=CARTESIAN_POINT('',(161.333055520499,86.3160678165964,-41.));
#5691=CARTESIAN_POINT('Ctrl Pts',(161.333055520499,86.3160678165964,-41.));
#5692=CARTESIAN_POINT('Ctrl Pts',(161.334670841158,86.3404911770158,-41.));
#5693=CARTESIAN_POINT('Ctrl Pts',(161.336279989859,86.3649159737253,-41.));
#5694=CARTESIAN_POINT('Ctrl Pts',(161.337883014944,86.3893424111846,-41.));
#5695=CARTESIAN_POINT('',(74.3984385993909,86.3160678165964,-41.));
#5696=CARTESIAN_POINT('',(162.865747059945,86.3160678165964,-41.));
#5697=CARTESIAN_POINT('Ctrl Pts',(74.3936111049452,86.3893424111848,-41.));
#5698=CARTESIAN_POINT('Ctrl Pts',(74.3952141296906,86.3649159789064,-41.));
#5699=CARTESIAN_POINT('Ctrl Pts',(74.3968232790579,86.3404911720879,-41.));
#5700=CARTESIAN_POINT('Ctrl Pts',(74.3984385993908,86.3160678165964,-41.));
#5701=CARTESIAN_POINT('Origin',(162.865747059945,175.,14.5));
#5702=CARTESIAN_POINT('',(74.3936111049452,185.776699029127,-39.9436659129012));
#5703=CARTESIAN_POINT('Origin',(74.3936111049452,175.,14.5));
#5704=CARTESIAN_POINT('',(161.337883014944,185.776699029127,-39.9436659129012));
#5705=CARTESIAN_POINT('',(162.865747059945,185.776699029127,-39.9436659129012));
#5706=CARTESIAN_POINT('Origin',(161.337883014944,175.,14.5));
#5707=CARTESIAN_POINT('Ctrl Pts',(192.877526009659,196.19141170107,-36.7949711971433));
#5708=CARTESIAN_POINT('Ctrl Pts',(-57.1342529400552,196.19141170107,-36.7949711971433));
#5709=CARTESIAN_POINT('Ctrl Pts',(192.877526009659,192.889842482463,-38.1589433553923));
#5710=CARTESIAN_POINT('Ctrl Pts',(-57.1342529400552,192.889842482463,-38.1589433553923));
#5711=CARTESIAN_POINT('Ctrl Pts',(192.877526009659,189.374716482355,-39.2314664210997));
#5712=CARTESIAN_POINT('Ctrl Pts',(-57.1342529400552,189.374716482355,-39.2314664210997));
#5713=CARTESIAN_POINT('Ctrl Pts',(192.877526009659,185.776699029127,-39.9436659129012));
#5714=CARTESIAN_POINT('Ctrl Pts',(-57.1342529400552,185.776699029127,-39.9436659129012));
#5715=CARTESIAN_POINT('Ctrl Pts',(161.337883014944,185.776699029128,-39.9436659129012));
#5716=CARTESIAN_POINT('Ctrl Pts',(161.337883014944,188.832390619257,-39.3388155957799));
#5717=CARTESIAN_POINT('Ctrl Pts',(161.058176174732,191.811071183529,-38.4813976697009));
#5718=CARTESIAN_POINT('Ctrl Pts',(160.530807257214,194.67643170047,-37.394971196993));
#5719=CARTESIAN_POINT('Ctrl Pts',(75.2006868626751,194.67643170047,-37.394971196993));
#5720=CARTESIAN_POINT('Ctrl Pts',(74.673317945158,191.811071183529,-38.4813976697006));
#5721=CARTESIAN_POINT('Ctrl Pts',(74.3936111049453,188.832390619258,-39.3388155957797));
#5722=CARTESIAN_POINT('Ctrl Pts',(74.3936111049452,185.776699029127,-39.9436659129012));
#5723=CARTESIAN_POINT('',(162.865747059945,196.19141170107,-36.7949711971433));
#5724=CARTESIAN_POINT('Origin',(162.865747059945,179.590852849334,-36.7949711971433));
#5725=CARTESIAN_POINT('',(162.865747059945,179.590852849334,-36.7949711971433));
#5726=CARTESIAN_POINT('Origin',(162.865747059945,175.,14.5000000000011));
#5727=CARTESIAN_POINT('Ctrl Pts',(192.866737021526,43.7878787878788,-32.777960811957));
#5728=CARTESIAN_POINT('Ctrl Pts',(-57.1342529400552,43.7878787878788,-32.777960811957));
#5729=CARTESIAN_POINT('Ctrl Pts',(192.866737021526,40.1557672690252,-31.6230165416646));
#5730=CARTESIAN_POINT('Ctrl Pts',(-57.1342529400552,40.1557672690252,-31.6230165416646));
#5731=CARTESIAN_POINT('Ctrl Pts',(192.866737021526,36.5622867181441,-30.3545945573554));
#5732=CARTESIAN_POINT('Ctrl Pts',(-57.1342529400552,36.5622867181441,-30.3545945573554));
#5733=CARTESIAN_POINT('Ctrl Pts',(192.866737021526,33.1202053921635,-29.0241112481541));
#5734=CARTESIAN_POINT('Ctrl Pts',(-57.1342529400552,33.1202053921635,-29.0241112481541));
#5735=CARTESIAN_POINT('',(74.3936111049452,43.7878787878788,-32.777960811957));
#5736=CARTESIAN_POINT('Ctrl Pts',(74.3936111049452,43.7878787878788,-32.777960811957));
#5737=CARTESIAN_POINT('Ctrl Pts',(74.3936111049452,43.0030033732304,-32.52838495));
#5738=CARTESIAN_POINT('Ctrl Pts',(74.4142601331421,42.2203266707677,-32.2736555532956));
#5739=CARTESIAN_POINT('Ctrl Pts',(74.4552070500697,41.4405754032595,-32.0141438288368));
#5740=CARTESIAN_POINT('Ctrl Pts',(74.4963737346414,40.6566391051826,-31.7532392698357));
#5741=CARTESIAN_POINT('Ctrl Pts',(74.5580568506334,39.8756594083685,-31.487500784933));
#5742=CARTESIAN_POINT('Ctrl Pts',(74.6399504910337,39.0983862504433,-31.2172986846846));
#5743=CARTESIAN_POINT('Ctrl Pts',(74.7219147262716,38.3204430591425,-30.9468636619127));
#5744=CARTESIAN_POINT('Ctrl Pts',(74.8241244545072,37.5462124880536,-30.6719571945964));
#5745=CARTESIAN_POINT('Ctrl Pts',(74.9463224006533,36.7764625977202,-30.3929455861977));
#5746=CARTESIAN_POINT('Ctrl Pts',(75.0683005164066,36.0080974640556,-30.1144359112065));
#5747=CARTESIAN_POINT('Ctrl Pts',(75.2101951230046,35.244196606341,-29.8318357229961));
#5748=CARTESIAN_POINT('Ctrl Pts',(75.3717977695129,34.4855446215071,-29.5455063518254));
#5749=CARTESIAN_POINT('Ctrl Pts',(75.4691550816389,34.0284956827775,-29.3730075805353));
#5750=CARTESIAN_POINT('Ctrl Pts',(75.5736662237302,33.5733522123598,-29.1991552739097));
#5751=CARTESIAN_POINT('Ctrl Pts',(75.6852936708355,33.1202900851817,-29.0240282068153));
#5752=CARTESIAN_POINT('',(159.730575132607,43.7878787878788,-32.777960811957));
#5753=CARTESIAN_POINT('',(162.865747059945,43.7878787878788,-32.777960811957));
#5754=CARTESIAN_POINT('Ctrl Pts',(154.502213343332,33.1202053921706,-29.0241112481569));
#5755=CARTESIAN_POINT('Ctrl Pts',(154.71922949259,33.531729527703,-29.1831795390559));
#5756=CARTESIAN_POINT('Ctrl Pts',(154.935043499991,33.9458164245172,-29.3415488592728));
#5757=CARTESIAN_POINT('Ctrl Pts',(155.230782798794,34.5322960606627,-29.5634264567177));
#5758=CARTESIAN_POINT('Ctrl Pts',(155.271115566109,34.614644620887,-29.5944242160997));
#5759=CARTESIAN_POINT('Ctrl Pts',(155.415093958072,34.901814144085,-29.7023458788981));
#5760=CARTESIAN_POINT('Ctrl Pts',(155.49587564864,35.0603160964529,-29.7616640796382));
#5761=CARTESIAN_POINT('Ctrl Pts',(155.920796260302,35.8842265830587,-30.0687293987543));
#5762=CARTESIAN_POINT('Ctrl Pts',(156.284349712771,36.5559641024419,-30.3147474031575));
#5763=CARTESIAN_POINT('Ctrl Pts',(157.566822372638,38.9742879164196,-31.184225670023));
#5764=CARTESIAN_POINT('Ctrl Pts',(157.701923239547,39.3389669498288,-31.3058470765935));
#5765=CARTESIAN_POINT('Ctrl Pts',(158.764175182779,41.5837359387121,-32.0652350173078));
#5766=CARTESIAN_POINT('Ctrl Pts',(159.304553087351,42.6831747419419,-32.4266853619602));
#5767=CARTESIAN_POINT('Ctrl Pts',(159.730575132607,43.7878787878789,-32.777960811957));
#5768=CARTESIAN_POINT('Ctrl Pts',(192.865747059945,86.3160678165964,-41.));
#5769=CARTESIAN_POINT('Ctrl Pts',(-57.1342529400552,86.3160678165964,-41.));
#5770=CARTESIAN_POINT('Ctrl Pts',(192.865747059945,85.3547342593757,-40.9020049229555));
#5771=CARTESIAN_POINT('Ctrl Pts',(-57.1342529400552,85.3547342593757,-40.9020049229555));
#5772=CARTESIAN_POINT('Ctrl Pts',(192.865747059945,83.4415017252552,-40.7003553970037));
#5773=CARTESIAN_POINT('Ctrl Pts',(-57.1342529400552,83.4415017252552,-40.7003553970037));
#5774=CARTESIAN_POINT('Ctrl Pts',(192.865747059945,80.599954931588,-40.3809040323038));
#5775=CARTESIAN_POINT('Ctrl Pts',(-57.1342529400552,80.599954931588,-40.3809040323038));
#5776=CARTESIAN_POINT('Ctrl Pts',(192.865747059945,76.8687761197185,-39.9204471270693));
#5777=CARTESIAN_POINT('Ctrl Pts',(-57.1342529400552,76.8687761197185,-39.9204471270693));
#5778=CARTESIAN_POINT('Ctrl Pts',(192.865747059945,72.3074385840359,-39.2833093807198));
#5779=CARTESIAN_POINT('Ctrl Pts',(-57.1342529400552,72.3074385840359,-39.2833093807198));
#5780=CARTESIAN_POINT('Ctrl Pts',(192.865747059945,67.8586700721369,-38.5786466418415));
#5781=CARTESIAN_POINT('Ctrl Pts',(-57.1342529400552,67.8586700721369,-38.5786466418415));
#5782=CARTESIAN_POINT('Ctrl Pts',(192.865747059945,63.532922470859,-37.800189303078));
#5783=CARTESIAN_POINT('Ctrl Pts',(-57.1342529400552,63.532922470859,-37.800189303078));
#5784=CARTESIAN_POINT('Ctrl Pts',(192.865747059945,59.3379966809761,-36.9432579619824));
#5785=CARTESIAN_POINT('Ctrl Pts',(-57.1342529400552,59.3379966809761,-36.9432579619824));
#5786=CARTESIAN_POINT('Ctrl Pts',(192.865747059945,55.2719252378376,-36.00903281034));
#5787=CARTESIAN_POINT('Ctrl Pts',(-57.1342529400552,55.2719252378376,-36.00903281034));
#5788=CARTESIAN_POINT('Ctrl Pts',(192.865747059945,51.3262916503632,-35.0025625150003));
#5789=CARTESIAN_POINT('Ctrl Pts',(-57.1342529400552,51.3262916503632,-35.0025625150003));
#5790=CARTESIAN_POINT('Ctrl Pts',(192.865747059945,48.2588981586098,-34.1439312518323));
#5791=CARTESIAN_POINT('Ctrl Pts',(-57.1342529400552,48.2588981586098,-34.1439312518323));
#5792=CARTESIAN_POINT('Ctrl Pts',(192.865747059945,46.0053909799538,-33.4717419023557));
#5793=CARTESIAN_POINT('Ctrl Pts',(-57.1342529400552,46.0053909799538,-33.4717419023557));
#5794=CARTESIAN_POINT('Ctrl Pts',(192.865747059945,44.5236214655543,-33.0112775071412));
#5795=CARTESIAN_POINT('Ctrl Pts',(-57.1342529400552,44.5236214655543,-33.0112775071412));
#5796=CARTESIAN_POINT('Ctrl Pts',(192.865747059945,43.7878787878788,-32.777960811957));
#5797=CARTESIAN_POINT('Ctrl Pts',(-57.1342529400552,43.7878787878788,-32.777960811957));
#5798=CARTESIAN_POINT('Ctrl Pts',(74.3984385993908,86.3160678165964,-41.));
#5799=CARTESIAN_POINT('Ctrl Pts',(74.2112406455215,78.8308615215696,-40.2369834985312));
#5800=CARTESIAN_POINT('Ctrl Pts',(74.2499219311541,71.0220128322293,-39.2120196095517));
#5801=CARTESIAN_POINT('Ctrl Pts',(74.3089138892116,62.6863646174361,-37.6118451972374));
#5802=CARTESIAN_POINT('Ctrl Pts',(74.3152156522433,61.8079997776849,-37.4366672766637));
#5803=CARTESIAN_POINT('Ctrl Pts',(74.3623159694498,55.0338725965232,-36.0323628128725));
#5804=CARTESIAN_POINT('Ctrl Pts',(74.3895073548593,49.3586136969065,-34.5445369508157));
#5805=CARTESIAN_POINT('Ctrl Pts',(74.3936111049452,43.7878787878788,-32.777960811957));
#5806=CARTESIAN_POINT('',(161.469215615407,76.3933759434554,-39.838666452977));
#5807=CARTESIAN_POINT('Ctrl Pts',(161.469215615407,76.3933759434554,-39.8386664529769));
#5808=CARTESIAN_POINT('Ctrl Pts',(161.455714037791,79.6849542688831,-40.2776206491048));
#5809=CARTESIAN_POINT('Ctrl Pts',(161.415501212636,83.019434487932,-40.66395239758));
#5810=CARTESIAN_POINT('Ctrl Pts',(161.333055520499,86.3160678165964,-41.));
#5811=CARTESIAN_POINT('',(161.387773033696,51.9768476478813,-35.1509757362208));
#5812=CARTESIAN_POINT('Ctrl Pts',(161.387773033696,51.9768476478813,-35.1509757362208));
#5813=CARTESIAN_POINT('Ctrl Pts',(161.662875077443,53.5376321246627,-35.5617685052405));
#5814=CARTESIAN_POINT('Ctrl Pts',(161.87291585184,54.5531545079567,-35.8166515907865));
#5815=CARTESIAN_POINT('Ctrl Pts',(161.930849198865,57.4993884929404,-36.5128714735515));
#5816=CARTESIAN_POINT('Ctrl Pts',(161.843666200958,58.7528603441486,-36.7940337938131));
#5817=CARTESIAN_POINT('Ctrl Pts',(161.782518027141,61.1124803750399,-37.2958687787224));
#5818=CARTESIAN_POINT('Ctrl Pts',(161.811838462153,61.4878015407321,-37.3695809925054));
#5819=CARTESIAN_POINT('Ctrl Pts',(161.930260386565,62.5769257814978,-37.5899971651633));
#5820=CARTESIAN_POINT('Ctrl Pts',(162.135643286871,63.4709044886426,-37.764979526628));
#5821=CARTESIAN_POINT('Ctrl Pts',(162.393851042404,65.3546002432742,-38.1175347857559));
#5822=CARTESIAN_POINT('Ctrl Pts',(162.40304535809,65.9844476087074,-38.2317780251493));
#5823=CARTESIAN_POINT('Ctrl Pts',(162.246258180249,69.3545915324603,-38.8159404649769));
#5824=CARTESIAN_POINT('Ctrl Pts',(161.98466222001,71.2541739414975,-39.1041074194283));
#5825=CARTESIAN_POINT('Ctrl Pts',(161.833123946288,72.5156277728078,-39.2936486475682));
#5826=CARTESIAN_POINT('Ctrl Pts',(161.78929744024,72.9751669507506,-39.3613660820219));
#5827=CARTESIAN_POINT('Ctrl Pts',(161.662030976651,74.4559879982949,-39.5753960130588));
#5828=CARTESIAN_POINT('Ctrl Pts',(161.599442242736,75.4139608439512,-39.7080548359429));
#5829=CARTESIAN_POINT('Ctrl Pts',(161.469215615407,76.3933759434554,-39.8386664529769));
#5830=CARTESIAN_POINT('Ctrl Pts',(159.730575132607,43.7878787878789,-32.777960811957));
#5831=CARTESIAN_POINT('Ctrl Pts',(160.312906713131,45.2952036048838,-33.2559595138725));
#5832=CARTESIAN_POINT('Ctrl Pts',(160.595505906706,46.5661292014746,-33.6476213753405));
#5833=CARTESIAN_POINT('Ctrl Pts',(160.99230400751,49.3611618585342,-34.4419832945623));
#5834=CARTESIAN_POINT('Ctrl Pts',(161.097493662954,50.1583323177211,-34.6622570782168));
#5835=CARTESIAN_POINT('Ctrl Pts',(161.183821766763,50.7619504598841,-34.8266432832204));
#5836=CARTESIAN_POINT('Ctrl Pts',(161.217062746509,50.9741858921711,-34.8840078656535));
#5837=CARTESIAN_POINT('Ctrl Pts',(161.295215134009,51.449037871794,-35.0113899560541));
#5838=CARTESIAN_POINT('Ctrl Pts',(161.34145731436,51.7140765874208,-35.0818153536372));
#5839=CARTESIAN_POINT('Ctrl Pts',(161.387773033696,51.9768476478814,-35.1509757362208));
#5840=CARTESIAN_POINT('Origin',(162.865747059945,214.943999999998,-1.00000000000001));
#5841=CARTESIAN_POINT('',(72.8657470599448,185.,-1.00000000000001));
#5842=CARTESIAN_POINT('',(162.865747059945,185.,-1.00000000000001));
#5843=CARTESIAN_POINT('Origin',(117.865747059945,185.,-1.00000000000001));
#5844=CARTESIAN_POINT('',(72.8657470599448,199.971999999999,-1.00000000000001));
#5845=CARTESIAN_POINT('',(162.865747059945,76.9843478392852,-1.00000000000001));
#5846=CARTESIAN_POINT('Ctrl Pts',(162.865747059945,76.9843478392852,-1.00000000000001));
#5847=CARTESIAN_POINT('Ctrl Pts',(163.032930247633,75.670098222831,-1.00000000000001));
#5848=CARTESIAN_POINT('Ctrl Pts',(163.087541301163,74.4059553846175,-1.00000000000001));
#5849=CARTESIAN_POINT('Ctrl Pts',(163.328155792038,72.2983488381158,-1.00000000000001));
#5850=CARTESIAN_POINT('Ctrl Pts',(163.430967088495,71.7006655019636,-1.00000000000001));
#5851=CARTESIAN_POINT('Ctrl Pts',(163.550495981836,70.5310988764831,-1.00000000000001));
#5852=CARTESIAN_POINT('',(162.865747059945,145.964173919642,-1.00000000000001));
#5853=CARTESIAN_POINT('Origin',(162.865747059945,15.4949240889782,-11.5));
#5854=CARTESIAN_POINT('Ctrl Pts',(77.2782873190002,11.9403510540003,-11.5));
#5855=CARTESIAN_POINT('Ctrl Pts',(76.4478475580969,13.2577528523417,-11.5));
#5856=CARTESIAN_POINT('Ctrl Pts',(75.8138316387435,14.5153303108343,-11.5));
#5857=CARTESIAN_POINT('Ctrl Pts',(75.3721974619998,15.4949240889783,-11.5));
#5858=CARTESIAN_POINT('Ctrl Pts',(162.865747059945,52.679729460523,-31.5001442137917));
#5859=CARTESIAN_POINT('Ctrl Pts',(162.777372920425,52.1771335846077,-31.3641673318433));
#5860=CARTESIAN_POINT('Ctrl Pts',(162.70126081199,51.7294419470946,-31.225801879407));
#5861=CARTESIAN_POINT('Ctrl Pts',(162.632925584173,51.2468830514124,-31.0574616175864));
#5862=CARTESIAN_POINT('Ctrl Pts',(162.606018579942,51.0542575396808,-31.0030589477394));
#5863=CARTESIAN_POINT('Ctrl Pts',(162.554579548074,50.6785242953413,-30.8935626875407));
#5864=CARTESIAN_POINT('Ctrl Pts',(162.461127922612,49.9812342448085,-30.7000066300674));
#5865=CARTESIAN_POINT('Ctrl Pts',(162.251054449344,48.4728227154876,-30.305927040142));
#5866=CARTESIAN_POINT('Ctrl Pts',(161.972390807676,46.9205468453777,-29.9584557734703));
#5867=CARTESIAN_POINT('Ctrl Pts',(161.589109135292,45.6054967597115,-29.6949916062732));
#5868=CARTESIAN_POINT('Ctrl Pts',(161.481882824458,45.2615816070807,-29.632584262585));
#5869=CARTESIAN_POINT('Ctrl Pts',(161.268203943784,44.6457069608447,-29.5081164593602));
#5870=CARTESIAN_POINT('Ctrl Pts',(160.991377623751,43.9372184890936,-29.3531593369024));
#5871=CARTESIAN_POINT('Ctrl Pts',(160.663305989008,43.1804879785175,-29.1677171440417));
#5872=CARTESIAN_POINT('Ctrl Pts',(160.238283735848,42.260267386432,-28.9209925086617));
#5873=CARTESIAN_POINT('Ctrl Pts',(159.743421691163,41.2460021863031,-28.6107914839339));
#5874=CARTESIAN_POINT('Ctrl Pts',(159.403770838817,40.5396029209572,-28.3567579188413));
#5875=CARTESIAN_POINT('Ctrl Pts',(159.238982244093,40.1831657392979,-28.2187615641417));
#5876=CARTESIAN_POINT('Ctrl Pts',(159.205146735962,40.1103314308149,-28.2012137809173));
#5877=CARTESIAN_POINT('Ctrl Pts',(159.144724562091,39.9816355214874,-28.1661254949991));
#5878=CARTESIAN_POINT('Ctrl Pts',(159.035414521359,39.7519179116522,-28.1047362029168));
#5879=CARTESIAN_POINT('Ctrl Pts',(158.819897739967,39.3106388987857,-27.9819884593825));
#5880=CARTESIAN_POINT('Ctrl Pts',(158.390598164995,38.4680584423364,-27.736351447154));
#5881=CARTESIAN_POINT('Ctrl Pts',(157.798097944073,37.3678925031086,-27.3835482491113));
#5882=CARTESIAN_POINT('Ctrl Pts',(157.251496326854,36.3659286350915,-27.0244000263386));
#5883=CARTESIAN_POINT('Ctrl Pts',(156.852213985507,35.6152120012126,-26.7309990926023));
#5884=CARTESIAN_POINT('Ctrl Pts',(156.666429718208,35.2553843439594,-26.5818946953007));
#5885=CARTESIAN_POINT('Ctrl Pts',(156.553640251195,35.0324262955169,-26.4872873294158));
#5886=CARTESIAN_POINT('Ctrl Pts',(156.487699477244,34.9027393554161,-26.4485514914013));
#5887=CARTESIAN_POINT('Ctrl Pts',(156.367548152592,34.6688848899731,-26.3710266828501));
#5888=CARTESIAN_POINT('Ctrl Pts',(156.152843598723,34.2562853701121,-26.2351861427392));
#5889=CARTESIAN_POINT('Ctrl Pts',(155.914256120838,33.8073856842793,-26.079394164818));
#5890=CARTESIAN_POINT('Ctrl Pts',(155.679794317735,33.3709739928787,-25.9227772698018));
#5891=CARTESIAN_POINT('Ctrl Pts',(155.449491768662,32.9441416407887,-25.7654816840633));
#5892=CARTESIAN_POINT('Ctrl Pts',(154.833112422182,31.805206839612,-25.3298194229683));
#5893=CARTESIAN_POINT('Ctrl Pts',(154.335289386691,30.8622785787231,-24.9220734644844));
#5894=CARTESIAN_POINT('Ctrl Pts',(153.953273777501,30.0659074581654,-24.5416032425404));
#5895=CARTESIAN_POINT('Ctrl Pts',(153.854142524932,29.8585946791139,-24.4576091845509));
#5896=CARTESIAN_POINT('Ctrl Pts',(153.665532014069,29.4612918290803,-24.2886393871803));
#5897=CARTESIAN_POINT('Ctrl Pts',(153.333272986216,28.7542901755937,-23.9903695451548));
#5898=CARTESIAN_POINT('Ctrl Pts',(152.679538140377,27.3369093430374,-23.3835528282144));
#5899=CARTESIAN_POINT('Ctrl Pts',(152.120755342506,26.0903550441075,-22.8464332529772));
#5900=CARTESIAN_POINT('Ctrl Pts',(151.646489342009,25.0331589621336,-22.3908707943489));
#5901=CARTESIAN_POINT('Ctrl Pts',(151.435759969378,24.5701118612001,-22.2084478103928));
#5902=CARTESIAN_POINT('Ctrl Pts',(151.028890418417,23.6948664722182,-21.8415112375176));
#5903=CARTESIAN_POINT('Ctrl Pts',(150.318692275651,22.1990068087231,-21.1931505414836));
#5904=CARTESIAN_POINT('Ctrl Pts',(149.733308447023,20.9800307061631,-20.6240841144212));
#5905=CARTESIAN_POINT('Ctrl Pts',(149.302311473089,20.0685663118523,-20.1882949489381));
#5906=CARTESIAN_POINT('Ctrl Pts',(149.183741359025,19.8205398382994,-20.0900363457472));
#5907=CARTESIAN_POINT('Ctrl Pts',(148.957963517505,19.3578366602452,-19.893323121399));
#5908=CARTESIAN_POINT('Ctrl Pts',(148.55557418154,18.5540790594364,-19.5484221838829));
#5909=CARTESIAN_POINT('Ctrl Pts',(147.983732960937,17.4578758048015,-19.0530481262648));
#5910=CARTESIAN_POINT('Ctrl Pts',(147.416366316679,16.4021716982257,-18.5525341575448));
#5911=CARTESIAN_POINT('Ctrl Pts',(147.026214639031,15.6832993441838,-18.1987412830969));
#5912=CARTESIAN_POINT('Ctrl Pts',(146.805132143645,15.2767332346632,-17.9954480916631));
#5913=CARTESIAN_POINT('Ctrl Pts',(146.695360435771,15.0749816915462,-17.8934225057349));
#5914=CARTESIAN_POINT('Ctrl Pts',(146.579208467718,14.8614731604,-17.7852165518249));
#5915=CARTESIAN_POINT('Ctrl Pts',(146.437422558642,14.6031380973837,-17.6709849933205));
#5916=CARTESIAN_POINT('Ctrl Pts',(146.16310859204,14.1118635769604,-17.442298138296));
#5917=CARTESIAN_POINT('Ctrl Pts',(145.673750312858,13.2552258067656,-17.0414122040438));
#5918=CARTESIAN_POINT('Ctrl Pts',(145.250434217846,12.5432733494402,-16.6962999592591));
#5919=CARTESIAN_POINT('Ctrl Pts',(144.966325356434,12.07508955661,-16.4653841792472));
#5920=CARTESIAN_POINT('Ctrl Pts',(162.805859458668,52.3391404422471,-32.8316028353803));
#5921=CARTESIAN_POINT('Ctrl Pts',(162.71754600181,51.8324779048201,-32.6946441071683));
#5922=CARTESIAN_POINT('Ctrl Pts',(162.644515348971,51.3790775193206,-32.5571950118657));
#5923=CARTESIAN_POINT('Ctrl Pts',(162.583316278722,50.8885181233253,-32.3920216452005));
#5924=CARTESIAN_POINT('Ctrl Pts',(162.556550896756,50.6942902922637,-32.3372939511011));
#5925=CARTESIAN_POINT('Ctrl Pts',(162.505962064994,50.3151101669677,-32.2274911270382));
#5926=CARTESIAN_POINT('Ctrl Pts',(162.411681121301,49.6127982888623,-32.0319493724453));
#5927=CARTESIAN_POINT('Ctrl Pts',(162.193043081779,48.0976056204973,-31.6295028076292));
#5928=CARTESIAN_POINT('Ctrl Pts',(161.890113736971,46.5485992839857,-31.2643025238338));
#5929=CARTESIAN_POINT('Ctrl Pts',(161.480980745901,45.2484708822413,-30.9814685889776));
#5930=CARTESIAN_POINT('Ctrl Pts',(161.365949126797,44.9099399237876,-30.9132582789261));
#5931=CARTESIAN_POINT('Ctrl Pts',(161.140757069954,44.3024606814224,-30.7797308657898));
#5932=CARTESIAN_POINT('Ctrl Pts',(160.852905668512,43.6027344352703,-30.6154731176247));
#5933=CARTESIAN_POINT('Ctrl Pts',(160.516047992737,42.8526343619416,-30.4219052408914));
#5934=CARTESIAN_POINT('Ctrl Pts',(160.083104982348,41.9370942323074,-30.1671395236016));
#5935=CARTESIAN_POINT('Ctrl Pts',(159.583724463073,40.9210739678363,-29.8512931110813));
#5936=CARTESIAN_POINT('Ctrl Pts',(159.24493457123,40.2059740595988,-29.5965723774852));
#5937=CARTESIAN_POINT('Ctrl Pts',(159.0817429752,39.8433094036339,-29.4590835797533));
#5938=CARTESIAN_POINT('Ctrl Pts',(159.046869102897,39.7715489134789,-29.4405767709202));
#5939=CARTESIAN_POINT('Ctrl Pts',(158.985136302052,39.6438827796511,-29.4041941241828));
#5940=CARTESIAN_POINT('Ctrl Pts',(158.873329088785,39.4163422367507,-29.3403553036162));
#5941=CARTESIAN_POINT('Ctrl Pts',(158.653622144238,38.9784365547251,-29.2133173649558));
#5942=CARTESIAN_POINT('Ctrl Pts',(158.217585308584,38.1406280643283,-28.9603439905893));
#5943=CARTESIAN_POINT('Ctrl Pts',(157.619395941055,37.0412448722454,-28.6003818040108));
#5944=CARTESIAN_POINT('Ctrl Pts',(157.070662829879,36.0329308535541,-28.2374887356111));
#5945=CARTESIAN_POINT('Ctrl Pts',(156.671907948187,35.2728115388748,-27.9431277821664));
#5946=CARTESIAN_POINT('Ctrl Pts',(156.487222567322,34.9068793380132,-27.7942315920399));
#5947=CARTESIAN_POINT('Ctrl Pts',(156.37535068362,34.6797595389146,-27.6999221945713));
#5948=CARTESIAN_POINT('Ctrl Pts',(156.308092828663,34.5513678281279,-27.6598156670404));
#5949=CARTESIAN_POINT('Ctrl Pts',(156.186418595908,34.3181842928301,-27.5805184251935));
#5950=CARTESIAN_POINT('Ctrl Pts',(155.96886969175,33.9071579916738,-27.4414002475593));
#5951=CARTESIAN_POINT('Ctrl Pts',(155.72795103877,33.4585236925346,-27.2826536785368));
#5952=CARTESIAN_POINT('Ctrl Pts',(155.491610686834,33.0215070592402,-27.1235029631468));
#5953=CARTESIAN_POINT('Ctrl Pts',(155.259806415438,32.5933403380247,-26.9640212613464));
#5954=CARTESIAN_POINT('Ctrl Pts',(154.640724407611,31.4480265073926,-26.5236397467949));
#5955=CARTESIAN_POINT('Ctrl Pts',(154.14426019249,30.4911319867754,-26.1152557349664));
#5956=CARTESIAN_POINT('Ctrl Pts',(153.767597005536,29.6768440007494,-25.7370403701363));
#5957=CARTESIAN_POINT('Ctrl Pts',(153.668069725105,29.4682071525416,-25.652229979577));
#5958=CARTESIAN_POINT('Ctrl Pts',(153.479545281049,29.0668130996158,-25.4823458526136));
#5959=CARTESIAN_POINT('Ctrl Pts',(153.146913427281,28.3535520209762,-25.1820122540613));
#5960=CARTESIAN_POINT('Ctrl Pts',(152.492447216781,26.9237265385087,-24.5709768169249));
#5961=CARTESIAN_POINT('Ctrl Pts',(151.931585231374,25.6689605966935,-24.0289131154371));
#5962=CARTESIAN_POINT('Ctrl Pts',(151.454350237955,24.6068261948571,-23.5682345488389));
#5963=CARTESIAN_POINT('Ctrl Pts',(151.240106758639,24.1454460909638,-23.3819430410583));
#5964=CARTESIAN_POINT('Ctrl Pts',(150.828860838605,23.2696519447222,-23.0092987793129));
#5965=CARTESIAN_POINT('Ctrl Pts',(150.11250889802,21.7705999922974,-22.3521094568362));
#5966=CARTESIAN_POINT('Ctrl Pts',(149.524958050523,20.5439725143127,-21.7778656560231));
#5967=CARTESIAN_POINT('Ctrl Pts',(149.092567485878,19.6263150400385,-21.3383313960248));
#5968=CARTESIAN_POINT('Ctrl Pts',(148.971282015424,19.3809771957375,-21.237306354794));
#5969=CARTESIAN_POINT('Ctrl Pts',(148.741900404162,18.9207636352014,-21.0364796318723));
#5970=CARTESIAN_POINT('Ctrl Pts',(148.333399238811,18.1213701754645,-20.684471869453));
#5971=CARTESIAN_POINT('Ctrl Pts',(147.755314697766,17.0276913703282,-20.1808436526531));
#5972=CARTESIAN_POINT('Ctrl Pts',(147.183337080776,15.9715211935651,-19.6734515948826));
#5973=CARTESIAN_POINT('Ctrl Pts',(146.790798148811,15.2506105836415,-19.315581347801));
#5974=CARTESIAN_POINT('Ctrl Pts',(146.568524657412,14.8424983922398,-19.110113844221));
#5975=CARTESIAN_POINT('Ctrl Pts',(146.458226421733,14.6398328451802,-19.0070600047334));
#5976=CARTESIAN_POINT('Ctrl Pts',(146.341514319861,14.4253604932469,-18.8977630252477));
#5977=CARTESIAN_POINT('Ctrl Pts',(146.197497364853,14.169635820544,-18.7808842777132));
#5978=CARTESIAN_POINT('Ctrl Pts',(145.919932731358,13.6811460876042,-18.5479577859851));
#5979=CARTESIAN_POINT('Ctrl Pts',(145.424902204134,12.8297558394735,-18.1395870600652));
#5980=CARTESIAN_POINT('Ctrl Pts',(144.997679784477,12.1209213113277,-17.7887663491891));
#5981=CARTESIAN_POINT('Ctrl Pts',(144.711095224006,11.6544951026026,-17.5541898967056));
#5982=CARTESIAN_POINT('Ctrl Pts',(162.262733474092,52.0848023848562,-34.1582055471059));
#5983=CARTESIAN_POINT('Ctrl Pts',(162.174250139498,51.573022407108,-34.0202681839049));
#5984=CARTESIAN_POINT('Ctrl Pts',(162.101646028101,51.1086751093954,-33.8836927877497));
#5985=CARTESIAN_POINT('Ctrl Pts',(162.042334115633,50.5995509160603,-33.721591949782));
#5986=CARTESIAN_POINT('Ctrl Pts',(162.015566905991,50.4032484630496,-33.6665384128499));
#5987=CARTESIAN_POINT('Ctrl Pts',(161.965151414817,50.0189329289107,-33.5564201254664));
#5988=CARTESIAN_POINT('Ctrl Pts',(161.870444987086,49.3117776314706,-33.358902649979));
#5989=CARTESIAN_POINT('Ctrl Pts',(161.649061513962,47.7992648487908,-32.9482120709573));
#5990=CARTESIAN_POINT('Ctrl Pts',(161.339002005727,46.2822216744591,-32.565556510731));
#5991=CARTESIAN_POINT('Ctrl Pts',(160.928477230847,45.0274053230596,-32.2636976421967));
#5992=CARTESIAN_POINT('Ctrl Pts',(160.81341728661,44.7035921707593,-32.1897955544483));
#5993=CARTESIAN_POINT('Ctrl Pts',(160.588999912172,44.1180732698861,-32.0473746623302));
#5994=CARTESIAN_POINT('Ctrl Pts',(160.302869615612,43.4399118453571,-31.8739721502202));
#5995=CARTESIAN_POINT('Ctrl Pts',(159.968018758848,42.706029398992,-31.6724141650107));
#5996=CARTESIAN_POINT('Ctrl Pts',(159.536880567434,41.8029299616628,-31.4097182541665));
#5997=CARTESIAN_POINT('Ctrl Pts',(159.037454677264,40.7872920535246,-31.0882891177892));
#5998=CARTESIAN_POINT('Ctrl Pts',(158.696129822736,40.0591473238962,-30.8328437931659));
#5999=CARTESIAN_POINT('Ctrl Pts',(158.531312131447,39.6865772413038,-30.6958329076678));
#6000=CARTESIAN_POINT('Ctrl Pts',(158.496762333336,39.6170306491724,-30.6763836946784));
#6001=CARTESIAN_POINT('Ctrl Pts',(158.435371691827,39.4916858833433,-30.6387275077095));
#6002=CARTESIAN_POINT('Ctrl Pts',(158.324292673016,39.2688548091376,-30.5724789621269));
#6003=CARTESIAN_POINT('Ctrl Pts',(158.105831810211,38.8383727826138,-30.4412167855801));
#6004=CARTESIAN_POINT('Ctrl Pts',(157.671845841868,38.0113342690834,-30.1810123059806));
#6005=CARTESIAN_POINT('Ctrl Pts',(157.074619143653,36.9160248338928,-29.8139730792919));
#6006=CARTESIAN_POINT('Ctrl Pts',(156.524024894518,35.89969154386,-29.4473524761432));
#6007=CARTESIAN_POINT('Ctrl Pts',(156.122359364602,35.125988045235,-29.1520147954537));
#6008=CARTESIAN_POINT('Ctrl Pts',(155.935852061137,34.7509209699612,-29.0033026430434));
#6009=CARTESIAN_POINT('Ctrl Pts',(155.822795740094,34.517500019427,-28.9092743178218));
#6010=CARTESIAN_POINT('Ctrl Pts',(155.755972787666,34.3916022641041,-28.8678184397662));
#6011=CARTESIAN_POINT('Ctrl Pts',(155.634590111502,34.1601269381028,-28.7867730139736));
#6012=CARTESIAN_POINT('Ctrl Pts',(155.417687695098,33.75271067657,-28.6444226079801));
#6013=CARTESIAN_POINT('Ctrl Pts',(155.177035221289,33.3055475051921,-28.482755380844));
#6014=CARTESIAN_POINT('Ctrl Pts',(154.940664747461,32.86853906078,-28.3211005586231));
#6015=CARTESIAN_POINT('Ctrl Pts',(154.708578673567,32.4391826538811,-28.1594549679714));
#6016=CARTESIAN_POINT('Ctrl Pts',(154.087828587183,31.2861491285302,-27.7143909235753));
#6017=CARTESIAN_POINT('Ctrl Pts',(153.587055463094,30.3094235199622,-27.3053339339586));
#6018=CARTESIAN_POINT('Ctrl Pts',(153.20626826361,29.4683254168404,-26.9292884269567));
#6019=CARTESIAN_POINT('Ctrl Pts',(153.106443311647,29.2580897908857,-26.8436675750235));
#6020=CARTESIAN_POINT('Ctrl Pts',(152.917004126748,28.8511361242328,-26.672867359759));
#6021=CARTESIAN_POINT('Ctrl Pts',(152.583012402383,28.1296513790548,-26.3704742272326));
#6022=CARTESIAN_POINT('Ctrl Pts',(151.92595428478,26.6835733365716,-25.7552307636951));
#6023=CARTESIAN_POINT('Ctrl Pts',(151.363458324841,25.4190305566875,-25.2082440294984));
#6024=CARTESIAN_POINT('Ctrl Pts',(150.885137937658,24.35179095356,-24.7424883716187));
#6025=CARTESIAN_POINT('Ctrl Pts',(150.671046350871,23.8941684970081,-24.5523788941812));
#6026=CARTESIAN_POINT('Ctrl Pts',(150.25952050133,23.019507075265,-24.1740884281501));
#6027=CARTESIAN_POINT('Ctrl Pts',(149.542277833911,21.5187389182095,-23.5081570747846));
#6028=CARTESIAN_POINT('Ctrl Pts',(148.953049794247,20.2829506080057,-22.9287479844531));
#6029=CARTESIAN_POINT('Ctrl Pts',(148.519366240512,19.357810000506,-22.4854818468023));
#6030=CARTESIAN_POINT('Ctrl Pts',(148.39848432054,19.1169392127026,-22.3817296915529));
#6031=CARTESIAN_POINT('Ctrl Pts',(148.169479590289,18.6611939624774,-22.176840692142));
#6032=CARTESIAN_POINT('Ctrl Pts',(147.761721041653,17.8694490268958,-21.8178125817198));
#6033=CARTESIAN_POINT('Ctrl Pts',(147.184130979648,16.7808230679384,-21.3060105532969));
#6034=CARTESIAN_POINT('Ctrl Pts',(146.611973888922,15.7252406191792,-20.7917958864921));
#6035=CARTESIAN_POINT('Ctrl Pts',(146.218910044365,15.002273421871,-20.429877627175));
#6036=CARTESIAN_POINT('Ctrl Pts',(145.99624258781,14.5924507919523,-20.2222508192076));
#6037=CARTESIAN_POINT('Ctrl Pts',(145.885714326802,14.3887319534965,-20.1181749722058));
#6038=CARTESIAN_POINT('Ctrl Pts',(145.768759555419,14.1731497722499,-20.007793882113));
#6039=CARTESIAN_POINT('Ctrl Pts',(145.625357359752,13.921274574252,-19.8883003614904));
#6040=CARTESIAN_POINT('Ctrl Pts',(145.348487281141,13.4370230282303,-19.6511807992006));
#6041=CARTESIAN_POINT('Ctrl Pts',(144.85484423835,12.5934045730451,-19.2354086739351));
#6042=CARTESIAN_POINT('Ctrl Pts',(144.428563627616,11.8891286276271,-18.878922028603));
#6043=CARTESIAN_POINT('Ctrl Pts',(144.142541351738,11.4252364929913,-18.6407233058753));
#6044=CARTESIAN_POINT('Ctrl Pts',(161.356333558194,51.9728929092678,-35.1869353108888));
#6045=CARTESIAN_POINT('Ctrl Pts',(161.267496631748,51.4560838630335,-35.0482171408319));
#6046=CARTESIAN_POINT('Ctrl Pts',(161.192928952862,50.9781301387825,-34.9114052232378));
#6047=CARTESIAN_POINT('Ctrl Pts',(161.130632521357,50.4444508927968,-34.749631134908));
#6048=CARTESIAN_POINT('Ctrl Pts',(161.103736510474,50.246074398985,-34.694283628972));
#6049=CARTESIAN_POINT('Ctrl Pts',(161.052873881424,49.8561368812357,-34.5836777243739));
#6050=CARTESIAN_POINT('Ctrl Pts',(160.958149814019,49.1453495062802,-34.3848542310287));
#6051=CARTESIAN_POINT('Ctrl Pts',(160.739495292886,47.6438596347398,-33.9702431565403));
#6052=CARTESIAN_POINT('Ctrl Pts',(160.438245411952,46.1788685286538,-33.5808909918385));
#6053=CARTESIAN_POINT('Ctrl Pts',(160.047719517503,44.9887815946836,-33.2721918583193));
#6054=CARTESIAN_POINT('Ctrl Pts',(159.939374597409,44.6855177722959,-33.196314035982));
#6055=CARTESIAN_POINT('Ctrl Pts',(159.726258039983,44.1303964181728,-33.0506983930404));
#6056=CARTESIAN_POINT('Ctrl Pts',(159.452623248146,43.4816858250724,-32.8738854224788));
#6057=CARTESIAN_POINT('Ctrl Pts',(159.128809980826,42.7699663633774,-32.6691822818645));
#6058=CARTESIAN_POINT('Ctrl Pts',(158.707586497353,41.8842698982771,-32.4031060075771));
#6059=CARTESIAN_POINT('Ctrl Pts',(158.211907175184,40.8709207741368,-32.078821282976));
#6060=CARTESIAN_POINT('Ctrl Pts',(157.865387958762,40.1280157551842,-31.822212130006));
#6061=CARTESIAN_POINT('Ctrl Pts',(157.696351722421,39.7439137842786,-31.6848602644724));
#6062=CARTESIAN_POINT('Ctrl Pts',(157.66325371943,39.6772343855231,-31.6650550662307));
#6063=CARTESIAN_POINT('Ctrl Pts',(157.603576870517,39.5549845174403,-31.6268773706432));
#6064=CARTESIAN_POINT('Ctrl Pts',(157.495895786857,39.3383536322311,-31.5596589621769));
#6065=CARTESIAN_POINT('Ctrl Pts',(157.28317189602,38.917704778524,-31.4266385882096));
#6066=CARTESIAN_POINT('Ctrl Pts',(156.858475029656,38.1050554096251,-31.1632911947321));
#6067=CARTESIAN_POINT('Ctrl Pts',(156.26771366508,37.016113746865,-30.7927641908936));
#6068=CARTESIAN_POINT('Ctrl Pts',(155.715634493272,35.991558768781,-30.42369022201));
#6069=CARTESIAN_POINT('Ctrl Pts',(155.308413549457,35.20274567074,-30.1270213331575));
#6070=CARTESIAN_POINT('Ctrl Pts',(155.117781856351,34.817338121536,-29.9778408910195));
#6071=CARTESIAN_POINT('Ctrl Pts',(155.001872981609,34.5767484994068,-29.8835709093738));
#6072=CARTESIAN_POINT('Ctrl Pts',(154.936920899213,34.4539962738124,-29.8415549555982));
#6073=CARTESIAN_POINT('Ctrl Pts',(154.817328745251,34.2248647090239,-29.7596882138732));
#6074=CARTESIAN_POINT('Ctrl Pts',(154.603947519136,33.8222649546817,-29.6158444906317));
#6075=CARTESIAN_POINT('Ctrl Pts',(154.365712567022,33.3773885056715,-29.4527049807424));
#6076=CARTESIAN_POINT('Ctrl Pts',(154.130860231212,32.9409148974408,-29.2897154795386));
#6077=CARTESIAN_POINT('Ctrl Pts',(153.899534430592,32.5106723599063,-29.1268380680343));
#6078=CARTESIAN_POINT('Ctrl Pts',(153.278111172,31.3499382145939,-28.6787764334405));
#6079=CARTESIAN_POINT('Ctrl Pts',(152.768650048814,30.3513363783319,-28.2680898807836));
#6080=CARTESIAN_POINT('Ctrl Pts',(152.376132999923,29.4800421127805,-27.8914079527102));
#6081=CARTESIAN_POINT('Ctrl Pts',(152.276117280115,29.2682203753468,-27.8052397345577));
#6082=CARTESIAN_POINT('Ctrl Pts',(152.084999427294,28.8553223957208,-27.6335639536943));
#6083=CARTESIAN_POINT('Ctrl Pts',(151.748931795559,28.1252222120862,-27.3294829756032));
#6084=CARTESIAN_POINT('Ctrl Pts',(151.087934772872,26.6621912919908,-26.7108041558106));
#6085=CARTESIAN_POINT('Ctrl Pts',(150.524309720235,25.3880569413605,-26.1603718256152));
#6086=CARTESIAN_POINT('Ctrl Pts',(150.046567949084,24.3163214871762,-25.6914183468968));
#6087=CARTESIAN_POINT('Ctrl Pts',(149.835682087067,23.8635747226052,-25.4994667361407));
#6088=CARTESIAN_POINT('Ctrl Pts',(149.427315334538,22.9912031678007,-25.1181090739837));
#6089=CARTESIAN_POINT('Ctrl Pts',(148.713632296795,21.4900841462735,-24.4471511049089));
#6090=CARTESIAN_POINT('Ctrl Pts',(148.123252708184,20.2451992566706,-23.8640842370071));
#6091=CARTESIAN_POINT('Ctrl Pts',(147.688456257929,19.3125962048991,-23.4181074458292));
#6092=CARTESIAN_POINT('Ctrl Pts',(147.570533916167,19.076917599904,-23.3131482781609));
#6093=CARTESIAN_POINT('Ctrl Pts',(147.345171524683,18.6265044266324,-23.1062825686804));
#6094=CARTESIAN_POINT('Ctrl Pts',(146.943760100288,17.843796310535,-22.7438169597352));
#6095=CARTESIAN_POINT('Ctrl Pts',(146.37216187129,16.7613477593375,-22.2276631212744));
#6096=CARTESIAN_POINT('Ctrl Pts',(145.803463968497,15.7069470627199,-21.7095101300571));
#6097=CARTESIAN_POINT('Ctrl Pts',(145.411432120941,14.9820977335174,-21.3450652981927));
#6098=CARTESIAN_POINT('Ctrl Pts',(145.189048480634,14.5706202847084,-21.1360427487683));
#6099=CARTESIAN_POINT('Ctrl Pts',(145.078547699502,14.3658601237554,-21.0312857383723));
#6100=CARTESIAN_POINT('Ctrl Pts',(144.96162579969,14.1491807997145,-20.920182840929));
#6101=CARTESIAN_POINT('Ctrl Pts',(144.821118417498,13.9015161890844,-20.7994532408849));
#6102=CARTESIAN_POINT('Ctrl Pts',(144.548108091325,13.4219324427047,-20.5601932325858));
#6103=CARTESIAN_POINT('Ctrl Pts',(144.061496024036,12.5867626734202,-20.1406538133739));
#6104=CARTESIAN_POINT('Ctrl Pts',(143.640008800628,11.8873697024826,-19.7811095938759));
#6105=CARTESIAN_POINT('Ctrl Pts',(143.356964154328,11.42614505099,-19.5409497479674));
#6106=CARTESIAN_POINT('',(162.865747059945,52.6797294605229,-31.5001442137917));
#6107=CARTESIAN_POINT('Origin',(156.956404428381,53.7188009993442,-31.5001442137917));
#6108=CARTESIAN_POINT('',(162.644490029267,51.3285898498707,-31.0845754113797));
#6109=CARTESIAN_POINT('Ctrl Pts',(162.865747059945,52.679729460523,-31.5001442137917));
#6110=CARTESIAN_POINT('Ctrl Pts',(162.777633170912,52.1786136648905,-31.3645677662908));
#6111=CARTESIAN_POINT('Ctrl Pts',(162.701709199091,51.7320792119481,-31.2266167956541));
#6112=CARTESIAN_POINT('Ctrl Pts',(162.644436251458,51.3281649253052,-31.0858162669218));
#6113=CARTESIAN_POINT('',(161.637534437663,45.7690249749548,-29.7262177603828));
#6114=CARTESIAN_POINT('Ctrl Pts',(162.644436251458,51.3281649253052,-31.0858162669218));
#6115=CARTESIAN_POINT('Ctrl Pts',(162.644267091832,51.3269719364256,-31.0854004027878));
#6116=CARTESIAN_POINT('Ctrl Pts',(162.64409809491,51.3257793193461,-31.0849845137955));
#6117=CARTESIAN_POINT('Ctrl Pts',(162.632925584173,51.2468830514124,-31.0574616175864));
#6118=CARTESIAN_POINT('Ctrl Pts',(162.606018579942,51.0542575396808,-31.0030589477394));
#6119=CARTESIAN_POINT('Ctrl Pts',(162.554579548074,50.6785242953413,-30.8935626875407));
#6120=CARTESIAN_POINT('Ctrl Pts',(162.461127922612,49.9812342448085,-30.7000066300674));
#6121=CARTESIAN_POINT('Ctrl Pts',(162.251311080558,48.4746654302092,-30.3064084580096));
#6122=CARTESIAN_POINT('Ctrl Pts',(161.973184927131,46.9249710198219,-29.9594462069568));
#6123=CARTESIAN_POINT('Ctrl Pts',(161.636747056867,45.7689492404609,-29.72773888383));
#6124=CARTESIAN_POINT('',(159.25213091647,40.211263722271,-28.2275376536104));
#6125=CARTESIAN_POINT('Ctrl Pts',(161.636747056867,45.7689492404609,-29.72773888383));
#6126=CARTESIAN_POINT('Ctrl Pts',(161.636026263744,45.7664725497485,-29.7272424681175));
#6127=CARTESIAN_POINT('Ctrl Pts',(161.635304776832,45.7639952915784,-29.7267460498153));
#6128=CARTESIAN_POINT('Ctrl Pts',(161.589109135292,45.6054967597115,-29.6949916062732));
#6129=CARTESIAN_POINT('Ctrl Pts',(161.481882824458,45.2615816070807,-29.632584262585));
#6130=CARTESIAN_POINT('Ctrl Pts',(161.268203943784,44.6457069608447,-29.5081164593602));
#6131=CARTESIAN_POINT('Ctrl Pts',(160.991377623751,43.9372184890936,-29.3531593369024));
#6132=CARTESIAN_POINT('Ctrl Pts',(160.663305989008,43.1804879785175,-29.1677171440417));
#6133=CARTESIAN_POINT('Ctrl Pts',(160.238283735848,42.260267386432,-28.9209925086617));
#6134=CARTESIAN_POINT('Ctrl Pts',(159.744388256392,41.2479832504936,-28.611397369004));
#6135=CARTESIAN_POINT('Ctrl Pts',(159.405429690338,40.5430528969849,-28.3579983306103));
#6136=CARTESIAN_POINT('Ctrl Pts',(159.25172213298,40.2107210668061,-28.2294290446516));
#6137=CARTESIAN_POINT('',(156.579905531197,35.0843366404939,-26.5066515112415));
#6138=CARTESIAN_POINT('Ctrl Pts',(159.25172213298,40.2107210668061,-28.2294290446516));
#6139=CARTESIAN_POINT('Ctrl Pts',(159.250967895502,40.2090903264202,-28.228798159771));
#6140=CARTESIAN_POINT('Ctrl Pts',(159.250214027793,40.2074600500399,-28.2281672224031));
#6141=CARTESIAN_POINT('Ctrl Pts',(159.238982244093,40.1831657392979,-28.2187615641417));
#6142=CARTESIAN_POINT('Ctrl Pts',(159.205146735962,40.1103314308149,-28.2012137809173));
#6143=CARTESIAN_POINT('Ctrl Pts',(159.144724562091,39.9816355214874,-28.1661254949991));
#6144=CARTESIAN_POINT('Ctrl Pts',(159.035414521359,39.7519179116522,-28.1047362029168));
#6145=CARTESIAN_POINT('Ctrl Pts',(158.819897739967,39.3106388987857,-27.9819884593825));
#6146=CARTESIAN_POINT('Ctrl Pts',(158.390598164995,38.4680584423364,-27.736351447154));
#6147=CARTESIAN_POINT('Ctrl Pts',(157.798097944073,37.3678925031086,-27.3835482491113));
#6148=CARTESIAN_POINT('Ctrl Pts',(157.251496326854,36.3659286350915,-27.0244000263386));
#6149=CARTESIAN_POINT('Ctrl Pts',(156.853244650487,35.617149821307,-26.7317564465751));
#6150=CARTESIAN_POINT('Ctrl Pts',(156.668348342538,35.259100041302,-26.5834341601776));
#6151=CARTESIAN_POINT('Ctrl Pts',(156.579504141971,35.0835518922383,-26.5089807838293));
#6152=CARTESIAN_POINT('Ctrl Pts',(156.579504141971,35.0835518922383,-26.5089807838293));
#6153=CARTESIAN_POINT('Ctrl Pts',(156.578577239653,35.0817204166295,-26.5082040194857));
#6154=CARTESIAN_POINT('Ctrl Pts',(156.577650677389,35.0798892183273,-26.5074271814447));
#6155=CARTESIAN_POINT('Ctrl Pts',(156.553640251195,35.0324262955169,-26.4872873294158));
#6156=CARTESIAN_POINT('Ctrl Pts',(156.487699477244,34.9027393554161,-26.4485514914013));
#6157=CARTESIAN_POINT('Ctrl Pts',(156.367548152592,34.6688848899731,-26.3710266828501));
#6158=CARTESIAN_POINT('Ctrl Pts',(156.152843598723,34.2562853701121,-26.2351861427392));
#6159=CARTESIAN_POINT('Ctrl Pts',(155.914256120838,33.8073856842793,-26.079394164818));
#6160=CARTESIAN_POINT('Ctrl Pts',(155.679794317735,33.3709739928787,-25.9227772698018));
#6161=CARTESIAN_POINT('Ctrl Pts',(155.449491768662,32.9441416407887,-25.7654816840633));
#6162=CARTESIAN_POINT('Ctrl Pts',(154.863538376478,31.8614273771827,-25.3513247510105));
#6163=CARTESIAN_POINT('Ctrl Pts',(154.389535932912,30.9649506151617,-24.9663190883928));
#6164=CARTESIAN_POINT('Ctrl Pts',(154.065343329438,30.2985012543554,-24.6522530108527));
#6165=CARTESIAN_POINT('Origin',(117.865747059945,185.,-43.));
#6166=CARTESIAN_POINT('',(162.865747059945,185.000000000001,-36.0197980993588));
#6167=CARTESIAN_POINT('',(162.865747059945,185.,-43.));
#6168=CARTESIAN_POINT('',(72.8657470599448,185.,-36.019798099359));
#6169=CARTESIAN_POINT('Ctrl Pts',(72.8657470599448,185.,-36.019798099359));
#6170=CARTESIAN_POINT('Ctrl Pts',(72.8657470599448,188.844371312332,-35.3602965581741));
#6171=CARTESIAN_POINT('Ctrl Pts',(73.8583874372325,196.365444507819,-33.3706712734981));
#6172=CARTESIAN_POINT('Ctrl Pts',(79.0750641133951,209.535047517493,-27.2667174323702));
#6173=CARTESIAN_POINT('Ctrl Pts',(86.8673441691785,218.422562821153,-19.7662094259264));
#6174=CARTESIAN_POINT('Ctrl Pts',(95.2663009800892,224.072003415164,-12.6426331939378));
#6175=CARTESIAN_POINT('Ctrl Pts',(99.8479999172532,226.32641305963,-9.10598556267495));
#6176=CARTESIAN_POINT('Ctrl Pts',(103.797065938452,227.784376979931,-6.41122645278883));
#6177=CARTESIAN_POINT('Ctrl Pts',(106.935444323751,228.694591242871,-4.52846991082241));
#6178=CARTESIAN_POINT('Ctrl Pts',(110.297080484758,229.406129452572,-2.88490715869204));
#6179=CARTESIAN_POINT('Ctrl Pts',(113.945732963277,229.882537499315,-1.67084318604257));
#6180=CARTESIAN_POINT('Ctrl Pts',(117.857892016425,230.059055141542,-1.18969732608869));
#6181=CARTESIAN_POINT('Ctrl Pts',(123.091153774394,229.824216787266,-1.83000072040492));
#6182=CARTESIAN_POINT('Ctrl Pts',(130.061665127197,228.581974315609,-4.95641733198812));
#6183=CARTESIAN_POINT('Ctrl Pts',(137.852848062031,225.655689503518,-10.4807633968302));
#6184=CARTESIAN_POINT('Ctrl Pts',(145.608693404873,220.828358420904,-16.9393720995522));
#6185=CARTESIAN_POINT('Ctrl Pts',(152.386085443904,214.387297270747,-23.1740937501124));
#6186=CARTESIAN_POINT('Ctrl Pts',(157.972637258092,206.239535394307,-28.7937531052932));
#6187=CARTESIAN_POINT('Ctrl Pts',(161.865838907137,196.366769190262,-33.3702953957505));
#6188=CARTESIAN_POINT('Ctrl Pts',(162.865747059945,188.844371312334,-35.3602965581738));
#6189=CARTESIAN_POINT('Ctrl Pts',(162.865747059945,185.000000000001,-36.0197980993588));
#6190=CARTESIAN_POINT('',(72.8657470599448,185.,-43.));
#6191=CARTESIAN_POINT('Origin',(162.865747059945,76.9843478392851,-43.));
#6192=CARTESIAN_POINT('',(162.865747059945,76.9843478392852,-35.9363888019884));
#6193=CARTESIAN_POINT('',(162.865747059945,76.9843478392851,-43.));
#6194=CARTESIAN_POINT('',(162.865747059945,76.9780513318374,-36.0339964548931));
#6195=CARTESIAN_POINT('Ctrl Pts',(162.865746404463,76.9780663855736,-36.0339869958287));
#6196=CARTESIAN_POINT('Ctrl Pts',(162.865767244773,76.9822501643856,-36.0018236486161));
#6197=CARTESIAN_POINT('Ctrl Pts',(162.865779869658,76.9843673720446,-35.9692768379698));
#6198=CARTESIAN_POINT('Ctrl Pts',(162.865782769342,76.984369521145,-35.9363891954453));
#6199=CARTESIAN_POINT('',(162.865747059945,86.5370879821631,-36.9999999999999));
#6200=CARTESIAN_POINT('Origin',(162.865747059945,100.,144.));
#6201=CARTESIAN_POINT('',(162.865747059945,175.,-37.));
#6202=CARTESIAN_POINT('',(162.865747059945,93.9916203414022,-37.));
#6203=CARTESIAN_POINT('Origin',(162.865747059945,175.,14.5));
#6204=CARTESIAN_POINT('Ctrl Pts',(162.865747059945,52.6797294605229,-43.));
#6205=CARTESIAN_POINT('Ctrl Pts',(162.865747059945,52.6797294605229,0.999999999999988));
#6206=CARTESIAN_POINT('Ctrl Pts',(162.893445326065,52.8372533062751,-43.));
#6207=CARTESIAN_POINT('Ctrl Pts',(162.893445326065,52.8372533062751,0.999999999999988));
#6208=CARTESIAN_POINT('Ctrl Pts',(162.921577163124,52.996325899727,-43.));
#6209=CARTESIAN_POINT('Ctrl Pts',(162.921577163124,52.996325899727,0.999999999999988));
#6210=CARTESIAN_POINT('Ctrl Pts',(162.948718818237,53.1513291227354,-43.));
#6211=CARTESIAN_POINT('Ctrl Pts',(162.948718818237,53.1513291227354,0.999999999999988));
#6212=CARTESIAN_POINT('Ctrl Pts',(163.134150614124,54.2103111889147,-43.));
#6213=CARTESIAN_POINT('Ctrl Pts',(163.134150614124,54.2103111889147,0.999999999999988));
#6214=CARTESIAN_POINT('Ctrl Pts',(163.33677592022,55.2733899812893,-43.));
#6215=CARTESIAN_POINT('Ctrl Pts',(163.33677592022,55.2733899812893,0.999999999999988));
#6216=CARTESIAN_POINT('Ctrl Pts',(163.382986470369,56.766241030339,-43.));
#6217=CARTESIAN_POINT('Ctrl Pts',(163.382986470369,56.766241030339,0.999999999999988));
#6218=CARTESIAN_POINT('Ctrl Pts',(163.407099068327,57.5452085397198,-43.));
#6219=CARTESIAN_POINT('Ctrl Pts',(163.407099068327,57.5452085397198,0.999999999999988));
#6220=CARTESIAN_POINT('Ctrl Pts',(163.384935371897,58.3357608745002,-43.));
#6221=CARTESIAN_POINT('Ctrl Pts',(163.384935371897,58.3357608745002,0.999999999999988));
#6222=CARTESIAN_POINT('Ctrl Pts',(163.353974868508,59.0588226772901,-43.));
#6223=CARTESIAN_POINT('Ctrl Pts',(163.353974868508,59.0588226772901,0.999999999999988));
#6224=CARTESIAN_POINT('Ctrl Pts',(163.328920285406,59.6439556707033,-43.));
#6225=CARTESIAN_POINT('Ctrl Pts',(163.328920285406,59.6439556707033,0.999999999999988));
#6226=CARTESIAN_POINT('Ctrl Pts',(163.296959805244,60.2546834815446,-43.));
#6227=CARTESIAN_POINT('Ctrl Pts',(163.296959805244,60.2546834815446,0.999999999999988));
#6228=CARTESIAN_POINT('Ctrl Pts',(163.279370625436,60.7126587652455,-43.));
#6229=CARTESIAN_POINT('Ctrl Pts',(163.279370625436,60.7126587652455,0.999999999999988));
#6230=CARTESIAN_POINT('Ctrl Pts',(163.257348246122,61.2860627286095,-43.));
#6231=CARTESIAN_POINT('Ctrl Pts',(163.257348246122,61.2860627286095,0.999999999999988));
#6232=CARTESIAN_POINT('Ctrl Pts',(163.253372382085,61.6339499359677,-43.));
#6233=CARTESIAN_POINT('Ctrl Pts',(163.253372382085,61.6339499359677,0.999999999999988));
#6234=CARTESIAN_POINT('Ctrl Pts',(163.253080159773,61.8944864668663,-43.));
#6235=CARTESIAN_POINT('Ctrl Pts',(163.253080159773,61.8944864668663,0.999999999999988));
#6236=CARTESIAN_POINT('Ctrl Pts',(163.253007210096,61.9595261811505,-43.));
#6237=CARTESIAN_POINT('Ctrl Pts',(163.253007210096,61.9595261811505,0.999999999999988));
#6238=CARTESIAN_POINT('Ctrl Pts',(163.25486121687,62.0207474694758,-43.));
#6239=CARTESIAN_POINT('Ctrl Pts',(163.25486121687,62.0207474694758,0.999999999999988));
#6240=CARTESIAN_POINT('Ctrl Pts',(163.257790953689,62.0806420928089,-43.));
#6241=CARTESIAN_POINT('Ctrl Pts',(163.257790953689,62.0806420928089,0.999999999999988));
#6242=CARTESIAN_POINT('Ctrl Pts',(163.271411383802,62.3590939066052,-43.));
#6243=CARTESIAN_POINT('Ctrl Pts',(163.271411383802,62.3590939066052,0.999999999999988));
#6244=CARTESIAN_POINT('Ctrl Pts',(163.313557523598,62.6872728271774,-43.));
#6245=CARTESIAN_POINT('Ctrl Pts',(163.313557523598,62.6872728271774,0.999999999999988));
#6246=CARTESIAN_POINT('Ctrl Pts',(163.383004223896,63.1107924537218,-43.));
#6247=CARTESIAN_POINT('Ctrl Pts',(163.383004223896,63.1107924537218,0.999999999999988));
#6248=CARTESIAN_POINT('Ctrl Pts',(163.481731510901,63.7128792849632,-43.));
#6249=CARTESIAN_POINT('Ctrl Pts',(163.481731510901,63.7128792849632,0.999999999999988));
#6250=CARTESIAN_POINT('Ctrl Pts',(163.641403715051,64.4870644528399,-43.));
#6251=CARTESIAN_POINT('Ctrl Pts',(163.641403715051,64.4870644528399,0.999999999999988));
#6252=CARTESIAN_POINT('Ctrl Pts',(163.737541303191,65.4095570374181,-43.));
#6253=CARTESIAN_POINT('Ctrl Pts',(163.737541303191,65.4095570374181,0.999999999999988));
#6254=CARTESIAN_POINT('Ctrl Pts',(163.778678232605,65.8042883082092,-43.));
#6255=CARTESIAN_POINT('Ctrl Pts',(163.778678232605,65.8042883082092,0.999999999999988));
#6256=CARTESIAN_POINT('Ctrl Pts',(163.829187941041,66.203976602671,-43.));
#6257=CARTESIAN_POINT('Ctrl Pts',(163.829187941041,66.203976602671,0.999999999999988));
#6258=CARTESIAN_POINT('Ctrl Pts',(163.800255381763,67.0300166019696,-43.));
#6259=CARTESIAN_POINT('Ctrl Pts',(163.800255381763,67.0300166019696,0.999999999999988));
#6260=CARTESIAN_POINT('Ctrl Pts',(163.789186946338,67.3460263369903,-43.));
#6261=CARTESIAN_POINT('Ctrl Pts',(163.789186946338,67.3460263369903,0.999999999999988));
#6262=CARTESIAN_POINT('Ctrl Pts',(163.770501505831,67.7625662254588,-43.));
#6263=CARTESIAN_POINT('Ctrl Pts',(163.770501505831,67.7625662254588,0.999999999999988));
#6264=CARTESIAN_POINT('Ctrl Pts',(163.740411548532,68.2436581371129,-43.));
#6265=CARTESIAN_POINT('Ctrl Pts',(163.740411548532,68.2436581371129,0.999999999999988));
#6266=CARTESIAN_POINT('Ctrl Pts',(163.6840221433,69.1452375740702,-43.));
#6267=CARTESIAN_POINT('Ctrl Pts',(163.6840221433,69.1452375740702,0.999999999999988));
#6268=CARTESIAN_POINT('Ctrl Pts',(163.590834416575,70.1797954709747,-43.));
#6269=CARTESIAN_POINT('Ctrl Pts',(163.590834416575,70.1797954709747,0.999999999999988));
#6270=CARTESIAN_POINT('Ctrl Pts',(163.503631583202,70.9731613439666,-43.));
#6271=CARTESIAN_POINT('Ctrl Pts',(163.503631583202,70.9731613439666,0.999999999999988));
#6272=CARTESIAN_POINT('Ctrl Pts',(163.434114038267,71.6056275792,-43.));
#6273=CARTESIAN_POINT('Ctrl Pts',(163.434114038267,71.6056275792,0.999999999999988));
#6274=CARTESIAN_POINT('Ctrl Pts',(163.379901292777,72.0216740541257,-43.));
#6275=CARTESIAN_POINT('Ctrl Pts',(163.379901292777,72.0216740541257,0.999999999999988));
#6276=CARTESIAN_POINT('Ctrl Pts',(163.319280714115,72.450232365302,-43.));
#6277=CARTESIAN_POINT('Ctrl Pts',(163.319280714115,72.450232365302,0.999999999999988));
#6278=CARTESIAN_POINT('Ctrl Pts',(163.284972406319,72.6927755869761,-43.));
#6279=CARTESIAN_POINT('Ctrl Pts',(163.284972406319,72.6927755869761,0.999999999999988));
#6280=CARTESIAN_POINT('Ctrl Pts',(163.253161569191,72.9415040038073,-43.));
#6281=CARTESIAN_POINT('Ctrl Pts',(163.253161569191,72.9415040038073,0.999999999999988));
#6282=CARTESIAN_POINT('Ctrl Pts',(163.215651404281,73.28888407109,-43.));
#6283=CARTESIAN_POINT('Ctrl Pts',(163.215651404281,73.28888407109,0.999999999999988));
#6284=CARTESIAN_POINT('Ctrl Pts',(163.172794412925,73.6857808743108,-43.));
#6285=CARTESIAN_POINT('Ctrl Pts',(163.172794412925,73.6857808743108,0.999999999999988));
#6286=CARTESIAN_POINT('Ctrl Pts',(163.121971561438,74.2609424161053,-43.));
#6287=CARTESIAN_POINT('Ctrl Pts',(163.121971561438,74.2609424161053,0.999999999999988));
#6288=CARTESIAN_POINT('Ctrl Pts',(163.075682644549,74.8231734746426,-43.));
#6289=CARTESIAN_POINT('Ctrl Pts',(163.075682644549,74.8231734746426,0.999999999999988));
#6290=CARTESIAN_POINT('Ctrl Pts',(163.032249847647,75.3507137373708,-43.));
#6291=CARTESIAN_POINT('Ctrl Pts',(163.032249847647,75.3507137373708,0.999999999999988));
#6292=CARTESIAN_POINT('Ctrl Pts',(162.984833669505,75.9297238566078,-43.));
#6293=CARTESIAN_POINT('Ctrl Pts',(162.984833669505,75.9297238566078,0.999999999999988));
#6294=CARTESIAN_POINT('Ctrl Pts',(162.925396870337,76.4768842345911,-43.));
#6295=CARTESIAN_POINT('Ctrl Pts',(162.925396870337,76.4768842345911,0.999999999999988));
#6296=CARTESIAN_POINT('Ctrl Pts',(162.904824592858,76.6662675001574,-43.));
#6297=CARTESIAN_POINT('Ctrl Pts',(162.904824592858,76.6662675001574,0.999999999999988));
#6298=CARTESIAN_POINT('Ctrl Pts',(162.885729794382,76.8272608652097,-43.));
#6299=CARTESIAN_POINT('Ctrl Pts',(162.885729794382,76.8272608652097,0.999999999999988));
#6300=CARTESIAN_POINT('Ctrl Pts',(162.865747059945,76.9843478392852,-43.));
#6301=CARTESIAN_POINT('Ctrl Pts',(162.865747059945,76.9843478392852,0.999999999999988));
#6302=CARTESIAN_POINT('',(162.865747059945,52.6797294605229,-43.));
#6303=CARTESIAN_POINT('',(163.382986470369,56.7662410303371,-32.3210404917997));
#6304=CARTESIAN_POINT('Ctrl Pts',(163.383072712573,56.7660639556872,-32.322051091057));
#6305=CARTESIAN_POINT('Ctrl Pts',(163.383013722358,56.764139839863,-32.3217189864305));
#6306=CARTESIAN_POINT('Ctrl Pts',(163.38295445138,56.7622151508591,-32.3213868671716));
#6307=CARTESIAN_POINT('Ctrl Pts',(163.379905288879,56.6636392542229,-32.3043811889269));
#6308=CARTESIAN_POINT('Ctrl Pts',(163.370362188184,56.43463839728,-32.2709621918851));
#6309=CARTESIAN_POINT('Ctrl Pts',(163.344339597901,56.0170510451045,-32.203862672841));
#6310=CARTESIAN_POINT('Ctrl Pts',(163.308659581494,55.614605654785,-32.1363936535596));
#6311=CARTESIAN_POINT('Ctrl Pts',(163.246370079487,55.0490530655323,-32.034747075381));
#6312=CARTESIAN_POINT('Ctrl Pts',(163.102286178093,53.9944167023584,-31.8302175807324));
#6313=CARTESIAN_POINT('Ctrl Pts',(162.957068093545,53.1990847280398,-31.6406553347233));
#6314=CARTESIAN_POINT('Ctrl Pts',(162.865747059945,52.679729460523,-31.5001442137917));
#6315=CARTESIAN_POINT('',(163.253080159773,61.8944864668653,-33.453393643839));
#6316=CARTESIAN_POINT('Ctrl Pts',(163.25305611581,61.8929505937491,-33.455934032695));
#6317=CARTESIAN_POINT('Ctrl Pts',(163.253055909507,61.8915520972779,-33.4550885250781));
#6318=CARTESIAN_POINT('Ctrl Pts',(163.25305658973,61.8901568101209,-33.4542428641744));
#6319=CARTESIAN_POINT('Ctrl Pts',(163.253068338485,61.8796755403719,-33.447874617109));
#6320=CARTESIAN_POINT('Ctrl Pts',(163.253176312388,61.8325233904254,-33.4368189389926));
#6321=CARTESIAN_POINT('Ctrl Pts',(163.253591880558,61.7539042363955,-33.4146626083597));
#6322=CARTESIAN_POINT('Ctrl Pts',(163.254892864937,61.606645125814,-33.375771018002));
#6323=CARTESIAN_POINT('Ctrl Pts',(163.259681973913,61.3126403413039,-33.2975117611076));
#6324=CARTESIAN_POINT('Ctrl Pts',(163.26858493326,61.0025973621478,-33.2182871834629));
#6325=CARTESIAN_POINT('Ctrl Pts',(163.27865741278,60.7287716175601,-33.1496759910119));
#6326=CARTESIAN_POINT('Ctrl Pts',(163.285960714842,60.5432171967656,-33.1037468734117));
#6327=CARTESIAN_POINT('Ctrl Pts',(163.300256362199,60.2109936625249,-33.0228732996616));
#6328=CARTESIAN_POINT('Ctrl Pts',(163.333207467506,59.512342094101,-32.8591297514302));
#6329=CARTESIAN_POINT('Ctrl Pts',(163.376142699887,58.6226071928033,-32.6673439581936));
#6330=CARTESIAN_POINT('Ctrl Pts',(163.397001528991,57.6083748937699,-32.4712449081502));
#6331=CARTESIAN_POINT('Ctrl Pts',(163.3919257418,57.0548280077301,-32.3718921019));
#6332=CARTESIAN_POINT('Ctrl Pts',(163.383072712573,56.7660639556872,-32.322051091057));
#6333=CARTESIAN_POINT('',(163.800255381763,67.0300166019686,-34.4414106903056));
#6334=CARTESIAN_POINT('Ctrl Pts',(163.800239205688,67.029913123538,-34.4420757809315));
#6335=CARTESIAN_POINT('Ctrl Pts',(163.800289541429,67.028480399774,-34.4418540942164));
#6336=CARTESIAN_POINT('Ctrl Pts',(163.800339868881,67.0270457655293,-34.44163239191));
#6337=CARTESIAN_POINT('Ctrl Pts',(163.800938393809,67.009958635441,-34.4389953453037));
#6338=CARTESIAN_POINT('Ctrl Pts',(163.803206782272,66.9362383803704,-34.4341607546124));
#6339=CARTESIAN_POINT('Ctrl Pts',(163.805637553491,66.8156009895243,-34.4244768250824));
#6340=CARTESIAN_POINT('Ctrl Pts',(163.807268859339,66.5986636176172,-34.4074940116477));
#6341=CARTESIAN_POINT('Ctrl Pts',(163.799626893172,66.1998850148209,-34.3734028344549));
#6342=CARTESIAN_POINT('Ctrl Pts',(163.779941765841,65.8852855538013,-34.3434128529192));
#6343=CARTESIAN_POINT('Ctrl Pts',(163.763175959626,65.6850951483898,-34.3225584490901));
#6344=CARTESIAN_POINT('Ctrl Pts',(163.761679526362,65.6675151574183,-34.3207180936012));
#6345=CARTESIAN_POINT('Ctrl Pts',(163.760167256356,65.6500160831057,-34.3188774919387));
#6346=CARTESIAN_POINT('Ctrl Pts',(163.757110968568,65.6151837623482,-34.3151957902734));
#6347=CARTESIAN_POINT('Ctrl Pts',(163.753979012788,65.5807321070608,-34.3115128630609));
#6348=CARTESIAN_POINT('Ctrl Pts',(163.75077685737,65.5466974068637,-34.3078287453326));
#6349=CARTESIAN_POINT('Ctrl Pts',(163.749431422349,65.5325800962232,-34.306293498956));
#6350=CARTESIAN_POINT('Ctrl Pts',(163.74834845795,65.5213260227824,-34.305065184134));
#6351=CARTESIAN_POINT('Ctrl Pts',(163.747261169836,65.5100975959816,-34.3038367910201));
#6352=CARTESIAN_POINT('Ctrl Pts',(163.745894076853,65.4961095018925,-34.3023011531226));
#6353=CARTESIAN_POINT('Ctrl Pts',(163.744241079774,65.4794004690087,-34.3004581544029));
#6354=CARTESIAN_POINT('Ctrl Pts',(163.742020882811,65.4572231039082,-34.2980005125793));
#6355=CARTESIAN_POINT('Ctrl Pts',(163.73921618189,65.4296871690182,-34.2949278815205));
#6356=CARTESIAN_POINT('Ctrl Pts',(163.735805749686,65.3969423744602,-34.2912397991401));
#6357=CARTESIAN_POINT('Ctrl Pts',(163.732353017131,65.3644902916636,-34.287550798989));
#6358=CARTESIAN_POINT('Ctrl Pts',(163.728860355286,65.3323266683206,-34.2838608670947));
#6359=CARTESIAN_POINT('Ctrl Pts',(163.724153167222,65.2898231511978,-34.2789397493465));
#6360=CARTESIAN_POINT('Ctrl Pts',(163.71818097783,65.2373840929764,-34.2727859274932));
#6361=CARTESIAN_POINT('Ctrl Pts',(163.703596336438,65.1137389127481,-34.2580096609316));
#6362=CARTESIAN_POINT('Ctrl Pts',(163.688471322464,64.995211884065,-34.2432112241996));
#6363=CARTESIAN_POINT('Ctrl Pts',(163.67305580582,64.8815246433789,-34.2283846913943));
#6364=CARTESIAN_POINT('Ctrl Pts',(163.665300242453,64.8255910479517,-34.2209659920985));
#6365=CARTESIAN_POINT('Ctrl Pts',(163.657510415899,64.7705557638731,-34.2135417137175));
#6366=CARTESIAN_POINT('Ctrl Pts',(163.610582259758,64.4455350624574,-34.1689614129091));
#6367=CARTESIAN_POINT('Ctrl Pts',(163.544877533755,64.0518738236737,-34.1066511453077));
#6368=CARTESIAN_POINT('Ctrl Pts',(163.470458292781,63.6246497356761,-34.0259484080129));
#6369=CARTESIAN_POINT('Ctrl Pts',(163.428788511491,63.3847166599405,-33.9750647303583));
#6370=CARTESIAN_POINT('Ctrl Pts',(163.398762611088,63.2074724925629,-33.9340673791502));
#6371=CARTESIAN_POINT('Ctrl Pts',(163.377927019459,63.0813175439538,-33.90317039128));
#6372=CARTESIAN_POINT('Ctrl Pts',(163.333280207607,62.8026864068651,-33.8307036348386));
#6373=CARTESIAN_POINT('Ctrl Pts',(163.268721415458,62.3317496386699,-33.6843631875747));
#6374=CARTESIAN_POINT('Ctrl Pts',(163.253077550465,62.038253102463,-33.5437815034638));
#6375=CARTESIAN_POINT('Ctrl Pts',(163.25305611581,61.8929505937491,-33.455934032695));
#6376=CARTESIAN_POINT('',(163.319280714115,72.4502323653019,-35.2658676467313));
#6377=CARTESIAN_POINT('Ctrl Pts',(163.319351169034,72.4500570178852,-35.2667893906032));
#6378=CARTESIAN_POINT('Ctrl Pts',(163.319566836855,72.4485298137479,-35.2664823788998));
#6379=CARTESIAN_POINT('Ctrl Pts',(163.319782816627,72.44700157687,-35.2661753403758));
#6380=CARTESIAN_POINT('Ctrl Pts',(163.325545533123,72.4062568751348,-35.2579948516872));
#6381=CARTESIAN_POINT('Ctrl Pts',(163.343290193513,72.2789866435258,-35.242201896859));
#6382=CARTESIAN_POINT('Ctrl Pts',(163.373694113105,72.0535756417718,-35.2104300227703));
#6383=CARTESIAN_POINT('Ctrl Pts',(163.426087475147,71.6478595267682,-35.1543454883878));
#6384=CARTESIAN_POINT('Ctrl Pts',(163.51894001004,70.8599929989648,-35.0402632169381));
#6385=CARTESIAN_POINT('Ctrl Pts',(163.586198998799,70.1862877267522,-34.9382155164217));
#6386=CARTESIAN_POINT('Ctrl Pts',(163.626938265393,69.7297506096122,-34.8673165987814));
#6387=CARTESIAN_POINT('Ctrl Pts',(163.629393360011,69.7021192936143,-34.8630169505152));
#6388=CARTESIAN_POINT('Ctrl Pts',(163.633669582205,69.6537243289939,-34.8554853888769));
#6389=CARTESIAN_POINT('Ctrl Pts',(163.642125982744,69.5568952321297,-34.8403935409607));
#6390=CARTESIAN_POINT('Ctrl Pts',(163.653940584186,69.4183701235019,-34.8187517505669));
#6391=CARTESIAN_POINT('Ctrl Pts',(163.667684763068,69.2517936214928,-34.7926505110623));
#6392=CARTESIAN_POINT('Ctrl Pts',(163.694274044302,68.9181224511603,-34.7401861168534));
#6393=CARTESIAN_POINT('Ctrl Pts',(163.716699485469,68.6087423689728,-34.6914940045538));
#6394=CARTESIAN_POINT('Ctrl Pts',(163.734203804789,68.3397972032183,-34.6489775106661));
#6395=CARTESIAN_POINT('Ctrl Pts',(163.737819718721,68.2831356718516,-34.6400103996807));
#6396=CARTESIAN_POINT('Ctrl Pts',(163.741392766789,68.2263933115698,-34.6310324444174));
#6397=CARTESIAN_POINT('Ctrl Pts',(163.745776699505,68.1553199858106,-34.6197896773229));
#6398=CARTESIAN_POINT('Ctrl Pts',(163.750047214142,68.0840677066108,-34.6085198357395));
#6399=CARTESIAN_POINT('Ctrl Pts',(163.753392305476,68.0269856266136,-34.5994877333637));
#6400=CARTESIAN_POINT('Ctrl Pts',(163.756690170215,67.9698325727213,-34.5904448172132));
#6401=CARTESIAN_POINT('Ctrl Pts',(163.760724925766,67.8982146352594,-34.579120907003));
#6402=CARTESIAN_POINT('Ctrl Pts',(163.765418895507,67.812066907629,-34.5654998270293));
#6403=CARTESIAN_POINT('Ctrl Pts',(163.76996222399,67.7256928380757,-34.5518463985856));
#6404=CARTESIAN_POINT('Ctrl Pts',(163.773620052167,67.653511884149,-34.5404416209611));
#6405=CARTESIAN_POINT('Ctrl Pts',(163.776465549333,67.5956840987904,-34.5313016681606));
#6406=CARTESIAN_POINT('Ctrl Pts',(163.780652251319,67.508855231241,-34.5175756249584));
#6407=CARTESIAN_POINT('Ctrl Pts',(163.784318558755,67.4286509638454,-34.5049564967799));
#6408=CARTESIAN_POINT('Ctrl Pts',(163.787477599473,67.3558337031323,-34.4934544945071));
#6409=CARTESIAN_POINT('Ctrl Pts',(163.788414541134,67.3339740158986,-34.4900018638272));
#6410=CARTESIAN_POINT('Ctrl Pts',(163.789340653378,67.3120998076634,-34.4865473067669));
#6411=CARTESIAN_POINT('Ctrl Pts',(163.7905610855,67.2829107694381,-34.4819379822102));
#6412=CARTESIAN_POINT('Ctrl Pts',(163.792059980867,67.2463702720361,-34.4761701059292));
#6413=CARTESIAN_POINT('Ctrl Pts',(163.793815165197,67.2024357445417,-34.4692387116918));
#6414=CARTESIAN_POINT('Ctrl Pts',(163.795524295705,67.1584756289626,-34.4622973035122));
#6415=CARTESIAN_POINT('Ctrl Pts',(163.797694905174,67.1010259100277,-34.4532495786018));
#6416=CARTESIAN_POINT('Ctrl Pts',(163.799233570842,67.0585368592355,-34.4465047588675));
#6417=CARTESIAN_POINT('Ctrl Pts',(163.800239205688,67.029913123538,-34.4420757809315));
#6418=CARTESIAN_POINT('Ctrl Pts',(162.865784902088,76.9843528498581,-35.9363875206025));
#6419=CARTESIAN_POINT('Ctrl Pts',(162.992906077345,75.9906680216984,-35.8365591156829));
#6420=CARTESIAN_POINT('Ctrl Pts',(163.049241589775,75.123172305388,-35.7245304948854));
#6421=CARTESIAN_POINT('Ctrl Pts',(163.118359441396,74.3157798425524,-35.6000643199908));
#6422=CARTESIAN_POINT('Ctrl Pts',(163.130078952081,74.1792793251924,-35.5785686354447));
#6423=CARTESIAN_POINT('Ctrl Pts',(163.141970643947,74.0448064076834,-35.5569570435789));
#6424=CARTESIAN_POINT('Ctrl Pts',(163.165937078487,73.7798969464654,-35.5135033633461));
#6425=CARTESIAN_POINT('Ctrl Pts',(163.195004234313,73.4808287144943,-35.4621419879606));
#6426=CARTESIAN_POINT('Ctrl Pts',(163.230599303089,73.1518416918245,-35.4025642198849));
#6427=CARTESIAN_POINT('Ctrl Pts',(163.254032171149,72.9508035565108,-35.3649672530754));
#6428=CARTESIAN_POINT('Ctrl Pts',(163.273532887954,72.7928951741699,-35.3346758498791));
#6429=CARTESIAN_POINT('Ctrl Pts',(163.288569872514,72.6757359300865,-35.3118505374539));
#6430=CARTESIAN_POINT('Ctrl Pts',(163.301450387575,72.5791840677806,-35.2927411120422));
#6431=CARTESIAN_POINT('Ctrl Pts',(163.311762227576,72.5041227331471,-35.2777082967603));
#6432=CARTESIAN_POINT('Ctrl Pts',(163.316864565948,72.4676653495341,-35.2703291687904));
#6433=CARTESIAN_POINT('Ctrl Pts',(163.319351169034,72.4500570178852,-35.2667893906032));
#6434=CARTESIAN_POINT('Ctrl Pts',(162.852367270699,77.0877824955205,-35.94669463517));
#6435=CARTESIAN_POINT('Ctrl Pts',(162.989266311108,76.0469698899974,-35.8438099796878));
#6436=CARTESIAN_POINT('Ctrl Pts',(163.04713126019,75.1478238846982,-35.7283307381662));
#6437=CARTESIAN_POINT('Ctrl Pts',(163.118359441396,74.3157798425524,-35.6000643199908));
#6438=CARTESIAN_POINT('Ctrl Pts',(163.130078952081,74.1792793251924,-35.5785686354447));
#6439=CARTESIAN_POINT('Ctrl Pts',(163.141970643947,74.0448064076834,-35.5569570435789));
#6440=CARTESIAN_POINT('Ctrl Pts',(163.165937078487,73.7798969464654,-35.5135033633461));
#6441=CARTESIAN_POINT('Ctrl Pts',(163.195004234313,73.4808287144943,-35.4621419879606));
#6442=CARTESIAN_POINT('Ctrl Pts',(163.230599303089,73.1518416918245,-35.4025642198849));
#6443=CARTESIAN_POINT('Ctrl Pts',(163.254032171149,72.9508035565108,-35.3649672530754));
#6444=CARTESIAN_POINT('Ctrl Pts',(163.273532887954,72.7928951741699,-35.3346758498791));
#6445=CARTESIAN_POINT('Ctrl Pts',(163.288569872514,72.6757359300865,-35.3118505374539));
#6446=CARTESIAN_POINT('Ctrl Pts',(163.301450387575,72.5791840677806,-35.2927411120422));
#6447=CARTESIAN_POINT('Ctrl Pts',(163.311972162889,72.5025945844566,-35.2774022486851));
#6448=CARTESIAN_POINT('Ctrl Pts',(163.317288796913,72.4646352899733,-35.2697157366589));
#6449=CARTESIAN_POINT('Ctrl Pts',(163.325545533123,72.4062568751348,-35.2579948516872));
#6450=CARTESIAN_POINT('Ctrl Pts',(163.343290193513,72.2789866435258,-35.242201896859));
#6451=CARTESIAN_POINT('Ctrl Pts',(163.373694113105,72.0535756417718,-35.2104300227703));
#6452=CARTESIAN_POINT('Ctrl Pts',(163.426087475147,71.6478595267682,-35.1543454883878));
#6453=CARTESIAN_POINT('Ctrl Pts',(163.51894001004,70.8599929989648,-35.0402632169381));
#6454=CARTESIAN_POINT('Ctrl Pts',(163.586198998799,70.1862877267522,-34.9382155164217));
#6455=CARTESIAN_POINT('Ctrl Pts',(163.626938265393,69.7297506096122,-34.8673165987814));
#6456=CARTESIAN_POINT('Ctrl Pts',(163.629393360011,69.7021192936143,-34.8630169505152));
#6457=CARTESIAN_POINT('Ctrl Pts',(163.633669582205,69.6537243289939,-34.8554853888769));
#6458=CARTESIAN_POINT('Ctrl Pts',(163.642125982744,69.5568952321297,-34.8403935409607));
#6459=CARTESIAN_POINT('Ctrl Pts',(163.653940584186,69.4183701235019,-34.8187517505669));
#6460=CARTESIAN_POINT('Ctrl Pts',(163.667684763068,69.2517936214928,-34.7926505110623));
#6461=CARTESIAN_POINT('Ctrl Pts',(163.694274044302,68.9181224511603,-34.7401861168534));
#6462=CARTESIAN_POINT('Ctrl Pts',(163.716699485469,68.6087423689728,-34.6914940045538));
#6463=CARTESIAN_POINT('Ctrl Pts',(163.734203804789,68.3397972032183,-34.6489775106661));
#6464=CARTESIAN_POINT('Ctrl Pts',(163.737819718721,68.2831356718516,-34.6400103996807));
#6465=CARTESIAN_POINT('Ctrl Pts',(163.741392766789,68.2263933115698,-34.6310324444174));
#6466=CARTESIAN_POINT('Ctrl Pts',(163.745776699505,68.1553199858106,-34.6197896773229));
#6467=CARTESIAN_POINT('Ctrl Pts',(163.750047214142,68.0840677066108,-34.6085198357395));
#6468=CARTESIAN_POINT('Ctrl Pts',(163.753392305476,68.0269856266136,-34.5994877333637));
#6469=CARTESIAN_POINT('Ctrl Pts',(163.756690170215,67.9698325727213,-34.5904448172132));
#6470=CARTESIAN_POINT('Ctrl Pts',(163.760724925766,67.8982146352594,-34.579120907003));
#6471=CARTESIAN_POINT('Ctrl Pts',(163.765418895507,67.812066907629,-34.5654998270293));
#6472=CARTESIAN_POINT('Ctrl Pts',(163.76996222399,67.7256928380757,-34.5518463985856));
#6473=CARTESIAN_POINT('Ctrl Pts',(163.773620052167,67.653511884149,-34.5404416209611));
#6474=CARTESIAN_POINT('Ctrl Pts',(163.776465549333,67.5956840987904,-34.5313016681606));
#6475=CARTESIAN_POINT('Ctrl Pts',(163.780652251319,67.508855231241,-34.5175756249584));
#6476=CARTESIAN_POINT('Ctrl Pts',(163.784318558755,67.4286509638454,-34.5049564967799));
#6477=CARTESIAN_POINT('Ctrl Pts',(163.787477599473,67.3558337031323,-34.4934544945071));
#6478=CARTESIAN_POINT('Ctrl Pts',(163.788414541134,67.3339740158986,-34.4900018638272));
#6479=CARTESIAN_POINT('Ctrl Pts',(163.789340653378,67.3120998076634,-34.4865473067669));
#6480=CARTESIAN_POINT('Ctrl Pts',(163.7905610855,67.2829107694381,-34.4819379822102));
#6481=CARTESIAN_POINT('Ctrl Pts',(163.792059980867,67.2463702720361,-34.4761701059292));
#6482=CARTESIAN_POINT('Ctrl Pts',(163.793815165197,67.2024357445417,-34.4692387116918));
#6483=CARTESIAN_POINT('Ctrl Pts',(163.795524295705,67.1584756289626,-34.4622973035122));
#6484=CARTESIAN_POINT('Ctrl Pts',(163.797747902336,67.0996232293221,-34.4530286711822));
#6485=CARTESIAN_POINT('Ctrl Pts',(163.799334491611,67.0557480156478,-34.4460619930704));
#6486=CARTESIAN_POINT('Ctrl Pts',(163.800938393809,67.009958635441,-34.4389953453037));
#6487=CARTESIAN_POINT('Ctrl Pts',(163.803206782272,66.9362383803704,-34.4341607546124));
#6488=CARTESIAN_POINT('Ctrl Pts',(163.805637553491,66.8156009895243,-34.4244768250824));
#6489=CARTESIAN_POINT('Ctrl Pts',(163.807268859339,66.5986636176172,-34.4074940116477));
#6490=CARTESIAN_POINT('Ctrl Pts',(163.799626893172,66.1998850148209,-34.3734028344549));
#6491=CARTESIAN_POINT('Ctrl Pts',(163.779941765841,65.8852855538013,-34.3434128529192));
#6492=CARTESIAN_POINT('Ctrl Pts',(163.763175959626,65.6850951483898,-34.3225584490901));
#6493=CARTESIAN_POINT('Ctrl Pts',(163.761679526362,65.6675151574183,-34.3207180936012));
#6494=CARTESIAN_POINT('Ctrl Pts',(163.760167256356,65.6500160831057,-34.3188774919387));
#6495=CARTESIAN_POINT('Ctrl Pts',(163.757110968568,65.6151837623482,-34.3151957902734));
#6496=CARTESIAN_POINT('Ctrl Pts',(163.753979012788,65.5807321070608,-34.3115128630609));
#6497=CARTESIAN_POINT('Ctrl Pts',(163.75077685737,65.5466974068637,-34.3078287453326));
#6498=CARTESIAN_POINT('Ctrl Pts',(163.749431422349,65.5325800962232,-34.306293498956));
#6499=CARTESIAN_POINT('Ctrl Pts',(163.74834845795,65.5213260227824,-34.305065184134));
#6500=CARTESIAN_POINT('Ctrl Pts',(163.747261169836,65.5100975959816,-34.3038367910201));
#6501=CARTESIAN_POINT('Ctrl Pts',(163.745894076853,65.4961095018925,-34.3023011531226));
#6502=CARTESIAN_POINT('Ctrl Pts',(163.744241079774,65.4794004690087,-34.3004581544029));
#6503=CARTESIAN_POINT('Ctrl Pts',(163.742020882811,65.4572231039082,-34.2980005125793));
#6504=CARTESIAN_POINT('Ctrl Pts',(163.73921618189,65.4296871690182,-34.2949278815205));
#6505=CARTESIAN_POINT('Ctrl Pts',(163.735805749686,65.3969423744602,-34.2912397991401));
#6506=CARTESIAN_POINT('Ctrl Pts',(163.732353017131,65.3644902916636,-34.287550798989));
#6507=CARTESIAN_POINT('Ctrl Pts',(163.728860355286,65.3323266683206,-34.2838608670947));
#6508=CARTESIAN_POINT('Ctrl Pts',(163.724153167222,65.2898231511978,-34.2789397493465));
#6509=CARTESIAN_POINT('Ctrl Pts',(163.71818097783,65.2373840929764,-34.2727859274932));
#6510=CARTESIAN_POINT('Ctrl Pts',(163.703596336438,65.1137389127481,-34.2580096609316));
#6511=CARTESIAN_POINT('Ctrl Pts',(163.688471322464,64.995211884065,-34.2432112241996));
#6512=CARTESIAN_POINT('Ctrl Pts',(163.67305580582,64.8815246433789,-34.2283846913943));
#6513=CARTESIAN_POINT('Ctrl Pts',(163.665300242453,64.8255910479517,-34.2209659920985));
#6514=CARTESIAN_POINT('Ctrl Pts',(163.657510415899,64.7705557638731,-34.2135417137175));
#6515=CARTESIAN_POINT('Ctrl Pts',(163.610582259758,64.4455350624574,-34.1689614129091));
#6516=CARTESIAN_POINT('Ctrl Pts',(163.544877533755,64.0518738236737,-34.1066511453077));
#6517=CARTESIAN_POINT('Ctrl Pts',(163.470458292781,63.6246497356761,-34.0259484080129));
#6518=CARTESIAN_POINT('Ctrl Pts',(163.428788511491,63.3847166599405,-33.9750647303583));
#6519=CARTESIAN_POINT('Ctrl Pts',(163.398762611088,63.2074724925629,-33.9340673791502));
#6520=CARTESIAN_POINT('Ctrl Pts',(163.377927019459,63.0813175439538,-33.90317039128));
#6521=CARTESIAN_POINT('Ctrl Pts',(163.333280207607,62.8026864068651,-33.8307036348386));
#6522=CARTESIAN_POINT('Ctrl Pts',(163.268367810878,62.329170200727,-33.6835616445061));
#6523=CARTESIAN_POINT('Ctrl Pts',(163.25289446151,62.0347942210074,-33.5421221755062));
#6524=CARTESIAN_POINT('Ctrl Pts',(163.253068338485,61.8796755403719,-33.447874617109));
#6525=CARTESIAN_POINT('Ctrl Pts',(163.253176312388,61.8325233904254,-33.4368189389926));
#6526=CARTESIAN_POINT('Ctrl Pts',(163.253591880558,61.7539042363955,-33.4146626083597));
#6527=CARTESIAN_POINT('Ctrl Pts',(163.254892864937,61.606645125814,-33.375771018002));
#6528=CARTESIAN_POINT('Ctrl Pts',(163.259681973913,61.3126403413039,-33.2975117611076));
#6529=CARTESIAN_POINT('Ctrl Pts',(163.26858493326,61.0025973621478,-33.2182871834629));
#6530=CARTESIAN_POINT('Ctrl Pts',(163.27865741278,60.7287716175601,-33.1496759910119));
#6531=CARTESIAN_POINT('Ctrl Pts',(163.285960714842,60.5432171967656,-33.1037468734117));
#6532=CARTESIAN_POINT('Ctrl Pts',(163.300256362199,60.2109936625249,-33.0228732996616));
#6533=CARTESIAN_POINT('Ctrl Pts',(163.333207467506,59.512342094101,-32.8591297514302));
#6534=CARTESIAN_POINT('Ctrl Pts',(163.376142699887,58.6226071928033,-32.6673439581936));
#6535=CARTESIAN_POINT('Ctrl Pts',(163.397036103264,57.6066937666073,-32.4709198667964));
#6536=CARTESIAN_POINT('Ctrl Pts',(163.39189186194,57.0511512961789,-32.3712322684133));
#6537=CARTESIAN_POINT('Ctrl Pts',(163.379905288879,56.6636392542229,-32.3043811889269));
#6538=CARTESIAN_POINT('Ctrl Pts',(163.370362188184,56.43463839728,-32.2709621918851));
#6539=CARTESIAN_POINT('Ctrl Pts',(163.344339597901,56.0170510451045,-32.203862672841));
#6540=CARTESIAN_POINT('Ctrl Pts',(163.308659581494,55.614605654785,-32.1363936535596));
#6541=CARTESIAN_POINT('Ctrl Pts',(163.246370079487,55.0490530655323,-32.034747075381));
#6542=CARTESIAN_POINT('Ctrl Pts',(163.102286178093,53.9944167023584,-31.8302175807324));
#6543=CARTESIAN_POINT('Ctrl Pts',(162.957068093545,53.1990847280398,-31.6406553347233));
#6544=CARTESIAN_POINT('Ctrl Pts',(162.865747059945,52.679729460523,-31.5001442137917));
#6545=CARTESIAN_POINT('Ctrl Pts',(162.877048708164,76.900135079154,-37.3964179421337));
#6546=CARTESIAN_POINT('Ctrl Pts',(163.006596879201,75.8513737212453,-37.2879110169534));
#6547=CARTESIAN_POINT('Ctrl Pts',(163.062506165248,74.9458244015894,-37.1703079873455));
#6548=CARTESIAN_POINT('Ctrl Pts',(163.136101273101,74.1068245543298,-37.0425134179007));
#6549=CARTESIAN_POINT('Ctrl Pts',(163.148292177455,73.969182875064,-37.0211454174686));
#6550=CARTESIAN_POINT('Ctrl Pts',(163.160730458276,73.8335727940596,-36.9997083130641));
#6551=CARTESIAN_POINT('Ctrl Pts',(163.185940985595,73.5664130037241,-36.9566985099169));
#6552=CARTESIAN_POINT('Ctrl Pts',(163.216832612762,73.2647656011811,-36.9060905158005));
#6553=CARTESIAN_POINT('Ctrl Pts',(163.255029006182,72.9329491964535,-36.8477011989736));
#6554=CARTESIAN_POINT('Ctrl Pts',(163.280275407853,72.7301939056879,-36.8109677143088));
#6555=CARTESIAN_POINT('Ctrl Pts',(163.301350154322,72.5709515330484,-36.7814467870239));
#6556=CARTESIAN_POINT('Ctrl Pts',(163.317621936553,72.4528112305423,-36.7592348640791));
#6557=CARTESIAN_POINT('Ctrl Pts',(163.331577951981,72.3554601303232,-36.7406672313916));
#6558=CARTESIAN_POINT('Ctrl Pts',(163.342988011924,72.2782422550094,-36.7257803002222));
#6559=CARTESIAN_POINT('Ctrl Pts',(163.348762609717,72.2399738579852,-36.7183289020436));
#6560=CARTESIAN_POINT('Ctrl Pts',(163.357696559159,72.1811221953874,-36.7069530170769));
#6561=CARTESIAN_POINT('Ctrl Pts',(163.374498424018,72.0528417816451,-36.6904169255778));
#6562=CARTESIAN_POINT('Ctrl Pts',(163.404109034859,71.8256415187122,-36.6578705956509));
#6563=CARTESIAN_POINT('Ctrl Pts',(163.454670151895,71.4167541432729,-36.6001400338918));
#6564=CARTESIAN_POINT('Ctrl Pts',(163.544655485371,70.6227784776584,-36.4832827990309));
#6565=CARTESIAN_POINT('Ctrl Pts',(163.609683664122,69.9440558983015,-36.3789697132174));
#6566=CARTESIAN_POINT('Ctrl Pts',(163.648878354487,69.4840622118912,-36.306512851794));
#6567=CARTESIAN_POINT('Ctrl Pts',(163.651240362433,69.4562192459685,-36.3021192823261));
#6568=CARTESIAN_POINT('Ctrl Pts',(163.655352421631,69.4074558860541,-36.294422373766));
#6569=CARTESIAN_POINT('Ctrl Pts',(163.663477787457,69.3098912830296,-36.2789978888466));
#6570=CARTESIAN_POINT('Ctrl Pts',(163.674809108852,69.1703216829465,-36.2568735419552));
#6571=CARTESIAN_POINT('Ctrl Pts',(163.687954352666,69.0024990515194,-36.2301800568725));
#6572=CARTESIAN_POINT('Ctrl Pts',(163.713301170111,68.666320288708,-36.1765041956683));
#6573=CARTESIAN_POINT('Ctrl Pts',(163.734457536233,68.3547674768198,-36.1266039986505));
#6574=CARTESIAN_POINT('Ctrl Pts',(163.75072691265,68.0838848680191,-36.0829635973976));
#6575=CARTESIAN_POINT('Ctrl Pts',(163.754077962026,68.0268115997543,-36.0737572563764));
#6576=CARTESIAN_POINT('Ctrl Pts',(163.757382557458,67.9696592448942,-36.0645376248187));
#6577=CARTESIAN_POINT('Ctrl Pts',(163.761424172904,67.8980760921388,-36.0529882170115));
#6578=CARTESIAN_POINT('Ctrl Pts',(163.765343172901,67.8263159459061,-36.0414057638035));
#6579=CARTESIAN_POINT('Ctrl Pts',(163.76840151717,67.7688263662207,-36.032120289713));
#6580=CARTESIAN_POINT('Ctrl Pts',(163.771408826825,67.7112663979817,-36.022821568448));
#6581=CARTESIAN_POINT('Ctrl Pts',(163.775072981172,67.6391443619383,-36.0111727295456));
#6582=CARTESIAN_POINT('Ctrl Pts',(163.779310474338,67.5523925655635,-35.9971543760335));
#6583=CARTESIAN_POINT('Ctrl Pts',(163.783385274646,67.4654167630631,-35.9830959633982));
#6584=CARTESIAN_POINT('Ctrl Pts',(163.78664238871,67.3927372940816,-35.9713470120952));
#6585=CARTESIAN_POINT('Ctrl Pts',(163.789161256548,67.3345094114578,-35.9619282023708));
#6586=CARTESIAN_POINT('Ctrl Pts',(163.792851932416,67.2470795455255,-35.9477803003245));
#6587=CARTESIAN_POINT('Ctrl Pts',(163.796047113669,67.166353348612,-35.9347603738608));
#6588=CARTESIAN_POINT('Ctrl Pts',(163.798767716116,67.0930407028877,-35.9228908894724));
#6589=CARTESIAN_POINT('Ctrl Pts',(163.799572312212,67.071032539075,-35.9193275037732));
#6590=CARTESIAN_POINT('Ctrl Pts',(163.800365313054,67.0490101407709,-35.9157616915898));
#6591=CARTESIAN_POINT('Ctrl Pts',(163.80140705498,67.0196235542821,-35.9110032849856));
#6592=CARTESIAN_POINT('Ctrl Pts',(163.802680858708,66.9828380021566,-35.905047729923));
#6593=CARTESIAN_POINT('Ctrl Pts',(163.804161446337,66.9386092064454,-35.8978884112242));
#6594=CARTESIAN_POINT('Ctrl Pts',(163.805595220168,66.8943564333883,-35.8907184145686));
#6595=CARTESIAN_POINT('Ctrl Pts',(163.807439641139,66.8351128354785,-35.8811377388484));
#6596=CARTESIAN_POINT('Ctrl Pts',(163.808757157897,66.7909515991471,-35.87394550755));
#6597=CARTESIAN_POINT('Ctrl Pts',(163.810025027426,66.7448695038856,-35.8666114650929));
#6598=CARTESIAN_POINT('Ctrl Pts',(163.810165941196,66.6710213352623,-35.8604067529968));
#6599=CARTESIAN_POINT('Ctrl Pts',(163.809536471706,66.5501522983669,-35.8487338029736));
#6600=CARTESIAN_POINT('Ctrl Pts',(163.805553880872,66.3329745729595,-35.8281114739536));
#6601=CARTESIAN_POINT('Ctrl Pts',(163.788232295636,65.934119485876,-35.7877206473431));
#6602=CARTESIAN_POINT('Ctrl Pts',(163.7616682423,65.619995797505,-35.7531789257759));
#6603=CARTESIAN_POINT('Ctrl Pts',(163.740866210641,65.4200339113804,-35.7296323178128));
#6604=CARTESIAN_POINT('Ctrl Pts',(163.739016619426,65.4024729668878,-35.7275564274873));
#6605=CARTESIAN_POINT('Ctrl Pts',(163.737155042776,65.3849935241906,-35.7254825511833));
#6606=CARTESIAN_POINT('Ctrl Pts',(163.733406979246,65.3501998034634,-35.7213385884431));
#6607=CARTESIAN_POINT('Ctrl Pts',(163.7296010759,65.3157889314763,-35.7172039146816));
#6608=CARTESIAN_POINT('Ctrl Pts',(163.72574173096,65.2817921428458,-35.7130786924593));
#6609=CARTESIAN_POINT('Ctrl Pts',(163.724125295339,65.2676906457365,-35.7113613630433));
#6610=CARTESIAN_POINT('Ctrl Pts',(163.722827193055,65.2564490492748,-35.7099884165227));
#6611=CARTESIAN_POINT('Ctrl Pts',(163.72152588027,65.2452330576485,-35.7086160716339));
#6612=CARTESIAN_POINT('Ctrl Pts',(163.719893341461,65.2312604701903,-35.7069017594909));
#6613=CARTESIAN_POINT('Ctrl Pts',(163.717925103055,65.2145698384298,-35.704846373242));
#6614=CARTESIAN_POINT('Ctrl Pts',(163.715288942417,65.1924167255056,-35.702108221028));
#6615=CARTESIAN_POINT('Ctrl Pts',(163.711972442493,65.1649108387277,-35.6986899020761));
#6616=CARTESIAN_POINT('Ctrl Pts',(163.707960610148,65.1322009911796,-35.6945948380326));
#6617=CARTESIAN_POINT('Ctrl Pts',(163.703919060289,65.0997827776114,-35.6905065704097));
#6618=CARTESIAN_POINT('Ctrl Pts',(163.699849969539,65.0676518339902,-35.6864249690497));
#6619=CARTESIAN_POINT('Ctrl Pts',(163.694390435226,65.0251899652318,-35.6809916209247));
#6620=CARTESIAN_POINT('Ctrl Pts',(163.687508036839,64.9728005520585,-35.6742158704789));
#6621=CARTESIAN_POINT('Ctrl Pts',(163.670831542563,64.8492592336445,-35.6580044527169));
#6622=CARTESIAN_POINT('Ctrl Pts',(163.653843617935,64.7308180412062,-35.6419085946105));
#6623=CARTESIAN_POINT('Ctrl Pts',(163.636760428526,64.6171533016431,-35.625909003396));
#6624=CARTESIAN_POINT('Ctrl Pts',(163.628210213113,64.5612225788455,-35.6179279156925));
#6625=CARTESIAN_POINT('Ctrl Pts',(163.619663017517,64.5061791031173,-35.6099646849346));
#6626=CARTESIAN_POINT('Ctrl Pts',(163.568415956331,64.1810591617286,-35.5622892113112));
#6627=CARTESIAN_POINT('Ctrl Pts',(163.499210468621,63.7866184108654,-35.4972201361997));
#6628=CARTESIAN_POINT('Ctrl Pts',(163.423437055884,63.3567464671251,-35.4150258321539));
#6629=CARTESIAN_POINT('Ctrl Pts',(163.382109663516,63.1146219451472,-35.3639673910049));
#6630=CARTESIAN_POINT('Ctrl Pts',(163.353013541077,62.9353080751579,-35.3232503268806));
#6631=CARTESIAN_POINT('Ctrl Pts',(163.333186940025,62.807462015969,-35.2927617237281));
#6632=CARTESIAN_POINT('Ctrl Pts',(163.291657617062,62.5245953217338,-35.2217221602257));
#6633=CARTESIAN_POINT('Ctrl Pts',(163.236969350394,62.0409242657406,-35.0799678759689));
#6634=CARTESIAN_POINT('Ctrl Pts',(163.239347397033,61.7360312988467,-34.9485149974268));
#6635=CARTESIAN_POINT('Ctrl Pts',(163.253994965106,61.5756973058003,-34.8624970546045));
#6636=CARTESIAN_POINT('Ctrl Pts',(163.254323006385,61.5281110776705,-34.8514895706465));
#6637=CARTESIAN_POINT('Ctrl Pts',(163.25598336901,61.4485335764613,-34.8299285812136));
#6638=CARTESIAN_POINT('Ctrl Pts',(163.258978388365,61.2996633376049,-34.7917781334911));
#6639=CARTESIAN_POINT('Ctrl Pts',(163.267222856996,61.0024678089106,-34.7150395534771));
#6640=CARTESIAN_POINT('Ctrl Pts',(163.278810441834,60.6893457978941,-34.6368564684629));
#6641=CARTESIAN_POINT('Ctrl Pts',(163.290811058424,60.412943851581,-34.5688947286883));
#6642=CARTESIAN_POINT('Ctrl Pts',(163.299249699767,60.2256858168371,-34.5233038382141));
#6643=CARTESIAN_POINT('Ctrl Pts',(163.315154598225,59.8905042582402,-34.4427824664472));
#6644=CARTESIAN_POINT('Ctrl Pts',(163.349562058733,59.1860842562659,-34.2786254005514));
#6645=CARTESIAN_POINT('Ctrl Pts',(163.389215863423,58.2898523954633,-34.0832313970457));
#6646=CARTESIAN_POINT('Ctrl Pts',(163.399374348576,57.2683576971951,-33.878582252741));
#6647=CARTESIAN_POINT('Ctrl Pts',(163.386033213389,56.7108637331192,-33.7730353057843));
#6648=CARTESIAN_POINT('Ctrl Pts',(163.367505179699,56.3225011784607,-33.7016237546123));
#6649=CARTESIAN_POINT('Ctrl Pts',(163.352654527852,56.0935948242524,-33.6646719676));
#6650=CARTESIAN_POINT('Ctrl Pts',(163.318290673954,55.6760714740256,-33.591901795794));
#6651=CARTESIAN_POINT('Ctrl Pts',(163.275126484467,55.27392422689,-33.5192636496198));
#6652=CARTESIAN_POINT('Ctrl Pts',(163.20362520644,54.7085345122008,-33.4111003546675));
#6653=CARTESIAN_POINT('Ctrl Pts',(163.045258502434,53.6537160752492,-33.1960230336544));
#6654=CARTESIAN_POINT('Ctrl Pts',(162.895808535565,52.8553519783855,-33.0022267268322));
#6655=CARTESIAN_POINT('Ctrl Pts',(162.80455165137,52.3317027624227,-32.86067882549));
#6656=CARTESIAN_POINT('Ctrl Pts',(162.349446719767,76.6407309839729,-38.8394151286147));
#6657=CARTESIAN_POINT('Ctrl Pts',(162.472224006804,75.6088454561877,-38.7254130461429));
#6658=CARTESIAN_POINT('Ctrl Pts',(162.527201035781,74.7026353330845,-38.6057123498055));
#6659=CARTESIAN_POINT('Ctrl Pts',(162.602316876088,73.8519921179307,-38.4783576002971));
#6660=CARTESIAN_POINT('Ctrl Pts',(162.614828010541,73.7122187210343,-38.4571105047654));
#6661=CARTESIAN_POINT('Ctrl Pts',(162.62763695033,73.5742960141571,-38.4358400567148));
#6662=CARTESIAN_POINT('Ctrl Pts',(162.653704719002,73.3021559823346,-38.393255791352));
#6663=CARTESIAN_POINT('Ctrl Pts',(162.685884772361,72.9938297741113,-38.3433749532369));
#6664=CARTESIAN_POINT('Ctrl Pts',(162.725983783999,72.6533025678009,-38.2861345750264));
#6665=CARTESIAN_POINT('Ctrl Pts',(162.752588209493,72.4447295633288,-38.2502367753));
#6666=CARTESIAN_POINT('Ctrl Pts',(162.774863460856,72.280596370085,-38.2214616753979));
#6667=CARTESIAN_POINT('Ctrl Pts',(162.792088903117,72.1586875054224,-38.1998436920086));
#6668=CARTESIAN_POINT('Ctrl Pts',(162.806886311968,72.0581112750496,-38.181800762015));
#6669=CARTESIAN_POINT('Ctrl Pts',(162.818998120907,71.9782633592048,-38.1673515875041));
#6670=CARTESIAN_POINT('Ctrl Pts',(162.825137119353,71.9386528860427,-38.160127953632));
#6671=CARTESIAN_POINT('Ctrl Pts',(162.834610604698,71.8778091571393,-38.1490861969529));
#6672=CARTESIAN_POINT('Ctrl Pts',(162.850586555759,71.751207816871,-38.1318232682026));
#6673=CARTESIAN_POINT('Ctrl Pts',(162.879479729203,71.524763157534,-38.0985169966379));
#6674=CARTESIAN_POINT('Ctrl Pts',(162.928446372883,71.1181917168589,-38.0391709192495));
#6675=CARTESIAN_POINT('Ctrl Pts',(163.016038873282,70.3267132552783,-37.9195872928367));
#6676=CARTESIAN_POINT('Ctrl Pts',(163.079296677427,69.6493487580009,-37.8130334425388));
#6677=CARTESIAN_POINT('Ctrl Pts',(163.117353382557,69.1901268912648,-37.7390439851306));
#6678=CARTESIAN_POINT('Ctrl Pts',(163.119647572478,69.1623273613501,-37.7345582386266));
#6679=CARTESIAN_POINT('Ctrl Pts',(163.123639819787,69.1136436969351,-37.7266988776511));
#6680=CARTESIAN_POINT('Ctrl Pts',(163.131524702658,69.0162423480738,-37.7109475214538));
#6681=CARTESIAN_POINT('Ctrl Pts',(163.142507455596,68.8769248384769,-37.6883485887243));
#6682=CARTESIAN_POINT('Ctrl Pts',(163.155225747406,68.7094380369517,-37.6610722760042));
#6683=CARTESIAN_POINT('Ctrl Pts',(163.179706276647,68.3739828478834,-37.6062066743507));
#6684=CARTESIAN_POINT('Ctrl Pts',(163.199975834023,68.0634236388434,-37.5551089969111));
#6685=CARTESIAN_POINT('Ctrl Pts',(163.215438699847,67.7935766039287,-37.5103639562969));
#6686=CARTESIAN_POINT('Ctrl Pts',(163.218619137895,67.7367258383172,-37.5009229791228));
#6687=CARTESIAN_POINT('Ctrl Pts',(163.221751104377,67.6798037697695,-37.4914661899005));
#6688=CARTESIAN_POINT('Ctrl Pts',(163.225573361127,67.6085225536814,-37.4796157111586));
#6689=CARTESIAN_POINT('Ctrl Pts',(163.229268692312,67.5370818513229,-37.4677262875126));
#6690=CARTESIAN_POINT('Ctrl Pts',(163.232146283664,67.4798559331341,-37.4581922506111));
#6691=CARTESIAN_POINT('Ctrl Pts',(163.234971167295,67.4225666243677,-37.4486425900688));
#6692=CARTESIAN_POINT('Ctrl Pts',(163.238403004783,67.3508000014905,-37.4366746595225));
#6693=CARTESIAN_POINT('Ctrl Pts',(163.242356991946,67.264495243966,-37.4222663254441));
#6694=CARTESIAN_POINT('Ctrl Pts',(163.246143097273,67.1779889493936,-37.4078103732532));
#6695=CARTESIAN_POINT('Ctrl Pts',(163.249155007178,67.1057208165678,-37.3957234895515));
#6696=CARTESIAN_POINT('Ctrl Pts',(163.251476006926,67.0478306189052,-37.3860311643224));
#6697=CARTESIAN_POINT('Ctrl Pts',(163.254868082496,66.9609163001267,-37.3714697241887));
#6698=CARTESIAN_POINT('Ctrl Pts',(163.257774569409,66.8807207046677,-37.3580541029711));
#6699=CARTESIAN_POINT('Ctrl Pts',(163.260236440844,66.8078841181493,-37.3458244178018));
#6700=CARTESIAN_POINT('Ctrl Pts',(163.260963117464,66.7860202349387,-37.3421524775163));
#6701=CARTESIAN_POINT('Ctrl Pts',(163.261677883596,66.7641436329961,-37.3384776106879));
#6702=CARTESIAN_POINT('Ctrl Pts',(163.262614889959,66.734953486717,-37.3335730935675));
#6703=CARTESIAN_POINT('Ctrl Pts',(163.263756716671,66.6984181310663,-37.3274334404624));
#6704=CARTESIAN_POINT('Ctrl Pts',(163.265077319423,66.654497113766,-37.3200506597752));
#6705=CARTESIAN_POINT('Ctrl Pts',(163.266351020408,66.6105538507948,-37.3126564387179));
#6706=CARTESIAN_POINT('Ctrl Pts',(163.267976782227,66.5517447159196,-37.3027699572211));
#6707=CARTESIAN_POINT('Ctrl Pts',(163.269137825896,66.5078830689598,-37.2953558611283));
#6708=CARTESIAN_POINT('Ctrl Pts',(163.270213759824,66.4622313228822,-37.2877597589488));
#6709=CARTESIAN_POINT('Ctrl Pts',(163.269165835912,66.3926865221058,-37.2802184931954));
#6710=CARTESIAN_POINT('Ctrl Pts',(163.266899809166,66.277925224546,-37.2666048350444));
#6711=CARTESIAN_POINT('Ctrl Pts',(163.260051107888,66.0720540189736,-37.2424297199969));
#6712=CARTESIAN_POINT('Ctrl Pts',(163.238351214676,65.6927323987609,-37.1958884074092));
#6713=CARTESIAN_POINT('Ctrl Pts',(163.209267777539,65.3927138985593,-37.1568850787511));
#6714=CARTESIAN_POINT('Ctrl Pts',(163.187174657191,65.2008767555109,-37.1307080037548));
#6715=CARTESIAN_POINT('Ctrl Pts',(163.185213352319,65.1840250920209,-37.1284021105298));
#6716=CARTESIAN_POINT('Ctrl Pts',(163.183242087745,65.1672474793081,-37.1261003656899));
#6717=CARTESIAN_POINT('Ctrl Pts',(163.179278828902,65.1338422321929,-37.1215049194154));
#6718=CARTESIAN_POINT('Ctrl Pts',(163.175267110582,65.1007848021843,-37.1169287389561));
#6719=CARTESIAN_POINT('Ctrl Pts',(163.171211894011,65.0681030593228,-37.1123726481839));
#6720=CARTESIAN_POINT('Ctrl Pts',(163.169515334644,65.0545436012381,-37.1104774431551));
#6721=CARTESIAN_POINT('Ctrl Pts',(163.168154057297,65.0437319623424,-37.1089632162891));
#6722=CARTESIAN_POINT('Ctrl Pts',(163.166790159065,65.032943555989,-37.1074502526689));
#6723=CARTESIAN_POINT('Ctrl Pts',(163.165080470948,65.0195010583064,-37.105561393109));
#6724=CARTESIAN_POINT('Ctrl Pts',(163.163021388025,65.0034394323602,-37.1032985235706));
#6725=CARTESIAN_POINT('Ctrl Pts',(163.160266367029,64.9821155973055,-37.1002863349375));
#6726=CARTESIAN_POINT('Ctrl Pts',(163.15680538299,64.9556290561789,-37.0965302650026));
#6727=CARTESIAN_POINT('Ctrl Pts',(163.1526266135,64.9241146806942,-37.0920375622208));
#6728=CARTESIAN_POINT('Ctrl Pts',(163.148424295239,64.8928646616528,-37.0875591749954));
#6729=CARTESIAN_POINT('Ctrl Pts',(163.144200373316,64.8618749697126,-37.0830948598847));
#6730=CARTESIAN_POINT('Ctrl Pts',(163.138542075223,64.8208991119882,-37.0771609942349));
#6731=CARTESIAN_POINT('Ctrl Pts',(163.131424698474,64.7703023854671,-37.0697773646789));
#6732=CARTESIAN_POINT('Ctrl Pts',(163.114225767786,64.65085599623,-37.0521633921797));
#6733=CARTESIAN_POINT('Ctrl Pts',(163.096805161623,64.5360236073471,-37.0347971936405));
#6734=CARTESIAN_POINT('Ctrl Pts',(163.079361808393,64.4255007332402,-37.0176506730268));
#6735=CARTESIAN_POINT('Ctrl Pts',(163.070644195671,64.3710527804443,-37.0091195456765));
#6736=CARTESIAN_POINT('Ctrl Pts',(163.06194140302,64.3174047295038,-37.0006292748276));
#6737=CARTESIAN_POINT('Ctrl Pts',(163.009827661172,64.0001511330147,-36.9499256158069));
#6738=CARTESIAN_POINT('Ctrl Pts',(162.940025658639,63.610960572017,-36.8821373931545));
#6739=CARTESIAN_POINT('Ctrl Pts',(162.863890602821,63.1799813128024,-36.7984751908561));
#6740=CARTESIAN_POINT('Ctrl Pts',(162.822475683334,62.9343559860555,-36.7472358399752));
#6741=CARTESIAN_POINT('Ctrl Pts',(162.793411664998,62.7507040536355,-36.7067859178373));
#6742=CARTESIAN_POINT('Ctrl Pts',(162.773664188484,62.6188940884416,-36.6766912311179));
#6743=CARTESIAN_POINT('Ctrl Pts',(162.732494845828,62.3251244182807,-36.6070327272487));
#6744=CARTESIAN_POINT('Ctrl Pts',(162.679525944815,61.8108600882732,-36.4705267165505));
#6745=CARTESIAN_POINT('Ctrl Pts',(162.68800469808,61.4628592002552,-36.3488180126026));
#6746=CARTESIAN_POINT('Ctrl Pts',(162.709838728336,61.2714183525636,-36.2708129850453));
#6747=CARTESIAN_POINT('Ctrl Pts',(162.710277095932,61.223008559021,-36.2598506853519));
#6748=CARTESIAN_POINT('Ctrl Pts',(162.712562679282,61.1402591108,-36.2388667319762));
#6749=CARTESIAN_POINT('Ctrl Pts',(162.716424796918,60.9867863749089,-36.2014331186392));
#6750=CARTESIAN_POINT('Ctrl Pts',(162.726477527645,60.6803543715586,-36.1261655250642));
#6751=CARTESIAN_POINT('Ctrl Pts',(162.739550235315,60.359580706969,-36.0489888477286));
#6752=CARTESIAN_POINT('Ctrl Pts',(162.75262190533,60.0773937900777,-35.9816492183987));
#6753=CARTESIAN_POINT('Ctrl Pts',(162.761696787865,59.886568894463,-35.936380639939));
#6754=CARTESIAN_POINT('Ctrl Pts',(162.778505862704,59.5458614278641,-35.8561891427124));
#6755=CARTESIAN_POINT('Ctrl Pts',(162.813742741954,58.8336711849112,-35.6915961415185));
#6756=CARTESIAN_POINT('Ctrl Pts',(162.851372830836,57.9371870622444,-35.4926385950199));
#6757=CARTESIAN_POINT('Ctrl Pts',(162.855785465292,56.9279279341952,-35.2799292987752));
#6758=CARTESIAN_POINT('Ctrl Pts',(162.838462825788,56.3815132996249,-35.1686397953708));
#6759=CARTESIAN_POINT('Ctrl Pts',(162.817029758086,56.0024699641854,-35.0927669627285));
#6760=CARTESIAN_POINT('Ctrl Pts',(162.799916713515,55.7818784300072,-35.0523630623943));
#6761=CARTESIAN_POINT('Ctrl Pts',(162.76230011882,55.3771126025584,-34.9740497524837));
#6762=CARTESIAN_POINT('Ctrl Pts',(162.716513047078,54.9864339852899,-34.8963496730315));
#6763=CARTESIAN_POINT('Ctrl Pts',(162.642117703777,54.4346432198589,-34.7818100777408));
#6764=CARTESIAN_POINT('Ctrl Pts',(162.479886757353,53.3997816289856,-34.5563936156968));
#6765=CARTESIAN_POINT('Ctrl Pts',(162.329472064572,52.6030331071917,-34.3583900489562));
#6766=CARTESIAN_POINT('Ctrl Pts',(162.238030090333,52.0739554774931,-34.2158090433523));
#6767=CARTESIAN_POINT('Ctrl Pts',(161.400074129582,76.3737389617696,-39.918732198833));
#6768=CARTESIAN_POINT('Ctrl Pts',(161.517561764685,75.378976995709,-39.8028634133817));
#6769=CARTESIAN_POINT('Ctrl Pts',(161.572645880734,74.4779297755546,-39.6821346121967));
#6770=CARTESIAN_POINT('Ctrl Pts',(161.648311485852,73.6139457211547,-39.5544082497232));
#6771=CARTESIAN_POINT('Ctrl Pts',(161.660962329648,73.4716008111345,-39.5331111148298));
#6772=CARTESIAN_POINT('Ctrl Pts',(161.673932182907,73.3307890597122,-39.5118028399031));
#6773=CARTESIAN_POINT('Ctrl Pts',(161.700389728395,73.0522347062224,-39.4691662403339));
#6774=CARTESIAN_POINT('Ctrl Pts',(161.733196230117,72.734874526721,-39.4192866953721));
#6775=CARTESIAN_POINT('Ctrl Pts',(161.774301120917,72.3820575252381,-39.3621270812371));
#6776=CARTESIAN_POINT('Ctrl Pts',(161.801661369244,72.1651126193622,-39.3263099324604));
#6777=CARTESIAN_POINT('Ctrl Pts',(161.824630117628,71.9938395097633,-39.2976183920337));
#6778=CARTESIAN_POINT('Ctrl Pts',(161.842420082825,71.866385389544,-39.2760718167128));
#6779=CARTESIAN_POINT('Ctrl Pts',(161.857727720412,71.76102600434,-39.2580958020355));
#6780=CARTESIAN_POINT('Ctrl Pts',(161.870272678927,71.6772561486652,-39.2437047174279));
#6781=CARTESIAN_POINT('Ctrl Pts',(161.876639485512,71.6356334672419,-39.2365123777812));
#6782=CARTESIAN_POINT('Ctrl Pts',(161.886450969639,71.5718175687333,-39.2255147828004));
#6783=CARTESIAN_POINT('Ctrl Pts',(161.901824835958,71.4491075912821,-39.2079963173086));
#6784=CARTESIAN_POINT('Ctrl Pts',(161.930171628525,71.2257267410273,-39.1743643633267));
#6785=CARTESIAN_POINT('Ctrl Pts',(161.977985409221,70.8262706495286,-39.1143645992785));
#6786=CARTESIAN_POINT('Ctrl Pts',(162.063951721082,70.0451035757546,-38.9936039012135));
#6787=CARTESIAN_POINT('Ctrl Pts',(162.126099796322,69.3750103304328,-38.8860182644983));
#6788=CARTESIAN_POINT('Ctrl Pts',(162.163543527473,68.9205082026908,-38.8113391286677));
#6789=CARTESIAN_POINT('Ctrl Pts',(162.16580216874,68.8929909817765,-38.8068122925547));
#6790=CARTESIAN_POINT('Ctrl Pts',(162.169731305612,68.8448058167982,-38.7988802550485));
#6791=CARTESIAN_POINT('Ctrl Pts',(162.177490855049,68.7484068858891,-38.7829827439601));
#6792=CARTESIAN_POINT('Ctrl Pts',(162.188294894622,68.6105479091432,-38.760171600216));
#6793=CARTESIAN_POINT('Ctrl Pts',(162.200800352292,68.4448618358638,-38.7326354469973));
#6794=CARTESIAN_POINT('Ctrl Pts',(162.224873845251,68.1131105135212,-38.6772480699702));
#6795=CARTESIAN_POINT('Ctrl Pts',(162.244720869719,67.8064004533423,-38.6256130617141));
#6796=CARTESIAN_POINT('Ctrl Pts',(162.259873501651,67.5402370759566,-38.5804027349833));
#6797=CARTESIAN_POINT('Ctrl Pts',(162.262991656164,67.4841729691572,-38.5708643153205));
#6798=CARTESIAN_POINT('Ctrl Pts',(162.266060964718,67.4280493699718,-38.5613090391899));
#6799=CARTESIAN_POINT('Ctrl Pts',(162.269804602367,67.3577880549357,-38.5493336738737));
#6800=CARTESIAN_POINT('Ctrl Pts',(162.273421931792,67.2873955783655,-38.537317491672));
#6801=CARTESIAN_POINT('Ctrl Pts',(162.276238919634,67.2310232179295,-38.5276816979583));
#6802=CARTESIAN_POINT('Ctrl Pts',(162.279003656819,67.1745989622665,-38.5180295925197));
#6803=CARTESIAN_POINT('Ctrl Pts',(162.282359300111,67.1039389956835,-38.505931176932));
#6804=CARTESIAN_POINT('Ctrl Pts',(162.286224060895,67.0189967319093,-38.4913644906468));
#6805=CARTESIAN_POINT('Ctrl Pts',(162.289922558249,66.9338894319718,-38.4767479355529));
#6806=CARTESIAN_POINT('Ctrl Pts',(162.292862461337,66.8628190148998,-38.464525017294));
#6807=CARTESIAN_POINT('Ctrl Pts',(162.295128322132,66.8059028804055,-38.4547235763498));
#6808=CARTESIAN_POINT('Ctrl Pts',(162.298440001896,66.7204658497506,-38.4399980503401));
#6809=CARTESIAN_POINT('Ctrl Pts',(162.3012604166,66.6416988165866,-38.4264205173061));
#6810=CARTESIAN_POINT('Ctrl Pts',(162.303660224,66.5701681496703,-38.4140495429881));
#6811=CARTESIAN_POINT('Ctrl Pts',(162.304368479401,66.5486984283796,-38.4103350832564));
#6812=CARTESIAN_POINT('Ctrl Pts',(162.305064948718,66.527218336113,-38.4066175254247));
#6813=CARTESIAN_POINT('Ctrl Pts',(162.305977897361,66.4985603442994,-38.4016559310489));
#6814=CARTESIAN_POINT('Ctrl Pts',(162.307089289603,66.4626965196349,-38.3954441161349));
#6815=CARTESIAN_POINT('Ctrl Pts',(162.308374559758,66.4195944694884,-38.3879742541445));
#6816=CARTESIAN_POINT('Ctrl Pts',(162.309613407797,66.3764716916728,-38.3804924352838));
#6817=CARTESIAN_POINT('Ctrl Pts',(162.311194322548,66.3187949047771,-38.3704878328166));
#6818=CARTESIAN_POINT('Ctrl Pts',(162.312321021132,66.2757306712352,-38.3629852492906));
#6819=CARTESIAN_POINT('Ctrl Pts',(162.313360348376,66.231108217673,-38.3552909118731));
#6820=CARTESIAN_POINT('Ctrl Pts',(162.312126752462,66.1691252138969,-38.3473708626076));
#6821=CARTESIAN_POINT('Ctrl Pts',(162.309720474239,66.0651513531204,-38.3331968985592));
#6822=CARTESIAN_POINT('Ctrl Pts',(162.302848679126,65.8790792106598,-38.3079943592151));
#6823=CARTESIAN_POINT('Ctrl Pts',(162.282080984942,65.5336802072638,-38.2596549445807));
#6824=CARTESIAN_POINT('Ctrl Pts',(162.254675658631,65.2577081893404,-38.2192858085649));
#6825=CARTESIAN_POINT('Ctrl Pts',(162.23389287005,65.0797719773611,-38.1923123315071));
#6826=CARTESIAN_POINT('Ctrl Pts',(162.232048420476,65.0641346852953,-38.1899370548801));
#6827=CARTESIAN_POINT('Ctrl Pts',(162.230194105352,65.0485580630708,-38.1875663352347));
#6828=CARTESIAN_POINT('Ctrl Pts',(162.226465985566,65.0175291297065,-38.1828342581987));
#6829=CARTESIAN_POINT('Ctrl Pts',(162.222689862821,64.9867855896077,-38.1781234746991));
#6830=CARTESIAN_POINT('Ctrl Pts',(162.218872786732,64.9563538833236,-38.1734362739512));
#6831=CARTESIAN_POINT('Ctrl Pts',(162.217275536746,64.9437217372698,-38.1714868495248));
#6832=CARTESIAN_POINT('Ctrl Pts',(162.215993846531,64.9336457513698,-38.169929548939));
#6833=CARTESIAN_POINT('Ctrl Pts',(162.214709575905,64.9235889354273,-38.1683736866653));
#6834=CARTESIAN_POINT('Ctrl Pts',(162.21309945867,64.9110533699574,-38.1664315152421));
#6835=CARTESIAN_POINT('Ctrl Pts',(162.211159965712,64.8960679715365,-38.1641052093065));
#6836=CARTESIAN_POINT('Ctrl Pts',(162.208564485213,64.8761631167023,-38.1610091457139));
#6837=CARTESIAN_POINT('Ctrl Pts',(162.205302822099,64.8514207256356,-38.1571494475628));
#6838=CARTESIAN_POINT('Ctrl Pts',(162.201363169698,64.8219523622211,-38.1525344907454));
#6839=CARTESIAN_POINT('Ctrl Pts',(162.19739957448,64.792702163152,-38.1479358703564));
#6840=CARTESIAN_POINT('Ctrl Pts',(162.193413752603,64.763666774656,-38.1433533125562));
#6841=CARTESIAN_POINT('Ctrl Pts',(162.18807194318,64.7252367216385,-38.1372644747449));
#6842=CARTESIAN_POINT('Ctrl Pts',(162.18134687548,64.6777123445404,-38.1296916008824));
#6843=CARTESIAN_POINT('Ctrl Pts',(162.165079942735,64.5652943705919,-38.1116393896264));
#6844=CARTESIAN_POINT('Ctrl Pts',(162.148544706174,64.4566661267362,-38.0938656218479));
#6845=CARTESIAN_POINT('Ctrl Pts',(162.131941260618,64.35159596089,-38.0763499642405));
#6846=CARTESIAN_POINT('Ctrl Pts',(162.123631077053,64.2997293412631,-38.0676403138712));
#6847=CARTESIAN_POINT('Ctrl Pts',(162.115323412392,64.2485213820797,-38.0589780785934));
#6848=CARTESIAN_POINT('Ctrl Pts',(162.06549789805,63.9450773189197,-38.007276314037));
#6849=CARTESIAN_POINT('Ctrl Pts',(161.997725665527,63.5658173190385,-37.9384670599834));
#6850=CARTESIAN_POINT('Ctrl Pts',(161.922147179423,63.1354797414817,-37.8540974272251));
#6851=CARTESIAN_POINT('Ctrl Pts',(161.880276593325,62.8858761363318,-37.8026092422017));
#6852=CARTESIAN_POINT('Ctrl Pts',(161.850450508484,62.6966692318098,-37.7620763400502));
#6853=CARTESIAN_POINT('Ctrl Pts',(161.829953725714,62.5595899389411,-37.7319721819724));
#6854=CARTESIAN_POINT('Ctrl Pts',(161.786670457475,62.2509339637425,-37.66241418246));
#6855=CARTESIAN_POINT('Ctrl Pts',(161.727713603965,61.6932311798391,-37.5268135925427));
#6856=CARTESIAN_POINT('Ctrl Pts',(161.731099938222,61.2806803833755,-37.4072720278154));
#6857=CARTESIAN_POINT('Ctrl Pts',(161.752643351074,61.0406781055726,-37.3310792472532));
#6858=CARTESIAN_POINT('Ctrl Pts',(161.753079072156,60.9912693462451,-37.3200867797343));
#6859=CARTESIAN_POINT('Ctrl Pts',(161.755351835954,60.9039826746346,-37.2991741312746));
#6860=CARTESIAN_POINT('Ctrl Pts',(161.759224463438,60.7441421099334,-37.2617862832007));
#6861=CARTESIAN_POINT('Ctrl Pts',(161.769366468511,60.4248992748345,-37.186618280662));
#6862=CARTESIAN_POINT('Ctrl Pts',(161.782647093576,60.0939425645514,-37.1094185924277));
#6863=CARTESIAN_POINT('Ctrl Pts',(161.7958741768,59.8043101111234,-37.0419839102064));
#6864=CARTESIAN_POINT('Ctrl Pts',(161.805050028006,59.6090075317554,-36.9966262396417));
#6865=CARTESIAN_POINT('Ctrl Pts',(161.822005929127,59.2616741040313,-36.916212838691));
#6866=CARTESIAN_POINT('Ctrl Pts',(161.857391798484,58.5417287481192,-36.7508599210379));
#6867=CARTESIAN_POINT('Ctrl Pts',(161.894407935263,57.6510667821771,-36.5501724854305));
#6868=CARTESIAN_POINT('Ctrl Pts',(161.898324692306,56.6681300831172,-36.3345154590015));
#6869=CARTESIAN_POINT('Ctrl Pts',(161.881313585221,56.1425959302394,-36.2212615365122));
#6870=CARTESIAN_POINT('Ctrl Pts',(161.860595765488,55.7803727000784,-36.1439180348638));
#6871=CARTESIAN_POINT('Ctrl Pts',(161.844224865833,55.5739789954357,-36.1024479939904));
#6872=CARTESIAN_POINT('Ctrl Pts',(161.808290547992,55.1911004085812,-36.0223709183494));
#6873=CARTESIAN_POINT('Ctrl Pts',(161.764513354841,54.8198980065139,-35.9430163187491));
#6874=CARTESIAN_POINT('Ctrl Pts',(161.693163185199,54.2914029654115,-35.8263469700676));
#6875=CARTESIAN_POINT('Ctrl Pts',(161.536707311388,53.2911851795736,-35.5972942384881));
#6876=CARTESIAN_POINT('Ctrl Pts',(161.388281705659,52.5001410407552,-35.3973086144722));
#6877=CARTESIAN_POINT('Ctrl Pts',(161.296458404369,51.9657585932801,-35.2539121618753));
#6878=CARTESIAN_POINT('Ctrl Pts',(161.469215615407,76.3933759434554,-39.8386664529769));
#6879=CARTESIAN_POINT('Ctrl Pts',(161.885079829475,76.4843147217856,-39.3487655576433));
#6880=CARTESIAN_POINT('Ctrl Pts',(162.218252557351,76.5779394548493,-38.7936916746204));
#6881=CARTESIAN_POINT('Ctrl Pts',(162.726450314608,76.7777729673017,-37.5070487205533));
#6882=CARTESIAN_POINT('Ctrl Pts',(162.865747059945,76.8818371753463,-36.7742058665171));
#6883=CARTESIAN_POINT('Ctrl Pts',(162.865747059945,76.9780513318377,-36.0339964548933));
#6884=CARTESIAN_POINT('Origin',(156.865747059945,100.,144.));
#6885=CARTESIAN_POINT('Ctrl Pts',(161.337883014944,86.3893424111846,-41.));
#6886=CARTESIAN_POINT('Ctrl Pts',(161.77397235034,86.407253474479,-40.5124373008959));
#6887=CARTESIAN_POINT('Ctrl Pts',(162.127945161407,86.4277228423332,-39.9562118887283));
#6888=CARTESIAN_POINT('Ctrl Pts',(162.699943518626,86.4772313121393,-38.6145303202811));
#6889=CARTESIAN_POINT('Ctrl Pts',(162.863372375359,86.5066239184944,-37.8203091578701));
#6890=CARTESIAN_POINT('Ctrl Pts',(162.865738497463,86.5366532865301,-37.0117046847052));
#6891=CARTESIAN_POINT('Ctrl Pts',(162.865747059945,86.5368706315733,-37.0058523437538));
#6892=CARTESIAN_POINT('Ctrl Pts',(162.865747059945,86.5370879821644,-36.9999999999831));
#6893=CARTESIAN_POINT('Origin',(156.865747059945,93.9916203414022,-37.));
#6894=CARTESIAN_POINT('Origin',(156.865747059945,175.,-37.));
#6895=CARTESIAN_POINT('Origin',(156.865747059945,175.,14.5));
#6896=CARTESIAN_POINT('Origin',(156.865747059945,185.000000000001,-36.0197980993588));
#6897=CARTESIAN_POINT('Origin',(-140.,175.,14.5));
#6898=CARTESIAN_POINT('Ctrl Pts',(150.835100529038,209.425264931648,-31.555945088766));
#6899=CARTESIAN_POINT('Ctrl Pts',(149.845200213051,211.17406761214,-30.2488810898653));
#6900=CARTESIAN_POINT('Ctrl Pts',(147.08923939687,215.337844960703,-26.7406749160755));
#6901=CARTESIAN_POINT('Ctrl Pts',(141.909633892216,220.833913164565,-20.6022115674612));
#6902=CARTESIAN_POINT('Ctrl Pts',(135.187901261753,225.505019940297,-13.3911435984027));
#6903=CARTESIAN_POINT('Ctrl Pts',(128.43554271823,228.336602978534,-7.22318439979259));
#6904=CARTESIAN_POINT('Ctrl Pts',(122.394432879134,229.538643428454,-3.73252507618023));
#6905=CARTESIAN_POINT('Ctrl Pts',(117.858939355561,229.76588183599,-3.01762322815726));
#6906=CARTESIAN_POINT('Ctrl Pts',(114.4684015095,229.595076738819,-3.55482491645527));
#6907=CARTESIAN_POINT('Ctrl Pts',(111.306236028116,229.134086428217,-4.91033323543287));
#6908=CARTESIAN_POINT('Ctrl Pts',(108.392818021911,228.445575345043,-6.7453790266464));
#6909=CARTESIAN_POINT('Ctrl Pts',(105.672890087985,227.564817854367,-8.84748584534677));
#6910=CARTESIAN_POINT('Ctrl Pts',(102.250366202945,226.154037232457,-11.8561974728895));
#6911=CARTESIAN_POINT('Ctrl Pts',(98.2795604574032,223.972585828913,-15.8048817213869));
#6912=CARTESIAN_POINT('Ctrl Pts',(91.7747269130594,219.087447098881,-22.912391047336));
#6913=CARTESIAN_POINT('Ctrl Pts',(87.4111501687184,213.881437955912,-28.2244446931908));
#6914=CARTESIAN_POINT('Ctrl Pts',(84.8956085877153,209.425527320064,-31.5556976901963));
#6915=CARTESIAN_POINT('Origin',(-140.,175.,14.5));
#6916=CARTESIAN_POINT('Ctrl Pts',(81.6672437511943,202.365672357874,-36.0700637107188));
#6917=CARTESIAN_POINT('Ctrl Pts',(81.3615097719074,201.515902127959,-36.5300055971672));
#6918=CARTESIAN_POINT('Ctrl Pts',(81.0767717083724,200.64745128646,-36.9724652557397));
#6919=CARTESIAN_POINT('Ctrl Pts',(80.8152538376194,199.76137687177,-37.3954103323707));
#6920=CARTESIAN_POINT('Origin',(-140.,175.,14.5));
#6921=CARTESIAN_POINT('Ctrl Pts',(154.915782955147,199.762197875793,-37.3950393482358));
#6922=CARTESIAN_POINT('Ctrl Pts',(154.654957865295,200.648150551731,-36.9721097921411));
#6923=CARTESIAN_POINT('Ctrl Pts',(154.370985037922,201.516461157228,-36.5296668359624));
#6924=CARTESIAN_POINT('Ctrl Pts',(154.065857255876,202.36613107503,-36.069721855254));
#6925=CARTESIAN_POINT('Ctrl Pts',(72.8657470599448,185.,-36.019798099359));
#6926=CARTESIAN_POINT('Ctrl Pts',(72.8657470599448,188.844371312332,-35.3602965581741));
#6927=CARTESIAN_POINT('Ctrl Pts',(73.8583874372325,196.365444507819,-33.3706712734981));
#6928=CARTESIAN_POINT('Ctrl Pts',(79.0750641133951,209.535047517493,-27.2667174323702));
#6929=CARTESIAN_POINT('Ctrl Pts',(86.8673441691785,218.422562821153,-19.7662094259264));
#6930=CARTESIAN_POINT('Ctrl Pts',(95.2663009800892,224.072003415164,-12.6426331939378));
#6931=CARTESIAN_POINT('Ctrl Pts',(99.8479999172532,226.32641305963,-9.10598556267495));
#6932=CARTESIAN_POINT('Ctrl Pts',(103.797065938452,227.784376979931,-6.41122645278883));
#6933=CARTESIAN_POINT('Ctrl Pts',(106.935444323751,228.694591242871,-4.52846991082241));
#6934=CARTESIAN_POINT('Ctrl Pts',(110.297080484758,229.406129452572,-2.88490715869204));
#6935=CARTESIAN_POINT('Ctrl Pts',(113.945732963277,229.882537499315,-1.67084318604257));
#6936=CARTESIAN_POINT('Ctrl Pts',(117.857892016425,230.059055141542,-1.18969732608869));
#6937=CARTESIAN_POINT('Ctrl Pts',(123.091153774394,229.824216787266,-1.83000072040492));
#6938=CARTESIAN_POINT('Ctrl Pts',(130.061665127197,228.581974315609,-4.95641733198812));
#6939=CARTESIAN_POINT('Ctrl Pts',(137.852848062031,225.655689503518,-10.4807633968302));
#6940=CARTESIAN_POINT('Ctrl Pts',(145.608693404873,220.828358420904,-16.9393720995522));
#6941=CARTESIAN_POINT('Ctrl Pts',(152.386085443904,214.387297270747,-23.1740937501124));
#6942=CARTESIAN_POINT('Ctrl Pts',(157.972637258092,206.239535394307,-28.7937531052932));
#6943=CARTESIAN_POINT('Ctrl Pts',(161.865838907137,196.366769190262,-33.3702953957505));
#6944=CARTESIAN_POINT('Ctrl Pts',(162.865747059945,188.844371312334,-35.3602965581738));
#6945=CARTESIAN_POINT('Ctrl Pts',(162.865747059945,185.000000000001,-36.0197980993588));
#6946=CARTESIAN_POINT('Ctrl Pts',(72.8657470599448,185.174290854568,-36.9003119776935));
#6947=CARTESIAN_POINT('Ctrl Pts',(72.880682663872,189.075028487542,-36.2199714347759));
#6948=CARTESIAN_POINT('Ctrl Pts',(73.9324448116433,196.688753738271,-34.1598604978809));
#6949=CARTESIAN_POINT('Ctrl Pts',(79.2938718372862,209.887569078394,-27.8680133021081));
#6950=CARTESIAN_POINT('Ctrl Pts',(87.1377179003095,218.658402101887,-20.2095076023714));
#6951=CARTESIAN_POINT('Ctrl Pts',(95.500655777481,224.204914926828,-12.9724114880934));
#6952=CARTESIAN_POINT('Ctrl Pts',(100.048281371947,226.411575585356,-9.3847832526069));
#6953=CARTESIAN_POINT('Ctrl Pts',(103.959828105128,227.83699311418,-6.65382772199328));
#6954=CARTESIAN_POINT('Ctrl Pts',(107.065277559118,228.726041324579,-4.74665108215523));
#6955=CARTESIAN_POINT('Ctrl Pts',(110.388785487249,229.420614100984,-3.08245259481644));
#6956=CARTESIAN_POINT('Ctrl Pts',(113.993876298044,229.885416306078,-1.85348917994463));
#6957=CARTESIAN_POINT('Ctrl Pts',(117.857996578671,230.057590136601,-1.36652245941313));
#6958=CARTESIAN_POINT('Ctrl Pts',(123.026971163868,229.828538314192,-2.01457732496897));
#6959=CARTESIAN_POINT('Ctrl Pts',(129.915711573792,228.616487208698,-5.17943892562493));
#6960=CARTESIAN_POINT('Ctrl Pts',(137.632566079069,225.757064089734,-10.7773230322371));
#6961=CARTESIAN_POINT('Ctrl Pts',(145.34844627315,221.023632285234,-17.3359370873393));
#6962=CARTESIAN_POINT('Ctrl Pts',(152.137766680977,214.675032359553,-23.6884640759238));
#6963=CARTESIAN_POINT('Ctrl Pts',(157.790912686542,206.58546315177,-29.4425208292178));
#6964=CARTESIAN_POINT('Ctrl Pts',(161.791229093187,196.689624434501,-34.1591878034948));
#6965=CARTESIAN_POINT('Ctrl Pts',(162.850811456017,189.075028487544,-36.2199714347756));
#6966=CARTESIAN_POINT('Ctrl Pts',(162.865747059945,185.174290854569,-36.9003119776933));
#6967=CARTESIAN_POINT('Ctrl Pts',(73.2766740460953,185.522083260489,-38.6573521904527));
#6968=CARTESIAN_POINT('Ctrl Pts',(73.3125216897486,189.500011077274,-37.9355884835829));
#6969=CARTESIAN_POINT('Ctrl Pts',(74.4382384876877,197.235547241451,-35.7353455149409));
#6970=CARTESIAN_POINT('Ctrl Pts',(79.9466706066771,210.436930861784,-29.0696474451913));
#6971=CARTESIAN_POINT('Ctrl Pts',(87.7789801446907,219.008181845138,-21.0958229863816));
#6972=CARTESIAN_POINT('Ctrl Pts',(96.0130822062836,224.391995005611,-13.631888188563));
#6973=CARTESIAN_POINT('Ctrl Pts',(100.472766493057,226.52474959986,-9.94235013355969));
#6974=CARTESIAN_POINT('Ctrl Pts',(104.298754568009,227.900478297945,-7.13901722714271));
#6975=CARTESIAN_POINT('Ctrl Pts',(107.332538432354,228.757407462865,-5.18300857790785));
#6976=CARTESIAN_POINT('Ctrl Pts',(110.575938118843,229.42638539835,-3.47754167010611));
#6977=CARTESIAN_POINT('Ctrl Pts',(114.091554333243,229.87374277501,-2.21878074385875));
#6978=CARTESIAN_POINT('Ctrl Pts',(117.858202510998,230.039404159772,-1.72017269665318));
#6979=CARTESIAN_POINT('Ctrl Pts',(122.896755067368,229.819026967948,-2.38372937228939));
#6980=CARTESIAN_POINT('Ctrl Pts',(129.61624347642,228.652373522537,-5.62547963086149));
#6981=CARTESIAN_POINT('Ctrl Pts',(137.163816254513,225.894746746189,-11.3704088802032));
#6982=CARTESIAN_POINT('Ctrl Pts',(144.752328307013,221.308699351826,-18.1289010827465));
#6983=CARTESIAN_POINT('Ctrl Pts',(151.489686345667,215.113462184471,-24.7166295652314));
#6984=CARTESIAN_POINT('Ctrl Pts',(157.175796779121,207.135441305763,-30.7385825558211));
#6985=CARTESIAN_POINT('Ctrl Pts',(161.284838676197,197.235610977419,-35.7340935337595));
#6986=CARTESIAN_POINT('Ctrl Pts',(162.418972430141,189.500011077276,-37.9355884835825));
#6987=CARTESIAN_POINT('Ctrl Pts',(162.454820073794,185.52208326049,-38.6573521904525));
#6988=CARTESIAN_POINT('Ctrl Pts',(75.2835756949808,186.012283461314,-41.1338337078469));
#6989=CARTESIAN_POINT('Ctrl Pts',(75.3210827957546,189.979246308096,-40.3661809853373));
#6990=CARTESIAN_POINT('Ctrl Pts',(76.4091206586371,197.68057394943,-38.0153935134509));
#6991=CARTESIAN_POINT('Ctrl Pts',(81.6922578772276,210.743909904776,-30.9256978791808));
#6992=CARTESIAN_POINT('Ctrl Pts',(89.1696793247124,219.156255386301,-22.5357408675722));
#6993=CARTESIAN_POINT('Ctrl Pts',(97.0237945715502,224.430994196517,-14.7361039464229));
#6994=CARTESIAN_POINT('Ctrl Pts',(101.277179367118,226.517750132632,-10.8888485638582));
#6995=CARTESIAN_POINT('Ctrl Pts',(104.926114029095,227.863402513697,-7.96982291487775));
#6996=CARTESIAN_POINT('Ctrl Pts',(107.819536922918,228.701278397009,-5.934489429164));
#6997=CARTESIAN_POINT('Ctrl Pts',(110.912926359053,229.355269776848,-4.1609513150517));
#6998=CARTESIAN_POINT('Ctrl Pts',(114.266004020187,229.792521539474,-2.8525092992303));
#6999=CARTESIAN_POINT('Ctrl Pts',(117.858551398956,229.954430890779,-2.33436003311339));
#7000=CARTESIAN_POINT('Ctrl Pts',(122.664214166853,229.739047007686,-3.02392739669375));
#7001=CARTESIAN_POINT('Ctrl Pts',(129.072990682898,228.598727195471,-6.39376520039804));
#7002=CARTESIAN_POINT('Ctrl Pts',(136.271187723232,225.90202469309,-12.3747298747196));
#7003=CARTESIAN_POINT('Ctrl Pts',(143.509040129737,221.411710992393,-19.4329920142084));
#7004=CARTESIAN_POINT('Ctrl Pts',(149.938615871769,215.332855255794,-26.3444196679562));
#7005=CARTESIAN_POINT('Ctrl Pts',(155.373288654877,207.477436569747,-32.7013047341589));
#7006=CARTESIAN_POINT('Ctrl Pts',(159.31431262136,197.680310090741,-38.0137047252727));
#7007=CARTESIAN_POINT('Ctrl Pts',(160.410411324135,189.979246308098,-40.3661809853368));
#7008=CARTESIAN_POINT('Ctrl Pts',(160.447918424909,186.012283461315,-41.1338337078466));
#7009=CARTESIAN_POINT('Ctrl Pts',(77.5193502084063,186.165048543689,-41.9055998196727));
#7010=CARTESIAN_POINT('Ctrl Pts',(77.5336542046007,189.99616711222,-41.1470021804633));
#7011=CARTESIAN_POINT('Ctrl Pts',(78.4799092182414,197.462356147624,-38.8414053179982));
#7012=CARTESIAN_POINT('Ctrl Pts',(83.2885475274205,210.339985617425,-31.823429922497));
#7013=CARTESIAN_POINT('Ctrl Pts',(90.3137496327948,218.836758170758,-23.3696549006666));
#7014=CARTESIAN_POINT('Ctrl Pts',(97.8086083751918,224.198880205152,-15.4367639232129));
#7015=CARTESIAN_POINT('Ctrl Pts',(101.885415843496,226.329366072336,-11.5130033890782));
#7016=CARTESIAN_POINT('Ctrl Pts',(105.392847314848,227.70502589548,-8.53075148265125));
#7017=CARTESIAN_POINT('Ctrl Pts',(108.177839978921,228.562678493248,-6.44960398754094));
#7018=CARTESIAN_POINT('Ctrl Pts',(111.158746498041,229.232579872041,-4.63482237347266));
#7019=CARTESIAN_POINT('Ctrl Pts',(114.392503983896,229.680773763322,-3.29528338790466));
#7020=CARTESIAN_POINT('Ctrl Pts',(117.85879338114,229.846779820253,-2.7646539536353));
#7021=CARTESIAN_POINT('Ctrl Pts',(122.495601696423,229.625943746349,-3.47082766649526));
#7022=CARTESIAN_POINT('Ctrl Pts',(128.674577767082,228.457153994744,-6.92056885985351));
#7023=CARTESIAN_POINT('Ctrl Pts',(135.594146326762,225.698238882244,-13.0325350724922));
#7024=CARTESIAN_POINT('Ctrl Pts',(142.509469904135,221.124689531921,-20.2171124658176));
#7025=CARTESIAN_POINT('Ctrl Pts',(148.59192391544,214.977127326417,-27.208750132965));
#7026=CARTESIAN_POINT('Ctrl Pts',(153.656688173643,207.118801459344,-33.5806108775824));
#7027=CARTESIAN_POINT('Ctrl Pts',(157.244593932134,197.46286633084,-38.8401189095526));
#7028=CARTESIAN_POINT('Ctrl Pts',(158.197839915289,189.996167112221,-41.1470021804628));
#7029=CARTESIAN_POINT('Ctrl Pts',(158.212143911483,186.165048543691,-41.9055998196725));
#7030=CARTESIAN_POINT('Ctrl Pts',(78.8657470599448,186.165048543689,-41.9055998196727));
#7031=CARTESIAN_POINT('Ctrl Pts',(78.8657470599448,189.885006544943,-41.1692631474759));
#7032=CARTESIAN_POINT('Ctrl Pts',(79.7260353869274,197.162679313391,-38.9478368587601));
#7033=CARTESIAN_POINT('Ctrl Pts',(84.2471551729351,209.906081578415,-32.1327427642968));
#7034=CARTESIAN_POINT('Ctrl Pts',(91.000464554614,218.505975027588,-23.7583891648693));
#7035=CARTESIAN_POINT('Ctrl Pts',(98.2795604574032,223.972585828913,-15.8048817213869));
#7036=CARTESIAN_POINT('Ctrl Pts',(102.250366202945,226.154037232457,-11.8561974728895));
#7037=CARTESIAN_POINT('Ctrl Pts',(105.672890087985,227.564817854367,-8.84748584534677));
#7038=CARTESIAN_POINT('Ctrl Pts',(108.392818021911,228.445575345043,-6.7453790266464));
#7039=CARTESIAN_POINT('Ctrl Pts',(111.306236028116,229.134086428217,-4.91033323543287));
#7040=CARTESIAN_POINT('Ctrl Pts',(114.4684015095,229.595076738819,-3.55482491645527));
#7041=CARTESIAN_POINT('Ctrl Pts',(117.858939355561,229.76588183599,-3.01762322815726));
#7042=CARTESIAN_POINT('Ctrl Pts',(122.394432879134,229.538643428454,-3.73252507618023));
#7043=CARTESIAN_POINT('Ctrl Pts',(128.43554271823,228.336602978534,-7.22318439979259));
#7044=CARTESIAN_POINT('Ctrl Pts',(135.187901261753,225.505019940297,-13.3911435984027));
#7045=CARTESIAN_POINT('Ctrl Pts',(141.909633892216,220.833913164565,-20.6022115674612));
#7046=CARTESIAN_POINT('Ctrl Pts',(147.783373659376,214.601300595318,-27.5633085559507));
#7047=CARTESIAN_POINT('Ctrl Pts',(152.625051898339,206.717220333003,-33.8376855059099));
#7048=CARTESIAN_POINT('Ctrl Pts',(155.999159994178,197.163961125852,-38.9474171894302));
#7049=CARTESIAN_POINT('Ctrl Pts',(156.865747059945,189.885006544945,-41.1692631474754));
#7050=CARTESIAN_POINT('Ctrl Pts',(156.865747059945,186.165048543691,-41.9055998196725));
#7051=CARTESIAN_POINT('Origin',(78.8657470599448,185.,-36.019798099359));
#7052=CARTESIAN_POINT('Origin',(117.865747059945,45.,-43.));
#7053=CARTESIAN_POINT('',(72.8657470599448,45.,-28.9660371286803));
#7054=CARTESIAN_POINT('',(72.8657470599448,45.,-43.));
#7055=CARTESIAN_POINT('',(74.1587064065695,34.2904436448469,-25.7354527130747));
#7056=CARTESIAN_POINT('Ctrl Pts',(74.1587130241055,34.2904480701996,-25.7354453083143));
#7057=CARTESIAN_POINT('Ctrl Pts',(73.3071231228957,37.7663537498851,-26.8761805756835));
#7058=CARTESIAN_POINT('Ctrl Pts',(72.8657470599448,41.3664591987234,-27.9646915404401));
#7059=CARTESIAN_POINT('Ctrl Pts',(72.8657470599448,45.,-28.9660371286803));
#7060=CARTESIAN_POINT('',(74.1980572114642,34.1311057003524,-25.6830904084354));
#7061=CARTESIAN_POINT('Ctrl Pts',(74.1980600786521,34.1311076314083,-25.6830872013925));
#7062=CARTESIAN_POINT('Ctrl Pts',(74.1848485809322,34.1841918631746,-25.7005520278362));
#7063=CARTESIAN_POINT('Ctrl Pts',(74.1717328589612,34.237305450895,-25.7180047717671));
#7064=CARTESIAN_POINT('Ctrl Pts',(74.1587130241055,34.2904480701996,-25.7354453083143));
#7065=CARTESIAN_POINT('',(74.1587064065804,34.2904436448025,-24.7927652450415));
#7066=CARTESIAN_POINT('Ctrl Pts',(74.1585161749364,34.289191463395,-24.7927639145048));
#7067=CARTESIAN_POINT('Ctrl Pts',(74.1585453168013,34.2893609773784,-24.9056327967387));
#7068=CARTESIAN_POINT('Ctrl Pts',(74.1603613576472,34.2827095660451,-25.0178609392428));
#7069=CARTESIAN_POINT('Ctrl Pts',(74.1640968533365,34.2686048517068,-25.1291298928497));
#7070=CARTESIAN_POINT('Ctrl Pts',(74.1668363473717,34.2582609016632,-25.2107310135748));
#7071=CARTESIAN_POINT('Ctrl Pts',(74.1706085596839,34.2439082842159,-25.2918159202226));
#7072=CARTESIAN_POINT('Ctrl Pts',(74.1754707755965,34.2252824769427,-25.3722497527947));
#7073=CARTESIAN_POINT('Ctrl Pts',(74.1810774781275,34.2038047469003,-25.4649993510769));
#7074=CARTESIAN_POINT('Ctrl Pts',(74.1880614611189,34.1769239521812,-25.5556913427207));
#7075=CARTESIAN_POINT('Ctrl Pts',(74.1964247908095,34.1446849223521,-25.6443129944104));
#7076=CARTESIAN_POINT('Ctrl Pts',(74.1976258670664,34.1400550040416,-25.657040145632));
#7077=CARTESIAN_POINT('Ctrl Pts',(74.1988554044073,34.1353144887245,-25.6697245868953));
#7078=CARTESIAN_POINT('Ctrl Pts',(74.2001134225729,34.1304634227144,-25.6823662689972));
#7079=CARTESIAN_POINT('',(74.1587064065804,34.2904436448024,-43.));
#7080=CARTESIAN_POINT('Origin',(72.8657470599448,185.,-43.));
#7081=CARTESIAN_POINT('',(72.8657470599448,175.,-37.));
#7082=CARTESIAN_POINT('Origin',(72.8657470599448,175.,14.5));
#7083=CARTESIAN_POINT('',(72.8657470599447,86.5370879821646,-37.));
#7084=CARTESIAN_POINT('',(72.8657470599448,147.99944642176,-37.));
#7085=CARTESIAN_POINT('Origin',(72.8657470599447,100.,144.));
#7086=CARTESIAN_POINT('Origin',(78.8657470599448,147.99944642176,-37.));
#7087=CARTESIAN_POINT('Ctrl Pts',(74.3936111049452,86.3893424111848,-41.));
#7088=CARTESIAN_POINT('Ctrl Pts',(73.9575217695491,86.4072534744792,-40.5124373008959));
#7089=CARTESIAN_POINT('Ctrl Pts',(73.6035489584823,86.4277228423339,-39.9562118887282));
#7090=CARTESIAN_POINT('Ctrl Pts',(73.0315506012311,86.4772313121433,-38.614530320204));
#7091=CARTESIAN_POINT('Ctrl Pts',(72.8681217445253,86.5066239185163,-37.820309157482));
#7092=CARTESIAN_POINT('Ctrl Pts',(72.8657556224268,86.5366532865307,-37.0117046846884));
#7093=CARTESIAN_POINT('Ctrl Pts',(72.8657470599448,86.5368706315741,-37.0058523437563));
#7094=CARTESIAN_POINT('Ctrl Pts',(72.8657470599448,86.5370879821646,-37.));
#7095=CARTESIAN_POINT('Origin',(78.8657470599448,175.,-37.));
#7096=CARTESIAN_POINT('Ctrl Pts',(74.2722300768692,33.8373266174136,-25.5862103162701));
#7097=CARTESIAN_POINT('Ctrl Pts',(73.346378264211,37.4530497811757,-26.781267206065));
#7098=CARTESIAN_POINT('Ctrl Pts',(72.8657470599448,41.2083203762786,-27.9211110164155));
#7099=CARTESIAN_POINT('Ctrl Pts',(72.8657470599448,45.,-28.9660371286803));
#7100=CARTESIAN_POINT('Ctrl Pts',(74.3906234645029,33.3749656777354,-26.8780869231967));
#7101=CARTESIAN_POINT('Ctrl Pts',(73.4250624917707,36.9846892312745,-28.1073814204531));
#7102=CARTESIAN_POINT('Ctrl Pts',(72.9033577155572,40.7464264818031,-29.2808076667384));
#7103=CARTESIAN_POINT('Ctrl Pts',(72.8657470599448,44.5577408144079,-30.356870196237));
#7104=CARTESIAN_POINT('Ctrl Pts',(74.9852505908717,33.0363554697132,-28.1652304378811));
#7105=CARTESIAN_POINT('Ctrl Pts',(74.0126397182139,36.6061353144591,-29.4281421421434));
#7106=CARTESIAN_POINT('Ctrl Pts',(73.4766101208888,40.3337044129264,-30.634730595508));
#7107=CARTESIAN_POINT('Ctrl Pts',(73.4206408966426,44.117519322098,-31.7412950504864));
#7108=CARTESIAN_POINT('Ctrl Pts',(75.9244883512055,32.8964487240756,-29.1627264691452));
#7109=CARTESIAN_POINT('Ctrl Pts',(74.9735299651822,36.4043624980157,-30.4392081652648));
#7110=CARTESIAN_POINT('Ctrl Pts',(74.4482971796427,40.0685897266147,-31.6594532135544));
#7111=CARTESIAN_POINT('Ctrl Pts',(74.3936111049452,43.7878787878788,-32.777960811957));
#7112=CARTESIAN_POINT('Ctrl Pts',(75.7327759258552,32.9285238403223,-28.9498977456677));
#7113=CARTESIAN_POINT('Ctrl Pts',(75.533160588151,33.0003111365685,-28.7427961553271));
#7114=CARTESIAN_POINT('Ctrl Pts',(75.3495018619159,33.0781691010008,-28.5221108844175));
#7115=CARTESIAN_POINT('Ctrl Pts',(74.7539474236821,33.3774616467659,-27.6862785635283));
#7116=CARTESIAN_POINT('Ctrl Pts',(74.4520683577342,33.6260170408539,-27.0138057254012));
#7117=CARTESIAN_POINT('Ctrl Pts',(74.2508755619074,33.9714094312117,-26.1010812109882));
#7118=CARTESIAN_POINT('Ctrl Pts',(74.2180451429564,34.0508006786041,-25.8926325520503));
#7119=CARTESIAN_POINT('Ctrl Pts',(74.1980572114642,34.1311057003525,-25.6830904084354));
#7120=CARTESIAN_POINT('Origin',(78.8657470599448,45.,-28.9660371286803));
#7121=CARTESIAN_POINT('Ctrl Pts',(77.2782873190003,11.9403510540002,-16.4400572887849));
#7122=CARTESIAN_POINT('Ctrl Pts',(76.7695376104682,12.7474267896282,-16.7718127798329));
#7123=CARTESIAN_POINT('Ctrl Pts',(76.2738850656313,13.6391406620159,-17.1373795333609));
#7124=CARTESIAN_POINT('Ctrl Pts',(75.8013172057899,14.5889500385579,-17.5330258849077));
#7125=CARTESIAN_POINT('Ctrl Pts',(75.6687646202062,14.8600739974284,-17.6461386553499));
#7126=CARTESIAN_POINT('Ctrl Pts',(75.5721488711039,15.0630456191152,-17.7310302075562));
#7127=CARTESIAN_POINT('Ctrl Pts',(75.4575883997648,15.3077279817275,-17.8333802725079));
#7128=CARTESIAN_POINT('Ctrl Pts',(75.3424227059858,15.559257056296,-17.9249836069482));
#7129=CARTESIAN_POINT('Ctrl Pts',(75.1295900073162,16.0469986341753,-18.1087771401124));
#7130=CARTESIAN_POINT('Ctrl Pts',(74.7762168263014,16.9168317869018,-18.4319051030616));
#7131=CARTESIAN_POINT('Ctrl Pts',(74.3419382906527,18.167339162249,-18.8965923943471));
#7132=CARTESIAN_POINT('Ctrl Pts',(73.9940669198695,19.4198202300275,-19.3618704066815));
#7133=CARTESIAN_POINT('Ctrl Pts',(73.7644220126853,20.4103972089841,-19.7326259871862));
#7134=CARTESIAN_POINT('Ctrl Pts',(73.6639210443811,20.9039935039911,-19.9178484261161));
#7135=CARTESIAN_POINT('Ctrl Pts',(73.5721334014196,21.386097936307,-20.0989800464922));
#7136=CARTESIAN_POINT('Ctrl Pts',(73.4803002027189,21.9221007216826,-20.2762824367384));
#7137=CARTESIAN_POINT('Ctrl Pts',(73.3433184834707,22.94243131436,-20.6299121599502));
#7138=CARTESIAN_POINT('Ctrl Pts',(73.2365359016563,24.2002976342612,-21.0691237440748));
#7139=CARTESIAN_POINT('Ctrl Pts',(73.200587023022,25.3983672936119,-21.5015533028236));
#7140=CARTESIAN_POINT('Ctrl Pts',(73.2020027878017,26.3292761587419,-21.8440331300918));
#7141=CARTESIAN_POINT('Ctrl Pts',(73.2113913490157,26.7841863682297,-22.014018091574));
#7142=CARTESIAN_POINT('Ctrl Pts',(73.219562308158,27.0692690605385,-22.1207016207078));
#7143=CARTESIAN_POINT('Ctrl Pts',(73.2249670583061,27.2257987298725,-22.1646794015211));
#7144=CARTESIAN_POINT('Ctrl Pts',(73.2382816294176,27.5105818222758,-22.2524273288103));
#7145=CARTESIAN_POINT('Ctrl Pts',(73.2693239154394,28.0062644527832,-22.4053954886697));
#7146=CARTESIAN_POINT('Ctrl Pts',(73.3550290544231,28.9343656571058,-22.7089541332096));
#7147=CARTESIAN_POINT('Ctrl Pts',(73.5160666433312,30.1236546136948,-23.1348991887123));
#7148=CARTESIAN_POINT('Ctrl Pts',(73.6623792498964,31.0559475029465,-23.5103014740053));
#7149=CARTESIAN_POINT('Ctrl Pts',(73.750252299292,31.6289177761628,-23.7581292844558));
#7150=CARTESIAN_POINT('Ctrl Pts',(73.7919125978998,31.9061017315163,-23.8815286350233));
#7151=CARTESIAN_POINT('Ctrl Pts',(73.8244411333334,32.1296454980156,-23.9839828674633));
#7152=CARTESIAN_POINT('Ctrl Pts',(73.849000797067,32.3039934887793,-24.0657232174408));
#7153=CARTESIAN_POINT('Ctrl Pts',(73.8607423819576,32.3895105899329,-24.1065234029899));
#7154=CARTESIAN_POINT('Ctrl Pts',(73.8716440697617,32.4700485729035,-24.1448354460762));
#7155=CARTESIAN_POINT('Ctrl Pts',(73.8877562528826,32.5870218344078,-24.1806472551646));
#7156=CARTESIAN_POINT('Ctrl Pts',(73.917315992142,32.7938738103274,-24.2520897104196));
#7157=CARTESIAN_POINT('Ctrl Pts',(73.9719271852636,33.1600395339889,-24.3766406532358));
#7158=CARTESIAN_POINT('Ctrl Pts',(74.0826971295349,33.850649075274,-24.6239480704738));
#7159=CARTESIAN_POINT('Ctrl Pts',(74.1775023887202,34.3997910017618,-24.8330046233904));
#7160=CARTESIAN_POINT('Ctrl Pts',(74.2360903977732,34.7437000813499,-24.9714197826925));
#7161=CARTESIAN_POINT('Ctrl Pts',(77.556767785176,11.4985722709808,-17.6071924192869));
#7162=CARTESIAN_POINT('Ctrl Pts',(77.0386388127525,12.2855419347883,-17.9509752661638));
#7163=CARTESIAN_POINT('Ctrl Pts',(76.5315120159941,13.1580087382154,-18.3294752049354));
#7164=CARTESIAN_POINT('Ctrl Pts',(76.0461462998687,14.0919641693357,-18.7380896303477));
#7165=CARTESIAN_POINT('Ctrl Pts',(75.9099493315142,14.358736013172,-18.854865503047));
#7166=CARTESIAN_POINT('Ctrl Pts',(75.8106424102328,14.5586479525287,-18.9424478073457));
#7167=CARTESIAN_POINT('Ctrl Pts',(75.6928050755703,14.7997623328192,-19.0480270976613));
#7168=CARTESIAN_POINT('Ctrl Pts',(75.5725706554273,15.04473470933,-19.1441297174371));
#7169=CARTESIAN_POINT('Ctrl Pts',(75.3504205624112,15.5217234851128,-19.3360779308023));
#7170=CARTESIAN_POINT('Ctrl Pts',(74.9793832169435,16.3728425730777,-19.6740551363683));
#7171=CARTESIAN_POINT('Ctrl Pts',(74.5186324152656,17.6008425066969,-20.1597477869158));
#7172=CARTESIAN_POINT('Ctrl Pts',(74.1436684082602,18.836122338519,-20.6455450668234));
#7173=CARTESIAN_POINT('Ctrl Pts',(73.892970451856,19.8165317099461,-21.0319227513438));
#7174=CARTESIAN_POINT('Ctrl Pts',(73.7822973770471,20.3059806594838,-21.2247017301544));
#7175=CARTESIAN_POINT('Ctrl Pts',(73.6806361924309,20.7844999826662,-21.4131316632612));
#7176=CARTESIAN_POINT('Ctrl Pts',(73.5730828902055,21.3135893777922,-21.6011054728848));
#7177=CARTESIAN_POINT('Ctrl Pts',(73.4094331537274,22.3256329751407,-21.97310840598));
#7178=CARTESIAN_POINT('Ctrl Pts',(73.2711919842487,23.5776041448868,-22.4341028730554));
#7179=CARTESIAN_POINT('Ctrl Pts',(73.2099706220102,24.7755779985078,-22.884767759665));
#7180=CARTESIAN_POINT('Ctrl Pts',(73.1943370050649,25.7085908537113,-23.2400292578075));
#7181=CARTESIAN_POINT('Ctrl Pts',(73.1964972818931,26.1651366552648,-23.4156842032291));
#7182=CARTESIAN_POINT('Ctrl Pts',(73.2002610115694,26.4514030422217,-23.5258463665647));
#7183=CARTESIAN_POINT('Ctrl Pts',(73.1997649125252,26.6077133792197,-23.5736425712406));
#7184=CARTESIAN_POINT('Ctrl Pts',(73.2042391395014,26.8928368125168,-23.6673186516897));
#7185=CARTESIAN_POINT('Ctrl Pts',(73.2201299387139,27.3895962810954,-23.8305235598809));
#7186=CARTESIAN_POINT('Ctrl Pts',(73.2823358265532,28.3222390893927,-24.1507346620519));
#7187=CARTESIAN_POINT('Ctrl Pts',(73.4245122905153,29.5207897921818,-24.5919735452783));
#7188=CARTESIAN_POINT('Ctrl Pts',(73.5685814310792,30.4610267289959,-24.9721219477732));
#7189=CARTESIAN_POINT('Ctrl Pts',(73.6599098323649,31.039108761755,-25.2199900060294));
#7190=CARTESIAN_POINT('Ctrl Pts',(73.7042698876512,31.3187893290955,-25.3428084641729));
#7191=CARTESIAN_POINT('Ctrl Pts',(73.7398130823788,31.544389810003,-25.4443038442001));
#7192=CARTESIAN_POINT('Ctrl Pts',(73.7672362250379,31.7203917051919,-25.5249988985181));
#7193=CARTESIAN_POINT('Ctrl Pts',(73.7805787516385,31.8067363460179,-25.5651729613226));
#7194=CARTESIAN_POINT('Ctrl Pts',(73.792967593773,31.8880591378372,-25.6029074234604));
#7195=CARTESIAN_POINT('Ctrl Pts',(73.8062977164305,32.005908292611,-25.6407395823381));
#7196=CARTESIAN_POINT('Ctrl Pts',(73.8330209490222,32.2144627356083,-25.7145549393876));
#7197=CARTESIAN_POINT('Ctrl Pts',(73.8822790882055,32.5836682288624,-25.8435071757678));
#7198=CARTESIAN_POINT('Ctrl Pts',(73.9865876938032,33.2803592759076,-26.0970225302259));
#7199=CARTESIAN_POINT('Ctrl Pts',(74.0802596197151,33.8342665220189,-26.3086490696657));
#7200=CARTESIAN_POINT('Ctrl Pts',(74.1402643897183,34.1812055579231,-26.4473949787876));
#7201=CARTESIAN_POINT('Ctrl Pts',(78.1915568964972,11.2830825157256,-18.7711405499078));
#7202=CARTESIAN_POINT('Ctrl Pts',(77.6813275140659,12.043172756862,-19.1267341234768));
#7203=CARTESIAN_POINT('Ctrl Pts',(77.179943810485,12.8881420547987,-19.5180417480023));
#7204=CARTESIAN_POINT('Ctrl Pts',(76.6983806210972,13.797673873477,-19.9393836202623));
#7205=CARTESIAN_POINT('Ctrl Pts',(76.5631759585428,14.0576553900759,-20.0597558724121));
#7206=CARTESIAN_POINT('Ctrl Pts',(76.4645042999525,14.2526985492347,-20.1499854948283));
#7207=CARTESIAN_POINT('Ctrl Pts',(76.3473719366293,14.4880563661101,-20.2587368231621));
#7208=CARTESIAN_POINT('Ctrl Pts',(76.2283451021089,14.7227245510788,-20.3592500062598));
#7209=CARTESIAN_POINT('Ctrl Pts',(76.0077921780711,15.1821950194151,-20.5591937415793));
#7210=CARTESIAN_POINT('Ctrl Pts',(75.6386492609299,16.001644501575,-20.9117321466757));
#7211=CARTESIAN_POINT('Ctrl Pts',(75.1774454278818,17.1874721903341,-21.4180445971955));
#7212=CARTESIAN_POINT('Ctrl Pts',(74.7989034091039,18.3848191764085,-21.9239799398086));
#7213=CARTESIAN_POINT('Ctrl Pts',(74.5440727315381,19.3386439376005,-22.3256456735634));
#7214=CARTESIAN_POINT('Ctrl Pts',(74.4310046082813,19.8158281238024,-22.5258355997826));
#7215=CARTESIAN_POINT('Ctrl Pts',(74.3268721066901,20.2828323923304,-22.7214100840823));
#7216=CARTESIAN_POINT('Ctrl Pts',(74.2150923070321,20.791936872047,-22.9198102942379));
#7217=CARTESIAN_POINT('Ctrl Pts',(74.0429473135974,21.7730295217916,-23.3097710133983));
#7218=CARTESIAN_POINT('Ctrl Pts',(73.8929025318779,22.9912369156392,-23.7920614343732));
#7219=CARTESIAN_POINT('Ctrl Pts',(73.8205878095514,24.1654215480686,-24.2605675742045));
#7220=CARTESIAN_POINT('Ctrl Pts',(73.7969992853778,25.0839494440131,-24.6283159125347));
#7221=CARTESIAN_POINT('Ctrl Pts',(73.7955922753214,25.5348777356274,-24.8095278429903));
#7222=CARTESIAN_POINT('Ctrl Pts',(73.7971714037086,25.8178599111413,-24.9230885794701));
#7223=CARTESIAN_POINT('Ctrl Pts',(73.7937317740909,25.9680101043465,-24.9745945685862));
#7224=CARTESIAN_POINT('Ctrl Pts',(73.7936660837153,26.2444337489547,-25.0740332997227));
#7225=CARTESIAN_POINT('Ctrl Pts',(73.8015170732065,26.7265169367414,-25.2471938937675));
#7226=CARTESIAN_POINT('Ctrl Pts',(73.8503789123794,27.638229120432,-25.5836171142445));
#7227=CARTESIAN_POINT('Ctrl Pts',(73.9806900549857,28.8236913529139,-26.0397950630652));
#7228=CARTESIAN_POINT('Ctrl Pts',(74.1230033077786,29.7678239284049,-26.4246745286283));
#7229=CARTESIAN_POINT('Ctrl Pts',(74.2163805786542,30.3540824226012,-26.6726407050023));
#7230=CARTESIAN_POINT('Ctrl Pts',(74.2623633952762,30.6389209684307,-26.7949295429174));
#7231=CARTESIAN_POINT('Ctrl Pts',(74.2997303609927,30.8696929061689,-26.8955236762198));
#7232=CARTESIAN_POINT('Ctrl Pts',(74.3288840351386,31.0503656976132,-26.975226907133));
#7233=CARTESIAN_POINT('Ctrl Pts',(74.3431909224051,31.1392437464628,-27.014805158445));
#7234=CARTESIAN_POINT('Ctrl Pts',(74.3564732219884,31.2229348372986,-27.0519898404046));
#7235=CARTESIAN_POINT('Ctrl Pts',(74.3680793202687,31.3383269688619,-27.0917849650373));
#7236=CARTESIAN_POINT('Ctrl Pts',(74.3930045787589,31.545027247367,-27.1679121934715));
#7237=CARTESIAN_POINT('Ctrl Pts',(74.4388342806453,31.9105399109403,-27.3011536339141));
#7238=CARTESIAN_POINT('Ctrl Pts',(74.5388225754556,32.6045784212102,-27.5607324053037));
#7239=CARTESIAN_POINT('Ctrl Pts',(74.6315543746778,33.1609302876979,-27.7749162105248));
#7240=CARTESIAN_POINT('Ctrl Pts',(74.6923925125955,33.5119956489189,-27.914013201975));
#7241=CARTESIAN_POINT('Ctrl Pts',(79.060417512332,11.3353772251414,-19.7077678875602));
#7242=CARTESIAN_POINT('Ctrl Pts',(78.5709599003531,12.0679861191805,-20.0673921520053));
#7243=CARTESIAN_POINT('Ctrl Pts',(78.0883673236322,12.8838702754185,-20.4633405468698));
#7244=CARTESIAN_POINT('Ctrl Pts',(77.6234910371432,13.7667606148677,-20.8891461686125));
#7245=CARTESIAN_POINT('Ctrl Pts',(77.4928872699088,14.0192939990706,-21.0107876082165));
#7246=CARTESIAN_POINT('Ctrl Pts',(77.3974490455345,14.2089489774661,-21.1019707240437));
#7247=CARTESIAN_POINT('Ctrl Pts',(77.2841426223512,14.4379028288484,-21.2118549197958));
#7248=CARTESIAN_POINT('Ctrl Pts',(77.1712436330442,14.6612172271057,-21.3137236928892));
#7249=CARTESIAN_POINT('Ctrl Pts',(76.9609188370773,15.1011096684897,-21.5161965135005));
#7250=CARTESIAN_POINT('Ctrl Pts',(76.6092957297455,15.8846405116517,-21.8732963676547));
#7251=CARTESIAN_POINT('Ctrl Pts',(76.1689212707362,17.0208731043655,-22.386136958318));
#7252=CARTESIAN_POINT('Ctrl Pts',(75.80663183527,18.1713090225491,-22.8984699879367));
#7253=CARTESIAN_POINT('Ctrl Pts',(75.5622690066782,19.0908080991167,-23.3049521698037));
#7254=CARTESIAN_POINT('Ctrl Pts',(75.4536110653767,19.5517129831411,-23.5075342815195));
#7255=CARTESIAN_POINT('Ctrl Pts',(75.3535314705179,20.0031916977828,-23.7053933726971));
#7256=CARTESIAN_POINT('Ctrl Pts',(75.2477472734273,20.4859482740179,-23.9067365709079));
#7257=CARTESIAN_POINT('Ctrl Pts',(75.0836492503123,21.4243069791602,-24.301964354269));
#7258=CARTESIAN_POINT('Ctrl Pts',(74.9402588683479,22.593339290831,-24.7905828660989));
#7259=CARTESIAN_POINT('Ctrl Pts',(74.8707315570918,23.7294642181221,-25.2646673867502));
#7260=CARTESIAN_POINT('Ctrl Pts',(74.8482911948675,24.6229513591519,-25.6364306939715));
#7261=CARTESIAN_POINT('Ctrl Pts',(74.8470527308201,25.0634440100306,-25.8195395187657));
#7262=CARTESIAN_POINT('Ctrl Pts',(74.8487258604846,25.3401298379782,-25.934245910791));
#7263=CARTESIAN_POINT('Ctrl Pts',(74.8453868814585,25.4806176271096,-25.9866674384065));
#7264=CARTESIAN_POINT('Ctrl Pts',(74.84526574265,25.742837877115,-26.0876118684967));
#7265=CARTESIAN_POINT('Ctrl Pts',(74.8526074647126,26.2005359792575,-26.2633889875764));
#7266=CARTESIAN_POINT('Ctrl Pts',(74.8992830523756,27.0748764092439,-26.6043236040644));
#7267=CARTESIAN_POINT('Ctrl Pts',(75.0259714106956,28.2312731348215,-27.0653485982518));
#7268=CARTESIAN_POINT('Ctrl Pts',(75.1672479058654,29.1744284802374,-27.4529374834265));
#7269=CARTESIAN_POINT('Ctrl Pts',(75.2610650055263,29.7691066279662,-27.7020434103596));
#7270=CARTESIAN_POINT('Ctrl Pts',(75.3074310132078,30.0599165451207,-27.8247972587138));
#7271=CARTESIAN_POINT('Ctrl Pts',(75.3452490514275,30.2970866500587,-27.9256890778559));
#7272=CARTESIAN_POINT('Ctrl Pts',(75.3748311302226,30.4837291414208,-28.0055743660314));
#7273=CARTESIAN_POINT('Ctrl Pts',(75.3893729654369,30.5759104266991,-28.0452249404309));
#7274=CARTESIAN_POINT('Ctrl Pts',(75.4028700037072,30.6626808003488,-28.0824785833962));
#7275=CARTESIAN_POINT('Ctrl Pts',(75.4139836136687,30.7733560986224,-28.1228063839173));
#7276=CARTESIAN_POINT('Ctrl Pts',(75.4383399619192,30.9755585902365,-28.1996916894671));
#7277=CARTESIAN_POINT('Ctrl Pts',(75.4830375443405,31.3324273237069,-28.3343104040203));
#7278=CARTESIAN_POINT('Ctrl Pts',(75.581357700865,32.0167299777975,-28.596149577341));
#7279=CARTESIAN_POINT('Ctrl Pts',(75.6734758069797,32.5726562489605,-28.811811694493));
#7280=CARTESIAN_POINT('Ctrl Pts',(75.7344814222912,32.927567050587,-28.9515966491896));
#7281=CARTESIAN_POINT('',(75.5106145835979,15.1937011818392,-17.7876322138303));
#7282=CARTESIAN_POINT('Ctrl Pts',(77.2782873190003,11.9403510540002,-16.4400572887849));
#7283=CARTESIAN_POINT('Ctrl Pts',(76.7695376104682,12.7474267896282,-16.7718127798329));
#7284=CARTESIAN_POINT('Ctrl Pts',(76.2738850656313,13.6391406620159,-17.1373795333609));
#7285=CARTESIAN_POINT('Ctrl Pts',(75.8013172057899,14.5889500385579,-17.5330258849077));
#7286=CARTESIAN_POINT('Ctrl Pts',(75.6693937702786,14.8587871295971,-17.6456017747798));
#7287=CARTESIAN_POINT('Ctrl Pts',(75.5733718599914,15.0604765687679,-17.7299557275667));
#7288=CARTESIAN_POINT('Ctrl Pts',(75.5105965735717,15.1945118333855,-17.7860222222215));
#7289=CARTESIAN_POINT('',(73.6181618259088,21.1418026974326,-20.0103034614058));
#7290=CARTESIAN_POINT('Ctrl Pts',(75.5105965735717,15.1945118333855,-17.7860222222215));
#7291=CARTESIAN_POINT('Ctrl Pts',(75.5099949468389,15.1957964025677,-17.786559553135));
#7292=CARTESIAN_POINT('Ctrl Pts',(75.5093934152135,15.1970809721004,-17.7870968849309));
#7293=CARTESIAN_POINT('Ctrl Pts',(75.4575883997648,15.3077279817275,-17.8333802725079));
#7294=CARTESIAN_POINT('Ctrl Pts',(75.3424227059858,15.559257056296,-17.9249836069482));
#7295=CARTESIAN_POINT('Ctrl Pts',(75.1295900073162,16.0469986341753,-18.1087771401124));
#7296=CARTESIAN_POINT('Ctrl Pts',(74.7762168263014,16.9168317869018,-18.4319051030616));
#7297=CARTESIAN_POINT('Ctrl Pts',(74.3419382906527,18.167339162249,-18.8965923943471));
#7298=CARTESIAN_POINT('Ctrl Pts',(73.9940669198695,19.4198202300275,-19.3618704066815));
#7299=CARTESIAN_POINT('Ctrl Pts',(73.7649658582891,20.4080513222763,-19.7317479629573));
#7300=CARTESIAN_POINT('Ctrl Pts',(73.664873392171,20.8993177224493,-19.9160938457866));
#7301=CARTESIAN_POINT('Ctrl Pts',(73.6184000578057,21.1430920604551,-20.0076802566878));
#7302=CARTESIAN_POINT('',(73.2173090031244,27.0048811213785,-22.0986924746787));
#7303=CARTESIAN_POINT('Ctrl Pts',(73.6184000578057,21.1430920604551,-20.0076802566878));
#7304=CARTESIAN_POINT('Ctrl Pts',(73.6179556146459,21.1454233723473,-20.0085561343156));
#7305=CARTESIAN_POINT('Ctrl Pts',(73.617511476476,21.1477546211415,-20.0094319984181));
#7306=CARTESIAN_POINT('Ctrl Pts',(73.5721334014196,21.386097936307,-20.0989800464922));
#7307=CARTESIAN_POINT('Ctrl Pts',(73.4803002027189,21.9221007216826,-20.2762824367384));
#7308=CARTESIAN_POINT('Ctrl Pts',(73.3433184834707,22.94243131436,-20.6299121599502));
#7309=CARTESIAN_POINT('Ctrl Pts',(73.2365359016563,24.2002976342612,-21.0691237440748));
#7310=CARTESIAN_POINT('Ctrl Pts',(73.200587023022,25.3983672936119,-21.5015533028236));
#7311=CARTESIAN_POINT('Ctrl Pts',(73.2020002942875,26.3276365964726,-21.8434299378527));
#7312=CARTESIAN_POINT('Ctrl Pts',(73.2113253143509,26.7809813968661,-22.012820532657));
#7313=CARTESIAN_POINT('Ctrl Pts',(73.2177394204311,27.0056594842745,-22.0968976898609));
#7314=CARTESIAN_POINT('',(73.8657000827857,32.4266224792527,-24.1269060918465));
#7315=CARTESIAN_POINT('Ctrl Pts',(73.2177394204311,27.0056594842745,-22.0968976898609));
#7316=CARTESIAN_POINT('Ctrl Pts',(73.2177849283851,27.0072535707974,-22.0974942156045));
#7317=CARTESIAN_POINT('Ctrl Pts',(73.2178305253419,27.0088475972642,-22.0980907253029));
#7318=CARTESIAN_POINT('Ctrl Pts',(73.219562308158,27.0692690605385,-22.1207016207078));
#7319=CARTESIAN_POINT('Ctrl Pts',(73.2249670583061,27.2257987298725,-22.1646794015211));
#7320=CARTESIAN_POINT('Ctrl Pts',(73.2382816294176,27.5105818222758,-22.2524273288103));
#7321=CARTESIAN_POINT('Ctrl Pts',(73.2693239154394,28.0062644527832,-22.4053954886697));
#7322=CARTESIAN_POINT('Ctrl Pts',(73.3550290544231,28.9343656571058,-22.7089541332096));
#7323=CARTESIAN_POINT('Ctrl Pts',(73.5160666433312,30.1236546136948,-23.1348991887123));
#7324=CARTESIAN_POINT('Ctrl Pts',(73.6623792498964,31.0559475029465,-23.5103014740053));
#7325=CARTESIAN_POINT('Ctrl Pts',(73.750252299292,31.6289177761628,-23.7581292844558));
#7326=CARTESIAN_POINT('Ctrl Pts',(73.7919125978998,31.9061017315163,-23.8815286350233));
#7327=CARTESIAN_POINT('Ctrl Pts',(73.8244411333334,32.1296454980156,-23.9839828674633));
#7328=CARTESIAN_POINT('Ctrl Pts',(73.8487701881241,32.3023564058661,-24.0649556965208));
#7329=CARTESIAN_POINT('Ctrl Pts',(73.8603011902528,32.3862980710182,-24.1049909651983));
#7330=CARTESIAN_POINT('Ctrl Pts',(73.8658885091114,32.4275310290974,-24.1246095443882));
#7331=CARTESIAN_POINT('Ctrl Pts',(73.8658885091114,32.4275310290974,-24.1246095443882));
#7332=CARTESIAN_POINT('Ctrl Pts',(73.8661065525635,32.4291401329893,-24.1253751535902));
#7333=CARTESIAN_POINT('Ctrl Pts',(73.866324492705,32.4307493364826,-24.1261407385173));
#7334=CARTESIAN_POINT('Ctrl Pts',(73.8716440697617,32.4700485729035,-24.1448354460762));
#7335=CARTESIAN_POINT('Ctrl Pts',(73.8877562528826,32.5870218344078,-24.1806472551646));
#7336=CARTESIAN_POINT('Ctrl Pts',(73.917315992142,32.7938738103274,-24.2520897104196));
#7337=CARTESIAN_POINT('Ctrl Pts',(73.9719271852636,33.1600395339889,-24.3766406532358));
#7338=CARTESIAN_POINT('Ctrl Pts',(74.0556122009895,33.6817845858897,-24.56347766247));
#7339=CARTESIAN_POINT('Ctrl Pts',(74.1234012129558,34.0830024277553,-24.7134927511056));
#7340=CARTESIAN_POINT('Ctrl Pts',(74.1587021478766,34.2902834803783,-24.7931837288849));
#7341=CARTESIAN_POINT('Origin',(78.8657470599448,100.,144.));
#7342=CARTESIAN_POINT('Origin',(78.8657470599448,175.,14.5));
#7343=CARTESIAN_POINT('Ctrl Pts',(74.1587064065804,34.2904436448024,-43.));
#7344=CARTESIAN_POINT('Ctrl Pts',(74.1587064065804,34.2904436448024,0.999999999999988));
#7345=CARTESIAN_POINT('Ctrl Pts',(74.0732849777231,33.7892864878379,-43.));
#7346=CARTESIAN_POINT('Ctrl Pts',(74.0732849777231,33.7892864878379,0.999999999999988));
#7347=CARTESIAN_POINT('Ctrl Pts',(73.96834891061,33.1848531888447,-43.));
#7348=CARTESIAN_POINT('Ctrl Pts',(73.96834891061,33.1848531888447,0.999999999999988));
#7349=CARTESIAN_POINT('Ctrl Pts',(73.8657000827857,32.4266224792531,-43.));
#7350=CARTESIAN_POINT('Ctrl Pts',(73.8657000827857,32.4266224792531,0.999999999999988));
#7351=CARTESIAN_POINT('Ctrl Pts',(73.7534669747362,31.5975960698944,-43.));
#7352=CARTESIAN_POINT('Ctrl Pts',(73.7534669747362,31.5975960698944,0.999999999999988));
#7353=CARTESIAN_POINT('Ctrl Pts',(73.5471241342411,30.442992257428,-43.));
#7354=CARTESIAN_POINT('Ctrl Pts',(73.5471241342411,30.442992257428,0.999999999999988));
#7355=CARTESIAN_POINT('Ctrl Pts',(73.3892812840822,29.1561986015199,-43.));
#7356=CARTESIAN_POINT('Ctrl Pts',(73.3892812840822,29.1561986015199,0.999999999999988));
#7357=CARTESIAN_POINT('Ctrl Pts',(73.3072405018669,28.4873716133225,-43.));
#7358=CARTESIAN_POINT('Ctrl Pts',(73.3072405018669,28.4873716133225,0.999999999999988));
#7359=CARTESIAN_POINT('Ctrl Pts',(73.241490755369,27.8465085944856,-43.));
#7360=CARTESIAN_POINT('Ctrl Pts',(73.241490755369,27.8465085944856,0.999999999999988));
#7361=CARTESIAN_POINT('Ctrl Pts',(73.2173090031244,27.0048811213783,-43.));
#7362=CARTESIAN_POINT('Ctrl Pts',(73.2173090031244,27.0048811213783,0.999999999999988));
#7363=CARTESIAN_POINT('Ctrl Pts',(73.202720866773,26.497152144148,-43.));
#7364=CARTESIAN_POINT('Ctrl Pts',(73.202720866773,26.497152144148,0.999999999999988));
#7365=CARTESIAN_POINT('Ctrl Pts',(73.1935103566988,25.9545502399025,-43.));
#7366=CARTESIAN_POINT('Ctrl Pts',(73.1935103566988,25.9545502399025,0.999999999999988));
#7367=CARTESIAN_POINT('Ctrl Pts',(73.2085275116526,25.244886645969,-43.));
#7368=CARTESIAN_POINT('Ctrl Pts',(73.2085275116526,25.244886645969,0.999999999999988));
#7369=CARTESIAN_POINT('Ctrl Pts',(73.2312997991131,24.1687398384737,-43.));
#7370=CARTESIAN_POINT('Ctrl Pts',(73.2312997991131,24.1687398384737,0.999999999999988));
#7371=CARTESIAN_POINT('Ctrl Pts',(73.304848046658,22.7872721681878,-43.));
#7372=CARTESIAN_POINT('Ctrl Pts',(73.304848046658,22.7872721681878,0.999999999999988));
#7373=CARTESIAN_POINT('Ctrl Pts',(73.6181618259085,21.1418026974344,-43.));
#7374=CARTESIAN_POINT('Ctrl Pts',(73.6181618259085,21.1418026974344,0.999999999999988));
#7375=CARTESIAN_POINT('Ctrl Pts',(73.7990840952435,20.1916304085478,-43.));
#7376=CARTESIAN_POINT('Ctrl Pts',(73.7990840952435,20.1916304085478,0.999999999999988));
#7377=CARTESIAN_POINT('Ctrl Pts',(74.0449407035006,19.1487858589933,-43.));
#7378=CARTESIAN_POINT('Ctrl Pts',(74.0449407035006,19.1487858589933,0.999999999999988));
#7379=CARTESIAN_POINT('Ctrl Pts',(74.4016603661225,18.0305584227295,-43.));
#7380=CARTESIAN_POINT('Ctrl Pts',(74.4016603661225,18.0305584227295,0.999999999999988));
#7381=CARTESIAN_POINT('Ctrl Pts',(74.6740159853815,17.176791283465,-43.));
#7382=CARTESIAN_POINT('Ctrl Pts',(74.6740159853815,17.176791283465,0.999999999999988));
#7383=CARTESIAN_POINT('Ctrl Pts',(74.9731318511901,16.3415154291876,-43.));
#7384=CARTESIAN_POINT('Ctrl Pts',(74.9731318511901,16.3415154291876,0.999999999999988));
#7385=CARTESIAN_POINT('Ctrl Pts',(75.5106145835981,15.1937011818388,-43.));
#7386=CARTESIAN_POINT('Ctrl Pts',(75.5106145835981,15.1937011818388,0.999999999999988));
#7387=CARTESIAN_POINT('Ctrl Pts',(76.2411708716352,13.6335712179564,-43.));
#7388=CARTESIAN_POINT('Ctrl Pts',(76.2411708716352,13.6335712179564,0.999999999999988));
#7389=CARTESIAN_POINT('Ctrl Pts',(77.3815562609615,11.503917966839,-43.));
#7390=CARTESIAN_POINT('Ctrl Pts',(77.3815562609615,11.503917966839,0.999999999999988));
#7391=CARTESIAN_POINT('Ctrl Pts',(79.1331709811479,9.35953925082486,-43.));
#7392=CARTESIAN_POINT('Ctrl Pts',(79.1331709811479,9.35953925082486,0.999999999999988));
#7393=CARTESIAN_POINT('Ctrl Pts',(79.6472612809565,8.73017465122754,-43.));
#7394=CARTESIAN_POINT('Ctrl Pts',(79.6472612809565,8.73017465122754,0.999999999999988));
#7395=CARTESIAN_POINT('Ctrl Pts',(80.1870728821246,8.12372581804753,-43.));
#7396=CARTESIAN_POINT('Ctrl Pts',(80.1870728821246,8.12372581804753,0.999999999999988));
#7397=CARTESIAN_POINT('Ctrl Pts',(80.8003343475925,7.48412933020035,-43.));
#7398=CARTESIAN_POINT('Ctrl Pts',(80.8003343475925,7.48412933020035,0.999999999999988));
#7399=CARTESIAN_POINT('Ctrl Pts',(81.9297639041507,6.30619916774646,-43.));
#7400=CARTESIAN_POINT('Ctrl Pts',(81.9297639041507,6.30619916774646,0.999999999999988));
#7401=CARTESIAN_POINT('Ctrl Pts',(83.276831206618,5.06728431436504,-43.));
#7402=CARTESIAN_POINT('Ctrl Pts',(83.276831206618,5.06728431436504,0.999999999999988));
#7403=CARTESIAN_POINT('Ctrl Pts',(84.7292126019508,3.83741753939672,-43.));
#7404=CARTESIAN_POINT('Ctrl Pts',(84.7292126019508,3.83741753939672,0.999999999999988));
#7405=CARTESIAN_POINT('Ctrl Pts',(86.5688109681267,2.27965804377333,-43.));
#7406=CARTESIAN_POINT('Ctrl Pts',(86.5688109681267,2.27965804377333,0.999999999999988));
#7407=CARTESIAN_POINT('Ctrl Pts',(88.61990541564,0.727805600739015,-43.));
#7408=CARTESIAN_POINT('Ctrl Pts',(88.61990541564,0.727805600739015,0.999999999999988));
#7409=CARTESIAN_POINT('Ctrl Pts',(90.758164331948,-0.695416361378688,-43.));
#7410=CARTESIAN_POINT('Ctrl Pts',(90.758164331948,-0.695416361378688,0.999999999999988));
#7411=CARTESIAN_POINT('Ctrl Pts',(91.1659689839864,-0.966850532707666,-43.));
#7412=CARTESIAN_POINT('Ctrl Pts',(91.1659689839864,-0.966850532707666,0.999999999999988));
#7413=CARTESIAN_POINT('Ctrl Pts',(91.5771119587305,-1.23355045588949,-43.));
#7414=CARTESIAN_POINT('Ctrl Pts',(91.5771119587305,-1.23355045588949,0.999999999999988));
#7415=CARTESIAN_POINT('Ctrl Pts',(91.9925195248073,-1.49506656672143,-43.));
#7416=CARTESIAN_POINT('Ctrl Pts',(91.9925195248073,-1.49506656672143,0.999999999999988));
#7417=CARTESIAN_POINT('Ctrl Pts',(92.8684770124489,-2.04651775377012,-43.));
#7418=CARTESIAN_POINT('Ctrl Pts',(92.8684770124489,-2.04651775377012,0.999999999999988));
#7419=CARTESIAN_POINT('Ctrl Pts',(93.7768845987577,-2.58711673351334,-43.));
#7420=CARTESIAN_POINT('Ctrl Pts',(93.7768845987577,-2.58711673351334,0.999999999999988));
#7421=CARTESIAN_POINT('Ctrl Pts',(94.710899687041,-3.10563877908833,-43.));
#7422=CARTESIAN_POINT('Ctrl Pts',(94.710899687041,-3.10563877908833,0.999999999999988));
#7423=CARTESIAN_POINT('Ctrl Pts',(97.5169804451966,-4.66344523534339,-43.));
#7424=CARTESIAN_POINT('Ctrl Pts',(97.5169804451966,-4.66344523534339,0.999999999999988));
#7425=CARTESIAN_POINT('Ctrl Pts',(100.48366460151,-6.02199247263592,-43.));
#7426=CARTESIAN_POINT('Ctrl Pts',(100.48366460151,-6.02199247263592,0.999999999999988));
#7427=CARTESIAN_POINT('Ctrl Pts',(103.804656549746,-6.85304403995498,-43.));
#7428=CARTESIAN_POINT('Ctrl Pts',(103.804656549746,-6.85304403995498,0.999999999999988));
#7429=CARTESIAN_POINT('Ctrl Pts',(104.860796942481,-7.11733469237812,-43.));
#7430=CARTESIAN_POINT('Ctrl Pts',(104.860796942481,-7.11733469237812,0.999999999999988));
#7431=CARTESIAN_POINT('Ctrl Pts',(105.91607157492,-7.3071832585501,-43.));
#7432=CARTESIAN_POINT('Ctrl Pts',(105.91607157492,-7.3071832585501,0.999999999999988));
#7433=CARTESIAN_POINT('Ctrl Pts',(106.823214967427,-7.42525183660362,-43.));
#7434=CARTESIAN_POINT('Ctrl Pts',(106.823214967427,-7.42525183660362,0.999999999999988));
#7435=CARTESIAN_POINT('Ctrl Pts',(107.662704304599,-7.5345149510679,-43.));
#7436=CARTESIAN_POINT('Ctrl Pts',(107.662704304599,-7.5345149510679,0.999999999999988));
#7437=CARTESIAN_POINT('Ctrl Pts',(108.316432767052,-7.58768047020962,-43.));
#7438=CARTESIAN_POINT('Ctrl Pts',(108.316432767052,-7.58768047020962,0.999999999999988));
#7439=CARTESIAN_POINT('Ctrl Pts',(109.099368918385,-7.649473423179,-43.));
#7440=CARTESIAN_POINT('Ctrl Pts',(109.099368918385,-7.649473423179,0.999999999999988));
#7441=CARTESIAN_POINT('Ctrl Pts',(109.918503749393,-7.71412334386777,-43.));
#7442=CARTESIAN_POINT('Ctrl Pts',(109.918503749393,-7.71412334386777,0.999999999999988));
#7443=CARTESIAN_POINT('Ctrl Pts',(110.852202116648,-7.78130152612971,-43.));
#7444=CARTESIAN_POINT('Ctrl Pts',(110.852202116648,-7.78130152612971,0.999999999999988));
#7445=CARTESIAN_POINT('Ctrl Pts',(111.704674905674,-7.83330147965858,-43.));
#7446=CARTESIAN_POINT('Ctrl Pts',(111.704674905674,-7.83330147965858,0.999999999999988));
#7447=CARTESIAN_POINT('Ctrl Pts',(113.78396258272,-7.9601358654259,-43.));
#7448=CARTESIAN_POINT('Ctrl Pts',(113.78396258272,-7.9601358654259,0.999999999999988));
#7449=CARTESIAN_POINT('Ctrl Pts',(115.304061934011,-7.99232063384192,-43.));
#7450=CARTESIAN_POINT('Ctrl Pts',(115.304061934011,-7.99232063384192,0.999999999999988));
#7451=CARTESIAN_POINT('Ctrl Pts',(116.421385343929,-7.99231261742541,-43.));
#7452=CARTESIAN_POINT('Ctrl Pts',(116.421385343929,-7.99231261742541,0.999999999999988));
#7453=CARTESIAN_POINT('Ctrl Pts',(116.992077912119,-7.99230852289983,-43.));
#7454=CARTESIAN_POINT('Ctrl Pts',(116.992077912119,-7.99230852289983,0.999999999999988));
#7455=CARTESIAN_POINT('Ctrl Pts',(117.441301014948,-7.97952476711692,-43.));
#7456=CARTESIAN_POINT('Ctrl Pts',(117.441301014948,-7.97952476711692,0.999999999999988));
#7457=CARTESIAN_POINT('Ctrl Pts',(117.824751962151,-7.9650879093469,-43.));
#7458=CARTESIAN_POINT('Ctrl Pts',(117.824751962151,-7.9650879093469,0.999999999999988));
#7459=CARTESIAN_POINT('Ctrl Pts',(118.20943788454,-7.95060455498785,-43.));
#7460=CARTESIAN_POINT('Ctrl Pts',(118.20943788454,-7.95060455498785,0.999999999999988));
#7461=CARTESIAN_POINT('Ctrl Pts',(118.57221315444,-7.93211507500619,-43.));
#7462=CARTESIAN_POINT('Ctrl Pts',(118.57221315444,-7.93211507500619,0.999999999999988));
#7463=CARTESIAN_POINT('Ctrl Pts',(118.974832379949,-7.90716702951236,-43.));
#7464=CARTESIAN_POINT('Ctrl Pts',(118.974832379949,-7.90716702951236,0.999999999999988));
#7465=CARTESIAN_POINT('Ctrl Pts',(119.820253378101,-7.85478105242274,-43.));
#7466=CARTESIAN_POINT('Ctrl Pts',(119.820253378101,-7.85478105242274,0.999999999999988));
#7467=CARTESIAN_POINT('Ctrl Pts',(120.704853773464,-7.78346754429466,-43.));
#7468=CARTESIAN_POINT('Ctrl Pts',(120.704853773464,-7.78346754429466,0.999999999999988));
#7469=CARTESIAN_POINT('Ctrl Pts',(121.556551287889,-7.70155860801773,-43.));
#7470=CARTESIAN_POINT('Ctrl Pts',(121.556551287889,-7.70155860801773,0.999999999999988));
#7471=CARTESIAN_POINT('Ctrl Pts',(122.592392259171,-7.60194033900457,-43.));
#7472=CARTESIAN_POINT('Ctrl Pts',(122.592392259171,-7.60194033900457,0.999999999999988));
#7473=CARTESIAN_POINT('Ctrl Pts',(123.491145564498,-7.49750593561927,-43.));
#7474=CARTESIAN_POINT('Ctrl Pts',(123.491145564498,-7.49750593561927,0.999999999999988));
#7475=CARTESIAN_POINT('Ctrl Pts',(124.663808997858,-7.24448816822538,-43.));
#7476=CARTESIAN_POINT('Ctrl Pts',(124.663808997858,-7.24448816822538,0.999999999999988));
#7477=CARTESIAN_POINT('Ctrl Pts',(125.741007187069,-7.0120682998117,-43.));
#7478=CARTESIAN_POINT('Ctrl Pts',(125.741007187069,-7.0120682998117,0.999999999999988));
#7479=CARTESIAN_POINT('Ctrl Pts',(126.990470783973,-6.64646824276968,-43.));
#7480=CARTESIAN_POINT('Ctrl Pts',(126.990470783973,-6.64646824276968,0.999999999999988));
#7481=CARTESIAN_POINT('Ctrl Pts',(128.288202544172,-6.08889587129234,-43.));
#7482=CARTESIAN_POINT('Ctrl Pts',(128.288202544172,-6.08889587129234,0.999999999999988));
#7483=CARTESIAN_POINT('Ctrl Pts',(129.551563190766,-5.54609109964646,-43.));
#7484=CARTESIAN_POINT('Ctrl Pts',(129.551563190766,-5.54609109964646,0.999999999999988));
#7485=CARTESIAN_POINT('Ctrl Pts',(130.794141714523,-4.84527084224915,-43.));
#7486=CARTESIAN_POINT('Ctrl Pts',(130.794141714523,-4.84527084224915,0.999999999999988));
#7487=CARTESIAN_POINT('Ctrl Pts',(131.915080444575,-4.05939629649545,-43.));
#7488=CARTESIAN_POINT('Ctrl Pts',(131.915080444575,-4.05939629649545,0.999999999999988));
#7489=CARTESIAN_POINT('Ctrl Pts',(133.298730439315,-3.08933853870158,-43.));
#7490=CARTESIAN_POINT('Ctrl Pts',(133.298730439315,-3.08933853870158,0.999999999999988));
#7491=CARTESIAN_POINT('Ctrl Pts',(134.498035469704,-2.01711150910414,-43.));
#7492=CARTESIAN_POINT('Ctrl Pts',(134.498035469704,-2.01711150910414,0.999999999999988));
#7493=CARTESIAN_POINT('Ctrl Pts',(135.60212130545,-0.811539148837407,-43.));
#7494=CARTESIAN_POINT('Ctrl Pts',(135.60212130545,-0.811539148837407,0.999999999999988));
#7495=CARTESIAN_POINT('Ctrl Pts',(135.85812026633,-0.532009005888982,-43.));
#7496=CARTESIAN_POINT('Ctrl Pts',(135.85812026633,-0.532009005888982,0.999999999999988));
#7497=CARTESIAN_POINT('Ctrl Pts',(136.103635058297,-0.25170273431108,-43.));
#7498=CARTESIAN_POINT('Ctrl Pts',(136.103635058297,-0.25170273431108,0.999999999999988));
#7499=CARTESIAN_POINT('Ctrl Pts',(136.345117420776,0.032584515374709,-43.));
#7500=CARTESIAN_POINT('Ctrl Pts',(136.345117420776,0.032584515374709,0.999999999999988));
#7501=CARTESIAN_POINT('Ctrl Pts',(136.867688319072,0.647785733042529,-43.));
#7502=CARTESIAN_POINT('Ctrl Pts',(136.867688319072,0.647785733042529,0.999999999999988));
#7503=CARTESIAN_POINT('Ctrl Pts',(137.344707933521,1.24581417348211,-43.));
#7504=CARTESIAN_POINT('Ctrl Pts',(137.344707933521,1.24581417348211,0.999999999999988));
#7505=CARTESIAN_POINT('Ctrl Pts',(137.908391001603,1.97820901720599,-43.));
#7506=CARTESIAN_POINT('Ctrl Pts',(137.908391001603,1.97820901720599,0.999999999999988));
#7507=CARTESIAN_POINT('Ctrl Pts',(138.483172546324,2.72502413985063,-43.));
#7508=CARTESIAN_POINT('Ctrl Pts',(138.483172546324,2.72502413985063,0.999999999999988));
#7509=CARTESIAN_POINT('Ctrl Pts',(139.174768233801,3.65764855128278,-43.));
#7510=CARTESIAN_POINT('Ctrl Pts',(139.174768233801,3.65764855128278,0.999999999999988));
#7511=CARTESIAN_POINT('Ctrl Pts',(139.799258545747,4.49066033252872,-43.));
#7512=CARTESIAN_POINT('Ctrl Pts',(139.799258545747,4.49066033252872,0.999999999999988));
#7513=CARTESIAN_POINT('Ctrl Pts',(140.008733786842,4.77008075006648,-43.));
#7514=CARTESIAN_POINT('Ctrl Pts',(140.008733786842,4.77008075006648,0.999999999999988));
#7515=CARTESIAN_POINT('Ctrl Pts',(140.213953346213,5.04531337951754,-43.));
#7516=CARTESIAN_POINT('Ctrl Pts',(140.213953346213,5.04531337951754,0.999999999999988));
#7517=CARTESIAN_POINT('Ctrl Pts',(140.408074656354,5.30741908138296,-43.));
#7518=CARTESIAN_POINT('Ctrl Pts',(140.408074656354,5.30741908138296,0.999999999999988));
#7519=CARTESIAN_POINT('Ctrl Pts',(140.777926508443,5.80679897536494,-43.));
#7520=CARTESIAN_POINT('Ctrl Pts',(140.777926508443,5.80679897536494,0.999999999999988));
#7521=CARTESIAN_POINT('Ctrl Pts',(141.081174893392,6.22224372853508,-43.));
#7522=CARTESIAN_POINT('Ctrl Pts',(141.081174893392,6.22224372853508,0.999999999999988));
#7523=CARTESIAN_POINT('Ctrl Pts',(141.373704642804,6.62844894609412,-43.));
#7524=CARTESIAN_POINT('Ctrl Pts',(141.373704642804,6.62844894609412,0.999999999999988));
#7525=CARTESIAN_POINT('Ctrl Pts',(141.373704642804,6.62844894609412,-43.));
#7526=CARTESIAN_POINT('Ctrl Pts',(141.373704642804,6.62844894609412,0.999999999999988));
#7527=CARTESIAN_POINT('Ctrl Pts',(141.485504346887,6.78369340656918,-43.));
#7528=CARTESIAN_POINT('Ctrl Pts',(141.485504346887,6.78369340656918,0.999999999999988));
#7529=CARTESIAN_POINT('Ctrl Pts',(141.5957054537,6.9376120954056,-43.));
#7530=CARTESIAN_POINT('Ctrl Pts',(141.5957054537,6.9376120954056,0.999999999999988));
#7531=CARTESIAN_POINT('Ctrl Pts',(141.707276385973,7.09448352120195,-43.));
#7532=CARTESIAN_POINT('Ctrl Pts',(141.707276385973,7.09448352120195,0.999999999999988));
#7533=CARTESIAN_POINT('Ctrl Pts',(142.307074744694,7.93781450182533,-43.));
#7534=CARTESIAN_POINT('Ctrl Pts',(142.307074744694,7.93781450182533,0.999999999999988));
#7535=CARTESIAN_POINT('Ctrl Pts',(142.897162229629,8.79520396340601,-43.));
#7536=CARTESIAN_POINT('Ctrl Pts',(142.897162229629,8.79520396340601,0.999999999999988));
#7537=CARTESIAN_POINT('Ctrl Pts',(143.495882089688,9.72588810076125,-43.));
#7538=CARTESIAN_POINT('Ctrl Pts',(143.495882089688,9.72588810076125,0.999999999999988));
#7539=CARTESIAN_POINT('Ctrl Pts',(143.642609040532,9.95396880224221,-43.));
#7540=CARTESIAN_POINT('Ctrl Pts',(143.642609040532,9.95396880224221,0.999999999999988));
#7541=CARTESIAN_POINT('Ctrl Pts',(143.786173556419,10.1788294363116,-43.));
#7542=CARTESIAN_POINT('Ctrl Pts',(143.786173556419,10.1788294363116,0.999999999999988));
#7543=CARTESIAN_POINT('Ctrl Pts',(143.917354931351,10.3857095310442,-43.));
#7544=CARTESIAN_POINT('Ctrl Pts',(143.917354931351,10.3857095310442,0.999999999999988));
#7545=CARTESIAN_POINT('Ctrl Pts',(144.202008386943,10.834623364193,-43.));
#7546=CARTESIAN_POINT('Ctrl Pts',(144.202008386943,10.834623364193,0.999999999999988));
#7547=CARTESIAN_POINT('Ctrl Pts',(144.39320728895,11.1414691910255,-43.));
#7548=CARTESIAN_POINT('Ctrl Pts',(144.39320728895,11.1414691910255,0.999999999999988));
#7549=CARTESIAN_POINT('Ctrl Pts',(144.599870069961,11.4763474200223,-43.));
#7550=CARTESIAN_POINT('Ctrl Pts',(144.599870069961,11.4763474200223,0.999999999999988));
#7551=CARTESIAN_POINT('Ctrl Pts',(144.917902886206,11.991690655735,-43.));
#7552=CARTESIAN_POINT('Ctrl Pts',(144.917902886206,11.991690655735,0.999999999999988));
#7553=CARTESIAN_POINT('Ctrl Pts',(145.232877222009,12.5126955043596,-43.));
#7554=CARTESIAN_POINT('Ctrl Pts',(145.232877222009,12.5126955043596,0.999999999999988));
#7555=CARTESIAN_POINT('Ctrl Pts',(145.543332532762,13.0401821412261,-43.));
#7556=CARTESIAN_POINT('Ctrl Pts',(145.543332532762,13.0401821412261,0.999999999999988));
#7557=CARTESIAN_POINT('Ctrl Pts',(145.876275741837,13.6058773879798,-43.));
#7558=CARTESIAN_POINT('Ctrl Pts',(145.876275741837,13.6058773879798,0.999999999999988));
#7559=CARTESIAN_POINT('Ctrl Pts',(146.254099020726,14.2638265543638,-43.));
#7560=CARTESIAN_POINT('Ctrl Pts',(146.254099020726,14.2638265543638,0.999999999999988));
#7561=CARTESIAN_POINT('Ctrl Pts',(146.642878079354,14.9784585089185,-43.));
#7562=CARTESIAN_POINT('Ctrl Pts',(146.642878079354,14.9784585089185,0.999999999999988));
#7563=CARTESIAN_POINT('Ctrl Pts',(147.507016606508,16.5668696924951,-43.));
#7564=CARTESIAN_POINT('Ctrl Pts',(147.507016606508,16.5668696924951,0.999999999999988));
#7565=CARTESIAN_POINT('Ctrl Pts',(148.489083299955,18.4028158633873,-43.));
#7566=CARTESIAN_POINT('Ctrl Pts',(148.489083299955,18.4028158633873,0.999999999999988));
#7567=CARTESIAN_POINT('Ctrl Pts',(149.04671219422,19.5399829300482,-43.));
#7568=CARTESIAN_POINT('Ctrl Pts',(149.04671219422,19.5399829300482,0.999999999999988));
#7569=CARTESIAN_POINT('Ctrl Pts',(149.181275492388,19.814396527749,-43.));
#7570=CARTESIAN_POINT('Ctrl Pts',(149.181275492388,19.814396527749,0.999999999999988));
#7571=CARTESIAN_POINT('Ctrl Pts',(149.278574095943,20.0181461639975,-43.));
#7572=CARTESIAN_POINT('Ctrl Pts',(149.278574095943,20.0181461639975,0.999999999999988));
#7573=CARTESIAN_POINT('Ctrl Pts',(149.355062343386,20.1798784065357,-43.));
#7574=CARTESIAN_POINT('Ctrl Pts',(149.355062343386,20.1798784065357,0.999999999999988));
#7575=CARTESIAN_POINT('Ctrl Pts',(149.373375828442,20.2186017543173,-43.));
#7576=CARTESIAN_POINT('Ctrl Pts',(149.373375828442,20.2186017543173,0.999999999999988));
#7577=CARTESIAN_POINT('Ctrl Pts',(149.393012612132,20.2601025609947,-43.));
#7578=CARTESIAN_POINT('Ctrl Pts',(149.393012612132,20.2601025609947,0.999999999999988));
#7579=CARTESIAN_POINT('Ctrl Pts',(149.417452206475,20.3117076736477,-43.));
#7580=CARTESIAN_POINT('Ctrl Pts',(149.417452206475,20.3117076736477,0.999999999999988));
#7581=CARTESIAN_POINT('Ctrl Pts',(149.473349884869,20.4297377010701,-43.));
#7582=CARTESIAN_POINT('Ctrl Pts',(149.473349884869,20.4297377010701,0.999999999999988));
#7583=CARTESIAN_POINT('Ctrl Pts',(149.571120113534,20.6359380782738,-43.));
#7584=CARTESIAN_POINT('Ctrl Pts',(149.571120113534,20.6359380782738,0.999999999999988));
#7585=CARTESIAN_POINT('Ctrl Pts',(149.696344785069,20.8989831161019,-43.));
#7586=CARTESIAN_POINT('Ctrl Pts',(149.696344785069,20.8989831161019,0.999999999999988));
#7587=CARTESIAN_POINT('Ctrl Pts',(149.835120909977,21.1904941304952,-43.));
#7588=CARTESIAN_POINT('Ctrl Pts',(149.835120909977,21.1904941304952,0.999999999999988));
#7589=CARTESIAN_POINT('Ctrl Pts',(149.97477747122,21.4829046162503,-43.));
#7590=CARTESIAN_POINT('Ctrl Pts',(149.97477747122,21.4829046162503,0.999999999999988));
#7591=CARTESIAN_POINT('Ctrl Pts',(150.115215977177,21.7768074539904,-43.));
#7592=CARTESIAN_POINT('Ctrl Pts',(150.115215977177,21.7768074539904,0.999999999999988));
#7593=CARTESIAN_POINT('Ctrl Pts',(150.652430508292,22.901063754603,-43.));
#7594=CARTESIAN_POINT('Ctrl Pts',(150.652430508292,22.901063754603,0.999999999999988));
#7595=CARTESIAN_POINT('Ctrl Pts',(151.202949021906,24.0444470180138,-43.));
#7596=CARTESIAN_POINT('Ctrl Pts',(151.202949021906,24.0444470180138,0.999999999999988));
#7597=CARTESIAN_POINT('Ctrl Pts',(151.745006186444,25.2526709819498,-43.));
#7598=CARTESIAN_POINT('Ctrl Pts',(151.745006186444,25.2526709819498,0.999999999999988));
#7599=CARTESIAN_POINT('Ctrl Pts',(152.158409178138,26.1741298870336,-43.));
#7600=CARTESIAN_POINT('Ctrl Pts',(152.158409178138,26.1741298870336,0.999999999999988));
#7601=CARTESIAN_POINT('Ctrl Pts',(152.562736362543,27.0740852966334,-43.));
#7602=CARTESIAN_POINT('Ctrl Pts',(152.562736362543,27.0740852966334,0.999999999999988));
#7603=CARTESIAN_POINT('Ctrl Pts',(152.889623214348,27.7889909783112,-43.));
#7604=CARTESIAN_POINT('Ctrl Pts',(152.889623214348,27.7889909783112,0.999999999999988));
#7605=CARTESIAN_POINT('Ctrl Pts',(153.337830817674,28.7692266788901,-43.));
#7606=CARTESIAN_POINT('Ctrl Pts',(153.337830817674,28.7692266788901,0.999999999999988));
#7607=CARTESIAN_POINT('Ctrl Pts',(153.685035584176,29.5068002862965,-43.));
#7608=CARTESIAN_POINT('Ctrl Pts',(153.685035584176,29.5068002862965,0.999999999999988));
#7609=CARTESIAN_POINT('Ctrl Pts',(153.998260372425,30.1595910049884,-43.));
#7610=CARTESIAN_POINT('Ctrl Pts',(153.998260372425,30.1595910049884,0.999999999999988));
#7611=CARTESIAN_POINT('Ctrl Pts',(154.029598243303,30.2249021553844,-43.));
#7612=CARTESIAN_POINT('Ctrl Pts',(154.029598243303,30.2249021553844,0.999999999999988));
#7613=CARTESIAN_POINT('Ctrl Pts',(154.060903462938,30.2895287984628,-43.));
#7614=CARTESIAN_POINT('Ctrl Pts',(154.060903462938,30.2895287984628,0.999999999999988));
#7615=CARTESIAN_POINT('Ctrl Pts',(154.09221554745,30.3536312777757,-43.));
#7616=CARTESIAN_POINT('Ctrl Pts',(154.09221554745,30.3536312777757,0.999999999999988));
#7617=CARTESIAN_POINT('Ctrl Pts',(154.492980634078,31.1740824254697,-43.));
#7618=CARTESIAN_POINT('Ctrl Pts',(154.492980634078,31.1740824254697,0.999999999999988));
#7619=CARTESIAN_POINT('Ctrl Pts',(154.923196299335,31.9703450048896,-43.));
#7620=CARTESIAN_POINT('Ctrl Pts',(154.923196299335,31.9703450048896,0.999999999999988));
#7621=CARTESIAN_POINT('Ctrl Pts',(155.391887708602,32.8377382126246,-43.));
#7622=CARTESIAN_POINT('Ctrl Pts',(155.391887708602,32.8377382126246,0.999999999999988));
#7623=CARTESIAN_POINT('Ctrl Pts',(155.625175526213,33.2694770165407,-43.));
#7624=CARTESIAN_POINT('Ctrl Pts',(155.625175526213,33.2694770165407,0.999999999999988));
#7625=CARTESIAN_POINT('Ctrl Pts',(155.880260053876,33.741818756283,-43.));
#7626=CARTESIAN_POINT('Ctrl Pts',(155.880260053876,33.741818756283,0.999999999999988));
#7627=CARTESIAN_POINT('Ctrl Pts',(156.105616522738,34.1685334993687,-43.));
#7628=CARTESIAN_POINT('Ctrl Pts',(156.105616522738,34.1685334993687,0.999999999999988));
#7629=CARTESIAN_POINT('Ctrl Pts',(156.318625577654,34.5718682898107,-43.));
#7630=CARTESIAN_POINT('Ctrl Pts',(156.318625577654,34.5718682898107,0.999999999999988));
#7631=CARTESIAN_POINT('Ctrl Pts',(156.45140056037,34.8303208619605,-43.));
#7632=CARTESIAN_POINT('Ctrl Pts',(156.45140056037,34.8303208619605,0.999999999999988));
#7633=CARTESIAN_POINT('Ctrl Pts',(156.579905531197,35.0843366404942,-43.));
#7634=CARTESIAN_POINT('Ctrl Pts',(156.579905531197,35.0843366404942,0.999999999999988));
#7635=CARTESIAN_POINT('Ctrl Pts',(156.588700972053,35.1017225886193,-43.));
#7636=CARTESIAN_POINT('Ctrl Pts',(156.588700972053,35.1017225886193,0.999999999999988));
#7637=CARTESIAN_POINT('Ctrl Pts',(156.597532685364,35.1191441437259,-43.));
#7638=CARTESIAN_POINT('Ctrl Pts',(156.597532685364,35.1191441437259,0.999999999999988));
#7639=CARTESIAN_POINT('Ctrl Pts',(156.606445345404,35.1366895559029,-43.));
#7640=CARTESIAN_POINT('Ctrl Pts',(156.606445345404,35.1366895559029,0.999999999999988));
#7641=CARTESIAN_POINT('Ctrl Pts',(156.734479348203,35.3887365701111,-43.));
#7642=CARTESIAN_POINT('Ctrl Pts',(156.734479348203,35.3887365701111,0.999999999999988));
#7643=CARTESIAN_POINT('Ctrl Pts',(156.913506306744,35.7317328591053,-43.));
#7644=CARTESIAN_POINT('Ctrl Pts',(156.913506306744,35.7317328591053,0.999999999999988));
#7645=CARTESIAN_POINT('Ctrl Pts',(157.106377908854,36.0921782587201,-43.));
#7646=CARTESIAN_POINT('Ctrl Pts',(157.106377908854,36.0921782587201,0.999999999999988));
#7647=CARTESIAN_POINT('Ctrl Pts',(157.596662031744,37.0084388936021,-43.));
#7648=CARTESIAN_POINT('Ctrl Pts',(157.596662031744,37.0084388936021,0.999999999999988));
#7649=CARTESIAN_POINT('Ctrl Pts',(158.129083720402,37.9560132021779,-43.));
#7650=CARTESIAN_POINT('Ctrl Pts',(158.129083720402,37.9560132021779,0.999999999999988));
#7651=CARTESIAN_POINT('Ctrl Pts',(158.672106157313,39.0215248133045,-43.));
#7652=CARTESIAN_POINT('Ctrl Pts',(158.672106157313,39.0215248133045,0.999999999999988));
#7653=CARTESIAN_POINT('Ctrl Pts',(158.868259637738,39.4064146387494,-43.));
#7654=CARTESIAN_POINT('Ctrl Pts',(158.868259637738,39.4064146387494,0.999999999999988));
#7655=CARTESIAN_POINT('Ctrl Pts',(159.081694921438,39.8426538716561,-43.));
#7656=CARTESIAN_POINT('Ctrl Pts',(159.081694921438,39.8426538716561,0.999999999999988));
#7657=CARTESIAN_POINT('Ctrl Pts',(159.25213091647,40.2112637222712,-43.));
#7658=CARTESIAN_POINT('Ctrl Pts',(159.25213091647,40.2112637222712,0.999999999999988));
#7659=CARTESIAN_POINT('Ctrl Pts',(159.296834496833,40.3079462339444,-43.));
#7660=CARTESIAN_POINT('Ctrl Pts',(159.296834496833,40.3079462339444,0.999999999999988));
#7661=CARTESIAN_POINT('Ctrl Pts',(159.376476545111,40.4781717549022,-43.));
#7662=CARTESIAN_POINT('Ctrl Pts',(159.376476545111,40.4781717549022,0.999999999999988));
#7663=CARTESIAN_POINT('Ctrl Pts',(159.454919786132,40.6429703121671,-43.));
#7664=CARTESIAN_POINT('Ctrl Pts',(159.454919786132,40.6429703121671,0.999999999999988));
#7665=CARTESIAN_POINT('Ctrl Pts',(159.614109721652,40.9774066684818,-43.));
#7666=CARTESIAN_POINT('Ctrl Pts',(159.614109721652,40.9774066684818,0.999999999999988));
#7667=CARTESIAN_POINT('Ctrl Pts',(159.784864237767,41.327396134376,-43.));
#7668=CARTESIAN_POINT('Ctrl Pts',(159.784864237767,41.327396134376,0.999999999999988));
#7669=CARTESIAN_POINT('Ctrl Pts',(159.961965456413,41.6932312004877,-43.));
#7670=CARTESIAN_POINT('Ctrl Pts',(159.961965456413,41.6932312004877,0.999999999999988));
#7671=CARTESIAN_POINT('Ctrl Pts',(160.226335970909,42.2393370115521,-43.));
#7672=CARTESIAN_POINT('Ctrl Pts',(160.226335970909,42.2393370115521,0.999999999999988));
#7673=CARTESIAN_POINT('Ctrl Pts',(160.511156980544,42.8356723499952,-43.));
#7674=CARTESIAN_POINT('Ctrl Pts',(160.511156980544,42.8356723499952,0.999999999999988));
#7675=CARTESIAN_POINT('Ctrl Pts',(160.766232604529,43.4190323756552,-43.));
#7676=CARTESIAN_POINT('Ctrl Pts',(160.766232604529,43.4190323756552,0.999999999999988));
#7677=CARTESIAN_POINT('Ctrl Pts',(161.113696687427,44.2136855579092,-43.));
#7678=CARTESIAN_POINT('Ctrl Pts',(161.113696687427,44.2136855579092,0.999999999999988));
#7679=CARTESIAN_POINT('Ctrl Pts',(161.400439215434,44.9568943070214,-43.));
#7680=CARTESIAN_POINT('Ctrl Pts',(161.400439215434,44.9568943070214,0.999999999999988));
#7681=CARTESIAN_POINT('Ctrl Pts',(161.637534437663,45.7690249749549,-43.));
#7682=CARTESIAN_POINT('Ctrl Pts',(161.637534437663,45.7690249749549,0.999999999999988));
#7683=CARTESIAN_POINT('Ctrl Pts',(161.929865942959,46.770358440991,-43.));
#7684=CARTESIAN_POINT('Ctrl Pts',(161.929865942959,46.770358440991,0.999999999999988));
#7685=CARTESIAN_POINT('Ctrl Pts',(162.121185426168,47.7249377405063,-43.));
#7686=CARTESIAN_POINT('Ctrl Pts',(162.121185426168,47.7249377405063,0.999999999999988));
#7687=CARTESIAN_POINT('Ctrl Pts',(162.294649445325,48.8383793488266,-43.));
#7688=CARTESIAN_POINT('Ctrl Pts',(162.294649445325,48.8383793488266,0.999999999999988));
#7689=CARTESIAN_POINT('Ctrl Pts',(162.357387259249,49.2410847212589,-43.));
#7690=CARTESIAN_POINT('Ctrl Pts',(162.357387259249,49.2410847212589,0.999999999999988));
#7691=CARTESIAN_POINT('Ctrl Pts',(162.421349190196,49.6960940451992,-43.));
#7692=CARTESIAN_POINT('Ctrl Pts',(162.421349190196,49.6960940451992,0.999999999999988));
#7693=CARTESIAN_POINT('Ctrl Pts',(162.476150993368,50.0982751316737,-43.));
#7694=CARTESIAN_POINT('Ctrl Pts',(162.476150993368,50.0982751316737,0.999999999999988));
#7695=CARTESIAN_POINT('Ctrl Pts',(162.548421580457,50.6286566438324,-43.));
#7696=CARTESIAN_POINT('Ctrl Pts',(162.548421580457,50.6286566438324,0.999999999999988));
#7697=CARTESIAN_POINT('Ctrl Pts',(162.592757534604,50.9636486361489,-43.));
#7698=CARTESIAN_POINT('Ctrl Pts',(162.592757534604,50.9636486361489,0.999999999999988));
#7699=CARTESIAN_POINT('Ctrl Pts',(162.644490029267,51.3285898498708,-43.));
#7700=CARTESIAN_POINT('Ctrl Pts',(162.644490029267,51.3285898498708,0.999999999999988));
#7701=CARTESIAN_POINT('Ctrl Pts',(162.658400508942,51.4267198041521,-43.));
#7702=CARTESIAN_POINT('Ctrl Pts',(162.658400508942,51.4267198041521,0.999999999999988));
#7703=CARTESIAN_POINT('Ctrl Pts',(162.67366974648,51.5296045858542,-43.));
#7704=CARTESIAN_POINT('Ctrl Pts',(162.67366974648,51.5296045858542,0.999999999999988));
#7705=CARTESIAN_POINT('Ctrl Pts',(162.691272096944,51.6430371281642,-43.));
#7706=CARTESIAN_POINT('Ctrl Pts',(162.691272096944,51.6430371281642,0.999999999999988));
#7707=CARTESIAN_POINT('Ctrl Pts',(162.735201014456,51.9261225493129,-43.));
#7708=CARTESIAN_POINT('Ctrl Pts',(162.735201014456,51.9261225493129,0.999999999999988));
#7709=CARTESIAN_POINT('Ctrl Pts',(162.798709391062,52.2984770251999,-43.));
#7710=CARTESIAN_POINT('Ctrl Pts',(162.798709391062,52.2984770251999,0.999999999999988));
#7711=CARTESIAN_POINT('Ctrl Pts',(162.865747059945,52.6797294605229,-43.));
#7712=CARTESIAN_POINT('Ctrl Pts',(162.865747059945,52.6797294605229,0.999999999999988));
#7713=CARTESIAN_POINT('Origin',(103.280760836495,128.239764160256,-8.00000000000001));
#7714=CARTESIAN_POINT('',(113.780760836495,128.239764160256,-11.5));
#7715=CARTESIAN_POINT('',(113.780760836495,128.239764160256,-8.00000000000001));
#7716=CARTESIAN_POINT('Origin',(103.280760836495,128.239764160256,-11.5));
#7717=CARTESIAN_POINT('Origin',(103.280760836495,128.239764160256,-11.5));
#7718=CARTESIAN_POINT('Origin',(123.301396520914,179.192132509763,-8.00000000000001));
#7719=CARTESIAN_POINT('',(133.801396520914,179.192132509763,-11.5));
#7720=CARTESIAN_POINT('',(133.801396520914,179.192132509763,-8.00000000000001));
#7721=CARTESIAN_POINT('Origin',(123.301396520914,179.192132509763,-11.5));
#7722=CARTESIAN_POINT('Origin',(123.301396520914,179.192132509763,-11.5));
#7723=CARTESIAN_POINT('Origin',(136.517965292554,80.668098725723,-8.00000000000001));
#7724=CARTESIAN_POINT('',(147.017965292554,80.668098725723,-11.5));
#7725=CARTESIAN_POINT('',(147.017965292554,80.668098725723,-8.00000000000001));
#7726=CARTESIAN_POINT('Origin',(136.517965292554,80.668098725723,-11.5));
#7727=CARTESIAN_POINT('Origin',(136.517965292554,80.668098725723,-11.5));
#7728=CARTESIAN_POINT('Origin',(106.415744520722,28.7505179711873,-8.00000000000001));
#7729=CARTESIAN_POINT('',(116.915744520722,28.7505179711873,-11.5));
#7730=CARTESIAN_POINT('',(116.915744520722,28.7505179711873,-8.00000000000001));
#7731=CARTESIAN_POINT('Origin',(106.415744520722,28.7505179711873,-11.5));
#7732=CARTESIAN_POINT('Origin',(106.415744520722,28.7505179711873,-11.5));
#7733=UNCERTAINTY_MEASURE_WITH_UNIT(LENGTH_MEASURE(0.01),#7737,
'DISTANCE_ACCURACY_VALUE',
'Maximum model space distance between geometric entities at asserted c
onnectivities');
#7734=UNCERTAINTY_MEASURE_WITH_UNIT(LENGTH_MEASURE(0.01),#7737,
'DISTANCE_ACCURACY_VALUE',
'Maximum model space distance between geometric entities at asserted c
onnectivities');
#7735=(
GEOMETRIC_REPRESENTATION_CONTEXT(3)
GLOBAL_UNCERTAINTY_ASSIGNED_CONTEXT((#7733))
GLOBAL_UNIT_ASSIGNED_CONTEXT((#7737,#7739,#7740))
REPRESENTATION_CONTEXT('','3D')
);
#7736=(
GEOMETRIC_REPRESENTATION_CONTEXT(3)
GLOBAL_UNCERTAINTY_ASSIGNED_CONTEXT((#7734))
GLOBAL_UNIT_ASSIGNED_CONTEXT((#7737,#7739,#7740))
REPRESENTATION_CONTEXT('','3D')
);
#7737=(
LENGTH_UNIT()
NAMED_UNIT(*)
SI_UNIT(.MILLI.,.METRE.)
);
#7738=(
LENGTH_UNIT()
NAMED_UNIT(*)
SI_UNIT($,.METRE.)
);
#7739=(
NAMED_UNIT(*)
PLANE_ANGLE_UNIT()
SI_UNIT($,.RADIAN.)
);
#7740=(
NAMED_UNIT(*)
SI_UNIT($,.STERADIAN.)
SOLID_ANGLE_UNIT()
);
#7741=SHAPE_DEFINITION_REPRESENTATION(#7742,#7743);
#7742=PRODUCT_DEFINITION_SHAPE('',$,#7745);
#7743=SHAPE_REPRESENTATION('',(#1506),#7735);
#7744=PRODUCT_DEFINITION_CONTEXT('part definition',#7749,'design');
#7745=PRODUCT_DEFINITION('2026-08-16-21-09-55-550','sole-lattice-left',
#7746,#7744);
#7746=PRODUCT_DEFINITION_FORMATION('',$,#7751);
#7747=PRODUCT_RELATED_PRODUCT_CATEGORY('sole-lattice-left',
'sole-lattice-left',(#7751));
#7748=APPLICATION_PROTOCOL_DEFINITION('international standard',
'automotive_design',2009,#7749);
#7749=APPLICATION_CONTEXT(
'Core Data for Automotive Mechanical Design Process');
#7750=PRODUCT_CONTEXT('part definition',#7749,'mechanical');
#7751=PRODUCT('2026-08-16-21-09-55-550','sole-lattice-left',$,(#7750));
#7752=PRESENTATION_STYLE_ASSIGNMENT((#7754));
#7753=PRESENTATION_STYLE_ASSIGNMENT((#7755));
#7754=SURFACE_STYLE_USAGE(.BOTH.,#7756);
#7755=SURFACE_STYLE_USAGE(.BOTH.,#7757);
#7756=SURFACE_SIDE_STYLE('',(#7758));
#7757=SURFACE_SIDE_STYLE('',(#7759));
#7758=SURFACE_STYLE_FILL_AREA(#7760);
#7759=SURFACE_STYLE_FILL_AREA(#7761);
#7760=FILL_AREA_STYLE('Steel - Satin',(#7762));
#7761=FILL_AREA_STYLE('ABS (White)',(#7763));
#7762=FILL_AREA_STYLE_COLOUR('Steel - Satin',#7764);
#7763=FILL_AREA_STYLE_COLOUR('ABS (White)',#7765);
#7764=COLOUR_RGB('Steel - Satin',0.627450980392157,0.627450980392157,0.627450980392157);
#7765=COLOUR_RGB('ABS (White)',0.964705882352941,0.964705882352941,0.952941176470588);
ENDSEC;
END-ISO-10303-21;
