ISO-10303-21;
HEADER;
/* Generated by software containing ST-Developer
 * from STEP Tools, Inc. (www.steptools.com) 
 */

FILE_DESCRIPTION(
/* description */ (''),
/* implementation_level */ '2;1');

FILE_NAME(
/* name */ 'sole-lattice-right.step',
/* time_stamp */ '2026-08-17T01:43:36+09:00',
/* author */ (''),
/* organization */ (''),
/* preprocessor_version */ 'ST-DEVELOPER v20.1',
/* originating_system */ 'Autodesk Translation Framework v15.8.0.0',
/* authorisation */ '');

FILE_SCHEMA (('AUTOMOTIVE_DESIGN { 1 0 10303 214 3 1 1 }'));
ENDSEC;

DATA;
#10=MECHANICAL_DESIGN_GEOMETRIC_PRESENTATION_REPRESENTATION('',(#13),#8003);
#11=SHAPE_REPRESENTATION_RELATIONSHIP('SRR','None',#8010,#12);
#12=ADVANCED_BREP_SHAPE_REPRESENTATION('',(#14),#8002);
#13=STYLED_ITEM('',(#8020),#14);
#14=MANIFOLD_SOLID_BREP('right-mid-sole (1)',#1479);
#15=TOROIDAL_SURFACE('',#1543,51.5,6.);
#16=TOROIDAL_SURFACE('',#1548,181.5,6.);
#17=TOROIDAL_SURFACE('',#1549,181.5,6.);
#18=TOROIDAL_SURFACE('',#1552,51.5,6.);
#19=CYLINDRICAL_SURFACE('',#1503,145.805473260996);
#20=CYLINDRICAL_SURFACE('',#1520,181.50000000012);
#21=CYLINDRICAL_SURFACE('',#1523,152.2);
#22=CYLINDRICAL_SURFACE('',#1524,51.5000000000011);
#23=CYLINDRICAL_SURFACE('',#1526,55.5);
#24=CYLINDRICAL_SURFACE('',#1535,45.);
#25=CYLINDRICAL_SURFACE('',#1540,57.5);
#26=CYLINDRICAL_SURFACE('',#1541,57.5);
#27=CYLINDRICAL_SURFACE('',#1551,6.);
#28=CYLINDRICAL_SURFACE('',#1554,6.);
#29=CYLINDRICAL_SURFACE('',#1556,57.5);
#30=CYLINDRICAL_SURFACE('',#1557,10.5);
#31=CYLINDRICAL_SURFACE('',#1560,10.5);
#32=CYLINDRICAL_SURFACE('',#1563,10.5);
#33=CYLINDRICAL_SURFACE('',#1566,10.5);
#34=(
BOUNDED_SURFACE()
B_SPLINE_SURFACE(1,2,((#2766,#2767,#2768),(#2769,#2770,#2771)),
 .UNSPECIFIED.,.F.,.F.,.F.)
B_SPLINE_SURFACE_WITH_KNOTS((2,2),(3,3),(0.,0.656925280083863),(-3.0709527295454,
-3.05504966760969),.UNSPECIFIED.)
GEOMETRIC_REPRESENTATION_ITEM()
RATIONAL_B_SPLINE_SURFACE(((1.,0.999968386744201,1.),(1.,0.999968386744201,
1.)))
REPRESENTATION_ITEM('')
SURFACE()
);
#35=(
BOUNDED_SURFACE()
B_SPLINE_SURFACE(5,1,((#5610,#5611),(#5612,#5613),(#5614,#5615),(#5616,
#5617),(#5618,#5619),(#5620,#5621),(#5622,#5623),(#5624,#5625),(#5626,#5627),
(#5628,#5629),(#5630,#5631),(#5632,#5633),(#5634,#5635),(#5636,#5637),(#5638,
#5639)),.UNSPECIFIED.,.F.,.F.,.F.)
B_SPLINE_SURFACE_WITH_KNOTS((6,1,1,1,1,1,1,1,1,1,6),(2,2),(-1.,-0.9,-0.8,
-0.7,-0.6,-0.5,-0.4,-0.3,-0.2,-0.1,0.),(-3.,22.),.UNSPECIFIED.)
GEOMETRIC_REPRESENTATION_ITEM()
RATIONAL_B_SPLINE_SURFACE(((1.,1.),(1.,1.),(1.,1.),(1.,1.),(1.,1.),(1.,
1.),(1.,1.),(1.,1.),(1.,1.),(1.,1.),(1.,1.),(1.,1.),(1.,1.),(1.,1.),(1.,
1.)))
REPRESENTATION_ITEM('')
SURFACE()
);
#36=B_SPLINE_SURFACE_WITH_KNOTS('',3,1,((#2691,#2692),(#2693,#2694),(#2695,
#2696),(#2697,#2698),(#2699,#2700),(#2701,#2702),(#2703,#2704)),
 .UNSPECIFIED.,.F.,.F.,.F.,(4,3,4),(2,2),(0.,0.118820720955486,0.300560300511966),
(0.,1.05),.UNSPECIFIED.);
#37=B_SPLINE_SURFACE_WITH_KNOTS('',3,1,((#2720,#2721),(#2722,#2723),(#2724,
#2725),(#2726,#2727),(#2728,#2729),(#2730,#2731),(#2732,#2733)),
 .UNSPECIFIED.,.F.,.F.,.F.,(4,3,4),(2,2),(0.,0.124513203662021,0.303877009449686),
(0.,1.05),.UNSPECIFIED.);
#38=B_SPLINE_SURFACE_WITH_KNOTS('',3,1,((#2743,#2744),(#2745,#2746),(#2747,
#2748),(#2749,#2750),(#2751,#2752),(#2753,#2754),(#2755,#2756)),
 .UNSPECIFIED.,.F.,.F.,.F.,(4,3,4),(2,2),(0.205322799412768,0.225394590781244,
0.345908875400586),(0.,1.05),.UNSPECIFIED.);
#39=B_SPLINE_SURFACE_WITH_KNOTS('',3,1,((#2775,#2776),(#2777,#2778),(#2779,
#2780),(#2781,#2782),(#2783,#2784),(#2785,#2786),(#2787,#2788),(#2789,#2790),
(#2791,#2792),(#2793,#2794)),.UNSPECIFIED.,.F.,.F.,.F.,(4,3,3,4),(2,2),
(18.169032995738,22.4331033698823,27.4612852044936,29.643457127302),(0.,
1.05),.UNSPECIFIED.);
#40=B_SPLINE_SURFACE_WITH_KNOTS('',3,1,((#2807,#2808),(#2809,#2810),(#2811,
#2812),(#2813,#2814),(#2815,#2816),(#2817,#2818),(#2819,#2820),(#2821,#2822),
(#2823,#2824),(#2825,#2826)),.UNSPECIFIED.,.F.,.F.,.F.,(4,3,3,4),(2,2),
(49.3530766641007,52.7489929022544,64.0130765162577,70.6212328796513),(0.,
1.05),.UNSPECIFIED.);
#41=B_SPLINE_SURFACE_WITH_KNOTS('',3,1,((#2839,#2840),(#2841,#2842),(#2843,
#2844),(#2845,#2846),(#2847,#2848),(#2849,#2850),(#2851,#2852),(#2853,#2854),
(#2855,#2856),(#2857,#2858),(#2859,#2860),(#2861,#2862),(#2863,#2864)),
 .UNSPECIFIED.,.F.,.F.,.F.,(4,3,3,3,4),(2,2),(92.7231376277178,94.2559959447237,
105.41459949778,109.936455563408,113.084658887746),(0.,1.05),
 .UNSPECIFIED.);
#42=B_SPLINE_SURFACE_WITH_KNOTS('',3,1,((#2880,#2881),(#2882,#2883),(#2884,
#2885),(#2886,#2887),(#2888,#2889),(#2890,#2891),(#2892,#2893),(#2894,#2895),
(#2896,#2897),(#2898,#2899),(#2900,#2901),(#2902,#2903),(#2904,#2905),(#2906,
#2907),(#2908,#2909),(#2910,#2911),(#2912,#2913),(#2914,#2915),(#2916,#2917),
(#2918,#2919),(#2920,#2921),(#2922,#2923),(#2924,#2925),(#2926,#2927),(#2928,
#2929),(#2930,#2931),(#2932,#2933),(#2934,#2935),(#2936,#2937),(#2938,#2939),
(#2940,#2941),(#2942,#2943),(#2944,#2945),(#2946,#2947),(#2948,#2949),(#2950,
#2951),(#2952,#2953),(#2954,#2955),(#2956,#2957),(#2958,#2959),(#2960,#2961),
(#2962,#2963),(#2964,#2965),(#2966,#2967),(#2968,#2969),(#2970,#2971),(#2972,
#2973),(#2974,#2975),(#2976,#2977),(#2978,#2979),(#2980,#2981),(#2982,#2983),
(#2984,#2985),(#2986,#2987),(#2988,#2989),(#2990,#2991),(#2992,#2993),(#2994,
#2995),(#2996,#2997),(#2998,#2999),(#3000,#3001),(#3002,#3003),(#3004,#3005),
(#3006,#3007),(#3008,#3009),(#3010,#3011),(#3012,#3013),(#3014,#3015),(#3016,
#3017),(#3018,#3019),(#3020,#3021),(#3022,#3023),(#3024,#3025),(#3026,#3027),
(#3028,#3029),(#3030,#3031),(#3032,#3033),(#3034,#3035),(#3036,#3037),(#3038,
#3039),(#3040,#3041),(#3042,#3043),(#3044,#3045),(#3046,#3047),(#3048,#3049),
(#3050,#3051),(#3052,#3053),(#3054,#3055),(#3056,#3057),(#3058,#3059),(#3060,
#3061),(#3062,#3063),(#3064,#3065),(#3066,#3067),(#3068,#3069),(#3070,#3071),
(#3072,#3073),(#3074,#3075),(#3076,#3077),(#3078,#3079),(#3080,#3081),(#3082,
#3083),(#3084,#3085),(#3086,#3087),(#3088,#3089),(#3090,#3091),(#3092,#3093),
(#3094,#3095),(#3096,#3097),(#3098,#3099),(#3100,#3101),(#3102,#3103),(#3104,
#3105),(#3106,#3107),(#3108,#3109),(#3110,#3111),(#3112,#3113),(#3114,#3115),
(#3116,#3117),(#3118,#3119),(#3120,#3121),(#3122,#3123),(#3124,#3125),(#3126,
#3127),(#3128,#3129),(#3130,#3131),(#3132,#3133),(#3134,#3135),(#3136,#3137),
(#3138,#3139),(#3140,#3141),(#3142,#3143),(#3144,#3145),(#3146,#3147),(#3148,
#3149),(#3150,#3151),(#3152,#3153),(#3154,#3155),(#3156,#3157),(#3158,#3159),
(#3160,#3161),(#3162,#3163),(#3164,#3165),(#3166,#3167),(#3168,#3169),(#3170,
#3171),(#3172,#3173),(#3174,#3175),(#3176,#3177),(#3178,#3179),(#3180,#3181),
(#3182,#3183),(#3184,#3185),(#3186,#3187),(#3188,#3189),(#3190,#3191),(#3192,
#3193),(#3194,#3195),(#3196,#3197),(#3198,#3199),(#3200,#3201),(#3202,#3203),
(#3204,#3205),(#3206,#3207),(#3208,#3209),(#3210,#3211),(#3212,#3213),(#3214,
#3215),(#3216,#3217),(#3218,#3219),(#3220,#3221),(#3222,#3223),(#3224,#3225),
(#3226,#3227),(#3228,#3229),(#3230,#3231),(#3232,#3233),(#3234,#3235),(#3236,
#3237),(#3238,#3239),(#3240,#3241),(#3242,#3243),(#3244,#3245),(#3246,#3247),
(#3248,#3249),(#3250,#3251),(#3252,#3253),(#3254,#3255),(#3256,#3257),(#3258,
#3259),(#3260,#3261),(#3262,#3263),(#3264,#3265),(#3266,#3267),(#3268,#3269),
(#3270,#3271),(#3272,#3273),(#3274,#3275),(#3276,#3277),(#3278,#3279),(#3280,
#3281),(#3282,#3283),(#3284,#3285),(#3286,#3287),(#3288,#3289),(#3290,#3291),
(#3292,#3293),(#3294,#3295),(#3296,#3297),(#3298,#3299),(#3300,#3301),(#3302,
#3303),(#3304,#3305),(#3306,#3307),(#3308,#3309),(#3310,#3311),(#3312,#3313),
(#3314,#3315),(#3316,#3317),(#3318,#3319),(#3320,#3321),(#3322,#3323),(#3324,
#3325),(#3326,#3327),(#3328,#3329),(#3330,#3331),(#3332,#3333),(#3334,#3335),
(#3336,#3337),(#3338,#3339),(#3340,#3341),(#3342,#3343),(#3344,#3345),(#3346,
#3347),(#3348,#3349),(#3350,#3351),(#3352,#3353),(#3354,#3355),(#3356,#3357),
(#3358,#3359),(#3360,#3361),(#3362,#3363),(#3364,#3365),(#3366,#3367),(#3368,
#3369),(#3370,#3371),(#3372,#3373),(#3374,#3375),(#3376,#3377),(#3378,#3379),
(#3380,#3381),(#3382,#3383),(#3384,#3385),(#3386,#3387),(#3388,#3389),(#3390,
#3391),(#3392,#3393),(#3394,#3395),(#3396,#3397),(#3398,#3399),(#3400,#3401),
(#3402,#3403),(#3404,#3405),(#3406,#3407),(#3408,#3409),(#3410,#3411),(#3412,
#3413),(#3414,#3415),(#3416,#3417),(#3418,#3419),(#3420,#3421),(#3422,#3423),
(#3424,#3425),(#3426,#3427),(#3428,#3429),(#3430,#3431),(#3432,#3433)),
 .UNSPECIFIED.,.F.,.F.,.F.,(4,3,3,3,3,3,3,3,3,3,3,3,3,3,3,3,3,3,3,3,3,3,
3,3,3,3,3,3,3,3,3,3,3,3,3,3,3,3,3,3,3,3,3,3,3,3,3,3,3,3,3,3,3,3,3,3,3,3,
3,3,3,3,3,3,3,3,3,3,3,3,3,3,3,3,3,3,3,3,3,3,3,3,3,3,3,3,3,3,3,3,3,3,4),
(2,2),(132.281050136148,143.571608574011,159.348588900446,165.300471876268,
174.858244247143,196.744185114117,207.612010318273,221.175115639219,232.014420327407,
251.374247266192,262.607606215863,285.66998019899,290.744061298305,320.031580157673,
362.732089183571,371.077077640147,379.262241208376,398.22948562055,410.109092524535,
416.415087874435,427.58206520311,434.048860125194,441.31465115419,442.909088182991,
450.342265687431,461.927054176079,471.377359108184,474.740808628675,479.957414375752,
488.53746964332,493.182138380535,495.992293506615,498.83922279814,508.128855807056,
514.442707499351,522.342446888077,526.589705806185,531.415457565463,534.276364994897,
534.86534766601,537.507258063934,540.299273440243,541.711169277283,542.616893313787,
543.842982728167,544.683935188943,545.498450906417,545.917540066988,546.879248343341,
547.703173063089,548.958323341796,549.763800647935,551.205019306423,552.084385823373,
552.910424744405,554.392769429125,556.678191978469,558.471728953241,558.641527557602,
559.437635835472,560.513656119114,560.904916922074,561.090574571177,561.398214124329,
561.891511326584,562.138811736887,562.176445722398,562.501039387309,562.957292066357,
563.40071811985,563.519993889101,563.798813293418,564.032047765597,564.412257973999,
564.623882678128,565.096087964401,566.007595366688,566.211986792508,567.469897128443,
568.325933112886,568.850488095539,569.116036617475,569.944199463951,570.343227751006,
570.774541330325,570.893651620536,571.354708339328,572.166535256855,572.689697536646,
573.309513597693,573.725926110101,574.029568667291,574.396082849942),(0.,
1.05),.UNSPECIFIED.);
#43=B_SPLINE_SURFACE_WITH_KNOTS('',3,1,((#3720,#3721),(#3722,#3723),(#3724,
#3725),(#3726,#3727),(#3728,#3729),(#3730,#3731),(#3732,#3733),(#3734,#3735),
(#3736,#3737),(#3738,#3739),(#3740,#3741),(#3742,#3743),(#3744,#3745),(#3746,
#3747),(#3748,#3749),(#3750,#3751)),.UNSPECIFIED.,.F.,.F.,.F.,(4,3,3,3,
3,4),(2,2),(-0.0899032041231499,0.0508500756121668,0.227008118744936,0.470383962497758,
0.889917849383349,1.21700248010507),(-3.00197717029798,22.),
 .UNSPECIFIED.);
#44=B_SPLINE_SURFACE_WITH_KNOTS('',3,1,((#3780,#3781),(#3782,#3783),(#3784,
#3785),(#3786,#3787),(#3788,#3789),(#3790,#3791),(#3792,#3793),(#3794,#3795),
(#3796,#3797),(#3798,#3799),(#3800,#3801),(#3802,#3803),(#3804,#3805)),
 .UNSPECIFIED.,.F.,.F.,.F.,(4,3,3,3,4),(2,2),(1.21700248010507,1.23378825116002,
1.48298876927112,1.69545832587954,1.87786095594098),(-3.00197717029798,
22.),.UNSPECIFIED.);
#45=B_SPLINE_SURFACE_WITH_KNOTS('',3,1,((#3821,#3822),(#3823,#3824),(#3825,
#3826),(#3827,#3828),(#3829,#3830),(#3831,#3832),(#3833,#3834),(#3835,#3836),
(#3837,#3838),(#3839,#3840),(#3841,#3842),(#3843,#3844),(#3845,#3846),(#3847,
#3848),(#3849,#3850),(#3851,#3852),(#3853,#3854),(#3855,#3856),(#3857,#3858)),
 .UNSPECIFIED.,.F.,.F.,.F.,(4,3,3,3,3,3,4),(2,2),(1.87786095594098,1.91505125539396,
2.23430845378348,2.55182177775601,3.34943443574685,3.56541260956352,3.77859878495526),
(-3.00197717029798,22.),.UNSPECIFIED.);
#46=B_SPLINE_SURFACE_WITH_KNOTS('',3,1,((#3881,#3882),(#3883,#3884),(#3885,
#3886),(#3887,#3888),(#3889,#3890),(#3891,#3892),(#3893,#3894),(#3895,#3896),
(#3897,#3898),(#3899,#3900),(#3901,#3902),(#3903,#3904),(#3905,#3906),(#3907,
#3908),(#3909,#3910),(#3911,#3912),(#3913,#3914),(#3915,#3916),(#3917,#3918)),
 .UNSPECIFIED.,.F.,.F.,.F.,(4,3,3,3,3,3,4),(2,2),(5.77685390851208,6.19642305110089,
9.83771237664854,12.1648522057877,15.0827604932684,17.877422833348,20.2466918822351),
(-3.00184339347707,22.),.UNSPECIFIED.);
#47=B_SPLINE_SURFACE_WITH_KNOTS('',3,1,((#3952,#3953),(#3954,#3955),(#3956,
#3957),(#3958,#3959),(#3960,#3961),(#3962,#3963),(#3964,#3965),(#3966,#3967),
(#3968,#3969),(#3970,#3971)),.UNSPECIFIED.,.F.,.F.,.F.,(4,3,3,4),(2,2),
(20.2466918822351,24.0953101321232,27.1346776430048,27.8088157770942),(-3.00184339347707,
22.),.UNSPECIFIED.);
#48=B_SPLINE_SURFACE_WITH_KNOTS('',3,1,((#3987,#3988),(#3989,#3990),(#3991,
#3992),(#3993,#3994),(#3995,#3996),(#3997,#3998),(#3999,#4000),(#4001,#4002),
(#4003,#4004),(#4005,#4006),(#4007,#4008),(#4009,#4010),(#4011,#4012),(#4013,
#4014),(#4015,#4016),(#4017,#4018),(#4019,#4020),(#4021,#4022),(#4023,#4024),
(#4025,#4026),(#4027,#4028),(#4029,#4030),(#4031,#4032),(#4033,#4034),(#4035,
#4036)),.UNSPECIFIED.,.F.,.F.,.F.,(4,3,3,3,3,3,3,3,4),(2,2),(3.77859878495526,
4.37300290841093,4.48909275110885,4.70686122659571,4.85663156349384,5.11276609759292,
5.26465000263789,5.45529598978988,5.7066354730298),(-3.00197717029798,22.),
 .UNSPECIFIED.);
#49=B_SPLINE_SURFACE_WITH_KNOTS('',3,1,((#4256,#4257),(#4258,#4259),(#4260,
#4261),(#4262,#4263)),.UNSPECIFIED.,.F.,.F.,.F.,(4,4),(2,2),(580.097705621246,
580.101008787545),(0.,1.05),.UNSPECIFIED.);
#50=B_SPLINE_SURFACE_WITH_KNOTS('',3,1,((#4270,#4271),(#4272,#4273),(#4274,
#4275),(#4276,#4277),(#4278,#4279),(#4280,#4281),(#4282,#4283),(#4284,#4285),
(#4286,#4287),(#4288,#4289),(#4290,#4291),(#4292,#4293),(#4294,#4295)),
 .UNSPECIFIED.,.F.,.F.,.F.,(4,3,3,3,4),(2,2),(580.065248090219,580.065582723922,
580.066676152761,580.06856383722,580.070253719251),(0.,1.05),
 .UNSPECIFIED.);
#51=B_SPLINE_SURFACE_WITH_KNOTS('',3,1,((#4311,#4312),(#4313,#4314),(#4315,
#4316),(#4317,#4318),(#4319,#4320),(#4321,#4322),(#4323,#4324),(#4325,#4326),
(#4327,#4328),(#4329,#4330)),.UNSPECIFIED.,.F.,.F.,.F.,(4,3,3,4),(2,2),
(580.05224361544,580.053963551623,580.057049255532,580.058795652886),(0.,
1.05),.UNSPECIFIED.);
#52=B_SPLINE_SURFACE_WITH_KNOTS('',3,1,((#4343,#4344),(#4345,#4346),(#4347,
#4348),(#4349,#4350),(#4351,#4352),(#4353,#4354),(#4355,#4356),(#4357,#4358),
(#4359,#4360),(#4361,#4362),(#4363,#4364),(#4365,#4366),(#4367,#4368)),
 .UNSPECIFIED.,.F.,.F.,.F.,(4,3,3,3,4),(2,2),(580.039531220172,580.039782752176,
580.041647020854,580.044363422006,580.046138811018),(0.,1.05),
 .UNSPECIFIED.);
#53=B_SPLINE_SURFACE_WITH_KNOTS('',3,1,((#4384,#4385),(#4386,#4387),(#4388,
#4389),(#4390,#4391),(#4392,#4393),(#4394,#4395),(#4396,#4397),(#4398,#4399),
(#4400,#4401),(#4402,#4403),(#4404,#4405),(#4406,#4407),(#4408,#4409),(#4410,
#4411),(#4412,#4413),(#4414,#4415),(#4416,#4417),(#4418,#4419),(#4420,#4421),
(#4422,#4423),(#4424,#4425),(#4426,#4427),(#4428,#4429),(#4430,#4431),(#4432,
#4433),(#4434,#4435),(#4436,#4437),(#4438,#4439),(#4440,#4441),(#4442,#4443),
(#4444,#4445),(#4446,#4447),(#4448,#4449),(#4450,#4451),(#4452,#4453),(#4454,
#4455),(#4456,#4457),(#4458,#4459),(#4460,#4461),(#4462,#4463),(#4464,#4465),
(#4466,#4467),(#4468,#4469),(#4470,#4471),(#4472,#4473),(#4474,#4475),(#4476,
#4477),(#4478,#4479),(#4480,#4481),(#4482,#4483),(#4484,#4485),(#4486,#4487),
(#4488,#4489),(#4490,#4491),(#4492,#4493),(#4494,#4495),(#4496,#4497),(#4498,
#4499),(#4500,#4501),(#4502,#4503),(#4504,#4505),(#4506,#4507),(#4508,#4509),
(#4510,#4511),(#4512,#4513),(#4514,#4515),(#4516,#4517),(#4518,#4519),(#4520,
#4521),(#4522,#4523),(#4524,#4525),(#4526,#4527),(#4528,#4529),(#4530,#4531),
(#4532,#4533),(#4534,#4535),(#4536,#4537),(#4538,#4539),(#4540,#4541),(#4542,
#4543),(#4544,#4545),(#4546,#4547),(#4548,#4549),(#4550,#4551),(#4552,#4553),
(#4554,#4555),(#4556,#4557),(#4558,#4559),(#4560,#4561),(#4562,#4563),(#4564,
#4565),(#4566,#4567),(#4568,#4569),(#4570,#4571),(#4572,#4573),(#4574,#4575),
(#4576,#4577),(#4578,#4579),(#4580,#4581),(#4582,#4583),(#4584,#4585),(#4586,
#4587),(#4588,#4589),(#4590,#4591),(#4592,#4593),(#4594,#4595),(#4596,#4597),
(#4598,#4599),(#4600,#4601),(#4602,#4603),(#4604,#4605),(#4606,#4607),(#4608,
#4609),(#4610,#4611),(#4612,#4613),(#4614,#4615),(#4616,#4617),(#4618,#4619),
(#4620,#4621),(#4622,#4623),(#4624,#4625),(#4626,#4627),(#4628,#4629),(#4630,
#4631),(#4632,#4633),(#4634,#4635),(#4636,#4637),(#4638,#4639),(#4640,#4641),
(#4642,#4643),(#4644,#4645),(#4646,#4647),(#4648,#4649),(#4650,#4651),(#4652,
#4653),(#4654,#4655),(#4656,#4657),(#4658,#4659),(#4660,#4661),(#4662,#4663),
(#4664,#4665),(#4666,#4667),(#4668,#4669),(#4670,#4671),(#4672,#4673),(#4674,
#4675),(#4676,#4677),(#4678,#4679),(#4680,#4681),(#4682,#4683),(#4684,#4685),
(#4686,#4687),(#4688,#4689),(#4690,#4691),(#4692,#4693),(#4694,#4695),(#4696,
#4697),(#4698,#4699),(#4700,#4701),(#4702,#4703),(#4704,#4705),(#4706,#4707),
(#4708,#4709),(#4710,#4711),(#4712,#4713),(#4714,#4715),(#4716,#4717),(#4718,
#4719),(#4720,#4721),(#4722,#4723),(#4724,#4725),(#4726,#4727),(#4728,#4729),
(#4730,#4731),(#4732,#4733),(#4734,#4735),(#4736,#4737),(#4738,#4739),(#4740,
#4741),(#4742,#4743),(#4744,#4745),(#4746,#4747),(#4748,#4749),(#4750,#4751),
(#4752,#4753),(#4754,#4755),(#4756,#4757),(#4758,#4759),(#4760,#4761),(#4762,
#4763),(#4764,#4765),(#4766,#4767),(#4768,#4769),(#4770,#4771),(#4772,#4773),
(#4774,#4775),(#4776,#4777),(#4778,#4779),(#4780,#4781),(#4782,#4783),(#4784,
#4785),(#4786,#4787),(#4788,#4789),(#4790,#4791),(#4792,#4793),(#4794,#4795),
(#4796,#4797),(#4798,#4799),(#4800,#4801),(#4802,#4803),(#4804,#4805),(#4806,
#4807),(#4808,#4809),(#4810,#4811),(#4812,#4813),(#4814,#4815),(#4816,#4817),
(#4818,#4819),(#4820,#4821),(#4822,#4823),(#4824,#4825),(#4826,#4827),(#4828,
#4829),(#4830,#4831),(#4832,#4833),(#4834,#4835),(#4836,#4837),(#4838,#4839),
(#4840,#4841),(#4842,#4843),(#4844,#4845),(#4846,#4847),(#4848,#4849),(#4850,
#4851),(#4852,#4853),(#4854,#4855),(#4856,#4857),(#4858,#4859),(#4860,#4861),
(#4862,#4863),(#4864,#4865),(#4866,#4867),(#4868,#4869),(#4870,#4871),(#4872,
#4873),(#4874,#4875),(#4876,#4877),(#4878,#4879),(#4880,#4881),(#4882,#4883),
(#4884,#4885),(#4886,#4887),(#4888,#4889),(#4890,#4891),(#4892,#4893),(#4894,
#4895),(#4896,#4897),(#4898,#4899),(#4900,#4901),(#4902,#4903),(#4904,#4905),
(#4906,#4907),(#4908,#4909),(#4910,#4911),(#4912,#4913),(#4914,#4915),(#4916,
#4917),(#4918,#4919),(#4920,#4921),(#4922,#4923),(#4924,#4925),(#4926,#4927),
(#4928,#4929),(#4930,#4931),(#4932,#4933),(#4934,#4935),(#4936,#4937),(#4938,
#4939),(#4940,#4941),(#4942,#4943),(#4944,#4945),(#4946,#4947),(#4948,#4949),
(#4950,#4951),(#4952,#4953),(#4954,#4955)),.UNSPECIFIED.,.F.,.F.,.F.,(4,
3,3,3,3,3,3,3,3,3,3,3,3,3,3,3,3,3,3,3,3,3,3,3,3,3,3,3,3,3,3,3,3,3,3,3,3,
3,3,3,3,3,3,3,3,3,3,3,3,3,3,3,3,3,3,3,3,3,3,3,3,3,3,3,3,3,3,3,3,3,3,3,3,
3,3,3,3,3,3,3,3,3,3,3,3,3,3,3,3,3,3,3,3,3,3,4),(2,2),(579.555636057655,
579.557298702207,579.559726229991,579.564491245261,579.568229576696,579.57354111534,
579.577629318442,579.58359345764,579.583843789137,579.587472162697,579.592507960538,
579.595887125294,579.598976505703,579.602099842328,579.602353502384,579.604872610895,
579.609725799826,579.615972174432,579.617774797672,579.621784981322,579.627381855664,
579.631616443501,579.632332336745,579.635503843737,579.637902482656,579.641210552569,
579.644279438558,579.648530608812,579.653768186162,579.656520848444,579.659416046648,
579.666871309062,579.670894530681,579.673138618653,579.673661859007,579.675246725073,
579.677354831493,579.68034856412,579.68381914705,579.688160204246,579.689859672854,
579.69180599142,579.693289843554,579.700779651237,579.709308434914,579.721563684538,
579.733750537149,579.748659208839,579.761451713867,579.773783579921,579.785665435529,
579.788944327223,579.806965719627,579.829606805254,579.838059790779,579.859486812561,
579.861386393479,579.896044234181,579.907720337358,579.925935242558,579.926630873582,
579.927001706013,579.927835811041,579.929337225173,579.932043576765,579.937456279947,
579.940435024306,579.940874098618,579.943016828573,579.945421577028,579.948043403559,
579.952124507802,579.954484902057,579.95773215993,579.961194033964,579.964284233401,
579.964539361978,579.966689767171,579.970296261987,579.974688240352,579.978878283393,
579.98100639638,579.984303088283,579.990392483697,579.994068562485,579.996584531398,
579.999690452773,580.003853277799,580.008731120671,580.009643424718,580.013872154026,
580.020422132346,580.027401517855,580.030240289267,580.033196152522,580.035794990308),
(0.,1.05),.UNSPECIFIED.);
#54=B_SPLINE_SURFACE_WITH_KNOTS('',3,1,((#5254,#5255),(#5256,#5257),(#5258,
#5259),(#5260,#5261)),.UNSPECIFIED.,.F.,.F.,.F.,(4,4),(2,2),(13.2441991790641,
14.2650183358309),(-3.00117789497146,22.),.UNSPECIFIED.);
#55=B_SPLINE_SURFACE_WITH_KNOTS('',3,1,((#5295,#5296),(#5297,#5298),(#5299,
#5300),(#5301,#5302),(#5303,#5304),(#5305,#5306),(#5307,#5308),(#5309,#5310),
(#5311,#5312),(#5313,#5314),(#5315,#5316),(#5317,#5318),(#5319,#5320),(#5321,
#5322),(#5323,#5324),(#5325,#5326)),.UNSPECIFIED.,.F.,.F.,.F.,(4,3,3,3,
3,4),(2,2),(27.8088157770942,33.584329889623,47.1323679046317,51.9115646447504,
57.1326732927475,58.7420471137809),(-3.00184339347707,22.),
 .UNSPECIFIED.);
#56=B_SPLINE_SURFACE_WITH_KNOTS('',3,1,((#5327,#5328),(#5329,#5330),(#5331,
#5332),(#5333,#5334),(#5335,#5336),(#5337,#5338),(#5339,#5340),(#5341,#5342),
(#5343,#5344),(#5345,#5346),(#5347,#5348),(#5349,#5350),(#5351,#5352),(#5353,
#5354),(#5355,#5356),(#5357,#5358),(#5359,#5360),(#5361,#5362),(#5363,#5364),
(#5365,#5366),(#5367,#5368),(#5369,#5370),(#5371,#5372),(#5373,#5374),(#5375,
#5376)),.UNSPECIFIED.,.F.,.F.,.F.,(4,3,3,3,3,3,3,3,4),(2,2),(0.0492737973010006,
0.454139034791275,0.683577704262741,0.932678183779739,1.04406342440641,
1.83825031146344,2.08582406606468,4.50004636678465,5.77685390851208),(-3.00184339347707,
22.),.UNSPECIFIED.);
#57=B_SPLINE_SURFACE_WITH_KNOTS('',3,1,((#5428,#5429),(#5430,#5431),(#5432,
#5433),(#5434,#5435),(#5436,#5437),(#5438,#5439),(#5440,#5441),(#5442,#5443),
(#5444,#5445),(#5446,#5447),(#5448,#5449),(#5450,#5451),(#5452,#5453),(#5454,
#5455),(#5456,#5457),(#5458,#5459),(#5460,#5461),(#5462,#5463),(#5464,#5465),
(#5466,#5467),(#5468,#5469),(#5470,#5471),(#5472,#5473),(#5474,#5475),(#5476,
#5477),(#5478,#5479),(#5480,#5481),(#5482,#5483),(#5484,#5485),(#5486,#5487),
(#5488,#5489)),.UNSPECIFIED.,.F.,.F.,.F.,(4,3,3,3,3,3,3,3,3,3,4),(2,2),
(-0.139009864322598,1.70167341329019E-9,0.180822328361426,0.538969349783633,
0.704201179072745,0.955818309627475,1.2074402753583,1.57992444814972,1.73217291566283,
2.02789097372075,2.22919761280309),(-3.00184085535582,22.),
 .UNSPECIFIED.);
#58=B_SPLINE_SURFACE_WITH_KNOTS('',3,1,((#5569,#5570),(#5571,#5572),(#5573,
#5574),(#5575,#5576)),.UNSPECIFIED.,.F.,.F.,.F.,(4,4),(2,2),(-25.2293602149696,
-24.1106208014522),(-3.00009899615811,22.),.UNSPECIFIED.);
#59=B_SPLINE_SURFACE_WITH_KNOTS('',3,1,((#5818,#5819),(#5820,#5821),(#5822,
#5823),(#5824,#5825),(#5826,#5827),(#5828,#5829),(#5830,#5831),(#5832,#5833),
(#5834,#5835),(#5836,#5837),(#5838,#5839),(#5840,#5841),(#5842,#5843),(#5844,
#5845),(#5846,#5847),(#5848,#5849),(#5850,#5851),(#5852,#5853),(#5854,#5855),
(#5856,#5857),(#5858,#5859),(#5860,#5861),(#5862,#5863),(#5864,#5865),(#5866,
#5867),(#5868,#5869),(#5870,#5871),(#5872,#5873),(#5874,#5875),(#5876,#5877),
(#5878,#5879)),.UNSPECIFIED.,.F.,.F.,.F.,(4,3,3,3,3,3,3,3,3,3,4),(2,2),
(579.537054052874,579.538062136909,579.540145325538,579.541216512892,579.543572570426,
579.544457821281,579.54477218406,579.545817678109,579.54731213745,579.549040026857,
579.55012260523),(0.,4.4),.UNSPECIFIED.);
#60=B_SPLINE_SURFACE_WITH_KNOTS('',3,1,((#5945,#5946),(#5947,#5948),(#5949,
#5950),(#5951,#5952),(#5953,#5954),(#5955,#5956),(#5957,#5958),(#5959,#5960),
(#5961,#5962),(#5963,#5964),(#5965,#5966),(#5967,#5968),(#5969,#5970),(#5971,
#5972),(#5973,#5974),(#5975,#5976),(#5977,#5978),(#5979,#5980),(#5981,#5982),
(#5983,#5984),(#5985,#5986),(#5987,#5988),(#5989,#5990),(#5991,#5992),(#5993,
#5994),(#5995,#5996),(#5997,#5998),(#5999,#6000),(#6001,#6002),(#6003,#6004),
(#6005,#6006),(#6007,#6008),(#6009,#6010),(#6011,#6012),(#6013,#6014),(#6015,
#6016),(#6017,#6018),(#6019,#6020),(#6021,#6022),(#6023,#6024),(#6025,#6026),
(#6027,#6028),(#6029,#6030),(#6031,#6032),(#6033,#6034),(#6035,#6036),(#6037,
#6038),(#6039,#6040),(#6041,#6042),(#6043,#6044),(#6045,#6046),(#6047,#6048),
(#6049,#6050),(#6051,#6052),(#6053,#6054),(#6055,#6056),(#6057,#6058),(#6059,
#6060),(#6061,#6062),(#6063,#6064),(#6065,#6066),(#6067,#6068),(#6069,#6070),
(#6071,#6072),(#6073,#6074),(#6075,#6076),(#6077,#6078),(#6079,#6080),(#6081,
#6082),(#6083,#6084),(#6085,#6086),(#6087,#6088),(#6089,#6090),(#6091,#6092),
(#6093,#6094),(#6095,#6096),(#6097,#6098),(#6099,#6100),(#6101,#6102),(#6103,
#6104),(#6105,#6106),(#6107,#6108),(#6109,#6110),(#6111,#6112),(#6113,#6114),
(#6115,#6116),(#6117,#6118),(#6119,#6120),(#6121,#6122),(#6123,#6124),(#6125,
#6126),(#6127,#6128),(#6129,#6130),(#6131,#6132),(#6133,#6134),(#6135,#6136),
(#6137,#6138),(#6139,#6140),(#6141,#6142),(#6143,#6144),(#6145,#6146),(#6147,
#6148),(#6149,#6150),(#6151,#6152),(#6153,#6154),(#6155,#6156),(#6157,#6158),
(#6159,#6160),(#6161,#6162),(#6163,#6164),(#6165,#6166),(#6167,#6168),(#6169,
#6170),(#6171,#6172),(#6173,#6174),(#6175,#6176),(#6177,#6178),(#6179,#6180),
(#6181,#6182),(#6183,#6184),(#6185,#6186),(#6187,#6188),(#6189,#6190),(#6191,
#6192),(#6193,#6194),(#6195,#6196),(#6197,#6198),(#6199,#6200),(#6201,#6202),
(#6203,#6204),(#6205,#6206),(#6207,#6208),(#6209,#6210),(#6211,#6212),(#6213,
#6214),(#6215,#6216),(#6217,#6218),(#6219,#6220),(#6221,#6222),(#6223,#6224),
(#6225,#6226),(#6227,#6228),(#6229,#6230),(#6231,#6232),(#6233,#6234),(#6235,
#6236),(#6237,#6238),(#6239,#6240),(#6241,#6242),(#6243,#6244),(#6245,#6246),
(#6247,#6248),(#6249,#6250),(#6251,#6252),(#6253,#6254),(#6255,#6256),(#6257,
#6258),(#6259,#6260),(#6261,#6262),(#6263,#6264),(#6265,#6266),(#6267,#6268),
(#6269,#6270),(#6271,#6272),(#6273,#6274),(#6275,#6276),(#6277,#6278),(#6279,
#6280),(#6281,#6282),(#6283,#6284),(#6285,#6286),(#6287,#6288),(#6289,#6290),
(#6291,#6292),(#6293,#6294),(#6295,#6296),(#6297,#6298),(#6299,#6300),(#6301,
#6302),(#6303,#6304),(#6305,#6306),(#6307,#6308),(#6309,#6310),(#6311,#6312),
(#6313,#6314),(#6315,#6316),(#6317,#6318),(#6319,#6320),(#6321,#6322),(#6323,
#6324),(#6325,#6326),(#6327,#6328),(#6329,#6330),(#6331,#6332),(#6333,#6334),
(#6335,#6336),(#6337,#6338),(#6339,#6340),(#6341,#6342),(#6343,#6344),(#6345,
#6346),(#6347,#6348),(#6349,#6350),(#6351,#6352),(#6353,#6354)),
 .UNSPECIFIED.,.F.,.F.,.F.,(4,3,3,3,3,3,3,3,3,3,3,3,3,3,3,3,3,3,3,3,3,3,
3,3,3,3,3,3,3,3,3,3,3,3,3,3,3,3,3,3,3,3,3,3,3,3,3,3,3,3,3,3,3,3,3,3,3,3,
3,3,3,3,3,3,3,3,3,3,4),(2,2),(576.030493653836,576.096104902184,576.304869726127,
576.455784082421,576.675517134992,576.805820909257,577.074627428019,577.238120943429,
577.521249044509,577.581123522208,577.676955471757,577.868343566362,577.9512453676,
578.065987661724,578.204017221555,578.255409079231,578.288920444164,578.298962052265,
578.334444943843,578.388920138837,578.465111856233,578.584075956086,578.608897061626,
578.672437579227,578.74397465925,578.751435941562,578.755567914651,578.767132253903,
578.77266315808,578.778844681262,578.79067719107,578.805884657082,578.827364935688,
578.871120804656,578.928159334389,578.972655664155,579.018007268268,579.077659638423,
579.133992270245,579.150853535468,579.176932449422,579.195186978442,579.21641085851,
579.238599696183,579.260421762037,579.283939671535,579.297774290548,579.322870002161,
579.361800332787,579.393349084859,579.413211477258,579.434907459445,579.466151918177,
579.472716735168,579.489601978301,579.499367419551,579.502891047441,579.50758443659,
579.509842850514,579.514698762987,579.522178754259,579.522996687477,579.526518099938,
579.528238335235,579.528522333962,579.530633050876,579.53305095457,579.534451585602,
579.537054052874),(0.,4.4),.UNSPECIFIED.);
#61=B_SPLINE_SURFACE_WITH_KNOTS('',3,3,((#6425,#6426,#6427,#6428,#6429,
#6430,#6431,#6432,#6433,#6434,#6435,#6436,#6437,#6438,#6439,#6440,#6441,
#6442,#6443,#6444,#6445,#6446,#6447,#6448,#6449,#6450,#6451,#6452,#6453,
#6454,#6455,#6456,#6457,#6458,#6459),(#6460,#6461,#6462,#6463,#6464,#6465,
#6466,#6467,#6468,#6469,#6470,#6471,#6472,#6473,#6474,#6475,#6476,#6477,
#6478,#6479,#6480,#6481,#6482,#6483,#6484,#6485,#6486,#6487,#6488,#6489,
#6490,#6491,#6492,#6493,#6494),(#6495,#6496,#6497,#6498,#6499,#6500,#6501,
#6502,#6503,#6504,#6505,#6506,#6507,#6508,#6509,#6510,#6511,#6512,#6513,
#6514,#6515,#6516,#6517,#6518,#6519,#6520,#6521,#6522,#6523,#6524,#6525,
#6526,#6527,#6528,#6529),(#6530,#6531,#6532,#6533,#6534,#6535,#6536,#6537,
#6538,#6539,#6540,#6541,#6542,#6543,#6544,#6545,#6546,#6547,#6548,#6549,
#6550,#6551,#6552,#6553,#6554,#6555,#6556,#6557,#6558,#6559,#6560,#6561,
#6562,#6563,#6564)),.UNSPECIFIED.,.F.,.F.,.F.,(4,4),(4,1,2,1,1,1,1,1,1,
2,1,1,2,2,1,1,2,1,1,1,1,2,1,1,2,4),(0.,0.476062473547054),(-16.4354042985183,
-16.1904133703414,-16.1087497276158,-16.1001629991181,-16.0915762706205,
-16.0744028136253,-16.0400558996349,-15.9713620716539,-15.8339744156921,
-15.5591991037685,-15.4220420060582,-15.2848849083479,-15.0105707129274,
-14.4764744253347,-14.3470756010967,-14.2176767768587,-13.9588791283827,
-13.9265448908837,-13.8942106533848,-13.8295421783869,-13.7002052283911,
-13.4415313283995,-13.3759489996032,-13.3103666708068,-12.9168726980286,
-12.8395257389322),.UNSPECIFIED.);
#62=B_SPLINE_SURFACE_WITH_KNOTS('',3,3,((#6576,#6577,#6578,#6579,#6580,
#6581,#6582,#6583,#6584,#6585,#6586,#6587,#6588,#6589,#6590,#6591,#6592,
#6593,#6594,#6595,#6596,#6597,#6598,#6599,#6600,#6601,#6602,#6603,#6604,
#6605,#6606,#6607,#6608,#6609,#6610,#6611,#6612,#6613,#6614,#6615,#6616,
#6617),(#6618,#6619,#6620,#6621,#6622,#6623,#6624,#6625,#6626,#6627,#6628,
#6629,#6630,#6631,#6632,#6633,#6634,#6635,#6636,#6637,#6638,#6639,#6640,
#6641,#6642,#6643,#6644,#6645,#6646,#6647,#6648,#6649,#6650,#6651,#6652,
#6653,#6654,#6655,#6656,#6657,#6658,#6659),(#6660,#6661,#6662,#6663,#6664,
#6665,#6666,#6667,#6668,#6669,#6670,#6671,#6672,#6673,#6674,#6675,#6676,
#6677,#6678,#6679,#6680,#6681,#6682,#6683,#6684,#6685,#6686,#6687,#6688,
#6689,#6690,#6691,#6692,#6693,#6694,#6695,#6696,#6697,#6698,#6699,#6700,
#6701),(#6702,#6703,#6704,#6705,#6706,#6707,#6708,#6709,#6710,#6711,#6712,
#6713,#6714,#6715,#6716,#6717,#6718,#6719,#6720,#6721,#6722,#6723,#6724,
#6725,#6726,#6727,#6728,#6729,#6730,#6731,#6732,#6733,#6734,#6735,#6736,
#6737,#6738,#6739,#6740,#6741,#6742,#6743)),.UNSPECIFIED.,.F.,.F.,.F.,(4,
4),(4,1,1,2,1,1,1,1,1,1,1,1,1,1,1,2,1,1,1,1,1,1,1,1,1,1,1,1,1,1,1,1,2,1,
1,1,4),(0.,0.450117425404208),(-1.34613824165571,-1.22128876330806,-1.19631886763853,
-1.14637907629947,-1.13877924434116,-1.13117941238285,-1.11597974846622,
-1.08558042063297,-1.02478176496646,-0.903184453633447,-0.781587142300434,
-0.766387478383807,-0.751187814467181,-0.720788486633927,-0.690389158800674,
-0.659989830967421,-0.644935867512685,-0.629881904057948,-0.599773977148476,
-0.539558123329531,-0.419126415691642,-0.358910561872698,-0.328802634963225,
-0.298694708053753,-0.268586781144281,-0.238478854234808,-0.223424890780072,
-0.208370927325336,-0.200843945597968,-0.1933169638706,-0.185789982143232,
-0.182026491279548,-0.178263000415864,-0.15471336518546,-0.131163729955057,
-0.0840644594942504,0.0101340814273629),.UNSPECIFIED.);
#63=B_SPLINE_SURFACE_WITH_KNOTS('',3,3,((#6842,#6843,#6844,#6845,#6846,
#6847,#6848,#6849,#6850,#6851,#6852,#6853,#6854,#6855,#6856,#6857,#6858,
#6859,#6860,#6861),(#6862,#6863,#6864,#6865,#6866,#6867,#6868,#6869,#6870,
#6871,#6872,#6873,#6874,#6875,#6876,#6877,#6878,#6879,#6880,#6881),(#6882,
#6883,#6884,#6885,#6886,#6887,#6888,#6889,#6890,#6891,#6892,#6893,#6894,
#6895,#6896,#6897,#6898,#6899,#6900,#6901),(#6902,#6903,#6904,#6905,#6906,
#6907,#6908,#6909,#6910,#6911,#6912,#6913,#6914,#6915,#6916,#6917,#6918,
#6919,#6920,#6921),(#6922,#6923,#6924,#6925,#6926,#6927,#6928,#6929,#6930,
#6931,#6932,#6933,#6934,#6935,#6936,#6937,#6938,#6939,#6940,#6941),(#6942,
#6943,#6944,#6945,#6946,#6947,#6948,#6949,#6950,#6951,#6952,#6953,#6954,
#6955,#6956,#6957,#6958,#6959,#6960,#6961)),.UNSPECIFIED.,.F.,.F.,.F.,(4,
1,1,4),(4,1,1,1,1,1,1,1,1,1,1,1,1,1,1,1,1,4),(0.,0.285714285714286,0.571428571428571,
1.),(0.,1.01892987497566,2.03785974995132,4.07571949990263,5.43429266653684,
5.7739359581954,6.11357924985395,6.4532225415125,6.79286583317106,7.13250912482961,
7.47215241648816,8.15143899980527,9.17036887478092,10.1892987497566,11.2082286247322,
12.2271584997079,13.2460883746836,14.2650182496592),.UNSPECIFIED.);
#64=B_SPLINE_SURFACE_WITH_KNOTS('',3,3,((#6979,#6980,#6981,#6982,#6983,
#6984,#6985,#6986,#6987,#6988,#6989,#6990,#6991,#6992,#6993,#6994,#6995,
#6996,#6997,#6998,#6999,#7000,#7001,#7002,#7003,#7004,#7005,#7006,#7007,
#7008,#7009,#7010,#7011,#7012,#7013,#7014,#7015,#7016,#7017,#7018,#7019,
#7020,#7021,#7022,#7023,#7024,#7025,#7026),(#7027,#7028,#7029,#7030,#7031,
#7032,#7033,#7034,#7035,#7036,#7037,#7038,#7039,#7040,#7041,#7042,#7043,
#7044,#7045,#7046,#7047,#7048,#7049,#7050,#7051,#7052,#7053,#7054,#7055,
#7056,#7057,#7058,#7059,#7060,#7061,#7062,#7063,#7064,#7065,#7066,#7067,
#7068,#7069,#7070,#7071,#7072,#7073,#7074),(#7075,#7076,#7077,#7078,#7079,
#7080,#7081,#7082,#7083,#7084,#7085,#7086,#7087,#7088,#7089,#7090,#7091,
#7092,#7093,#7094,#7095,#7096,#7097,#7098,#7099,#7100,#7101,#7102,#7103,
#7104,#7105,#7106,#7107,#7108,#7109,#7110,#7111,#7112,#7113,#7114,#7115,
#7116,#7117,#7118,#7119,#7120,#7121,#7122),(#7123,#7124,#7125,#7126,#7127,
#7128,#7129,#7130,#7131,#7132,#7133,#7134,#7135,#7136,#7137,#7138,#7139,
#7140,#7141,#7142,#7143,#7144,#7145,#7146,#7147,#7148,#7149,#7150,#7151,
#7152,#7153,#7154,#7155,#7156,#7157,#7158,#7159,#7160,#7161,#7162,#7163,
#7164,#7165,#7166,#7167,#7168,#7169,#7170)),.UNSPECIFIED.,.F.,.F.,.F.,(4,
4),(4,1,1,1,1,1,1,1,1,2,1,1,1,1,1,1,1,1,2,1,1,1,1,1,1,1,1,1,1,1,1,1,1,1,
1,2,1,1,1,1,1,1,4),(0.,0.465616435839722),(-1.6333204590495,-1.52471912049703,
-1.41611778194456,-1.40933019828503,-1.4025426146255,-1.38896744730644,
-1.36181711266832,-1.30751644339209,-1.25321577411585,-1.19891510483962,
-1.19095055510605,-1.18298600537248,-1.16705690590533,-1.13519870697105,
-1.07148230910247,-0.944049513365331,-0.816616717628188,-0.752900319759616,
-0.689183921891045,-0.62698779176656,-0.564791661642076,-0.502595531517592,
-0.440399401393107,-0.378203271268623,-0.347105206206381,-0.316007141144139,
-0.284909076081896,-0.253811011019654,-0.222712945957412,-0.214938429691852,
-0.211051171559071,-0.209107542492681,-0.207163913426291,-0.19938939716073,
-0.19550213902795,-0.19161488089517,-0.185626915867196,-0.179638950839222,
-0.167663020783274,-0.155687090727326,-0.143711160671377,-0.0958074404475849,
0.),.UNSPECIFIED.);
#65=B_SPLINE_SURFACE_WITH_KNOTS('',3,1,((#7186,#7187),(#7188,#7189),(#7190,
#7191),(#7192,#7193),(#7194,#7195),(#7196,#7197),(#7198,#7199),(#7200,#7201),
(#7202,#7203),(#7204,#7205),(#7206,#7207),(#7208,#7209),(#7210,#7211),(#7212,
#7213),(#7214,#7215),(#7216,#7217),(#7218,#7219),(#7220,#7221),(#7222,#7223),
(#7224,#7225),(#7226,#7227),(#7228,#7229),(#7230,#7231),(#7232,#7233),(#7234,
#7235),(#7236,#7237),(#7238,#7239),(#7240,#7241),(#7242,#7243),(#7244,#7245),
(#7246,#7247),(#7248,#7249),(#7250,#7251),(#7252,#7253),(#7254,#7255),(#7256,
#7257),(#7258,#7259),(#7260,#7261),(#7262,#7263),(#7264,#7265),(#7266,#7267),
(#7268,#7269),(#7270,#7271),(#7272,#7273),(#7274,#7275),(#7276,#7277),(#7278,
#7279),(#7280,#7281),(#7282,#7283),(#7284,#7285),(#7286,#7287),(#7288,#7289),
(#7290,#7291),(#7292,#7293),(#7294,#7295),(#7296,#7297),(#7298,#7299),(#7300,
#7301),(#7302,#7303),(#7304,#7305),(#7306,#7307),(#7308,#7309),(#7310,#7311),
(#7312,#7313),(#7314,#7315),(#7316,#7317),(#7318,#7319),(#7320,#7321),(#7322,
#7323),(#7324,#7325),(#7326,#7327),(#7328,#7329),(#7330,#7331),(#7332,#7333),
(#7334,#7335),(#7336,#7337),(#7338,#7339),(#7340,#7341),(#7342,#7343),(#7344,
#7345),(#7346,#7347),(#7348,#7349),(#7350,#7351),(#7352,#7353),(#7354,#7355),
(#7356,#7357),(#7358,#7359),(#7360,#7361),(#7362,#7363),(#7364,#7365),(#7366,
#7367),(#7368,#7369),(#7370,#7371),(#7372,#7373),(#7374,#7375),(#7376,#7377),
(#7378,#7379),(#7380,#7381),(#7382,#7383),(#7384,#7385),(#7386,#7387),(#7388,
#7389),(#7390,#7391),(#7392,#7393),(#7394,#7395),(#7396,#7397),(#7398,#7399),
(#7400,#7401),(#7402,#7403),(#7404,#7405),(#7406,#7407),(#7408,#7409),(#7410,
#7411),(#7412,#7413),(#7414,#7415),(#7416,#7417),(#7418,#7419),(#7420,#7421),
(#7422,#7423),(#7424,#7425),(#7426,#7427),(#7428,#7429),(#7430,#7431),(#7432,
#7433),(#7434,#7435),(#7436,#7437),(#7438,#7439),(#7440,#7441),(#7442,#7443),
(#7444,#7445),(#7446,#7447),(#7448,#7449),(#7450,#7451),(#7452,#7453),(#7454,
#7455),(#7456,#7457),(#7458,#7459),(#7460,#7461),(#7462,#7463),(#7464,#7465),
(#7466,#7467),(#7468,#7469),(#7470,#7471),(#7472,#7473),(#7474,#7475),(#7476,
#7477),(#7478,#7479),(#7480,#7481),(#7482,#7483),(#7484,#7485),(#7486,#7487),
(#7488,#7489),(#7490,#7491),(#7492,#7493),(#7494,#7495),(#7496,#7497),(#7498,
#7499),(#7500,#7501),(#7502,#7503),(#7504,#7505),(#7506,#7507),(#7508,#7509),
(#7510,#7511),(#7512,#7513),(#7514,#7515),(#7516,#7517),(#7518,#7519),(#7520,
#7521),(#7522,#7523),(#7524,#7525),(#7526,#7527),(#7528,#7529),(#7530,#7531),
(#7532,#7533),(#7534,#7535),(#7536,#7537),(#7538,#7539),(#7540,#7541),(#7542,
#7543),(#7544,#7545),(#7546,#7547),(#7548,#7549),(#7550,#7551),(#7552,#7553),
(#7554,#7555),(#7556,#7557),(#7558,#7559),(#7560,#7561),(#7562,#7563),(#7564,
#7565),(#7566,#7567),(#7568,#7569),(#7570,#7571),(#7572,#7573),(#7574,#7575),
(#7576,#7577),(#7578,#7579),(#7580,#7581),(#7582,#7583),(#7584,#7585),(#7586,
#7587),(#7588,#7589),(#7590,#7591),(#7592,#7593),(#7594,#7595)),
 .UNSPECIFIED.,.F.,.F.,.F.,(4,3,3,3,3,3,3,3,3,3,3,3,3,3,3,3,3,3,3,3,3,3,
3,3,3,3,3,3,3,3,3,3,3,3,3,3,3,3,3,3,3,3,3,3,3,3,3,3,3,3,3,3,3,3,3,3,3,3,
3,3,3,3,3,3,3,3,3,3,4),(2,2),(576.030493653836,576.096104902184,576.304869726127,
576.455784082421,576.675517134992,576.805820909257,577.074627428019,577.238120943429,
577.521249044509,577.581123522208,577.676955471757,577.868343566362,577.9512453676,
578.065987661724,578.204017221555,578.255409079231,578.288920444164,578.298962052265,
578.334444943843,578.388920138837,578.465111856233,578.584075956086,578.608897061626,
578.672437579227,578.74397465925,578.751435941562,578.755567914651,578.767132253903,
578.77266315808,578.778844681262,578.79067719107,578.805884657082,578.827364935688,
578.871120804656,578.928159334389,578.972655664155,579.018007268268,579.077659638423,
579.133992270245,579.150853535468,579.176932449422,579.195186978442,579.21641085851,
579.238599696183,579.260421762037,579.283939671535,579.297774290548,579.322870002161,
579.361800332787,579.393349084859,579.413211477258,579.434907459445,579.466151918177,
579.472716735168,579.489601978301,579.499367419551,579.502891047441,579.50758443659,
579.509842850514,579.514698762987,579.522178754259,579.522996687477,579.526518099938,
579.528238335235,579.528522333962,579.530633050876,579.53305095457,579.534451585602,
579.537054052874),(0.,4.4),.UNSPECIFIED.);
#66=B_SPLINE_SURFACE_WITH_KNOTS('',3,1,((#7655,#7656),(#7657,#7658),(#7659,
#7660),(#7661,#7662),(#7663,#7664),(#7665,#7666),(#7667,#7668),(#7669,#7670),
(#7671,#7672),(#7673,#7674),(#7675,#7676),(#7677,#7678),(#7679,#7680),(#7681,
#7682),(#7683,#7684),(#7685,#7686),(#7687,#7688),(#7689,#7690),(#7691,#7692),
(#7693,#7694),(#7695,#7696),(#7697,#7698),(#7699,#7700),(#7701,#7702),(#7703,
#7704),(#7705,#7706),(#7707,#7708),(#7709,#7710),(#7711,#7712),(#7713,#7714),
(#7715,#7716)),.UNSPECIFIED.,.F.,.F.,.F.,(4,3,3,3,3,3,3,3,3,3,4),(2,2),
(572.940156755267,573.309354611661,573.751012800169,574.074344063375,574.425740572939,
574.846838544026,575.50172378,575.783739425227,575.821877776337,575.941354131849,
576.030493653836),(0.,4.4),.UNSPECIFIED.);
#67=B_SPLINE_SURFACE_WITH_KNOTS('',3,3,((#7734,#7735,#7736,#7737,#7738,
#7739,#7740,#7741,#7742,#7743,#7744,#7745,#7746,#7747,#7748,#7749,#7750,
#7751,#7752,#7753,#7754,#7755,#7756,#7757,#7758,#7759,#7760,#7761,#7762,
#7763,#7764,#7765,#7766,#7767,#7768,#7769,#7770,#7771,#7772,#7773,#7774,
#7775,#7776,#7777,#7778,#7779,#7780,#7781,#7782,#7783,#7784,#7785,#7786,
#7787,#7788,#7789,#7790,#7791,#7792,#7793,#7794),(#7795,#7796,#7797,#7798,
#7799,#7800,#7801,#7802,#7803,#7804,#7805,#7806,#7807,#7808,#7809,#7810,
#7811,#7812,#7813,#7814,#7815,#7816,#7817,#7818,#7819,#7820,#7821,#7822,
#7823,#7824,#7825,#7826,#7827,#7828,#7829,#7830,#7831,#7832,#7833,#7834,
#7835,#7836,#7837,#7838,#7839,#7840,#7841,#7842,#7843,#7844,#7845,#7846,
#7847,#7848,#7849,#7850,#7851,#7852,#7853,#7854,#7855),(#7856,#7857,#7858,
#7859,#7860,#7861,#7862,#7863,#7864,#7865,#7866,#7867,#7868,#7869,#7870,
#7871,#7872,#7873,#7874,#7875,#7876,#7877,#7878,#7879,#7880,#7881,#7882,
#7883,#7884,#7885,#7886,#7887,#7888,#7889,#7890,#7891,#7892,#7893,#7894,
#7895,#7896,#7897,#7898,#7899,#7900,#7901,#7902,#7903,#7904,#7905,#7906,
#7907,#7908,#7909,#7910,#7911,#7912,#7913,#7914,#7915,#7916),(#7917,#7918,
#7919,#7920,#7921,#7922,#7923,#7924,#7925,#7926,#7927,#7928,#7929,#7930,
#7931,#7932,#7933,#7934,#7935,#7936,#7937,#7938,#7939,#7940,#7941,#7942,
#7943,#7944,#7945,#7946,#7947,#7948,#7949,#7950,#7951,#7952,#7953,#7954,
#7955,#7956,#7957,#7958,#7959,#7960,#7961,#7962,#7963,#7964,#7965,#7966,
#7967,#7968,#7969,#7970,#7971,#7972,#7973,#7974,#7975,#7976,#7977)),
 .UNSPECIFIED.,.F.,.F.,.F.,(4,4),(4,2,2,1,1,1,1,2,1,1,1,1,2,1,1,1,2,1,1,
1,1,1,2,1,1,1,1,1,1,1,1,2,1,1,1,1,2,1,1,1,1,1,1,1,1,2,1,1,1,4),(0.,0.456889811124553),
(-5.60382301363232,-5.02661025872738,-4.42936559262678,-4.35731072451404,
-4.28525585640131,-3.99703638395037,-3.92498151583764,-3.85292664772491,
-3.81543073425112,-3.77793482077734,-3.70294299382977,-3.55295933993464,
-3.25299203214437,-3.17095506658666,-3.08891810102894,-2.76077023879806,
-2.59669630768263,-2.55431172881875,-2.51192714995487,-2.42715799222712,
-2.25761967677161,-2.08808136131611,-1.9185430458606,-1.90910084185296,
-1.89965863784532,-1.88077422983005,-1.84300541379949,-1.76746778173839,
-1.61639251761618,-1.46531725349396,-1.38977962143286,-1.31424198937175,
-1.25542093044259,-1.19659987151344,-1.07895775365513,-0.96131563579682,
-0.84367351793851,-0.835572601123571,-0.827471684308632,-0.811269850678755,
-0.778866183418999,-0.714058848899489,-0.584444179860468,-0.454829510821447,
-0.390022176301936,-0.325214841782425,-0.284562986559622,-0.243911131336819,
-0.162607420891213,0.),.UNSPECIFIED.);
#68=FACE_BOUND('',#181,.T.);
#69=FACE_BOUND('',#182,.T.);
#70=FACE_BOUND('',#183,.T.);
#71=FACE_BOUND('',#184,.T.);
#72=CIRCLE('',#1495,10.5);
#73=CIRCLE('',#1496,10.5);
#74=CIRCLE('',#1497,10.5);
#75=CIRCLE('',#1498,10.5);
#76=CIRCLE('',#1504,145.805473260996);
#77=CIRCLE('',#1505,145.805473260996);
#78=CIRCLE('',#1508,51.5000000000011);
#79=CIRCLE('',#1509,181.50000000012);
#80=CIRCLE('',#1510,152.2);
#81=CIRCLE('',#1511,57.5);
#82=CIRCLE('',#1514,181.50000000012);
#83=CIRCLE('',#1515,51.5000000000011);
#84=CIRCLE('',#1516,57.5);
#85=CIRCLE('',#1517,152.2);
#86=CIRCLE('',#1527,55.5);
#87=CIRCLE('',#1528,55.5);
#88=CIRCLE('',#1532,45.);
#89=CIRCLE('',#1537,181.5);
#90=CIRCLE('',#1538,51.5);
#91=CIRCLE('',#1539,6.);
#92=CIRCLE('',#1542,5.99999999999998);
#93=CIRCLE('',#1544,6.);
#94=CIRCLE('',#1545,51.5);
#95=CIRCLE('',#1546,5.99999999999768);
#96=CIRCLE('',#1547,6.);
#97=CIRCLE('',#1550,181.5);
#98=CIRCLE('',#1553,5.99999999997425);
#99=CIRCLE('',#1558,10.5);
#100=CIRCLE('',#1561,10.5);
#101=CIRCLE('',#1564,10.5);
#102=CIRCLE('',#1567,10.5);
#103=FACE_OUTER_BOUND('',#180,.T.);
#104=FACE_OUTER_BOUND('',#185,.T.);
#105=FACE_OUTER_BOUND('',#186,.T.);
#106=FACE_OUTER_BOUND('',#187,.T.);
#107=FACE_OUTER_BOUND('',#188,.T.);
#108=FACE_OUTER_BOUND('',#189,.T.);
#109=FACE_OUTER_BOUND('',#190,.T.);
#110=FACE_OUTER_BOUND('',#191,.T.);
#111=FACE_OUTER_BOUND('',#192,.T.);
#112=FACE_OUTER_BOUND('',#193,.T.);
#113=FACE_OUTER_BOUND('',#194,.T.);
#114=FACE_OUTER_BOUND('',#195,.T.);
#115=FACE_OUTER_BOUND('',#196,.T.);
#116=FACE_OUTER_BOUND('',#197,.T.);
#117=FACE_OUTER_BOUND('',#198,.T.);
#118=FACE_OUTER_BOUND('',#199,.T.);
#119=FACE_OUTER_BOUND('',#200,.T.);
#120=FACE_OUTER_BOUND('',#201,.T.);
#121=FACE_OUTER_BOUND('',#202,.T.);
#122=FACE_OUTER_BOUND('',#203,.T.);
#123=FACE_OUTER_BOUND('',#204,.T.);
#124=FACE_OUTER_BOUND('',#205,.T.);
#125=FACE_OUTER_BOUND('',#206,.T.);
#126=FACE_OUTER_BOUND('',#207,.T.);
#127=FACE_OUTER_BOUND('',#208,.T.);
#128=FACE_OUTER_BOUND('',#209,.T.);
#129=FACE_OUTER_BOUND('',#210,.T.);
#130=FACE_OUTER_BOUND('',#211,.T.);
#131=FACE_OUTER_BOUND('',#212,.T.);
#132=FACE_OUTER_BOUND('',#213,.T.);
#133=FACE_OUTER_BOUND('',#214,.T.);
#134=FACE_OUTER_BOUND('',#215,.T.);
#135=FACE_OUTER_BOUND('',#216,.T.);
#136=FACE_OUTER_BOUND('',#217,.T.);
#137=FACE_OUTER_BOUND('',#218,.T.);
#138=FACE_OUTER_BOUND('',#219,.T.);
#139=FACE_OUTER_BOUND('',#220,.T.);
#140=FACE_OUTER_BOUND('',#221,.T.);
#141=FACE_OUTER_BOUND('',#222,.T.);
#142=FACE_OUTER_BOUND('',#223,.T.);
#143=FACE_OUTER_BOUND('',#224,.T.);
#144=FACE_OUTER_BOUND('',#225,.T.);
#145=FACE_OUTER_BOUND('',#226,.T.);
#146=FACE_OUTER_BOUND('',#227,.T.);
#147=FACE_OUTER_BOUND('',#228,.T.);
#148=FACE_OUTER_BOUND('',#229,.T.);
#149=FACE_OUTER_BOUND('',#230,.T.);
#150=FACE_OUTER_BOUND('',#231,.T.);
#151=FACE_OUTER_BOUND('',#232,.T.);
#152=FACE_OUTER_BOUND('',#233,.T.);
#153=FACE_OUTER_BOUND('',#234,.T.);
#154=FACE_OUTER_BOUND('',#235,.T.);
#155=FACE_OUTER_BOUND('',#236,.T.);
#156=FACE_OUTER_BOUND('',#237,.T.);
#157=FACE_OUTER_BOUND('',#238,.T.);
#158=FACE_OUTER_BOUND('',#239,.T.);
#159=FACE_OUTER_BOUND('',#240,.T.);
#160=FACE_OUTER_BOUND('',#241,.T.);
#161=FACE_OUTER_BOUND('',#242,.T.);
#162=FACE_OUTER_BOUND('',#243,.T.);
#163=FACE_OUTER_BOUND('',#244,.T.);
#164=FACE_OUTER_BOUND('',#245,.T.);
#165=FACE_OUTER_BOUND('',#246,.T.);
#166=FACE_OUTER_BOUND('',#247,.T.);
#167=FACE_OUTER_BOUND('',#248,.T.);
#168=FACE_OUTER_BOUND('',#249,.T.);
#169=FACE_OUTER_BOUND('',#250,.T.);
#170=FACE_OUTER_BOUND('',#251,.T.);
#171=FACE_OUTER_BOUND('',#252,.T.);
#172=FACE_OUTER_BOUND('',#253,.T.);
#173=FACE_OUTER_BOUND('',#254,.T.);
#174=FACE_OUTER_BOUND('',#255,.T.);
#175=FACE_OUTER_BOUND('',#256,.T.);
#176=FACE_OUTER_BOUND('',#257,.T.);
#177=FACE_OUTER_BOUND('',#258,.T.);
#178=FACE_OUTER_BOUND('',#259,.T.);
#179=FACE_OUTER_BOUND('',#260,.T.);
#180=EDGE_LOOP('',(#922,#923,#924,#925,#926,#927,#928,#929,#930,#931,#932,
#933,#934,#935,#936,#937,#938,#939,#940,#941,#942,#943));
#181=EDGE_LOOP('',(#944));
#182=EDGE_LOOP('',(#945));
#183=EDGE_LOOP('',(#946));
#184=EDGE_LOOP('',(#947));
#185=EDGE_LOOP('',(#948,#949,#950,#951,#952));
#186=EDGE_LOOP('',(#953,#954,#955,#956));
#187=EDGE_LOOP('',(#957,#958,#959,#960));
#188=EDGE_LOOP('',(#961,#962,#963,#964));
#189=EDGE_LOOP('',(#965,#966,#967,#968));
#190=EDGE_LOOP('',(#969,#970,#971,#972));
#191=EDGE_LOOP('',(#973,#974,#975,#976));
#192=EDGE_LOOP('',(#977,#978,#979,#980));
#193=EDGE_LOOP('',(#981,#982,#983,#984));
#194=EDGE_LOOP('',(#985,#986,#987,#988));
#195=EDGE_LOOP('',(#989,#990,#991,#992));
#196=EDGE_LOOP('',(#993,#994,#995,#996));
#197=EDGE_LOOP('',(#997,#998,#999,#1000));
#198=EDGE_LOOP('',(#1001,#1002,#1003,#1004,#1005));
#199=EDGE_LOOP('',(#1006,#1007,#1008,#1009,#1010));
#200=EDGE_LOOP('',(#1011,#1012,#1013,#1014));
#201=EDGE_LOOP('',(#1015,#1016,#1017,#1018));
#202=EDGE_LOOP('',(#1019,#1020,#1021,#1022));
#203=EDGE_LOOP('',(#1023,#1024,#1025,#1026));
#204=EDGE_LOOP('',(#1027,#1028,#1029,#1030,#1031,#1032,#1033,#1034,#1035,
#1036,#1037,#1038,#1039,#1040,#1041,#1042,#1043,#1044,#1045,#1046,#1047,
#1048));
#205=EDGE_LOOP('',(#1049,#1050,#1051,#1052));
#206=EDGE_LOOP('',(#1053,#1054,#1055,#1056,#1057,#1058,#1059,#1060,#1061,
#1062,#1063,#1064,#1065,#1066,#1067,#1068,#1069,#1070,#1071,#1072));
#207=EDGE_LOOP('',(#1073,#1074,#1075,#1076));
#208=EDGE_LOOP('',(#1077,#1078,#1079,#1080));
#209=EDGE_LOOP('',(#1081,#1082,#1083,#1084));
#210=EDGE_LOOP('',(#1085,#1086,#1087,#1088));
#211=EDGE_LOOP('',(#1089,#1090,#1091,#1092));
#212=EDGE_LOOP('',(#1093,#1094,#1095,#1096));
#213=EDGE_LOOP('',(#1097,#1098,#1099,#1100));
#214=EDGE_LOOP('',(#1101,#1102,#1103,#1104));
#215=EDGE_LOOP('',(#1105,#1106,#1107,#1108));
#216=EDGE_LOOP('',(#1109,#1110,#1111,#1112));
#217=EDGE_LOOP('',(#1113,#1114,#1115,#1116));
#218=EDGE_LOOP('',(#1117,#1118,#1119,#1120));
#219=EDGE_LOOP('',(#1121,#1122,#1123,#1124));
#220=EDGE_LOOP('',(#1125,#1126,#1127,#1128,#1129,#1130,#1131,#1132));
#221=EDGE_LOOP('',(#1133,#1134,#1135,#1136));
#222=EDGE_LOOP('',(#1137,#1138,#1139,#1140,#1141,#1142));
#223=EDGE_LOOP('',(#1143,#1144,#1145,#1146));
#224=EDGE_LOOP('',(#1147,#1148,#1149,#1150));
#225=EDGE_LOOP('',(#1151,#1152,#1153,#1154,#1155,#1156,#1157,#1158));
#226=EDGE_LOOP('',(#1159,#1160,#1161,#1162));
#227=EDGE_LOOP('',(#1163,#1164,#1165,#1166));
#228=EDGE_LOOP('',(#1167,#1168,#1169,#1170,#1171,#1172,#1173,#1174));
#229=EDGE_LOOP('',(#1175,#1176,#1177,#1178,#1179,#1180,#1181,#1182,#1183,
#1184,#1185,#1186,#1187,#1188,#1189,#1190,#1191,#1192,#1193,#1194));
#230=EDGE_LOOP('',(#1195,#1196,#1197,#1198,#1199,#1200));
#231=EDGE_LOOP('',(#1201,#1202,#1203,#1204));
#232=EDGE_LOOP('',(#1205,#1206,#1207,#1208));
#233=EDGE_LOOP('',(#1209,#1210,#1211,#1212,#1213,#1214,#1215,#1216,#1217));
#234=EDGE_LOOP('',(#1218,#1219,#1220,#1221,#1222,#1223,#1224));
#235=EDGE_LOOP('',(#1225,#1226,#1227,#1228,#1229,#1230,#1231,#1232,#1233,
#1234,#1235,#1236,#1237));
#236=EDGE_LOOP('',(#1238,#1239,#1240,#1241,#1242,#1243,#1244,#1245,#1246,
#1247,#1248,#1249,#1250,#1251));
#237=EDGE_LOOP('',(#1252,#1253,#1254));
#238=EDGE_LOOP('',(#1255,#1256,#1257));
#239=EDGE_LOOP('',(#1258,#1259,#1260,#1261,#1262,#1263,#1264,#1265));
#240=EDGE_LOOP('',(#1266,#1267,#1268,#1269));
#241=EDGE_LOOP('',(#1270,#1271,#1272,#1273,#1274,#1275,#1276,#1277,#1278,
#1279,#1280,#1281,#1282,#1283,#1284,#1285));
#242=EDGE_LOOP('',(#1286,#1287,#1288,#1289,#1290,#1291,#1292,#1293));
#243=EDGE_LOOP('',(#1294,#1295,#1296,#1297,#1298));
#244=EDGE_LOOP('',(#1299,#1300,#1301,#1302,#1303,#1304,#1305,#1306,#1307,
#1308,#1309));
#245=EDGE_LOOP('',(#1310,#1311,#1312,#1313,#1314,#1315,#1316,#1317,#1318));
#246=EDGE_LOOP('',(#1319,#1320,#1321,#1322,#1323));
#247=EDGE_LOOP('',(#1324,#1325,#1326,#1327));
#248=EDGE_LOOP('',(#1328,#1329,#1330,#1331));
#249=EDGE_LOOP('',(#1332,#1333,#1334,#1335));
#250=EDGE_LOOP('',(#1336,#1337,#1338,#1339,#1340,#1341,#1342,#1343,#1344,
#1345,#1346,#1347,#1348));
#251=EDGE_LOOP('',(#1349,#1350,#1351,#1352,#1353,#1354,#1355));
#252=EDGE_LOOP('',(#1356,#1357));
#253=EDGE_LOOP('',(#1358,#1359,#1360,#1361));
#254=EDGE_LOOP('',(#1362));
#255=EDGE_LOOP('',(#1363,#1364,#1365,#1366));
#256=EDGE_LOOP('',(#1367));
#257=EDGE_LOOP('',(#1368,#1369,#1370,#1371));
#258=EDGE_LOOP('',(#1372));
#259=EDGE_LOOP('',(#1373,#1374,#1375,#1376));
#260=EDGE_LOOP('',(#1377));
#261=ELLIPSE('',#1494,13.7001882449265,7.28818491404418);
#262=ELLIPSE('',#1501,13.7001882449265,7.28818491404418);
#263=LINE('',#1824,#344);
#264=LINE('',#2169,#345);
#265=LINE('',#2265,#346);
#266=LINE('',#2346,#347);
#267=LINE('',#2348,#348);
#268=LINE('',#2689,#349);
#269=LINE('',#2690,#350);
#270=LINE('',#2706,#351);
#271=LINE('',#2715,#352);
#272=LINE('',#2718,#353);
#273=LINE('',#2719,#354);
#274=LINE('',#2742,#355);
#275=LINE('',#2765,#356);
#276=LINE('',#2774,#357);
#277=LINE('',#2806,#358);
#278=LINE('',#2838,#359);
#279=LINE('',#2879,#360);
#280=LINE('',#3712,#361);
#281=LINE('',#3715,#362);
#282=LINE('',#3761,#363);
#283=LINE('',#3779,#364);
#284=LINE('',#3820,#365);
#285=LINE('',#3874,#366);
#286=LINE('',#3943,#367);
#287=LINE('',#3951,#368);
#288=LINE('',#3986,#369);
#289=LINE('',#4080,#370);
#290=LINE('',#4092,#371);
#291=LINE('',#4100,#372);
#292=LINE('',#4109,#373);
#293=LINE('',#4113,#374);
#294=LINE('',#4117,#375);
#295=LINE('',#4153,#376);
#296=LINE('',#4154,#377);
#297=LINE('',#4156,#378);
#298=LINE('',#4166,#379);
#299=LINE('',#4186,#380);
#300=LINE('',#4187,#381);
#301=LINE('',#4191,#382);
#302=LINE('',#4195,#383);
#303=LINE('',#4199,#384);
#304=LINE('',#4213,#385);
#305=LINE('',#4238,#386);
#306=LINE('',#4250,#387);
#307=LINE('',#4251,#388);
#308=LINE('',#4253,#389);
#309=LINE('',#4255,#390);
#310=LINE('',#4265,#391);
#311=LINE('',#4297,#392);
#312=LINE('',#4332,#393);
#313=LINE('',#4370,#394);
#314=LINE('',#4957,#395);
#315=LINE('',#5246,#396);
#316=LINE('',#5247,#397);
#317=LINE('',#5249,#398);
#318=LINE('',#5251,#399);
#319=LINE('',#5253,#400);
#320=LINE('',#5268,#401);
#321=LINE('',#5278,#402);
#322=LINE('',#5286,#403);
#323=LINE('',#5288,#404);
#324=LINE('',#5294,#405);
#325=LINE('',#5396,#406);
#326=LINE('',#5406,#407);
#327=LINE('',#5427,#408);
#328=LINE('',#5544,#409);
#329=LINE('',#5597,#410);
#330=LINE('',#5738,#411);
#331=LINE('',#5742,#412);
#332=LINE('',#5782,#413);
#333=LINE('',#5804,#414);
#334=LINE('',#5807,#415);
#335=LINE('',#5816,#416);
#336=LINE('',#5881,#417);
#337=LINE('',#7596,#418);
#338=LINE('',#7717,#419);
#339=LINE('',#7730,#420);
#340=LINE('',#7982,#421);
#341=LINE('',#7987,#422);
#342=LINE('',#7992,#423);
#343=LINE('',#7997,#424);
#344=VECTOR('',#1573,10.);
#345=VECTOR('',#1576,10.);
#346=VECTOR('',#1577,10.);
#347=VECTOR('',#1578,10.);
#348=VECTOR('',#1579,10.);
#349=VECTOR('',#1590,10.);
#350=VECTOR('',#1591,10.);
#351=VECTOR('',#1592,10.);
#352=VECTOR('',#1593,10.);
#353=VECTOR('',#1596,10.);
#354=VECTOR('',#1597,10.);
#355=VECTOR('',#1598,10.);
#356=VECTOR('',#1599,10.);
#357=VECTOR('',#1602,10.);
#358=VECTOR('',#1603,10.);
#359=VECTOR('',#1604,10.);
#360=VECTOR('',#1605,10.);
#361=VECTOR('',#1606,10.);
#362=VECTOR('',#1609,10.);
#363=VECTOR('',#1610,10.);
#364=VECTOR('',#1611,10.);
#365=VECTOR('',#1612,10.);
#366=VECTOR('',#1613,10.);
#367=VECTOR('',#1614,10.);
#368=VECTOR('',#1615,10.);
#369=VECTOR('',#1616,10.);
#370=VECTOR('',#1621,10.);
#371=VECTOR('',#1626,10.);
#372=VECTOR('',#1627,10.);
#373=VECTOR('',#1630,10.);
#374=VECTOR('',#1633,10.);
#375=VECTOR('',#1636,10.);
#376=VECTOR('',#1639,10.);
#377=VECTOR('',#1640,10.);
#378=VECTOR('',#1641,10.);
#379=VECTOR('',#1644,10.);
#380=VECTOR('',#1647,10.);
#381=VECTOR('',#1648,10.);
#382=VECTOR('',#1651,10.);
#383=VECTOR('',#1654,10.);
#384=VECTOR('',#1657,10.);
#385=VECTOR('',#1660,10.);
#386=VECTOR('',#1665,10.);
#387=VECTOR('',#1668,10.);
#388=VECTOR('',#1669,10.);
#389=VECTOR('',#1672,10.);
#390=VECTOR('',#1675,10.);
#391=VECTOR('',#1676,10.);
#392=VECTOR('',#1677,10.);
#393=VECTOR('',#1678,10.);
#394=VECTOR('',#1679,10.);
#395=VECTOR('',#1680,10.);
#396=VECTOR('',#1683,10.);
#397=VECTOR('',#1684,10.);
#398=VECTOR('',#1687,10.);
#399=VECTOR('',#1690,10.);
#400=VECTOR('',#1693,10.);
#401=VECTOR('',#1694,10.);
#402=VECTOR('',#1701,10.);
#403=VECTOR('',#1704,10.);
#404=VECTOR('',#1705,10.);
#405=VECTOR('',#1706,10.);
#406=VECTOR('',#1707,10.);
#407=VECTOR('',#1710,10.);
#408=VECTOR('',#1711,10.);
#409=VECTOR('',#1712,10.);
#410=VECTOR('',#1713,10.);
#411=VECTOR('',#1716,10.);
#412=VECTOR('',#1719,10.);
#413=VECTOR('',#1726,10.);
#414=VECTOR('',#1727,10.);
#415=VECTOR('',#1730,10.);
#416=VECTOR('',#1733,10.);
#417=VECTOR('',#1736,10.);
#418=VECTOR('',#1757,10.);
#419=VECTOR('',#1758,10.);
#420=VECTOR('',#1765,10.);
#421=VECTOR('',#1778,10.);
#422=VECTOR('',#1785,10.);
#423=VECTOR('',#1792,10.);
#424=VECTOR('',#1799,10.);
#425=B_SPLINE_CURVE_WITH_KNOTS('',3,(#1808,#1809,#1810,#1811),
 .UNSPECIFIED.,.F.,.F.,(4,4),(-0.0917135215186043,0.),.UNSPECIFIED.);
#426=B_SPLINE_CURVE_WITH_KNOTS('',3,(#1813,#1814,#1815,#1816,#1817,#1818,
#1819,#1820,#1821,#1822),.UNSPECIFIED.,.F.,.F.,(4,2,2,2,4),(-0.852100482940355,
-0.651671585558778,-0.452235571534822,-0.226394562944218,0.),
 .UNSPECIFIED.);
#427=B_SPLINE_CURVE_WITH_KNOTS('',3,(#1826,#1827,#1828,#1829,#1830,#1831,
#1832,#1833,#1834,#1835),.UNSPECIFIED.,.F.,.F.,(4,2,2,2,4),(-0.860019279536532,
-0.651493047382375,-0.441150838058134,-0.220517723501231,0.),
 .UNSPECIFIED.);
#428=B_SPLINE_CURVE_WITH_KNOTS('',3,(#1837,#1838,#1839,#1840,#1841,#1842,
#1843),.UNSPECIFIED.,.F.,.F.,(4,3,4),(-0.0752135154418428,-0.0644751120869537,
0.),.UNSPECIFIED.);
#429=B_SPLINE_CURVE_WITH_KNOTS('',3,(#1847,#1848,#1849,#1850,#1851,#1852,
#1853,#1854,#1855,#1856),.UNSPECIFIED.,.F.,.F.,(4,3,3,4),(-0.406765387699001,
-0.255605188369835,-0.0773574340663728,0.),.UNSPECIFIED.);
#430=B_SPLINE_CURVE_WITH_KNOTS('',3,(#1858,#1859,#1860,#1861,#1862,#1863,
#1864,#1865,#1866,#1867),.UNSPECIFIED.,.F.,.F.,(4,3,3,4),(-0.433065569119925,
-0.363917384225348,-0.13455632765449,5.55111512312578E-17),
 .UNSPECIFIED.);
#431=B_SPLINE_CURVE_WITH_KNOTS('',3,(#1869,#1870,#1871,#1872,#1873,#1874),
 .UNSPECIFIED.,.F.,.F.,(4,2,4),(-0.268506796667498,-0.125872935026146,0.),
 .UNSPECIFIED.);
#432=B_SPLINE_CURVE_WITH_KNOTS('',3,(#1876,#1877,#1878,#1879,#1880,#1881,
#1882,#1883,#1884,#1885,#1886,#1887,#1888,#1889,#1890,#1891,#1892,#1893,
#1894,#1895,#1896,#1897,#1898,#1899,#1900,#1901,#1902,#1903,#1904,#1905,
#1906,#1907,#1908,#1909,#1910,#1911,#1912,#1913,#1914,#1915,#1916,#1917,
#1918,#1919,#1920,#1921,#1922,#1923,#1924,#1925,#1926,#1927,#1928,#1929,
#1930,#1931,#1932,#1933,#1934,#1935,#1936,#1937,#1938,#1939,#1940,#1941,
#1942,#1943,#1944,#1945,#1946,#1947,#1948,#1949,#1950,#1951,#1952,#1953,
#1954,#1955,#1956,#1957,#1958,#1959,#1960,#1961,#1962,#1963,#1964,#1965,
#1966,#1967,#1968,#1969,#1970,#1971,#1972,#1973,#1974,#1975,#1976,#1977,
#1978,#1979,#1980,#1981,#1982,#1983,#1984,#1985,#1986,#1987,#1988,#1989,
#1990,#1991,#1992,#1993,#1994,#1995,#1996,#1997,#1998,#1999,#2000,#2001,
#2002,#2003,#2004,#2005,#2006,#2007,#2008,#2009,#2010,#2011,#2012,#2013,
#2014,#2015,#2016,#2017,#2018,#2019,#2020,#2021,#2022,#2023,#2024,#2025,
#2026,#2027,#2028,#2029,#2030,#2031,#2032,#2033,#2034,#2035,#2036,#2037,
#2038,#2039,#2040,#2041,#2042,#2043,#2044,#2045,#2046,#2047,#2048,#2049,
#2050,#2051,#2052,#2053,#2054,#2055,#2056,#2057,#2058,#2059,#2060,#2061,
#2062,#2063,#2064,#2065,#2066,#2067,#2068,#2069,#2070,#2071,#2072,#2073,
#2074,#2075,#2076,#2077,#2078,#2079,#2080,#2081,#2082,#2083,#2084,#2085,
#2086,#2087,#2088,#2089,#2090,#2091,#2092,#2093,#2094,#2095,#2096,#2097,
#2098,#2099,#2100,#2101,#2102,#2103,#2104,#2105,#2106,#2107,#2108,#2109,
#2110,#2111,#2112,#2113,#2114,#2115,#2116,#2117,#2118,#2119,#2120,#2121,
#2122,#2123,#2124,#2125,#2126,#2127,#2128,#2129,#2130,#2131,#2132,#2133,
#2134,#2135,#2136,#2137,#2138,#2139,#2140,#2141,#2142,#2143,#2144,#2145,
#2146,#2147,#2148,#2149,#2150,#2151,#2152,#2153,#2154,#2155,#2156,#2157,
#2158,#2159,#2160,#2161,#2162,#2163,#2164,#2165,#2166,#2167),
 .UNSPECIFIED.,.F.,.F.,(4,3,3,3,3,3,3,3,3,3,3,3,3,3,3,3,3,3,3,3,3,3,3,3,
3,3,3,3,3,3,3,3,3,3,3,3,3,3,3,3,3,3,3,3,3,3,3,3,3,3,3,3,3,3,3,3,3,3,3,3,
3,3,3,3,3,3,3,3,3,3,3,3,3,3,3,3,3,3,3,3,3,3,3,3,3,3,3,3,3,3,3,3,3,3,3,3,
3,4),(-39.8474264641568,-37.7038670441006,-36.3469680494673,-35.7736780666174,
-35.5603076240445,-35.0530168636828,-33.9117764778734,-33.17773091508,-32.7705360920639,
-32.1489840116371,-31.5804502177199,-31.1244475291955,-30.8037868491366,
-30.5997475105471,-29.8851508326366,-28.9327549381606,-28.4979007509027,
-28.0537869750041,-27.5290472036924,-26.9710236621556,-26.2415454713163,
-25.9268476162671,-25.7307162422729,-25.3577493667151,-24.4687854526959,
-24.1249373128386,-23.6440843336092,-22.7466179281643,-21.9928003158653,
-21.7103275871792,-21.5487762500522,-21.2514962640678,-20.5563456770177,
-20.0250121136826,-19.3910030000077,-18.9502556789511,-18.2571549017917,
-18.0983095313766,-17.4276951092356,-16.8514385508022,-16.600957107811,
-16.2063708751572,-15.8895298050869,-15.4375396490718,-15.2104374290668,
-14.8447737364823,-14.7069432786691,-14.6642639145346,-14.4083301066273,
-14.2229980767197,-14.0076670616806,-13.759074444524,-13.6119212768363,
-13.2489031857766,-13.0228789794047,-12.7706264513218,-12.6575570861249,
-12.6208645270869,-12.4832938680272,-12.2760485990933,-12.0688033301594,
-11.9602564114057,-11.7898263982281,-11.5034506762013,-11.2455525328831,
-11.0051962068506,-10.612569157993,-10.3828653259452,-10.1150707678464,
-9.8532899302177,-9.75877065095361,-9.37331930300983,-9.10993843406829,
-8.90433457445156,-8.86137032658501,-8.57317960029629,-8.38708367160296,
-8.09889279939494,-7.99201624316085,-7.75098680843593,-7.55344919079587,
-7.23988556084763,-6.93741428853791,-6.74875962397163,-6.55024441557858,
-6.28226930727763,-5.8589021090881,-5.24375138735238,-4.42913898807575,
-4.13496241042319,-3.1508876176025,-2.35808813204275,-2.21042877071697,
-1.42025529481155,-1.02516855685884,-0.738976123129953,-0.630081818906128,
0.),.UNSPECIFIED.);
#433=B_SPLINE_CURVE_WITH_KNOTS('',3,(#2171,#2172,#2173,#2174,#2175,#2176,
#2177,#2178,#2179,#2180,#2181,#2182,#2183,#2184,#2185,#2186,#2187,#2188,
#2189,#2190,#2191,#2192),.UNSPECIFIED.,.F.,.F.,(4,3,3,3,3,3,3,4),(-2.00232411322068,
-1.93608173418426,-1.84729510114847,-1.81895329435258,-1.60937860908541,
-1.12271281753153,-0.809781686756799,-0.789838278285155),.UNSPECIFIED.);
#434=B_SPLINE_CURVE_WITH_KNOTS('',3,(#2194,#2195,#2196,#2197,#2198,#2199,
#2200,#2201,#2202,#2203,#2204,#2205,#2206,#2207,#2208,#2209,#2210,#2211,
#2212,#2213,#2214,#2215,#2216,#2217,#2218,#2219,#2220,#2221,#2222,#2223,
#2224,#2225,#2226,#2227,#2228,#2229,#2230,#2231,#2232,#2233,#2234,#2235,
#2236,#2237,#2238,#2239,#2240,#2241,#2242,#2243,#2244,#2245,#2246,#2247,
#2248,#2249,#2250,#2251,#2252,#2253,#2254,#2255,#2256,#2257,#2258,#2259,
#2260,#2261,#2262,#2263),.UNSPECIFIED.,.F.,.F.,(4,3,3,3,3,3,3,3,3,3,3,3,
3,3,3,3,3,3,3,3,3,3,3,4),(-4.73423569874863,-4.72932931830641,-4.68380223678375,
-4.46559727957664,-4.32584578770129,-4.22592692472351,-4.1608439051584,
-4.14242550272622,-4.08095867399228,-3.9866952943764,-3.73352030937358,
-3.523059023908,-3.37099983955011,-3.01995417917981,-2.844178407527,-2.73435613458675,
-2.21504017912882,-1.91515899162912,-1.4221118034766,-1.18310751964269,
-0.780071297853011,-0.50326291029816,-0.120344706140313,0.),
 .UNSPECIFIED.);
#435=B_SPLINE_CURVE_WITH_KNOTS('',3,(#2267,#2268,#2269,#2270,#2271,#2272,
#2273,#2274,#2275,#2276,#2277,#2278,#2279,#2280,#2281,#2282,#2283,#2284,
#2285,#2286,#2287,#2288,#2289,#2290,#2291,#2292,#2293,#2294,#2295,#2296,
#2297,#2298,#2299,#2300,#2301,#2302,#2303,#2304,#2305,#2306,#2307,#2308,
#2309,#2310,#2311,#2312),.UNSPECIFIED.,.F.,.F.,(4,3,3,3,3,3,3,3,3,3,3,3,
3,3,3,4),(-13.2445293244762,-12.6666277662313,-12.3556048903372,-11.8186873554232,
-11.3499834426497,-11.2869189388947,-10.904925025311,-10.1229633191576,
-9.94133379920705,-8.28033361777639,-7.20203403085257,-6.70053265192407,
-5.65832284919757,-4.87586918702489,-2.70736402458327,-0.0546869028440167),
 .UNSPECIFIED.);
#436=B_SPLINE_CURVE_WITH_KNOTS('',3,(#2314,#2315,#2316,#2317,#2318,#2319,
#2320,#2321,#2322,#2323,#2324,#2325,#2326,#2327,#2328,#2329,#2330,#2331,
#2332,#2333,#2334,#2335,#2336,#2337,#2338,#2339,#2340,#2341,#2342,#2343,
#2344),.UNSPECIFIED.,.F.,.F.,(4,3,3,3,3,3,3,3,3,3,4),(-1.15332124966011,
-1.05778192689848,-0.905292843520717,-0.773404347549203,-0.681137777316818,
-0.65339474483455,-0.575269900196867,-0.367343945867655,-0.272809899249179,
-0.0889650748394696,0.),.UNSPECIFIED.);
#437=B_SPLINE_CURVE_WITH_KNOTS('',3,(#2350,#2351,#2352,#2353,#2354,#2355,
#2356,#2357,#2358,#2359,#2360,#2361,#2362,#2363,#2364,#2365,#2366,#2367,
#2368,#2369,#2370,#2371,#2372,#2373,#2374,#2375,#2376,#2377,#2378,#2379,
#2380,#2381,#2382,#2383,#2384,#2385,#2386,#2387,#2388,#2389,#2390,#2391,
#2392,#2393,#2394,#2395,#2396,#2397,#2398,#2399,#2400,#2401,#2402,#2403,
#2404,#2405,#2406,#2407,#2408,#2409,#2410,#2411,#2412,#2413,#2414,#2415,
#2416,#2417,#2418,#2419,#2420,#2421,#2422,#2423,#2424,#2425,#2426,#2427,
#2428,#2429,#2430,#2431,#2432,#2433,#2434,#2435,#2436,#2437,#2438,#2439,
#2440,#2441,#2442,#2443,#2444,#2445,#2446,#2447,#2448,#2449,#2450,#2451,
#2452,#2453,#2454,#2455,#2456,#2457,#2458,#2459,#2460,#2461,#2462,#2463,
#2464,#2465,#2466,#2467,#2468,#2469,#2470,#2471,#2472,#2473,#2474,#2475,
#2476,#2477,#2478,#2479,#2480,#2481,#2482,#2483,#2484,#2485,#2486,#2487,
#2488,#2489,#2490,#2491,#2492,#2493,#2494,#2495,#2496,#2497,#2498,#2499,
#2500,#2501,#2502,#2503,#2504,#2505,#2506,#2507,#2508,#2509,#2510,#2511,
#2512,#2513,#2514,#2515,#2516,#2517,#2518,#2519,#2520,#2521,#2522,#2523,
#2524,#2525,#2526,#2527,#2528,#2529,#2530,#2531,#2532,#2533,#2534,#2535,
#2536,#2537,#2538,#2539,#2540,#2541,#2542,#2543,#2544,#2545,#2546,#2547,
#2548,#2549,#2550,#2551,#2552,#2553,#2554,#2555,#2556,#2557,#2558,#2559,
#2560,#2561,#2562,#2563,#2564,#2565,#2566,#2567,#2568,#2569,#2570,#2571,
#2572,#2573,#2574,#2575,#2576,#2577,#2578,#2579,#2580,#2581,#2582,#2583,
#2584,#2585,#2586,#2587,#2588,#2589,#2590,#2591,#2592,#2593,#2594,#2595,
#2596,#2597,#2598,#2599,#2600,#2601,#2602,#2603,#2604,#2605,#2606,#2607,
#2608,#2609,#2610,#2611,#2612,#2613,#2614,#2615,#2616,#2617,#2618,#2619,
#2620,#2621,#2622,#2623,#2624,#2625,#2626,#2627,#2628,#2629,#2630,#2631,
#2632,#2633,#2634,#2635),.UNSPECIFIED.,.F.,.F.,(4,3,3,3,3,3,3,3,3,3,3,3,
3,3,3,3,3,3,3,3,3,3,3,3,3,3,3,3,3,3,3,3,3,3,3,3,3,3,3,3,3,3,3,3,3,3,3,3,
3,3,3,3,3,3,3,3,3,3,3,3,3,3,3,3,3,3,3,3,3,3,3,3,3,3,3,3,3,3,3,3,3,3,3,3,
3,3,3,3,3,3,3,3,3,3,3,4),(-7.16148617609043,-7.1366881245218,-7.10048197382918,
-7.0294126077086,-6.97365605071395,-6.89443538441728,-6.83346055293803,
-6.74450646396345,-6.74077281364301,-6.68665625904288,-6.6115482184176,
-6.56114856938261,-6.51507100300292,-6.46848698562115,-6.46470369042016,
-6.42713162926836,-6.3547471684722,-6.26158358793589,-6.23469777881226,
-6.17488659376745,-6.09141019563182,-6.02825206153016,-6.01757463949844,
-5.9702721695505,-5.93449689120913,-5.88515760928607,-5.83938571357768,
-5.7759802556489,-5.69786270905612,-5.65680723442717,-5.61362586154565,
-5.50243193159731,-5.44242628753596,-5.4089561094413,-5.40115207143286,
-5.37751407232181,-5.34607203520403,-5.30142103870137,-5.24965790365104,
-5.1849117977496,-5.15956452184781,-5.13053552216018,-5.10840412811367,
-4.9966949615598,-4.86948965046977,-4.68670475404818,-4.50493998707545,
-4.28257976643001,-4.09178179999251,-3.9078541829768,-3.73063839274874,
-3.68173429883476,-3.41294839524999,-3.07526057836464,-2.94918578339673,
-2.62960551559642,-2.60127359972193,-2.08435799074399,-1.91021096190143,
-1.63853884894326,-1.62816363435687,-1.62263273375565,-1.61019220370443,
-1.58779887554133,-1.54743411672579,-1.46670459909472,-1.42227714998861,
-1.41572843370423,-1.38376999265051,-1.34790359165912,-1.30879950926872,
-1.24793055603843,-1.21272569014721,-1.16429340911054,-1.11266016572119,
-1.0665703836784,-1.06276518574678,-1.0306922698598,-0.976902032889401,
-0.911396446705282,-0.848902690422975,-0.817162258864933,-0.767992677947439,
-0.677170414504143,-0.622342344809605,-0.584817110217415,-0.538492838235074,
-0.476405033859488,-0.403652863854158,-0.390046009173532,-0.326975254018449,
-0.22928347739546,-0.125187167931739,-0.0828473907416751,-0.0387612092839503,
0.),.UNSPECIFIED.);
#438=B_SPLINE_CURVE_WITH_KNOTS('',3,(#2637,#2638,#2639,#2640,#2641,#2642,
#2643,#2644,#2645,#2646,#2647,#2648,#2649),.UNSPECIFIED.,.F.,.F.,(4,3,3,
3,4),(-0.254528567743807,-0.244839396286424,-0.173026590760151,-0.0683891047530258,
0.),.UNSPECIFIED.);
#439=B_SPLINE_CURVE_WITH_KNOTS('',3,(#2651,#2652,#2653,#2654,#2655,#2656,
#2657,#2658,#2659,#2660),.UNSPECIFIED.,.F.,.F.,(4,3,3,4),(-0.214138983156647,
-0.157926638778329,-0.0570771697526605,0.),.UNSPECIFIED.);
#440=B_SPLINE_CURVE_WITH_KNOTS('',3,(#2661,#2662,#2663,#2664,#2665,#2666,
#2667,#2668),.UNSPECIFIED.,.F.,.F.,(4,2,2,4),(-0.209387760452236,-0.122189545391728,
-0.0688803569617098,0.),.UNSPECIFIED.);
#441=B_SPLINE_CURVE_WITH_KNOTS('',3,(#2679,#2680,#2681,#2682),
 .UNSPECIFIED.,.F.,.F.,(4,4),(-0.199999999999999,-0.0500000000000003),
 .UNSPECIFIED.);
#442=B_SPLINE_CURVE_WITH_KNOTS('',3,(#2684,#2685,#2686,#2687),
 .UNSPECIFIED.,.F.,.F.,(4,4),(-0.199999999999999,-0.0500000000000003),
 .UNSPECIFIED.);
#443=B_SPLINE_CURVE_WITH_KNOTS('',3,(#2708,#2709,#2710,#2711,#2712,#2713,
#2714),.UNSPECIFIED.,.F.,.F.,(4,3,4),(-0.300560300511966,-0.118820720955486,
0.),.UNSPECIFIED.);
#444=B_SPLINE_CURVE_WITH_KNOTS('',3,(#2735,#2736,#2737,#2738,#2739,#2740,
#2741),.UNSPECIFIED.,.F.,.F.,(4,3,4),(-0.303877009449686,-0.124513203662022,
0.),.UNSPECIFIED.);
#445=B_SPLINE_CURVE_WITH_KNOTS('',3,(#2758,#2759,#2760,#2761,#2762,#2763,
#2764),.UNSPECIFIED.,.F.,.F.,(4,3,4),(-0.345908875400586,-0.225394590781244,
-0.205322799412768),.UNSPECIFIED.);
#446=B_SPLINE_CURVE_WITH_KNOTS('',3,(#2796,#2797,#2798,#2799,#2800,#2801,
#2802,#2803,#2804,#2805),.UNSPECIFIED.,.F.,.F.,(4,3,3,4),(-29.643457127302,
-27.4612852044936,-22.4331033698823,-18.169032995738),.UNSPECIFIED.);
#447=B_SPLINE_CURVE_WITH_KNOTS('',3,(#2828,#2829,#2830,#2831,#2832,#2833,
#2834,#2835,#2836,#2837),.UNSPECIFIED.,.F.,.F.,(4,3,3,4),(-70.6212328796513,
-64.0130765162577,-52.7489929022544,-49.3530766641007),.UNSPECIFIED.);
#448=B_SPLINE_CURVE_WITH_KNOTS('',3,(#2866,#2867,#2868,#2869,#2870,#2871,
#2872,#2873,#2874,#2875,#2876,#2877,#2878),.UNSPECIFIED.,.F.,.F.,(4,3,3,
3,4),(-113.084658887745,-109.936455563409,-105.41459949778,-94.2559959447238,
-92.7231376277178),.UNSPECIFIED.);
#449=B_SPLINE_CURVE_WITH_KNOTS('',3,(#3435,#3436,#3437,#3438,#3439,#3440,
#3441,#3442,#3443,#3444,#3445,#3446,#3447,#3448,#3449,#3450,#3451,#3452,
#3453,#3454,#3455,#3456,#3457,#3458,#3459,#3460,#3461,#3462,#3463,#3464,
#3465,#3466,#3467,#3468,#3469,#3470,#3471,#3472,#3473,#3474,#3475,#3476,
#3477,#3478,#3479,#3480,#3481,#3482,#3483,#3484,#3485,#3486,#3487,#3488,
#3489,#3490,#3491,#3492,#3493,#3494,#3495,#3496,#3497,#3498,#3499,#3500,
#3501,#3502,#3503,#3504,#3505,#3506,#3507,#3508,#3509,#3510,#3511,#3512,
#3513,#3514,#3515,#3516,#3517,#3518,#3519,#3520,#3521,#3522,#3523,#3524,
#3525,#3526,#3527,#3528,#3529,#3530,#3531,#3532,#3533,#3534,#3535,#3536,
#3537,#3538,#3539,#3540,#3541,#3542,#3543,#3544,#3545,#3546,#3547,#3548,
#3549,#3550,#3551,#3552,#3553,#3554,#3555,#3556,#3557,#3558,#3559,#3560,
#3561,#3562,#3563,#3564,#3565,#3566,#3567,#3568,#3569,#3570,#3571,#3572,
#3573,#3574,#3575,#3576,#3577,#3578,#3579,#3580,#3581,#3582,#3583,#3584,
#3585,#3586,#3587,#3588,#3589,#3590,#3591,#3592,#3593,#3594,#3595,#3596,
#3597,#3598,#3599,#3600,#3601,#3602,#3603,#3604,#3605,#3606,#3607,#3608,
#3609,#3610,#3611,#3612,#3613,#3614,#3615,#3616,#3617,#3618,#3619,#3620,
#3621,#3622,#3623,#3624,#3625,#3626,#3627,#3628,#3629,#3630,#3631,#3632,
#3633,#3634,#3635,#3636,#3637,#3638,#3639,#3640,#3641,#3642,#3643,#3644,
#3645,#3646,#3647,#3648,#3649,#3650,#3651,#3652,#3653,#3654,#3655,#3656,
#3657,#3658,#3659,#3660,#3661,#3662,#3663,#3664,#3665,#3666,#3667,#3668,
#3669,#3670,#3671,#3672,#3673,#3674,#3675,#3676,#3677,#3678,#3679,#3680,
#3681,#3682,#3683,#3684,#3685,#3686,#3687,#3688,#3689,#3690,#3691,#3692,
#3693,#3694,#3695,#3696,#3697,#3698,#3699,#3700,#3701,#3702,#3703,#3704,
#3705,#3706,#3707,#3708,#3709,#3710,#3711),.UNSPECIFIED.,.F.,.F.,(4,3,3,
3,3,3,3,3,3,3,3,3,3,3,3,3,3,3,3,3,3,3,3,3,3,3,3,3,3,3,3,3,3,3,3,3,3,3,3,
3,3,3,3,3,3,3,3,3,3,3,3,3,3,3,3,3,3,3,3,3,3,3,3,3,3,3,3,3,3,3,3,3,3,3,3,
3,3,3,3,3,3,3,3,3,3,3,3,3,3,3,3,3,4),(-574.396082849942,-574.029568667291,
-573.725926110101,-573.309513597693,-572.689697536646,-572.166535256855,
-571.354708339328,-570.893651620536,-570.774541330325,-570.343227751006,
-569.944199463951,-569.116036617475,-568.850488095539,-568.325933112886,
-567.469897128443,-566.211986792508,-566.007595366688,-565.096087964401,
-564.623882678128,-564.412257973999,-564.032047765597,-563.798813293418,
-563.519993889101,-563.40071811985,-562.957292066357,-562.501039387309,
-562.176445722398,-562.138811736887,-561.891511326584,-561.398214124329,
-561.090574571177,-560.904916922074,-560.513656119114,-559.437635835472,
-558.641527557602,-558.471728953241,-556.678191978469,-554.392769429125,
-552.910424744405,-552.084385823373,-551.205019306423,-549.763800647935,
-548.958323341796,-547.703173063089,-546.879248343341,-545.917540066988,
-545.498450906417,-544.683935188943,-543.842982728167,-542.616893313787,
-541.711169277283,-540.299273440243,-537.507258063934,-534.86534766601,
-534.276364994897,-531.415457565463,-526.589705806185,-522.342446888077,
-514.442707499351,-508.128855807056,-498.83922279814,-495.992293506615,
-493.182138380535,-488.53746964332,-479.957414375752,-474.740808628675,
-471.377359108184,-461.927054176079,-450.342265687431,-442.909088182991,
-441.31465115419,-434.048860125194,-427.58206520311,-416.415087874435,-410.109092524535,
-398.22948562055,-379.262241208376,-371.077077640147,-362.732089183571,
-320.031580157672,-290.744061298305,-285.66998019899,-262.607606215863,
-251.374247266192,-232.014420327407,-221.175115639219,-207.612010318273,
-196.744185114116,-174.858244247143,-165.300471876268,-159.348588900446,
-143.571608574011,-132.281050136148),.UNSPECIFIED.);
#450=B_SPLINE_CURVE_WITH_KNOTS('',3,(#3716,#3717,#3718,#3719),
 .UNSPECIFIED.,.F.,.F.,(4,4),(-0.95,-0.0499999999999984),.UNSPECIFIED.);
#451=B_SPLINE_CURVE_WITH_KNOTS('',3,(#3754,#3755,#3756,#3757,#3758,#3759),
 .UNSPECIFIED.,.F.,.F.,(4,2,4),(-0.986172611127582,-0.359666369171487,0.),
 .UNSPECIFIED.);
#452=B_SPLINE_CURVE_WITH_KNOTS('',3,(#3763,#3764,#3765,#3766,#3767,#3768,
#3769,#3770,#3771,#3772,#3773,#3774,#3775,#3776,#3777,#3778),
 .UNSPECIFIED.,.F.,.F.,(4,3,3,3,3,4),(-0.986172611127585,-0.739359158380975,
-0.422784799818294,-0.239136818012449,-0.106210441255614,0.),
 .UNSPECIFIED.);
#453=B_SPLINE_CURVE_WITH_KNOTS('',3,(#3807,#3808,#3809,#3810,#3811,#3812),
 .UNSPECIFIED.,.F.,.F.,(4,2,4),(-0.418638782645671,-0.204710795042126,0.),
 .UNSPECIFIED.);
#454=B_SPLINE_CURVE_WITH_KNOTS('',3,(#3814,#3815,#3816,#3817,#3818,#3819),
 .UNSPECIFIED.,.F.,.F.,(4,2,4),(-0.418638782645671,-0.213927987603545,0.),
 .UNSPECIFIED.);
#455=B_SPLINE_CURVE_WITH_KNOTS('',3,(#3860,#3861,#3862,#3863,#3864,#3865),
 .UNSPECIFIED.,.F.,.F.,(4,2,4),(-1.07564341293542,-0.568152571077451,-0.549220136506651),
 .UNSPECIFIED.);
#456=B_SPLINE_CURVE_WITH_KNOTS('',3,(#3867,#3868,#3869,#3870,#3871,#3872),
 .UNSPECIFIED.,.F.,.F.,(4,2,4),(-1.07564341293542,-0.507490841857969,0.),
 .UNSPECIFIED.);
#457=B_SPLINE_CURVE_WITH_KNOTS('',3,(#3875,#3876,#3877,#3878,#3879,#3880),
 .UNSPECIFIED.,.F.,.F.,(4,2,4),(-0.511527904593082,-0.313271536363973,0.),
 .UNSPECIFIED.);
#458=B_SPLINE_CURVE_WITH_KNOTS('',3,(#3921,#3922,#3923,#3924,#3925,#3926,
#3927,#3928,#3929,#3930,#3931,#3932,#3933),.UNSPECIFIED.,.F.,.F.,(4,3,3,
3,4),(-0.509492981578627,-0.449570721190729,-0.287255433374013,-0.131795981811811,
0.),.UNSPECIFIED.);
#459=B_SPLINE_CURVE_WITH_KNOTS('',3,(#3935,#3936,#3937,#3938,#3939,#3940,
#3941),.UNSPECIFIED.,.F.,.F.,(4,3,4),(-0.640617965783825,-0.121650678510821,
0.),.UNSPECIFIED.);
#460=B_SPLINE_CURVE_WITH_KNOTS('',3,(#3945,#3946,#3947,#3948,#3949,#3950),
 .UNSPECIFIED.,.F.,.F.,(4,2,4),(-1.06974452197356,-0.664916101883751,0.),
 .UNSPECIFIED.);
#461=B_SPLINE_CURVE_WITH_KNOTS('',3,(#3973,#3974,#3975,#3976,#3977,#3978),
 .UNSPECIFIED.,.F.,.F.,(4,2,4),(-0.417005948581696,-0.197213538977003,0.),
 .UNSPECIFIED.);
#462=B_SPLINE_CURVE_WITH_KNOTS('',3,(#3980,#3981,#3982,#3983,#3984,#3985),
 .UNSPECIFIED.,.F.,.F.,(4,2,4),(-0.417005948581696,-0.219792409604693,0.),
 .UNSPECIFIED.);
#463=B_SPLINE_CURVE_WITH_KNOTS('',3,(#4037,#4038,#4039,#4040,#4041,#4042,
#4043,#4044,#4045,#4046,#4047,#4048,#4049,#4050,#4051,#4052,#4053,#4054,
#4055,#4056,#4057,#4058,#4059,#4060,#4061),.UNSPECIFIED.,.F.,.F.,(4,3,3,
3,3,3,3,3,4),(-1.93836597904549,-1.68567996610988,-1.49401260945495,-1.34131499943294,
-1.08380824656501,-0.933235527949655,-0.714300376557965,-0.597588592497928,
0.),.UNSPECIFIED.);
#464=B_SPLINE_CURVE_WITH_KNOTS('',3,(#4062,#4063,#4064,#4065,#4066,#4067,
#4068,#4069,#4070,#4071,#4072,#4073,#4074,#4075),.UNSPECIFIED.,.F.,.F.,
(4,2,2,2,2,2,4),(-1.12672690832448,-1.0797707361878,-1.07270016637666,-1.05483399493117,
-0.906996108331445,-0.722130363761959,0.),.UNSPECIFIED.);
#465=B_SPLINE_CURVE_WITH_KNOTS('',3,(#4085,#4086,#4087,#4088,#4089,#4090),
 .UNSPECIFIED.,.F.,.F.,(4,2,4),(-0.297348692121074,-0.145647253988939,-0.0586993458314597),
 .UNSPECIFIED.);
#466=B_SPLINE_CURVE_WITH_KNOTS('',3,(#4094,#4095,#4096,#4097,#4098,#4099),
 .UNSPECIFIED.,.F.,.F.,(4,2,4),(-0.239126771977219,-0.152000287227751,-2.79558728943918E-9),
 .UNSPECIFIED.);
#467=B_SPLINE_CURVE_WITH_KNOTS('',3,(#4104,#4105,#4106,#4107),
 .UNSPECIFIED.,.F.,.F.,(4,4),(-0.162963403804073,0.),.UNSPECIFIED.);
#468=B_SPLINE_CURVE_WITH_KNOTS('',3,(#4120,#4121,#4122,#4123,#4124,#4125),
 .UNSPECIFIED.,.F.,.F.,(4,2,4),(-0.983485556478954,-0.454161538951543,0.),
 .UNSPECIFIED.);
#469=B_SPLINE_CURVE_WITH_KNOTS('',3,(#4127,#4128,#4129,#4130,#4131,#4132,
#4133,#4134,#4135,#4136,#4137,#4138,#4139,#4140,#4141,#4142,#4143,#4144,
#4145,#4146,#4147,#4148,#4149,#4150,#4151),.UNSPECIFIED.,.F.,.F.,(4,3,3,
3,3,3,3,3,4),(-2.32706300573785,-1.80830787039104,-0.827431602482351,-0.726844667976369,
-0.404173856110286,-0.358919059526962,-0.257711830760154,-0.164493014183903,
0.),.UNSPECIFIED.);
#470=B_SPLINE_CURVE_WITH_KNOTS('',3,(#4158,#4159,#4160,#4161,#4162,#4163),
 .UNSPECIFIED.,.F.,.F.,(4,2,4),(-0.986740835072452,-0.411265943805259,-0.0836495681077473),
 .UNSPECIFIED.);
#471=B_SPLINE_CURVE_WITH_KNOTS('',3,(#4170,#4171,#4172,#4173),
 .UNSPECIFIED.,.F.,.F.,(4,4),(-0.727213595501961,-0.0807075757745475),
 .UNSPECIFIED.);
#472=B_SPLINE_CURVE_WITH_KNOTS('',3,(#4175,#4176,#4177,#4178,#4179,#4180,
#4181,#4182,#4183,#4184),.UNSPECIFIED.,.F.,.F.,(4,2,2,2,4),(-1.16634481707089,
-1.03516407341522,-0.890024338662032,-0.574009005896584,-0.0559487788437026),
 .UNSPECIFIED.);
#473=B_SPLINE_CURVE_WITH_KNOTS('',3,(#4200,#4201,#4202,#4203),
 .UNSPECIFIED.,.F.,.F.,(4,4),(-0.309094054077355,-0.146130650273286),
 .UNSPECIFIED.);
#474=B_SPLINE_CURVE_WITH_KNOTS('',3,(#4207,#4208,#4209,#4210,#4211,#4212),
 .UNSPECIFIED.,.F.,.F.,(4,2,4),(-0.911752607149576,-0.580835060805595,0.),
 .UNSPECIFIED.);
#475=B_SPLINE_CURVE_WITH_KNOTS('',3,(#4215,#4216,#4217,#4218),
 .UNSPECIFIED.,.F.,.F.,(4,4),(-0.630196453424753,-0.0500000000000003),
 .UNSPECIFIED.);
#476=B_SPLINE_CURVE_WITH_KNOTS('',3,(#4219,#4220,#4221,#4222),
 .UNSPECIFIED.,.F.,.F.,(4,4),(-0.104548089365757,0.),.UNSPECIFIED.);
#477=B_SPLINE_CURVE_WITH_KNOTS('',3,(#4224,#4225,#4226,#4227,#4228,#4229),
 .UNSPECIFIED.,.F.,.F.,(4,2,4),(-0.983485556478955,-0.529324017527411,0.),
 .UNSPECIFIED.);
#478=B_SPLINE_CURVE_WITH_KNOTS('',3,(#4233,#4234,#4235,#4236),
 .UNSPECIFIED.,.F.,.F.,(4,4),(-8.61371961522752,-7.96721359550256),
 .UNSPECIFIED.);
#479=B_SPLINE_CURVE_WITH_KNOTS('',3,(#4239,#4240,#4241,#4242,#4243,#4244,
#4245,#4246,#4247,#4248),.UNSPECIFIED.,.F.,.F.,(4,2,2,2,4),(-0.673923371046824,
-0.466180467982864,-0.27725257796687,-0.11618864859449,0.),
 .UNSPECIFIED.);
#480=B_SPLINE_CURVE_WITH_KNOTS('',3,(#4266,#4267,#4268,#4269),
 .UNSPECIFIED.,.F.,.F.,(4,4),(-580.101008787545,-580.097705621246),
 .UNSPECIFIED.);
#481=B_SPLINE_CURVE_WITH_KNOTS('',3,(#4298,#4299,#4300,#4301,#4302,#4303,
#4304,#4305,#4306,#4307,#4308,#4309,#4310),.UNSPECIFIED.,.F.,.F.,(4,3,3,
3,4),(-580.070253719251,-580.06856383722,-580.066676152761,-580.065582723922,
-580.065248090219),.UNSPECIFIED.);
#482=B_SPLINE_CURVE_WITH_KNOTS('',3,(#4333,#4334,#4335,#4336,#4337,#4338,
#4339,#4340,#4341,#4342),.UNSPECIFIED.,.F.,.F.,(4,3,3,4),(-580.058795652886,
-580.057049255532,-580.053963551623,-580.05224361544),.UNSPECIFIED.);
#483=B_SPLINE_CURVE_WITH_KNOTS('',3,(#4371,#4372,#4373,#4374,#4375,#4376,
#4377,#4378,#4379,#4380,#4381,#4382,#4383),.UNSPECIFIED.,.F.,.F.,(4,3,3,
3,4),(-580.046138811018,-580.044363422006,-580.041647020854,-580.039782752176,
-580.039531220172),.UNSPECIFIED.);
#484=B_SPLINE_CURVE_WITH_KNOTS('',3,(#4958,#4959,#4960,#4961,#4962,#4963,
#4964,#4965,#4966,#4967,#4968,#4969,#4970,#4971,#4972,#4973,#4974,#4975,
#4976,#4977,#4978,#4979,#4980,#4981,#4982,#4983,#4984,#4985,#4986,#4987,
#4988,#4989,#4990,#4991,#4992,#4993,#4994,#4995,#4996,#4997,#4998,#4999,
#5000,#5001,#5002,#5003,#5004,#5005,#5006,#5007,#5008,#5009,#5010,#5011,
#5012,#5013,#5014,#5015,#5016,#5017,#5018,#5019,#5020,#5021,#5022,#5023,
#5024,#5025,#5026,#5027,#5028,#5029,#5030,#5031,#5032,#5033,#5034,#5035,
#5036,#5037,#5038,#5039,#5040,#5041,#5042,#5043,#5044,#5045,#5046,#5047,
#5048,#5049,#5050,#5051,#5052,#5053,#5054,#5055,#5056,#5057,#5058,#5059,
#5060,#5061,#5062,#5063,#5064,#5065,#5066,#5067,#5068,#5069,#5070,#5071,
#5072,#5073,#5074,#5075,#5076,#5077,#5078,#5079,#5080,#5081,#5082,#5083,
#5084,#5085,#5086,#5087,#5088,#5089,#5090,#5091,#5092,#5093,#5094,#5095,
#5096,#5097,#5098,#5099,#5100,#5101,#5102,#5103,#5104,#5105,#5106,#5107,
#5108,#5109,#5110,#5111,#5112,#5113,#5114,#5115,#5116,#5117,#5118,#5119,
#5120,#5121,#5122,#5123,#5124,#5125,#5126,#5127,#5128,#5129,#5130,#5131,
#5132,#5133,#5134,#5135,#5136,#5137,#5138,#5139,#5140,#5141,#5142,#5143,
#5144,#5145,#5146,#5147,#5148,#5149,#5150,#5151,#5152,#5153,#5154,#5155,
#5156,#5157,#5158,#5159,#5160,#5161,#5162,#5163,#5164,#5165,#5166,#5167,
#5168,#5169,#5170,#5171,#5172,#5173,#5174,#5175,#5176,#5177,#5178,#5179,
#5180,#5181,#5182,#5183,#5184,#5185,#5186,#5187,#5188,#5189,#5190,#5191,
#5192,#5193,#5194,#5195,#5196,#5197,#5198,#5199,#5200,#5201,#5202,#5203,
#5204,#5205,#5206,#5207,#5208,#5209,#5210,#5211,#5212,#5213,#5214,#5215,
#5216,#5217,#5218,#5219,#5220,#5221,#5222,#5223,#5224,#5225,#5226,#5227,
#5228,#5229,#5230,#5231,#5232,#5233,#5234,#5235,#5236,#5237,#5238,#5239,
#5240,#5241,#5242,#5243),.UNSPECIFIED.,.F.,.F.,(4,3,3,3,3,3,3,3,3,3,3,3,
3,3,3,3,3,3,3,3,3,3,3,3,3,3,3,3,3,3,3,3,3,3,3,3,3,3,3,3,3,3,3,3,3,3,3,3,
3,3,3,3,3,3,3,3,3,3,3,3,3,3,3,3,3,3,3,3,3,3,3,3,3,3,3,3,3,3,3,3,3,3,3,3,
3,3,3,3,3,3,3,3,3,3,3,4),(-580.035794990308,-580.033196152522,-580.030240289267,
-580.027401517855,-580.020422132346,-580.013872154026,-580.009643424718,
-580.008731120671,-580.003853277799,-579.999690452773,-579.996584531398,
-579.994068562485,-579.990392483697,-579.984303088283,-579.98100639638,
-579.978878283393,-579.974688240352,-579.970296261987,-579.966689767171,
-579.964539361978,-579.964284233401,-579.961194033964,-579.95773215993,
-579.954484902057,-579.952124507802,-579.948043403559,-579.945421577028,
-579.943016828573,-579.940874098618,-579.940435024306,-579.937456279947,
-579.932043576765,-579.929337225173,-579.927835811041,-579.927001706013,
-579.926630873582,-579.925935242558,-579.907720337358,-579.896044234181,
-579.861386393479,-579.859486812561,-579.838059790779,-579.829606805254,
-579.806965719627,-579.788944327223,-579.785665435529,-579.773783579921,
-579.761451713867,-579.748659208839,-579.733750537149,-579.721563684538,
-579.709308434914,-579.700779651237,-579.693289843554,-579.69180599142,
-579.689859672854,-579.688160204246,-579.68381914705,-579.68034856412,-579.677354831493,
-579.675246725073,-579.673661859007,-579.673138618653,-579.670894530681,
-579.666871309062,-579.659416046648,-579.656520848444,-579.653768186162,
-579.648530608812,-579.644279438558,-579.641210552569,-579.637902482656,
-579.635503843737,-579.632332336745,-579.631616443501,-579.627381855664,
-579.621784981322,-579.617774797672,-579.615972174432,-579.609725799826,
-579.604872610895,-579.602353502384,-579.602099842328,-579.598976505703,
-579.595887125294,-579.592507960538,-579.587472162697,-579.583843789137,
-579.58359345764,-579.577629318442,-579.57354111534,-579.568229576696,-579.564491245261,
-579.559726229991,-579.557298702207,-579.555636057655),.UNSPECIFIED.);
#485=B_SPLINE_CURVE_WITH_KNOTS('',3,(#5263,#5264,#5265,#5266),
 .UNSPECIFIED.,.F.,.F.,(4,4),(-1.10099895077296,-0.165975297369107),
 .UNSPECIFIED.);
#486=B_SPLINE_CURVE_WITH_KNOTS('',3,(#5269,#5270,#5271,#5272),
 .UNSPECIFIED.,.F.,.F.,(4,4),(-0.934493739952934,0.),.UNSPECIFIED.);
#487=B_SPLINE_CURVE_WITH_KNOTS('',3,(#5282,#5283,#5284,#5285),
 .UNSPECIFIED.,.F.,.F.,(4,4),(1.29299655950073,1.29982715842614),
 .UNSPECIFIED.);
#488=B_SPLINE_CURVE_WITH_KNOTS('',3,(#5290,#5291,#5292,#5293),
 .UNSPECIFIED.,.F.,.F.,(4,4),(10.8601474223692,10.8669780213093),
 .UNSPECIFIED.);
#489=B_SPLINE_CURVE_WITH_KNOTS('',3,(#5378,#5379,#5380,#5381,#5382,#5383,
#5384,#5385,#5386,#5387,#5388,#5389,#5390,#5391,#5392,#5393,#5394,#5395),
 .UNSPECIFIED.,.F.,.F.,(4,2,2,2,2,2,2,2,4),(-2.08345297643366,-1.10675348444052,
-0.914105547763611,-0.758300136473821,-0.547857825881873,-0.479175804019679,
-0.411359537210563,-0.342140290649024,0.),.UNSPECIFIED.);
#490=B_SPLINE_CURVE_WITH_KNOTS('',3,(#5399,#5400,#5401,#5402,#5403,#5404),
 .UNSPECIFIED.,.F.,.F.,(4,2,4),(-0.311691793136159,-0.19074041878057,-0.0510465017398314),
 .UNSPECIFIED.);
#491=B_SPLINE_CURVE_WITH_KNOTS('',3,(#5408,#5409,#5410,#5411,#5412,#5413),
 .UNSPECIFIED.,.F.,.F.,(4,2,4),(-0.323396722792752,-0.191655251486994,-0.0627749096884172),
 .UNSPECIFIED.);
#492=B_SPLINE_CURVE_WITH_KNOTS('',3,(#5415,#5416,#5417,#5418,#5419,#5420,
#5421),.UNSPECIFIED.,.F.,.F.,(4,3,4),(-0.379719665607768,-0.345023946630783,
-0.323396722792752),.UNSPECIFIED.);
#493=B_SPLINE_CURVE_WITH_KNOTS('',3,(#5423,#5424,#5425,#5426),
 .UNSPECIFIED.,.F.,.F.,(4,4),(-0.826590280359846,-0.349615875866372),
 .UNSPECIFIED.);
#494=B_SPLINE_CURVE_WITH_KNOTS('',3,(#5491,#5492,#5493,#5494,#5495,#5496,
#5497,#5498,#5499,#5500,#5501,#5502,#5503,#5504,#5505,#5506,#5507,#5508,
#5509,#5510,#5511,#5512,#5513,#5514,#5515,#5516,#5517,#5518,#5519,#5520,
#5521,#5522,#5523,#5524,#5525,#5526,#5527,#5528,#5529,#5530,#5531,#5532,
#5533,#5534,#5535,#5536,#5537,#5538,#5539,#5540,#5541,#5542),
 .UNSPECIFIED.,.F.,.F.,(4,3,3,3,3,3,3,3,3,3,3,3,3,3,3,3,3,4),(-3.25114705043013,
-3.09364115571144,-3.0530320477423,-2.86693877190215,-2.76037197982822,
-2.49532475522225,-2.31683254192908,-2.23027753061627,-2.18383290870244,
-1.87803492892565,-1.44003307584138,-1.24955147191296,-1.07462557314387,
-0.648749015963792,-0.541826448957249,-0.490129553584329,-0.194078638890271,
0.),.UNSPECIFIED.);
#495=B_SPLINE_CURVE_WITH_KNOTS('',3,(#5545,#5546,#5547,#5548,#5549,#5550,
#5551,#5552,#5553,#5554,#5555,#5556,#5557,#5558,#5559,#5560,#5561,#5562,
#5563,#5564,#5565,#5566,#5567,#5568),.UNSPECIFIED.,.F.,.F.,(4,2,2,2,2,2,
2,2,2,2,2,4),(-1.83180182240512,-1.82072923497185,-1.80960443728948,-1.786941155354,
-1.73976619614735,-1.63666642043928,-1.37690715943992,-1.14738019939323,
-0.773661004807614,-0.483168329797751,-0.337662165013862,0.),
 .UNSPECIFIED.);
#496=B_SPLINE_CURVE_WITH_KNOTS('',3,(#5578,#5579,#5580,#5581,#5582,#5583,
#5584,#5585,#5586,#5587,#5588,#5589,#5590,#5591,#5592,#5593,#5594,#5595),
 .UNSPECIFIED.,.F.,.F.,(4,2,2,2,2,2,2,2,4),(-1.45779435585989,-1.35896043555085,
-1.25829874003213,-1.25696764944617,-1.21204162845502,-0.964107032176747,
-0.676991058887992,-0.44059704372391,0.),.UNSPECIFIED.);
#497=B_SPLINE_CURVE_WITH_KNOTS('',3,(#5598,#5599,#5600,#5601,#5602,#5603,
#5604,#5605,#5606,#5607,#5608,#5609),.UNSPECIFIED.,.F.,.F.,(4,2,2,2,2,4),
(-1.1817923198393,-0.795456923336808,-0.46832466155229,-0.262192043953567,
-0.0769548843212315,0.),.UNSPECIFIED.);
#498=B_SPLINE_CURVE_WITH_KNOTS('',3,(#5641,#5642,#5643,#5644),
 .UNSPECIFIED.,.F.,.F.,(4,4),(0.,0.954968862115703),.UNSPECIFIED.);
#499=B_SPLINE_CURVE_WITH_KNOTS('',3,(#5646,#5647,#5648,#5649),
 .UNSPECIFIED.,.F.,.F.,(4,4),(0.139496581940417,2.47497068784687),
 .UNSPECIFIED.);
#500=B_SPLINE_CURVE_WITH_KNOTS('',3,(#5651,#5652,#5653,#5654,#5655,#5656,
#5657,#5658,#5659,#5660,#5661,#5662,#5663,#5664),.UNSPECIFIED.,.F.,.F.,
(4,2,2,2,2,2,4),(-1.21143989504135,-0.976484633220812,-0.82949949170192,
-0.497977417747013,-0.464275140335005,-0.305575497299313,-0.0239357719943119),
 .UNSPECIFIED.);
#501=B_SPLINE_CURVE_WITH_KNOTS('',3,(#5665,#5666,#5667,#5668,#5669,#5670,
#5671,#5672,#5673,#5674,#5675,#5676,#5677,#5678,#5679,#5680),
 .UNSPECIFIED.,.F.,.F.,(4,3,3,3,3,4),(-0.1947768884294,-0.151164536000497,
-0.110410132112912,-0.0618352263280601,-0.054493023602474,0.),
 .UNSPECIFIED.);
#502=B_SPLINE_CURVE_WITH_KNOTS('',3,(#5682,#5683,#5684,#5685,#5686,#5687,
#5688,#5689,#5690,#5691,#5692,#5693,#5694,#5695,#5696,#5697,#5698,#5699,
#5700,#5701,#5702,#5703,#5704,#5705,#5706,#5707),.UNSPECIFIED.,.F.,.F.,
(4,2,2,2,2,2,2,2,2,2,2,2,4),(-1.98034345066624,-1.63123170963753,-1.39682853474179,
-1.23797024105144,-1.20861297130709,-1.18563964250799,-1.10545645744134,
-1.0236618276527,-0.946399727131783,-0.517514037453752,-0.269560746897164,
-0.119035668986095,0.),.UNSPECIFIED.);
#503=B_SPLINE_CURVE_WITH_KNOTS('',3,(#5708,#5709,#5710,#5711,#5712,#5713,
#5714,#5715,#5716,#5717,#5718,#5719,#5720,#5721,#5722,#5723,#5724,#5725,
#5726,#5727,#5728,#5729,#5730,#5731,#5732,#5733,#5734,#5735),
 .UNSPECIFIED.,.F.,.F.,(4,3,3,3,3,3,3,3,3,4),(-0.766755847799726,-0.715113927180083,
-0.652136459649331,-0.566533185253548,-0.535348202452887,-0.354004098616887,
-0.28856396862091,-0.243691041452104,-0.180677857409998,0.),
 .UNSPECIFIED.);
#504=B_SPLINE_CURVE_WITH_KNOTS('',3,(#5743,#5744,#5745,#5746,#5747,#5748,
#5749,#5750,#5751,#5752,#5753,#5754,#5755),.UNSPECIFIED.,.F.,.F.,(4,3,3,
3,4),(-0.704107218047758,-0.547448984112553,-0.39138360557347,-0.178204243667959,
0.),.UNSPECIFIED.);
#505=B_SPLINE_CURVE_WITH_KNOTS('',3,(#5757,#5758,#5759,#5760,#5761,#5762),
 .UNSPECIFIED.,.F.,.F.,(4,2,4),(-0.309566509969715,-0.170687796873757,-0.146305018684111),
 .UNSPECIFIED.);
#506=B_SPLINE_CURVE_WITH_KNOTS('',3,(#5763,#5764,#5765,#5766,#5767,#5768),
 .UNSPECIFIED.,.F.,.F.,(4,2,4),(-0.226050506015748,-0.201575212817825,-0.0622255974493824),
 .UNSPECIFIED.);
#507=B_SPLINE_CURVE_WITH_KNOTS('',3,(#5770,#5771,#5772,#5773,#5774,#5775,
#5776,#5777,#5778,#5779),.UNSPECIFIED.,.F.,.F.,(4,3,3,4),(-0.502651324372261,
-0.357287291523955,-0.164089143026029,-0.0584249178721066),
 .UNSPECIFIED.);
#508=B_SPLINE_CURVE_WITH_KNOTS('',3,(#5784,#5785,#5786,#5787,#5788,#5789,
#5790,#5791,#5792,#5793,#5794,#5795,#5796,#5797,#5798,#5799,#5800,#5801,
#5802,#5803),.UNSPECIFIED.,.F.,.F.,(4,1,1,1,1,1,1,1,1,1,1,1,1,1,1,1,1,4),
(0.,1.01892987497566,2.03785974995132,4.07571949990263,5.43429266653684,
5.7739359581954,6.11357924985395,6.4532225415125,6.79286583317106,7.13250912482961,
7.47215241648816,8.15143899980527,9.17036887478092,10.1892987497566,11.2082286247322,
12.2271584997079,13.2460883746836,14.2650182496592),.UNSPECIFIED.);
#509=B_SPLINE_CURVE_WITH_KNOTS('',3,(#5809,#5810,#5811,#5812),
 .UNSPECIFIED.,.F.,.F.,(4,4),(-0.0102160347743852,0.),.UNSPECIFIED.);
#510=B_SPLINE_CURVE_WITH_KNOTS('',3,(#5883,#5884,#5885,#5886,#5887,#5888,
#5889,#5890,#5891,#5892,#5893,#5894),.UNSPECIFIED.,.F.,.F.,(4,2,1,1,1,1,
1,1,4),(-0.191980815876033,-0.19161488089517,-0.185626915867196,-0.179638950839222,
-0.167663020783274,-0.155687090727326,-0.143711160671377,-0.0958074404475849,
0.),.UNSPECIFIED.);
#511=B_SPLINE_CURVE_WITH_KNOTS('',3,(#5896,#5897,#5898,#5899,#5900,#5901,
#5902,#5903,#5904,#5905,#5906,#5907,#5908,#5909,#5910,#5911,#5912,#5913,
#5914,#5915,#5916,#5917),.UNSPECIFIED.,.F.,.F.,(4,2,1,1,1,1,1,1,1,1,1,1,
1,1,1,1,1,1,4),(-0.690138940129588,-0.689183921891045,-0.62698779176656,
-0.564791661642076,-0.502595531517592,-0.440399401393107,-0.378203271268623,
-0.347105206206381,-0.316007141144139,-0.284909076081896,-0.253811011019654,
-0.222712945957412,-0.214938429691852,-0.211051171559071,-0.209107542492681,
-0.207163913426291,-0.19938939716073,-0.19550213902795,-0.191980815876033),
 .UNSPECIFIED.);
#512=B_SPLINE_CURVE_WITH_KNOTS('',3,(#5919,#5920,#5921,#5922,#5923,#5924,
#5925,#5926,#5927,#5928,#5929,#5930,#5931,#5932),.UNSPECIFIED.,.F.,.F.,
(4,2,1,1,1,1,1,1,1,1,4),(-1.1996534248318,-1.19891510483962,-1.19095055510605,
-1.18298600537248,-1.16705690590533,-1.13519870697105,-1.07148230910247,
-0.944049513365331,-0.816616717628188,-0.752900319759616,-0.690138940129588),
 .UNSPECIFIED.);
#513=B_SPLINE_CURVE_WITH_KNOTS('',3,(#5933,#5934,#5935,#5936,#5937,#5938,
#5939,#5940,#5941,#5942,#5943,#5944),.UNSPECIFIED.,.F.,.F.,(4,1,1,1,1,1,
1,1,1,4),(-1.62773945690906,-1.52471912049703,-1.41611778194456,-1.40933019828503,
-1.4025426146255,-1.38896744730644,-1.36181711266832,-1.30751644339209,
-1.25321577411585,-1.1996534248318),.UNSPECIFIED.);
#514=B_SPLINE_CURVE_WITH_KNOTS('',3,(#6356,#6357,#6358,#6359),
 .UNSPECIFIED.,.F.,.F.,(4,4),(-12.9164664393603,-12.8395257389322),
 .UNSPECIFIED.);
#515=B_SPLINE_CURVE_WITH_KNOTS('',3,(#6361,#6362,#6363,#6364,#6365,#6366,
#6367,#6368,#6369,#6370),.UNSPECIFIED.,.F.,.F.,(4,2,1,1,2,4),(-13.4418694055588,
-13.4415313283995,-13.3759489996032,-13.3103666708068,-12.9168726980286,
-12.9164664393603),.UNSPECIFIED.);
#516=B_SPLINE_CURVE_WITH_KNOTS('',3,(#6372,#6373,#6374,#6375,#6376,#6377,
#6378,#6379,#6380,#6381),.UNSPECIFIED.,.F.,.F.,(4,2,1,1,1,1,4),(-13.9596043625061,
-13.9588791283827,-13.9265448908837,-13.8942106533848,-13.8295421783869,
-13.7002052283911,-13.4418694055588),.UNSPECIFIED.);
#517=B_SPLINE_CURVE_WITH_KNOTS('',3,(#6383,#6384,#6385,#6386,#6387,#6388,
#6389,#6390),.UNSPECIFIED.,.F.,.F.,(4,2,1,1,4),(-14.4769553895685,-14.4764744253347,
-14.3470756010967,-14.2176767768587,-13.9596043625061),.UNSPECIFIED.);
#518=B_SPLINE_CURVE_WITH_KNOTS('',3,(#6392,#6393,#6394,#6395),
 .UNSPECIFIED.,.F.,.F.,(4,4),(-15.0104897919689,-14.4769553895685),
 .UNSPECIFIED.);
#519=B_SPLINE_CURVE_WITH_KNOTS('',3,(#6397,#6398,#6399,#6400,#6401,#6402,
#6403,#6404,#6405,#6406),.UNSPECIFIED.,.F.,.F.,(4,2,1,1,2,4),(-15.5598826563456,
-15.5591991037685,-15.4220420060582,-15.2848849083479,-15.0105707129274,
-15.0104897919689),.UNSPECIFIED.);
#520=B_SPLINE_CURVE_WITH_KNOTS('',3,(#6408,#6409,#6410,#6411,#6412,#6413,
#6414,#6415,#6416,#6417,#6418,#6419),.UNSPECIFIED.,.F.,.F.,(4,2,1,1,1,1,
1,1,4),(-16.1099024595259,-16.1087497276158,-16.1001629991181,-16.0915762706205,
-16.0744028136253,-16.0400558996349,-15.9713620716539,-15.8339744156921,
-15.5598826563456),.UNSPECIFIED.);
#521=B_SPLINE_CURVE_WITH_KNOTS('',3,(#6420,#6421,#6422,#6423,#6424),
 .UNSPECIFIED.,.F.,.F.,(4,1,4),(-16.4354042985183,-16.1904133703414,-16.1099024595259),
 .UNSPECIFIED.);
#522=B_SPLINE_CURVE_WITH_KNOTS('',3,(#6567,#6568,#6569,#6570),
 .UNSPECIFIED.,.F.,.F.,(4,4),(-1.58080793093987,-1.30560402636167),
 .UNSPECIFIED.);
#523=B_SPLINE_CURVE_WITH_KNOTS('',3,(#6572,#6573,#6574,#6575),
 .UNSPECIFIED.,.F.,.F.,(4,4),(-12.9593092865418,-12.684073669362),
 .UNSPECIFIED.);
#524=B_SPLINE_CURVE_WITH_KNOTS('',3,(#6747,#6748,#6749,#6750,#6751,#6752,
#6753,#6754),.UNSPECIFIED.,.F.,.F.,(4,1,1,2,4),(-1.34613824165571,-1.22128876330806,
-1.19631886763853,-1.14637907629947,-1.14596223123216),.UNSPECIFIED.);
#525=B_SPLINE_CURVE_WITH_KNOTS('',3,(#6756,#6757,#6758,#6759,#6760,#6761,
#6762,#6763,#6764,#6765,#6766,#6767,#6768,#6769,#6770,#6771,#6772),
 .UNSPECIFIED.,.F.,.F.,(4,1,1,1,1,1,1,1,1,1,1,1,2,4),(-1.14596223123216,
-1.13877924434116,-1.13117941238285,-1.11597974846622,-1.08558042063297,
-1.02478176496646,-0.903184453633447,-0.781587142300434,-0.766387478383807,
-0.751187814467181,-0.720788486633927,-0.690389158800674,-0.659989830967421,
-0.659538950977216),.UNSPECIFIED.);
#526=B_SPLINE_CURVE_WITH_KNOTS('',3,(#6774,#6775,#6776,#6777,#6778,#6779,
#6780,#6781,#6782,#6783,#6784,#6785,#6786,#6787,#6788,#6789,#6790,#6791,
#6792,#6793,#6794,#6795),.UNSPECIFIED.,.F.,.F.,(4,1,1,1,1,1,1,1,1,1,1,1,
1,1,1,1,1,2,4),(-0.659538950977216,-0.644935867512685,-0.629881904057948,
-0.599773977148476,-0.539558123329531,-0.419126415691642,-0.358910561872698,
-0.328802634963225,-0.298694708053753,-0.268586781144281,-0.238478854234808,
-0.223424890780072,-0.208370927325336,-0.200843945597968,-0.1933169638706,
-0.185789982143232,-0.182026491279548,-0.178263000415864,-0.177651031789833),
 .UNSPECIFIED.);
#527=B_SPLINE_CURVE_WITH_KNOTS('',3,(#6797,#6798,#6799,#6800,#6801,#6802,
#6803),.UNSPECIFIED.,.F.,.F.,(4,1,1,1,4),(-0.177651031789833,-0.15471336518546,
-0.131163729955057,-0.0840644594942504,-2.22184994463582E-6),
 .UNSPECIFIED.);
#528=B_SPLINE_CURVE_WITH_KNOTS('',3,(#6805,#6806,#6807,#6808),
 .UNSPECIFIED.,.F.,.F.,(4,4),(-6.71766656136321,-6.5077203538453),
 .UNSPECIFIED.);
#529=B_SPLINE_CURVE_WITH_KNOTS('',3,(#6809,#6810,#6811,#6812,#6813,#6814,
#6815,#6816,#6817,#6818,#6819,#6820,#6821,#6822,#6823,#6824,#6825,#6826,
#6827,#6828,#6829,#6830,#6831,#6832,#6833,#6834,#6835,#6836),
 .UNSPECIFIED.,.F.,.F.,(4,3,3,3,3,3,3,3,3,4),(0.524308382957543,0.575144776126361,
0.6264875618527,0.677941654754754,0.718661251899974,0.769824634430142,0.82128652076789,
0.872436936426018,0.922600685800483,0.943889000837949),.UNSPECIFIED.);
#530=B_SPLINE_CURVE_WITH_KNOTS('',3,(#6963,#6964,#6965,#6966,#6967,#6968,
#6969,#6970,#6971,#6972,#6973,#6974,#6975,#6976,#6977,#6978),
 .UNSPECIFIED.,.F.,.F.,(4,1,1,1,1,1,1,1,1,1,1,1,1,4),(-11.7608556019574,
-11.2082286247322,-10.1892987497566,-9.17036887478092,-8.15143899980527,
-7.47215241648816,-7.13250912482961,-6.79286583317106,-6.4532225415125,
-6.11357924985395,-5.7739359581954,-5.43429266653684,-4.07571949990263,
-2.50425187071545),.UNSPECIFIED.);
#531=B_SPLINE_CURVE_WITH_KNOTS('',3,(#7171,#7172,#7173,#7174,#7175,#7176),
 .UNSPECIFIED.,.F.,.F.,(4,2,4),(-0.436120642152694,-0.234121525905926,-0.0101018708484886),
 .UNSPECIFIED.);
#532=B_SPLINE_CURVE_WITH_KNOTS('',3,(#7178,#7179,#7180,#7181,#7182,#7183,
#7184,#7185),.UNSPECIFIED.,.F.,.F.,(4,2,2,4),(1.45030417736016,1.64712226065978,
1.88811449868212,1.88987134813469),.UNSPECIFIED.);
#533=B_SPLINE_CURVE_WITH_KNOTS('',3,(#7598,#7599,#7600,#7601,#7602,#7603,
#7604),.UNSPECIFIED.,.F.,.F.,(4,1,1,1,4),(-0.324392205501394,-0.284562986559622,
-0.243911131336819,-0.162607420891213,0.),.UNSPECIFIED.);
#534=B_SPLINE_CURVE_WITH_KNOTS('',3,(#7606,#7607,#7608,#7609,#7610,#7611,
#7612,#7613,#7614,#7615,#7616,#7617,#7618,#7619,#7620,#7621),
 .UNSPECIFIED.,.F.,.F.,(4,2,1,1,1,1,1,1,1,1,2,4),(-0.84465850900648,-0.84367351793851,
-0.835572601123571,-0.827471684308632,-0.811269850678755,-0.778866183418999,
-0.714058848899489,-0.584444179860468,-0.454829510821447,-0.390022176301936,
-0.325214841782425,-0.324392205501395),.UNSPECIFIED.);
#535=B_SPLINE_CURVE_WITH_KNOTS('',3,(#7623,#7624,#7625,#7626,#7627,#7628,
#7629,#7630),.UNSPECIFIED.,.F.,.F.,(4,1,1,1,1,4),(-1.31403006090676,-1.25542093044259,
-1.19659987151344,-1.07895775365513,-0.96131563579682,-0.84465850900648),
 .UNSPECIFIED.);
#536=B_SPLINE_CURVE_WITH_KNOTS('',3,(#7632,#7633,#7634,#7635,#7636,#7637,
#7638,#7639,#7640,#7641,#7642,#7643,#7644,#7645),.UNSPECIFIED.,.F.,.F.,
(4,1,1,1,1,1,1,1,1,2,4),(-1.91796839902163,-1.90910084185296,-1.89965863784532,
-1.88077422983005,-1.84300541379949,-1.76746778173839,-1.61639251761618,
-1.46531725349396,-1.38977962143286,-1.31424198937175,-1.31403006090676),
 .UNSPECIFIED.);
#537=B_SPLINE_CURVE_WITH_KNOTS('',3,(#7646,#7647,#7648,#7649,#7650,#7651,
#7652,#7653,#7654),.UNSPECIFIED.,.F.,.F.,(4,1,1,1,2,4),(-2.49905693194014,
-2.42715799222712,-2.25761967677161,-2.08808136131611,-1.9185430458606,
-1.91796839902163),.UNSPECIFIED.);
#538=B_SPLINE_CURVE_WITH_KNOTS('',3,(#7721,#7722,#7723,#7724,#7725,#7726,
#7727,#7728),.UNSPECIFIED.,.F.,.F.,(4,2,2,4),(-0.437808252517941,-0.24099121755424,
0.,0.00175682927959808),.UNSPECIFIED.);
#539=VERTEX_POINT('',#1806);
#540=VERTEX_POINT('',#1807);
#541=VERTEX_POINT('',#1812);
#542=VERTEX_POINT('',#1823);
#543=VERTEX_POINT('',#1825);
#544=VERTEX_POINT('',#1836);
#545=VERTEX_POINT('',#1844);
#546=VERTEX_POINT('',#1846);
#547=VERTEX_POINT('',#1857);
#548=VERTEX_POINT('',#1868);
#549=VERTEX_POINT('',#1875);
#550=VERTEX_POINT('',#2168);
#551=VERTEX_POINT('',#2170);
#552=VERTEX_POINT('',#2193);
#553=VERTEX_POINT('',#2264);
#554=VERTEX_POINT('',#2266);
#555=VERTEX_POINT('',#2313);
#556=VERTEX_POINT('',#2345);
#557=VERTEX_POINT('',#2347);
#558=VERTEX_POINT('',#2349);
#559=VERTEX_POINT('',#2636);
#560=VERTEX_POINT('',#2650);
#561=VERTEX_POINT('',#2669);
#562=VERTEX_POINT('',#2671);
#563=VERTEX_POINT('',#2673);
#564=VERTEX_POINT('',#2675);
#565=VERTEX_POINT('',#2678);
#566=VERTEX_POINT('',#2683);
#567=VERTEX_POINT('',#2688);
#568=VERTEX_POINT('',#2705);
#569=VERTEX_POINT('',#2707);
#570=VERTEX_POINT('',#2717);
#571=VERTEX_POINT('',#2734);
#572=VERTEX_POINT('',#2757);
#573=VERTEX_POINT('',#2772);
#574=VERTEX_POINT('',#2795);
#575=VERTEX_POINT('',#2827);
#576=VERTEX_POINT('',#2865);
#577=VERTEX_POINT('',#3434);
#578=VERTEX_POINT('',#3714);
#579=VERTEX_POINT('',#3752);
#580=VERTEX_POINT('',#3753);
#581=VERTEX_POINT('',#3760);
#582=VERTEX_POINT('',#3762);
#583=VERTEX_POINT('',#3806);
#584=VERTEX_POINT('',#3813);
#585=VERTEX_POINT('',#3859);
#586=VERTEX_POINT('',#3866);
#587=VERTEX_POINT('',#3873);
#588=VERTEX_POINT('',#3919);
#589=VERTEX_POINT('',#3920);
#590=VERTEX_POINT('',#3934);
#591=VERTEX_POINT('',#3942);
#592=VERTEX_POINT('',#3944);
#593=VERTEX_POINT('',#3972);
#594=VERTEX_POINT('',#3979);
#595=VERTEX_POINT('',#4077);
#596=VERTEX_POINT('',#4079);
#597=VERTEX_POINT('',#4083);
#598=VERTEX_POINT('',#4084);
#599=VERTEX_POINT('',#4091);
#600=VERTEX_POINT('',#4093);
#601=VERTEX_POINT('',#4102);
#602=VERTEX_POINT('',#4103);
#603=VERTEX_POINT('',#4108);
#604=VERTEX_POINT('',#4110);
#605=VERTEX_POINT('',#4112);
#606=VERTEX_POINT('',#4114);
#607=VERTEX_POINT('',#4116);
#608=VERTEX_POINT('',#4118);
#609=VERTEX_POINT('',#4126);
#610=VERTEX_POINT('',#4152);
#611=VERTEX_POINT('',#4155);
#612=VERTEX_POINT('',#4157);
#613=VERTEX_POINT('',#4164);
#614=VERTEX_POINT('',#4168);
#615=VERTEX_POINT('',#4169);
#616=VERTEX_POINT('',#4174);
#617=VERTEX_POINT('',#4185);
#618=VERTEX_POINT('',#4189);
#619=VERTEX_POINT('',#4190);
#620=VERTEX_POINT('',#4192);
#621=VERTEX_POINT('',#4194);
#622=VERTEX_POINT('',#4196);
#623=VERTEX_POINT('',#4198);
#624=VERTEX_POINT('',#4204);
#625=VERTEX_POINT('',#4206);
#626=VERTEX_POINT('',#4214);
#627=VERTEX_POINT('',#4223);
#628=VERTEX_POINT('',#4232);
#629=VERTEX_POINT('',#4237);
#630=VERTEX_POINT('',#4264);
#631=VERTEX_POINT('',#4296);
#632=VERTEX_POINT('',#4331);
#633=VERTEX_POINT('',#4369);
#634=VERTEX_POINT('',#4956);
#635=VERTEX_POINT('',#5245);
#636=VERTEX_POINT('',#5262);
#637=VERTEX_POINT('',#5267);
#638=VERTEX_POINT('',#5274);
#639=VERTEX_POINT('',#5276);
#640=VERTEX_POINT('',#5280);
#641=VERTEX_POINT('',#5281);
#642=VERTEX_POINT('',#5287);
#643=VERTEX_POINT('',#5289);
#644=VERTEX_POINT('',#5377);
#645=VERTEX_POINT('',#5398);
#646=VERTEX_POINT('',#5405);
#647=VERTEX_POINT('',#5407);
#648=VERTEX_POINT('',#5414);
#649=VERTEX_POINT('',#5422);
#650=VERTEX_POINT('',#5490);
#651=VERTEX_POINT('',#5543);
#652=VERTEX_POINT('',#5577);
#653=VERTEX_POINT('',#5596);
#654=VERTEX_POINT('',#5640);
#655=VERTEX_POINT('',#5645);
#656=VERTEX_POINT('',#5650);
#657=VERTEX_POINT('',#5681);
#658=VERTEX_POINT('',#5737);
#659=VERTEX_POINT('',#5739);
#660=VERTEX_POINT('',#5741);
#661=VERTEX_POINT('',#5781);
#662=VERTEX_POINT('',#5783);
#663=VERTEX_POINT('',#5806);
#664=VERTEX_POINT('',#5808);
#665=VERTEX_POINT('',#5813);
#666=VERTEX_POINT('',#5815);
#667=VERTEX_POINT('',#5880);
#668=VERTEX_POINT('',#5882);
#669=VERTEX_POINT('',#5895);
#670=VERTEX_POINT('',#5918);
#671=VERTEX_POINT('',#6355);
#672=VERTEX_POINT('',#6360);
#673=VERTEX_POINT('',#6371);
#674=VERTEX_POINT('',#6382);
#675=VERTEX_POINT('',#6391);
#676=VERTEX_POINT('',#6396);
#677=VERTEX_POINT('',#6407);
#678=VERTEX_POINT('',#6744);
#679=VERTEX_POINT('',#6746);
#680=VERTEX_POINT('',#6755);
#681=VERTEX_POINT('',#6773);
#682=VERTEX_POINT('',#6796);
#683=VERTEX_POINT('',#6804);
#684=VERTEX_POINT('',#6838);
#685=VERTEX_POINT('',#7597);
#686=VERTEX_POINT('',#7605);
#687=VERTEX_POINT('',#7622);
#688=VERTEX_POINT('',#7631);
#689=VERTEX_POINT('',#7719);
#690=VERTEX_POINT('',#7981);
#691=VERTEX_POINT('',#7986);
#692=VERTEX_POINT('',#7991);
#693=VERTEX_POINT('',#7996);
#694=EDGE_CURVE('',#539,#540,#425,.T.);
#695=EDGE_CURVE('',#540,#541,#426,.T.);
#696=EDGE_CURVE('',#541,#542,#263,.T.);
#697=EDGE_CURVE('',#542,#543,#427,.T.);
#698=EDGE_CURVE('',#543,#544,#428,.T.);
#699=EDGE_CURVE('',#544,#545,#261,.T.);
#700=EDGE_CURVE('',#545,#546,#429,.T.);
#701=EDGE_CURVE('',#546,#547,#430,.T.);
#702=EDGE_CURVE('',#547,#548,#431,.T.);
#703=EDGE_CURVE('',#548,#549,#432,.T.);
#704=EDGE_CURVE('',#549,#550,#264,.T.);
#705=EDGE_CURVE('',#551,#550,#433,.T.);
#706=EDGE_CURVE('',#552,#551,#434,.T.);
#707=EDGE_CURVE('',#552,#553,#265,.T.);
#708=EDGE_CURVE('',#554,#553,#435,.T.);
#709=EDGE_CURVE('',#555,#554,#436,.T.);
#710=EDGE_CURVE('',#556,#555,#266,.T.);
#711=EDGE_CURVE('',#556,#557,#267,.T.);
#712=EDGE_CURVE('',#557,#558,#437,.T.);
#713=EDGE_CURVE('',#558,#559,#438,.T.);
#714=EDGE_CURVE('',#559,#560,#439,.T.);
#715=EDGE_CURVE('',#560,#539,#440,.T.);
#716=EDGE_CURVE('',#561,#561,#72,.T.);
#717=EDGE_CURVE('',#562,#562,#73,.T.);
#718=EDGE_CURVE('',#563,#563,#74,.T.);
#719=EDGE_CURVE('',#564,#564,#75,.T.);
#720=EDGE_CURVE('',#553,#565,#441,.T.);
#721=EDGE_CURVE('',#566,#552,#442,.T.);
#722=EDGE_CURVE('',#566,#567,#268,.T.);
#723=EDGE_CURVE('',#567,#565,#269,.T.);
#724=EDGE_CURVE('',#568,#540,#270,.T.);
#725=EDGE_CURVE('',#569,#568,#443,.T.);
#726=EDGE_CURVE('',#569,#541,#271,.T.);
#727=EDGE_CURVE('',#569,#570,#272,.T.);
#728=EDGE_CURVE('',#570,#542,#273,.T.);
#729=EDGE_CURVE('',#571,#570,#444,.T.);
#730=EDGE_CURVE('',#571,#543,#274,.T.);
#731=EDGE_CURVE('',#572,#571,#445,.T.);
#732=EDGE_CURVE('',#572,#544,#275,.T.);
#733=EDGE_CURVE('',#573,#572,#262,.T.);
#734=EDGE_CURVE('',#573,#545,#276,.T.);
#735=EDGE_CURVE('',#574,#573,#446,.T.);
#736=EDGE_CURVE('',#574,#546,#277,.T.);
#737=EDGE_CURVE('',#575,#574,#447,.T.);
#738=EDGE_CURVE('',#575,#547,#278,.T.);
#739=EDGE_CURVE('',#576,#575,#448,.T.);
#740=EDGE_CURVE('',#576,#548,#279,.T.);
#741=EDGE_CURVE('',#577,#576,#449,.T.);
#742=EDGE_CURVE('',#577,#549,#280,.T.);
#743=EDGE_CURVE('',#578,#577,#281,.T.);
#744=EDGE_CURVE('',#550,#578,#450,.T.);
#745=EDGE_CURVE('',#579,#580,#451,.T.);
#746=EDGE_CURVE('',#579,#581,#282,.T.);
#747=EDGE_CURVE('',#582,#581,#452,.T.);
#748=EDGE_CURVE('',#580,#582,#283,.T.);
#749=EDGE_CURVE('',#580,#583,#453,.T.);
#750=EDGE_CURVE('',#584,#582,#454,.T.);
#751=EDGE_CURVE('',#583,#584,#284,.T.);
#752=EDGE_CURVE('',#583,#585,#455,.T.);
#753=EDGE_CURVE('',#586,#584,#456,.T.);
#754=EDGE_CURVE('',#587,#586,#285,.T.);
#755=EDGE_CURVE('',#585,#587,#457,.T.);
#756=EDGE_CURVE('',#588,#589,#458,.T.);
#757=EDGE_CURVE('',#590,#588,#459,.T.);
#758=EDGE_CURVE('',#590,#591,#286,.T.);
#759=EDGE_CURVE('',#592,#591,#460,.T.);
#760=EDGE_CURVE('',#589,#592,#287,.T.);
#761=EDGE_CURVE('',#589,#593,#461,.T.);
#762=EDGE_CURVE('',#594,#592,#462,.T.);
#763=EDGE_CURVE('',#593,#594,#288,.T.);
#764=EDGE_CURVE('',#567,#586,#463,.T.);
#765=EDGE_CURVE('',#587,#566,#464,.T.);
#766=EDGE_CURVE('',#595,#579,#76,.T.);
#767=EDGE_CURVE('',#595,#596,#289,.T.);
#768=EDGE_CURVE('',#581,#596,#77,.T.);
#769=EDGE_CURVE('',#597,#598,#465,.T.);
#770=EDGE_CURVE('',#599,#597,#290,.T.);
#771=EDGE_CURVE('',#600,#599,#466,.T.);
#772=EDGE_CURVE('',#600,#598,#291,.T.);
#773=EDGE_CURVE('',#601,#602,#467,.T.);
#774=EDGE_CURVE('',#602,#603,#292,.T.);
#775=EDGE_CURVE('',#603,#604,#78,.T.);
#776=EDGE_CURVE('',#604,#605,#293,.T.);
#777=EDGE_CURVE('',#605,#606,#79,.T.);
#778=EDGE_CURVE('',#606,#607,#294,.T.);
#779=EDGE_CURVE('',#607,#608,#80,.T.);
#780=EDGE_CURVE('',#608,#594,#468,.T.);
#781=EDGE_CURVE('',#591,#609,#469,.T.);
#782=EDGE_CURVE('',#610,#609,#295,.T.);
#783=EDGE_CURVE('',#567,#610,#296,.T.);
#784=EDGE_CURVE('',#596,#611,#297,.T.);
#785=EDGE_CURVE('',#612,#611,#470,.T.);
#786=EDGE_CURVE('',#613,#612,#81,.T.);
#787=EDGE_CURVE('',#601,#613,#298,.T.);
#788=EDGE_CURVE('',#614,#615,#471,.T.);
#789=EDGE_CURVE('',#616,#615,#472,.T.);
#790=EDGE_CURVE('',#617,#616,#299,.T.);
#791=EDGE_CURVE('',#617,#614,#300,.T.);
#792=EDGE_CURVE('',#618,#619,#301,.T.);
#793=EDGE_CURVE('',#619,#620,#82,.T.);
#794=EDGE_CURVE('',#620,#621,#302,.T.);
#795=EDGE_CURVE('',#621,#622,#83,.T.);
#796=EDGE_CURVE('',#622,#623,#303,.T.);
#797=EDGE_CURVE('',#623,#614,#473,.T.);
#798=EDGE_CURVE('',#624,#617,#84,.T.);
#799=EDGE_CURVE('',#625,#624,#474,.T.);
#800=EDGE_CURVE('',#625,#595,#304,.T.);
#801=EDGE_CURVE('',#626,#585,#475,.T.);
#802=EDGE_CURVE('',#588,#626,#476,.T.);
#803=EDGE_CURVE('',#593,#627,#477,.T.);
#804=EDGE_CURVE('',#627,#618,#85,.T.);
#805=EDGE_CURVE('',#628,#601,#478,.T.);
#806=EDGE_CURVE('',#629,#613,#305,.T.);
#807=EDGE_CURVE('',#628,#629,#479,.T.);
#808=EDGE_CURVE('',#621,#604,#306,.T.);
#809=EDGE_CURVE('',#620,#605,#307,.T.);
#810=EDGE_CURVE('',#619,#606,#308,.T.);
#811=EDGE_CURVE('',#618,#607,#309,.T.);
#812=EDGE_CURVE('',#630,#539,#310,.T.);
#813=EDGE_CURVE('',#568,#630,#480,.T.);
#814=EDGE_CURVE('',#631,#560,#311,.T.);
#815=EDGE_CURVE('',#630,#631,#481,.T.);
#816=EDGE_CURVE('',#632,#559,#312,.T.);
#817=EDGE_CURVE('',#631,#632,#482,.T.);
#818=EDGE_CURVE('',#633,#558,#313,.T.);
#819=EDGE_CURVE('',#632,#633,#483,.T.);
#820=EDGE_CURVE('',#634,#557,#314,.T.);
#821=EDGE_CURVE('',#633,#634,#484,.T.);
#822=EDGE_CURVE('',#635,#556,#315,.T.);
#823=EDGE_CURVE('',#634,#635,#316,.T.);
#824=EDGE_CURVE('',#627,#608,#317,.T.);
#825=EDGE_CURVE('',#622,#603,#318,.T.);
#826=EDGE_CURVE('',#623,#602,#319,.T.);
#827=EDGE_CURVE('',#636,#628,#485,.T.);
#828=EDGE_CURVE('',#637,#636,#320,.T.);
#829=EDGE_CURVE('',#615,#637,#486,.T.);
#830=EDGE_CURVE('',#637,#638,#86,.T.);
#831=EDGE_CURVE('',#639,#636,#87,.T.);
#832=EDGE_CURVE('',#638,#639,#321,.T.);
#833=EDGE_CURVE('',#640,#641,#487,.T.);
#834=EDGE_CURVE('',#638,#640,#322,.T.);
#835=EDGE_CURVE('',#642,#639,#323,.T.);
#836=EDGE_CURVE('',#643,#642,#488,.T.);
#837=EDGE_CURVE('',#641,#643,#324,.T.);
#838=EDGE_CURVE('',#644,#590,#489,.T.);
#839=EDGE_CURVE('',#644,#609,#325,.T.);
#840=EDGE_CURVE('',#645,#644,#490,.T.);
#841=EDGE_CURVE('',#645,#646,#326,.T.);
#842=EDGE_CURVE('',#647,#646,#491,.T.);
#843=EDGE_CURVE('',#648,#647,#492,.T.);
#844=EDGE_CURVE('',#649,#648,#493,.T.);
#845=EDGE_CURVE('',#610,#649,#327,.T.);
#846=EDGE_CURVE('',#650,#645,#494,.T.);
#847=EDGE_CURVE('',#650,#651,#328,.T.);
#848=EDGE_CURVE('',#646,#651,#495,.T.);
#849=EDGE_CURVE('',#652,#650,#496,.T.);
#850=EDGE_CURVE('',#653,#652,#329,.T.);
#851=EDGE_CURVE('',#651,#653,#497,.T.);
#852=EDGE_CURVE('',#641,#654,#498,.T.);
#853=EDGE_CURVE('',#655,#643,#499,.T.);
#854=EDGE_CURVE('',#656,#655,#500,.T.);
#855=EDGE_CURVE('',#653,#656,#501,.T.);
#856=EDGE_CURVE('',#657,#652,#502,.T.);
#857=EDGE_CURVE('',#654,#657,#503,.T.);
#858=EDGE_CURVE('',#658,#635,#330,.T.);
#859=EDGE_CURVE('',#659,#658,#88,.T.);
#860=EDGE_CURVE('',#660,#659,#331,.T.);
#861=EDGE_CURVE('',#578,#660,#504,.T.);
#862=EDGE_CURVE('',#611,#600,#505,.T.);
#863=EDGE_CURVE('',#598,#625,#506,.T.);
#864=EDGE_CURVE('',#565,#649,#507,.T.);
#865=EDGE_CURVE('',#661,#658,#332,.T.);
#866=EDGE_CURVE('',#662,#661,#508,.T.);
#867=EDGE_CURVE('',#662,#659,#333,.T.);
#868=EDGE_CURVE('',#663,#555,#334,.T.);
#869=EDGE_CURVE('',#664,#663,#509,.T.);
#870=EDGE_CURVE('',#665,#664,#89,.T.);
#871=EDGE_CURVE('',#666,#665,#335,.T.);
#872=EDGE_CURVE('',#661,#666,#90,.T.);
#873=EDGE_CURVE('',#667,#554,#336,.T.);
#874=EDGE_CURVE('',#668,#667,#510,.T.);
#875=EDGE_CURVE('',#669,#668,#511,.T.);
#876=EDGE_CURVE('',#670,#669,#512,.T.);
#877=EDGE_CURVE('',#663,#670,#513,.T.);
#878=EDGE_CURVE('',#671,#648,#514,.T.);
#879=EDGE_CURVE('',#672,#671,#515,.T.);
#880=EDGE_CURVE('',#673,#672,#516,.T.);
#881=EDGE_CURVE('',#674,#673,#517,.T.);
#882=EDGE_CURVE('',#675,#674,#518,.T.);
#883=EDGE_CURVE('',#676,#675,#519,.T.);
#884=EDGE_CURVE('',#677,#676,#520,.T.);
#885=EDGE_CURVE('',#667,#677,#521,.T.);
#886=EDGE_CURVE('',#667,#656,#91,.T.);
#887=EDGE_CURVE('',#624,#616,#522,.T.);
#888=EDGE_CURVE('',#629,#612,#523,.T.);
#889=EDGE_CURVE('',#678,#657,#92,.T.);
#890=EDGE_CURVE('',#678,#679,#524,.T.);
#891=EDGE_CURVE('',#679,#680,#525,.T.);
#892=EDGE_CURVE('',#680,#681,#526,.T.);
#893=EDGE_CURVE('',#681,#682,#527,.T.);
#894=EDGE_CURVE('',#682,#683,#528,.T.);
#895=EDGE_CURVE('',#654,#683,#529,.T.);
#896=EDGE_CURVE('',#684,#638,#93,.T.);
#897=EDGE_CURVE('',#684,#662,#94,.T.);
#898=EDGE_CURVE('',#662,#637,#95,.T.);
#899=EDGE_CURVE('',#661,#636,#96,.T.);
#900=EDGE_CURVE('',#599,#597,#530,.T.);
#901=EDGE_CURVE('',#655,#664,#531,.T.);
#902=EDGE_CURVE('',#642,#665,#532,.T.);
#903=EDGE_CURVE('',#678,#551,#337,.T.);
#904=EDGE_CURVE('',#685,#678,#533,.T.);
#905=EDGE_CURVE('',#686,#685,#534,.T.);
#906=EDGE_CURVE('',#687,#686,#535,.T.);
#907=EDGE_CURVE('',#688,#687,#536,.T.);
#908=EDGE_CURVE('',#626,#688,#537,.T.);
#909=EDGE_CURVE('',#682,#660,#338,.T.);
#910=EDGE_CURVE('',#683,#689,#97,.T.);
#911=EDGE_CURVE('',#640,#689,#538,.T.);
#912=EDGE_CURVE('',#689,#684,#339,.T.);
#913=EDGE_CURVE('',#666,#639,#98,.T.);
#914=EDGE_CURVE('',#564,#690,#340,.T.);
#915=EDGE_CURVE('',#690,#690,#99,.T.);
#916=EDGE_CURVE('',#563,#691,#341,.T.);
#917=EDGE_CURVE('',#691,#691,#100,.T.);
#918=EDGE_CURVE('',#562,#692,#342,.T.);
#919=EDGE_CURVE('',#692,#692,#101,.T.);
#920=EDGE_CURVE('',#561,#693,#343,.T.);
#921=EDGE_CURVE('',#693,#693,#102,.T.);
#922=ORIENTED_EDGE('',*,*,#694,.T.);
#923=ORIENTED_EDGE('',*,*,#695,.T.);
#924=ORIENTED_EDGE('',*,*,#696,.T.);
#925=ORIENTED_EDGE('',*,*,#697,.T.);
#926=ORIENTED_EDGE('',*,*,#698,.T.);
#927=ORIENTED_EDGE('',*,*,#699,.T.);
#928=ORIENTED_EDGE('',*,*,#700,.T.);
#929=ORIENTED_EDGE('',*,*,#701,.T.);
#930=ORIENTED_EDGE('',*,*,#702,.T.);
#931=ORIENTED_EDGE('',*,*,#703,.T.);
#932=ORIENTED_EDGE('',*,*,#704,.T.);
#933=ORIENTED_EDGE('',*,*,#705,.F.);
#934=ORIENTED_EDGE('',*,*,#706,.F.);
#935=ORIENTED_EDGE('',*,*,#707,.T.);
#936=ORIENTED_EDGE('',*,*,#708,.F.);
#937=ORIENTED_EDGE('',*,*,#709,.F.);
#938=ORIENTED_EDGE('',*,*,#710,.F.);
#939=ORIENTED_EDGE('',*,*,#711,.T.);
#940=ORIENTED_EDGE('',*,*,#712,.T.);
#941=ORIENTED_EDGE('',*,*,#713,.T.);
#942=ORIENTED_EDGE('',*,*,#714,.T.);
#943=ORIENTED_EDGE('',*,*,#715,.T.);
#944=ORIENTED_EDGE('',*,*,#716,.F.);
#945=ORIENTED_EDGE('',*,*,#717,.F.);
#946=ORIENTED_EDGE('',*,*,#718,.F.);
#947=ORIENTED_EDGE('',*,*,#719,.F.);
#948=ORIENTED_EDGE('',*,*,#720,.F.);
#949=ORIENTED_EDGE('',*,*,#707,.F.);
#950=ORIENTED_EDGE('',*,*,#721,.F.);
#951=ORIENTED_EDGE('',*,*,#722,.T.);
#952=ORIENTED_EDGE('',*,*,#723,.T.);
#953=ORIENTED_EDGE('',*,*,#695,.F.);
#954=ORIENTED_EDGE('',*,*,#724,.F.);
#955=ORIENTED_EDGE('',*,*,#725,.F.);
#956=ORIENTED_EDGE('',*,*,#726,.T.);
#957=ORIENTED_EDGE('',*,*,#696,.F.);
#958=ORIENTED_EDGE('',*,*,#726,.F.);
#959=ORIENTED_EDGE('',*,*,#727,.T.);
#960=ORIENTED_EDGE('',*,*,#728,.T.);
#961=ORIENTED_EDGE('',*,*,#697,.F.);
#962=ORIENTED_EDGE('',*,*,#728,.F.);
#963=ORIENTED_EDGE('',*,*,#729,.F.);
#964=ORIENTED_EDGE('',*,*,#730,.T.);
#965=ORIENTED_EDGE('',*,*,#698,.F.);
#966=ORIENTED_EDGE('',*,*,#730,.F.);
#967=ORIENTED_EDGE('',*,*,#731,.F.);
#968=ORIENTED_EDGE('',*,*,#732,.T.);
#969=ORIENTED_EDGE('',*,*,#699,.F.);
#970=ORIENTED_EDGE('',*,*,#732,.F.);
#971=ORIENTED_EDGE('',*,*,#733,.F.);
#972=ORIENTED_EDGE('',*,*,#734,.T.);
#973=ORIENTED_EDGE('',*,*,#700,.F.);
#974=ORIENTED_EDGE('',*,*,#734,.F.);
#975=ORIENTED_EDGE('',*,*,#735,.F.);
#976=ORIENTED_EDGE('',*,*,#736,.T.);
#977=ORIENTED_EDGE('',*,*,#701,.F.);
#978=ORIENTED_EDGE('',*,*,#736,.F.);
#979=ORIENTED_EDGE('',*,*,#737,.F.);
#980=ORIENTED_EDGE('',*,*,#738,.T.);
#981=ORIENTED_EDGE('',*,*,#702,.F.);
#982=ORIENTED_EDGE('',*,*,#738,.F.);
#983=ORIENTED_EDGE('',*,*,#739,.F.);
#984=ORIENTED_EDGE('',*,*,#740,.T.);
#985=ORIENTED_EDGE('',*,*,#703,.F.);
#986=ORIENTED_EDGE('',*,*,#740,.F.);
#987=ORIENTED_EDGE('',*,*,#741,.F.);
#988=ORIENTED_EDGE('',*,*,#742,.T.);
#989=ORIENTED_EDGE('',*,*,#704,.F.);
#990=ORIENTED_EDGE('',*,*,#742,.F.);
#991=ORIENTED_EDGE('',*,*,#743,.F.);
#992=ORIENTED_EDGE('',*,*,#744,.F.);
#993=ORIENTED_EDGE('',*,*,#745,.F.);
#994=ORIENTED_EDGE('',*,*,#746,.T.);
#995=ORIENTED_EDGE('',*,*,#747,.F.);
#996=ORIENTED_EDGE('',*,*,#748,.F.);
#997=ORIENTED_EDGE('',*,*,#749,.F.);
#998=ORIENTED_EDGE('',*,*,#748,.T.);
#999=ORIENTED_EDGE('',*,*,#750,.F.);
#1000=ORIENTED_EDGE('',*,*,#751,.F.);
#1001=ORIENTED_EDGE('',*,*,#752,.F.);
#1002=ORIENTED_EDGE('',*,*,#751,.T.);
#1003=ORIENTED_EDGE('',*,*,#753,.F.);
#1004=ORIENTED_EDGE('',*,*,#754,.F.);
#1005=ORIENTED_EDGE('',*,*,#755,.F.);
#1006=ORIENTED_EDGE('',*,*,#756,.F.);
#1007=ORIENTED_EDGE('',*,*,#757,.F.);
#1008=ORIENTED_EDGE('',*,*,#758,.T.);
#1009=ORIENTED_EDGE('',*,*,#759,.F.);
#1010=ORIENTED_EDGE('',*,*,#760,.F.);
#1011=ORIENTED_EDGE('',*,*,#761,.F.);
#1012=ORIENTED_EDGE('',*,*,#760,.T.);
#1013=ORIENTED_EDGE('',*,*,#762,.F.);
#1014=ORIENTED_EDGE('',*,*,#763,.F.);
#1015=ORIENTED_EDGE('',*,*,#764,.F.);
#1016=ORIENTED_EDGE('',*,*,#722,.F.);
#1017=ORIENTED_EDGE('',*,*,#765,.F.);
#1018=ORIENTED_EDGE('',*,*,#754,.T.);
#1019=ORIENTED_EDGE('',*,*,#766,.F.);
#1020=ORIENTED_EDGE('',*,*,#767,.T.);
#1021=ORIENTED_EDGE('',*,*,#768,.F.);
#1022=ORIENTED_EDGE('',*,*,#746,.F.);
#1023=ORIENTED_EDGE('',*,*,#769,.F.);
#1024=ORIENTED_EDGE('',*,*,#770,.F.);
#1025=ORIENTED_EDGE('',*,*,#771,.F.);
#1026=ORIENTED_EDGE('',*,*,#772,.T.);
#1027=ORIENTED_EDGE('',*,*,#773,.T.);
#1028=ORIENTED_EDGE('',*,*,#774,.T.);
#1029=ORIENTED_EDGE('',*,*,#775,.T.);
#1030=ORIENTED_EDGE('',*,*,#776,.T.);
#1031=ORIENTED_EDGE('',*,*,#777,.T.);
#1032=ORIENTED_EDGE('',*,*,#778,.T.);
#1033=ORIENTED_EDGE('',*,*,#779,.T.);
#1034=ORIENTED_EDGE('',*,*,#780,.T.);
#1035=ORIENTED_EDGE('',*,*,#762,.T.);
#1036=ORIENTED_EDGE('',*,*,#759,.T.);
#1037=ORIENTED_EDGE('',*,*,#781,.T.);
#1038=ORIENTED_EDGE('',*,*,#782,.F.);
#1039=ORIENTED_EDGE('',*,*,#783,.F.);
#1040=ORIENTED_EDGE('',*,*,#764,.T.);
#1041=ORIENTED_EDGE('',*,*,#753,.T.);
#1042=ORIENTED_EDGE('',*,*,#750,.T.);
#1043=ORIENTED_EDGE('',*,*,#747,.T.);
#1044=ORIENTED_EDGE('',*,*,#768,.T.);
#1045=ORIENTED_EDGE('',*,*,#784,.T.);
#1046=ORIENTED_EDGE('',*,*,#785,.F.);
#1047=ORIENTED_EDGE('',*,*,#786,.F.);
#1048=ORIENTED_EDGE('',*,*,#787,.F.);
#1049=ORIENTED_EDGE('',*,*,#788,.T.);
#1050=ORIENTED_EDGE('',*,*,#789,.F.);
#1051=ORIENTED_EDGE('',*,*,#790,.F.);
#1052=ORIENTED_EDGE('',*,*,#791,.T.);
#1053=ORIENTED_EDGE('',*,*,#792,.T.);
#1054=ORIENTED_EDGE('',*,*,#793,.T.);
#1055=ORIENTED_EDGE('',*,*,#794,.T.);
#1056=ORIENTED_EDGE('',*,*,#795,.T.);
#1057=ORIENTED_EDGE('',*,*,#796,.T.);
#1058=ORIENTED_EDGE('',*,*,#797,.T.);
#1059=ORIENTED_EDGE('',*,*,#791,.F.);
#1060=ORIENTED_EDGE('',*,*,#798,.F.);
#1061=ORIENTED_EDGE('',*,*,#799,.F.);
#1062=ORIENTED_EDGE('',*,*,#800,.T.);
#1063=ORIENTED_EDGE('',*,*,#766,.T.);
#1064=ORIENTED_EDGE('',*,*,#745,.T.);
#1065=ORIENTED_EDGE('',*,*,#749,.T.);
#1066=ORIENTED_EDGE('',*,*,#752,.T.);
#1067=ORIENTED_EDGE('',*,*,#801,.F.);
#1068=ORIENTED_EDGE('',*,*,#802,.F.);
#1069=ORIENTED_EDGE('',*,*,#756,.T.);
#1070=ORIENTED_EDGE('',*,*,#761,.T.);
#1071=ORIENTED_EDGE('',*,*,#803,.T.);
#1072=ORIENTED_EDGE('',*,*,#804,.T.);
#1073=ORIENTED_EDGE('',*,*,#805,.T.);
#1074=ORIENTED_EDGE('',*,*,#787,.T.);
#1075=ORIENTED_EDGE('',*,*,#806,.F.);
#1076=ORIENTED_EDGE('',*,*,#807,.F.);
#1077=ORIENTED_EDGE('',*,*,#776,.F.);
#1078=ORIENTED_EDGE('',*,*,#808,.F.);
#1079=ORIENTED_EDGE('',*,*,#794,.F.);
#1080=ORIENTED_EDGE('',*,*,#809,.T.);
#1081=ORIENTED_EDGE('',*,*,#777,.F.);
#1082=ORIENTED_EDGE('',*,*,#809,.F.);
#1083=ORIENTED_EDGE('',*,*,#793,.F.);
#1084=ORIENTED_EDGE('',*,*,#810,.T.);
#1085=ORIENTED_EDGE('',*,*,#792,.F.);
#1086=ORIENTED_EDGE('',*,*,#811,.T.);
#1087=ORIENTED_EDGE('',*,*,#778,.F.);
#1088=ORIENTED_EDGE('',*,*,#810,.F.);
#1089=ORIENTED_EDGE('',*,*,#694,.F.);
#1090=ORIENTED_EDGE('',*,*,#812,.F.);
#1091=ORIENTED_EDGE('',*,*,#813,.F.);
#1092=ORIENTED_EDGE('',*,*,#724,.T.);
#1093=ORIENTED_EDGE('',*,*,#715,.F.);
#1094=ORIENTED_EDGE('',*,*,#814,.F.);
#1095=ORIENTED_EDGE('',*,*,#815,.F.);
#1096=ORIENTED_EDGE('',*,*,#812,.T.);
#1097=ORIENTED_EDGE('',*,*,#714,.F.);
#1098=ORIENTED_EDGE('',*,*,#816,.F.);
#1099=ORIENTED_EDGE('',*,*,#817,.F.);
#1100=ORIENTED_EDGE('',*,*,#814,.T.);
#1101=ORIENTED_EDGE('',*,*,#713,.F.);
#1102=ORIENTED_EDGE('',*,*,#818,.F.);
#1103=ORIENTED_EDGE('',*,*,#819,.F.);
#1104=ORIENTED_EDGE('',*,*,#816,.T.);
#1105=ORIENTED_EDGE('',*,*,#712,.F.);
#1106=ORIENTED_EDGE('',*,*,#820,.F.);
#1107=ORIENTED_EDGE('',*,*,#821,.F.);
#1108=ORIENTED_EDGE('',*,*,#818,.T.);
#1109=ORIENTED_EDGE('',*,*,#711,.F.);
#1110=ORIENTED_EDGE('',*,*,#822,.F.);
#1111=ORIENTED_EDGE('',*,*,#823,.F.);
#1112=ORIENTED_EDGE('',*,*,#820,.T.);
#1113=ORIENTED_EDGE('',*,*,#804,.F.);
#1114=ORIENTED_EDGE('',*,*,#824,.T.);
#1115=ORIENTED_EDGE('',*,*,#779,.F.);
#1116=ORIENTED_EDGE('',*,*,#811,.F.);
#1117=ORIENTED_EDGE('',*,*,#775,.F.);
#1118=ORIENTED_EDGE('',*,*,#825,.F.);
#1119=ORIENTED_EDGE('',*,*,#795,.F.);
#1120=ORIENTED_EDGE('',*,*,#808,.T.);
#1121=ORIENTED_EDGE('',*,*,#774,.F.);
#1122=ORIENTED_EDGE('',*,*,#826,.F.);
#1123=ORIENTED_EDGE('',*,*,#796,.F.);
#1124=ORIENTED_EDGE('',*,*,#825,.T.);
#1125=ORIENTED_EDGE('',*,*,#773,.F.);
#1126=ORIENTED_EDGE('',*,*,#805,.F.);
#1127=ORIENTED_EDGE('',*,*,#827,.F.);
#1128=ORIENTED_EDGE('',*,*,#828,.F.);
#1129=ORIENTED_EDGE('',*,*,#829,.F.);
#1130=ORIENTED_EDGE('',*,*,#788,.F.);
#1131=ORIENTED_EDGE('',*,*,#797,.F.);
#1132=ORIENTED_EDGE('',*,*,#826,.T.);
#1133=ORIENTED_EDGE('',*,*,#830,.F.);
#1134=ORIENTED_EDGE('',*,*,#828,.T.);
#1135=ORIENTED_EDGE('',*,*,#831,.F.);
#1136=ORIENTED_EDGE('',*,*,#832,.F.);
#1137=ORIENTED_EDGE('',*,*,#833,.F.);
#1138=ORIENTED_EDGE('',*,*,#834,.F.);
#1139=ORIENTED_EDGE('',*,*,#832,.T.);
#1140=ORIENTED_EDGE('',*,*,#835,.F.);
#1141=ORIENTED_EDGE('',*,*,#836,.F.);
#1142=ORIENTED_EDGE('',*,*,#837,.F.);
#1143=ORIENTED_EDGE('',*,*,#803,.F.);
#1144=ORIENTED_EDGE('',*,*,#763,.T.);
#1145=ORIENTED_EDGE('',*,*,#780,.F.);
#1146=ORIENTED_EDGE('',*,*,#824,.F.);
#1147=ORIENTED_EDGE('',*,*,#781,.F.);
#1148=ORIENTED_EDGE('',*,*,#758,.F.);
#1149=ORIENTED_EDGE('',*,*,#838,.F.);
#1150=ORIENTED_EDGE('',*,*,#839,.T.);
#1151=ORIENTED_EDGE('',*,*,#840,.F.);
#1152=ORIENTED_EDGE('',*,*,#841,.T.);
#1153=ORIENTED_EDGE('',*,*,#842,.F.);
#1154=ORIENTED_EDGE('',*,*,#843,.F.);
#1155=ORIENTED_EDGE('',*,*,#844,.F.);
#1156=ORIENTED_EDGE('',*,*,#845,.F.);
#1157=ORIENTED_EDGE('',*,*,#782,.T.);
#1158=ORIENTED_EDGE('',*,*,#839,.F.);
#1159=ORIENTED_EDGE('',*,*,#846,.F.);
#1160=ORIENTED_EDGE('',*,*,#847,.T.);
#1161=ORIENTED_EDGE('',*,*,#848,.F.);
#1162=ORIENTED_EDGE('',*,*,#841,.F.);
#1163=ORIENTED_EDGE('',*,*,#849,.F.);
#1164=ORIENTED_EDGE('',*,*,#850,.F.);
#1165=ORIENTED_EDGE('',*,*,#851,.F.);
#1166=ORIENTED_EDGE('',*,*,#847,.F.);
#1167=ORIENTED_EDGE('',*,*,#852,.F.);
#1168=ORIENTED_EDGE('',*,*,#837,.T.);
#1169=ORIENTED_EDGE('',*,*,#853,.F.);
#1170=ORIENTED_EDGE('',*,*,#854,.F.);
#1171=ORIENTED_EDGE('',*,*,#855,.F.);
#1172=ORIENTED_EDGE('',*,*,#850,.T.);
#1173=ORIENTED_EDGE('',*,*,#856,.F.);
#1174=ORIENTED_EDGE('',*,*,#857,.F.);
#1175=ORIENTED_EDGE('',*,*,#815,.T.);
#1176=ORIENTED_EDGE('',*,*,#817,.T.);
#1177=ORIENTED_EDGE('',*,*,#819,.T.);
#1178=ORIENTED_EDGE('',*,*,#821,.T.);
#1179=ORIENTED_EDGE('',*,*,#823,.T.);
#1180=ORIENTED_EDGE('',*,*,#858,.F.);
#1181=ORIENTED_EDGE('',*,*,#859,.F.);
#1182=ORIENTED_EDGE('',*,*,#860,.F.);
#1183=ORIENTED_EDGE('',*,*,#861,.F.);
#1184=ORIENTED_EDGE('',*,*,#743,.T.);
#1185=ORIENTED_EDGE('',*,*,#741,.T.);
#1186=ORIENTED_EDGE('',*,*,#739,.T.);
#1187=ORIENTED_EDGE('',*,*,#737,.T.);
#1188=ORIENTED_EDGE('',*,*,#735,.T.);
#1189=ORIENTED_EDGE('',*,*,#733,.T.);
#1190=ORIENTED_EDGE('',*,*,#731,.T.);
#1191=ORIENTED_EDGE('',*,*,#729,.T.);
#1192=ORIENTED_EDGE('',*,*,#727,.F.);
#1193=ORIENTED_EDGE('',*,*,#725,.T.);
#1194=ORIENTED_EDGE('',*,*,#813,.T.);
#1195=ORIENTED_EDGE('',*,*,#772,.F.);
#1196=ORIENTED_EDGE('',*,*,#862,.F.);
#1197=ORIENTED_EDGE('',*,*,#784,.F.);
#1198=ORIENTED_EDGE('',*,*,#767,.F.);
#1199=ORIENTED_EDGE('',*,*,#800,.F.);
#1200=ORIENTED_EDGE('',*,*,#863,.F.);
#1201=ORIENTED_EDGE('',*,*,#723,.F.);
#1202=ORIENTED_EDGE('',*,*,#783,.T.);
#1203=ORIENTED_EDGE('',*,*,#845,.T.);
#1204=ORIENTED_EDGE('',*,*,#864,.F.);
#1205=ORIENTED_EDGE('',*,*,#859,.T.);
#1206=ORIENTED_EDGE('',*,*,#865,.F.);
#1207=ORIENTED_EDGE('',*,*,#866,.F.);
#1208=ORIENTED_EDGE('',*,*,#867,.T.);
#1209=ORIENTED_EDGE('',*,*,#858,.T.);
#1210=ORIENTED_EDGE('',*,*,#822,.T.);
#1211=ORIENTED_EDGE('',*,*,#710,.T.);
#1212=ORIENTED_EDGE('',*,*,#868,.F.);
#1213=ORIENTED_EDGE('',*,*,#869,.F.);
#1214=ORIENTED_EDGE('',*,*,#870,.F.);
#1215=ORIENTED_EDGE('',*,*,#871,.F.);
#1216=ORIENTED_EDGE('',*,*,#872,.F.);
#1217=ORIENTED_EDGE('',*,*,#865,.T.);
#1218=ORIENTED_EDGE('',*,*,#709,.T.);
#1219=ORIENTED_EDGE('',*,*,#873,.F.);
#1220=ORIENTED_EDGE('',*,*,#874,.F.);
#1221=ORIENTED_EDGE('',*,*,#875,.F.);
#1222=ORIENTED_EDGE('',*,*,#876,.F.);
#1223=ORIENTED_EDGE('',*,*,#877,.F.);
#1224=ORIENTED_EDGE('',*,*,#868,.T.);
#1225=ORIENTED_EDGE('',*,*,#708,.T.);
#1226=ORIENTED_EDGE('',*,*,#720,.T.);
#1227=ORIENTED_EDGE('',*,*,#864,.T.);
#1228=ORIENTED_EDGE('',*,*,#844,.T.);
#1229=ORIENTED_EDGE('',*,*,#878,.F.);
#1230=ORIENTED_EDGE('',*,*,#879,.F.);
#1231=ORIENTED_EDGE('',*,*,#880,.F.);
#1232=ORIENTED_EDGE('',*,*,#881,.F.);
#1233=ORIENTED_EDGE('',*,*,#882,.F.);
#1234=ORIENTED_EDGE('',*,*,#883,.F.);
#1235=ORIENTED_EDGE('',*,*,#884,.F.);
#1236=ORIENTED_EDGE('',*,*,#885,.F.);
#1237=ORIENTED_EDGE('',*,*,#873,.T.);
#1238=ORIENTED_EDGE('',*,*,#843,.T.);
#1239=ORIENTED_EDGE('',*,*,#842,.T.);
#1240=ORIENTED_EDGE('',*,*,#848,.T.);
#1241=ORIENTED_EDGE('',*,*,#851,.T.);
#1242=ORIENTED_EDGE('',*,*,#855,.T.);
#1243=ORIENTED_EDGE('',*,*,#886,.F.);
#1244=ORIENTED_EDGE('',*,*,#885,.T.);
#1245=ORIENTED_EDGE('',*,*,#884,.T.);
#1246=ORIENTED_EDGE('',*,*,#883,.T.);
#1247=ORIENTED_EDGE('',*,*,#882,.T.);
#1248=ORIENTED_EDGE('',*,*,#881,.T.);
#1249=ORIENTED_EDGE('',*,*,#880,.T.);
#1250=ORIENTED_EDGE('',*,*,#879,.T.);
#1251=ORIENTED_EDGE('',*,*,#878,.T.);
#1252=ORIENTED_EDGE('',*,*,#798,.T.);
#1253=ORIENTED_EDGE('',*,*,#790,.T.);
#1254=ORIENTED_EDGE('',*,*,#887,.F.);
#1255=ORIENTED_EDGE('',*,*,#786,.T.);
#1256=ORIENTED_EDGE('',*,*,#888,.F.);
#1257=ORIENTED_EDGE('',*,*,#806,.T.);
#1258=ORIENTED_EDGE('',*,*,#857,.T.);
#1259=ORIENTED_EDGE('',*,*,#889,.F.);
#1260=ORIENTED_EDGE('',*,*,#890,.T.);
#1261=ORIENTED_EDGE('',*,*,#891,.T.);
#1262=ORIENTED_EDGE('',*,*,#892,.T.);
#1263=ORIENTED_EDGE('',*,*,#893,.T.);
#1264=ORIENTED_EDGE('',*,*,#894,.T.);
#1265=ORIENTED_EDGE('',*,*,#895,.F.);
#1266=ORIENTED_EDGE('',*,*,#830,.T.);
#1267=ORIENTED_EDGE('',*,*,#896,.F.);
#1268=ORIENTED_EDGE('',*,*,#897,.T.);
#1269=ORIENTED_EDGE('',*,*,#898,.T.);
#1270=ORIENTED_EDGE('',*,*,#769,.T.);
#1271=ORIENTED_EDGE('',*,*,#863,.T.);
#1272=ORIENTED_EDGE('',*,*,#799,.T.);
#1273=ORIENTED_EDGE('',*,*,#887,.T.);
#1274=ORIENTED_EDGE('',*,*,#789,.T.);
#1275=ORIENTED_EDGE('',*,*,#829,.T.);
#1276=ORIENTED_EDGE('',*,*,#898,.F.);
#1277=ORIENTED_EDGE('',*,*,#866,.T.);
#1278=ORIENTED_EDGE('',*,*,#899,.T.);
#1279=ORIENTED_EDGE('',*,*,#827,.T.);
#1280=ORIENTED_EDGE('',*,*,#807,.T.);
#1281=ORIENTED_EDGE('',*,*,#888,.T.);
#1282=ORIENTED_EDGE('',*,*,#785,.T.);
#1283=ORIENTED_EDGE('',*,*,#862,.T.);
#1284=ORIENTED_EDGE('',*,*,#771,.T.);
#1285=ORIENTED_EDGE('',*,*,#900,.T.);
#1286=ORIENTED_EDGE('',*,*,#854,.T.);
#1287=ORIENTED_EDGE('',*,*,#901,.T.);
#1288=ORIENTED_EDGE('',*,*,#869,.T.);
#1289=ORIENTED_EDGE('',*,*,#877,.T.);
#1290=ORIENTED_EDGE('',*,*,#876,.T.);
#1291=ORIENTED_EDGE('',*,*,#875,.T.);
#1292=ORIENTED_EDGE('',*,*,#874,.T.);
#1293=ORIENTED_EDGE('',*,*,#886,.T.);
#1294=ORIENTED_EDGE('',*,*,#853,.T.);
#1295=ORIENTED_EDGE('',*,*,#836,.T.);
#1296=ORIENTED_EDGE('',*,*,#902,.T.);
#1297=ORIENTED_EDGE('',*,*,#870,.T.);
#1298=ORIENTED_EDGE('',*,*,#901,.F.);
#1299=ORIENTED_EDGE('',*,*,#706,.T.);
#1300=ORIENTED_EDGE('',*,*,#903,.F.);
#1301=ORIENTED_EDGE('',*,*,#904,.F.);
#1302=ORIENTED_EDGE('',*,*,#905,.F.);
#1303=ORIENTED_EDGE('',*,*,#906,.F.);
#1304=ORIENTED_EDGE('',*,*,#907,.F.);
#1305=ORIENTED_EDGE('',*,*,#908,.F.);
#1306=ORIENTED_EDGE('',*,*,#801,.T.);
#1307=ORIENTED_EDGE('',*,*,#755,.T.);
#1308=ORIENTED_EDGE('',*,*,#765,.T.);
#1309=ORIENTED_EDGE('',*,*,#721,.T.);
#1310=ORIENTED_EDGE('',*,*,#861,.T.);
#1311=ORIENTED_EDGE('',*,*,#909,.F.);
#1312=ORIENTED_EDGE('',*,*,#893,.F.);
#1313=ORIENTED_EDGE('',*,*,#892,.F.);
#1314=ORIENTED_EDGE('',*,*,#891,.F.);
#1315=ORIENTED_EDGE('',*,*,#890,.F.);
#1316=ORIENTED_EDGE('',*,*,#903,.T.);
#1317=ORIENTED_EDGE('',*,*,#705,.T.);
#1318=ORIENTED_EDGE('',*,*,#744,.T.);
#1319=ORIENTED_EDGE('',*,*,#852,.T.);
#1320=ORIENTED_EDGE('',*,*,#895,.T.);
#1321=ORIENTED_EDGE('',*,*,#910,.T.);
#1322=ORIENTED_EDGE('',*,*,#911,.F.);
#1323=ORIENTED_EDGE('',*,*,#833,.T.);
#1324=ORIENTED_EDGE('',*,*,#834,.T.);
#1325=ORIENTED_EDGE('',*,*,#911,.T.);
#1326=ORIENTED_EDGE('',*,*,#912,.T.);
#1327=ORIENTED_EDGE('',*,*,#896,.T.);
#1328=ORIENTED_EDGE('',*,*,#831,.T.);
#1329=ORIENTED_EDGE('',*,*,#899,.F.);
#1330=ORIENTED_EDGE('',*,*,#872,.T.);
#1331=ORIENTED_EDGE('',*,*,#913,.T.);
#1332=ORIENTED_EDGE('',*,*,#835,.T.);
#1333=ORIENTED_EDGE('',*,*,#913,.F.);
#1334=ORIENTED_EDGE('',*,*,#871,.T.);
#1335=ORIENTED_EDGE('',*,*,#902,.F.);
#1336=ORIENTED_EDGE('',*,*,#802,.T.);
#1337=ORIENTED_EDGE('',*,*,#908,.T.);
#1338=ORIENTED_EDGE('',*,*,#907,.T.);
#1339=ORIENTED_EDGE('',*,*,#906,.T.);
#1340=ORIENTED_EDGE('',*,*,#905,.T.);
#1341=ORIENTED_EDGE('',*,*,#904,.T.);
#1342=ORIENTED_EDGE('',*,*,#889,.T.);
#1343=ORIENTED_EDGE('',*,*,#856,.T.);
#1344=ORIENTED_EDGE('',*,*,#849,.T.);
#1345=ORIENTED_EDGE('',*,*,#846,.T.);
#1346=ORIENTED_EDGE('',*,*,#840,.T.);
#1347=ORIENTED_EDGE('',*,*,#838,.T.);
#1348=ORIENTED_EDGE('',*,*,#757,.T.);
#1349=ORIENTED_EDGE('',*,*,#860,.T.);
#1350=ORIENTED_EDGE('',*,*,#867,.F.);
#1351=ORIENTED_EDGE('',*,*,#897,.F.);
#1352=ORIENTED_EDGE('',*,*,#912,.F.);
#1353=ORIENTED_EDGE('',*,*,#910,.F.);
#1354=ORIENTED_EDGE('',*,*,#894,.F.);
#1355=ORIENTED_EDGE('',*,*,#909,.T.);
#1356=ORIENTED_EDGE('',*,*,#770,.T.);
#1357=ORIENTED_EDGE('',*,*,#900,.F.);
#1358=ORIENTED_EDGE('',*,*,#719,.T.);
#1359=ORIENTED_EDGE('',*,*,#914,.T.);
#1360=ORIENTED_EDGE('',*,*,#915,.T.);
#1361=ORIENTED_EDGE('',*,*,#914,.F.);
#1362=ORIENTED_EDGE('',*,*,#915,.F.);
#1363=ORIENTED_EDGE('',*,*,#718,.T.);
#1364=ORIENTED_EDGE('',*,*,#916,.T.);
#1365=ORIENTED_EDGE('',*,*,#917,.T.);
#1366=ORIENTED_EDGE('',*,*,#916,.F.);
#1367=ORIENTED_EDGE('',*,*,#917,.F.);
#1368=ORIENTED_EDGE('',*,*,#717,.T.);
#1369=ORIENTED_EDGE('',*,*,#918,.T.);
#1370=ORIENTED_EDGE('',*,*,#919,.T.);
#1371=ORIENTED_EDGE('',*,*,#918,.F.);
#1372=ORIENTED_EDGE('',*,*,#919,.F.);
#1373=ORIENTED_EDGE('',*,*,#716,.T.);
#1374=ORIENTED_EDGE('',*,*,#920,.T.);
#1375=ORIENTED_EDGE('',*,*,#921,.T.);
#1376=ORIENTED_EDGE('',*,*,#920,.F.);
#1377=ORIENTED_EDGE('',*,*,#921,.F.);
#1378=PLANE('',#1493);
#1379=PLANE('',#1499);
#1380=PLANE('',#1500);
#1381=PLANE('',#1502);
#1382=PLANE('',#1506);
#1383=PLANE('',#1507);
#1384=PLANE('',#1512);
#1385=PLANE('',#1513);
#1386=PLANE('',#1518);
#1387=PLANE('',#1519);
#1388=PLANE('',#1521);
#1389=PLANE('',#1522);
#1390=PLANE('',#1525);
#1391=PLANE('',#1529);
#1392=PLANE('',#1530);
#1393=PLANE('',#1531);
#1394=PLANE('',#1533);
#1395=PLANE('',#1534);
#1396=PLANE('',#1536);
#1397=PLANE('',#1555);
#1398=PLANE('',#1559);
#1399=PLANE('',#1562);
#1400=PLANE('',#1565);
#1401=PLANE('',#1568);
#1402=ADVANCED_FACE('',(#103,#68,#69,#70,#71),#1378,.T.);
#1403=ADVANCED_FACE('',(#104),#1379,.T.);
#1404=ADVANCED_FACE('',(#105),#36,.T.);
#1405=ADVANCED_FACE('',(#106),#1380,.T.);
#1406=ADVANCED_FACE('',(#107),#37,.T.);
#1407=ADVANCED_FACE('',(#108),#38,.T.);
#1408=ADVANCED_FACE('',(#109),#34,.T.);
#1409=ADVANCED_FACE('',(#110),#39,.T.);
#1410=ADVANCED_FACE('',(#111),#40,.T.);
#1411=ADVANCED_FACE('',(#112),#41,.T.);
#1412=ADVANCED_FACE('',(#113),#42,.T.);
#1413=ADVANCED_FACE('',(#114),#1381,.T.);
#1414=ADVANCED_FACE('',(#115),#43,.T.);
#1415=ADVANCED_FACE('',(#116),#44,.T.);
#1416=ADVANCED_FACE('',(#117),#45,.T.);
#1417=ADVANCED_FACE('',(#118),#46,.T.);
#1418=ADVANCED_FACE('',(#119),#47,.T.);
#1419=ADVANCED_FACE('',(#120),#48,.T.);
#1420=ADVANCED_FACE('',(#121),#19,.T.);
#1421=ADVANCED_FACE('',(#122),#1382,.T.);
#1422=ADVANCED_FACE('',(#123),#1383,.T.);
#1423=ADVANCED_FACE('',(#124),#1384,.T.);
#1424=ADVANCED_FACE('',(#125),#1385,.T.);
#1425=ADVANCED_FACE('',(#126),#1386,.T.);
#1426=ADVANCED_FACE('',(#127),#1387,.T.);
#1427=ADVANCED_FACE('',(#128),#20,.F.);
#1428=ADVANCED_FACE('',(#129),#1388,.T.);
#1429=ADVANCED_FACE('',(#130),#49,.T.);
#1430=ADVANCED_FACE('',(#131),#50,.T.);
#1431=ADVANCED_FACE('',(#132),#51,.T.);
#1432=ADVANCED_FACE('',(#133),#52,.T.);
#1433=ADVANCED_FACE('',(#134),#53,.T.);
#1434=ADVANCED_FACE('',(#135),#1389,.T.);
#1435=ADVANCED_FACE('',(#136),#21,.F.);
#1436=ADVANCED_FACE('',(#137),#22,.F.);
#1437=ADVANCED_FACE('',(#138),#1390,.T.);
#1438=ADVANCED_FACE('',(#139),#54,.T.);
#1439=ADVANCED_FACE('',(#140),#23,.T.);
#1440=ADVANCED_FACE('',(#141),#1391,.T.);
#1441=ADVANCED_FACE('',(#142),#55,.T.);
#1442=ADVANCED_FACE('',(#143),#56,.T.);
#1443=ADVANCED_FACE('',(#144),#1392,.T.);
#1444=ADVANCED_FACE('',(#145),#57,.T.);
#1445=ADVANCED_FACE('',(#146),#58,.T.);
#1446=ADVANCED_FACE('',(#147),#35,.T.);
#1447=ADVANCED_FACE('',(#148),#1393,.T.);
#1448=ADVANCED_FACE('',(#149),#1394,.T.);
#1449=ADVANCED_FACE('',(#150),#1395,.T.);
#1450=ADVANCED_FACE('',(#151),#24,.T.);
#1451=ADVANCED_FACE('',(#152),#1396,.T.);
#1452=ADVANCED_FACE('',(#153),#59,.T.);
#1453=ADVANCED_FACE('',(#154),#60,.T.);
#1454=ADVANCED_FACE('',(#155),#61,.F.);
#1455=ADVANCED_FACE('',(#156),#25,.T.);
#1456=ADVANCED_FACE('',(#157),#26,.T.);
#1457=ADVANCED_FACE('',(#158),#62,.F.);
#1458=ADVANCED_FACE('',(#159),#15,.T.);
#1459=ADVANCED_FACE('',(#160),#63,.F.);
#1460=ADVANCED_FACE('',(#161),#64,.F.);
#1461=ADVANCED_FACE('',(#162),#16,.T.);
#1462=ADVANCED_FACE('',(#163),#65,.T.);
#1463=ADVANCED_FACE('',(#164),#66,.T.);
#1464=ADVANCED_FACE('',(#165),#17,.T.);
#1465=ADVANCED_FACE('',(#166),#27,.T.);
#1466=ADVANCED_FACE('',(#167),#18,.T.);
#1467=ADVANCED_FACE('',(#168),#28,.T.);
#1468=ADVANCED_FACE('',(#169),#67,.F.);
#1469=ADVANCED_FACE('',(#170),#1397,.T.);
#1470=ADVANCED_FACE('',(#171),#29,.T.);
#1471=ADVANCED_FACE('',(#172),#30,.F.);
#1472=ADVANCED_FACE('',(#173),#1398,.F.);
#1473=ADVANCED_FACE('',(#174),#31,.F.);
#1474=ADVANCED_FACE('',(#175),#1399,.F.);
#1475=ADVANCED_FACE('',(#176),#32,.F.);
#1476=ADVANCED_FACE('',(#177),#1400,.F.);
#1477=ADVANCED_FACE('',(#178),#33,.F.);
#1478=ADVANCED_FACE('',(#179),#1401,.F.);
#1479=CLOSED_SHELL('',(#1402,#1403,#1404,#1405,#1406,#1407,#1408,#1409,
#1410,#1411,#1412,#1413,#1414,#1415,#1416,#1417,#1418,#1419,#1420,#1421,
#1422,#1423,#1424,#1425,#1426,#1427,#1428,#1429,#1430,#1431,#1432,#1433,
#1434,#1435,#1436,#1437,#1438,#1439,#1440,#1441,#1442,#1443,#1444,#1445,
#1446,#1447,#1448,#1449,#1450,#1451,#1452,#1453,#1454,#1455,#1456,#1457,
#1458,#1459,#1460,#1461,#1462,#1463,#1464,#1465,#1466,#1467,#1468,#1469,
#1470,#1471,#1472,#1473,#1474,#1475,#1476,#1477,#1478));
#1480=DERIVED_UNIT_ELEMENT(#1482,1.);
#1481=DERIVED_UNIT_ELEMENT(#8005,-3.);
#1482=(
MASS_UNIT()
NAMED_UNIT(*)
SI_UNIT(.KILO.,.GRAM.)
);
#1483=DERIVED_UNIT((#1480,#1481));
#1484=MEASURE_REPRESENTATION_ITEM('density measure',
POSITIVE_RATIO_MEASURE(7850.),#1483);
#1485=PROPERTY_DEFINITION_REPRESENTATION(#1490,#1487);
#1486=PROPERTY_DEFINITION_REPRESENTATION(#1491,#1488);
#1487=REPRESENTATION('material name',(#1489),#8002);
#1488=REPRESENTATION('density',(#1484),#8002);
#1489=DESCRIPTIVE_REPRESENTATION_ITEM('Steel','Steel');
#1490=PROPERTY_DEFINITION('material property','material name',#8012);
#1491=PROPERTY_DEFINITION('material property','density of part',#8012);
#1492=AXIS2_PLACEMENT_3D('',#1804,#1569,#1570);
#1493=AXIS2_PLACEMENT_3D('',#1805,#1571,#1572);
#1494=AXIS2_PLACEMENT_3D('',#1845,#1574,#1575);
#1495=AXIS2_PLACEMENT_3D('',#2670,#1580,#1581);
#1496=AXIS2_PLACEMENT_3D('',#2672,#1582,#1583);
#1497=AXIS2_PLACEMENT_3D('',#2674,#1584,#1585);
#1498=AXIS2_PLACEMENT_3D('',#2676,#1586,#1587);
#1499=AXIS2_PLACEMENT_3D('',#2677,#1588,#1589);
#1500=AXIS2_PLACEMENT_3D('',#2716,#1594,#1595);
#1501=AXIS2_PLACEMENT_3D('',#2773,#1600,#1601);
#1502=AXIS2_PLACEMENT_3D('',#3713,#1607,#1608);
#1503=AXIS2_PLACEMENT_3D('',#4076,#1617,#1618);
#1504=AXIS2_PLACEMENT_3D('',#4078,#1619,#1620);
#1505=AXIS2_PLACEMENT_3D('',#4081,#1622,#1623);
#1506=AXIS2_PLACEMENT_3D('',#4082,#1624,#1625);
#1507=AXIS2_PLACEMENT_3D('',#4101,#1628,#1629);
#1508=AXIS2_PLACEMENT_3D('',#4111,#1631,#1632);
#1509=AXIS2_PLACEMENT_3D('',#4115,#1634,#1635);
#1510=AXIS2_PLACEMENT_3D('',#4119,#1637,#1638);
#1511=AXIS2_PLACEMENT_3D('',#4165,#1642,#1643);
#1512=AXIS2_PLACEMENT_3D('',#4167,#1645,#1646);
#1513=AXIS2_PLACEMENT_3D('',#4188,#1649,#1650);
#1514=AXIS2_PLACEMENT_3D('',#4193,#1652,#1653);
#1515=AXIS2_PLACEMENT_3D('',#4197,#1655,#1656);
#1516=AXIS2_PLACEMENT_3D('',#4205,#1658,#1659);
#1517=AXIS2_PLACEMENT_3D('',#4230,#1661,#1662);
#1518=AXIS2_PLACEMENT_3D('',#4231,#1663,#1664);
#1519=AXIS2_PLACEMENT_3D('',#4249,#1666,#1667);
#1520=AXIS2_PLACEMENT_3D('',#4252,#1670,#1671);
#1521=AXIS2_PLACEMENT_3D('',#4254,#1673,#1674);
#1522=AXIS2_PLACEMENT_3D('',#5244,#1681,#1682);
#1523=AXIS2_PLACEMENT_3D('',#5248,#1685,#1686);
#1524=AXIS2_PLACEMENT_3D('',#5250,#1688,#1689);
#1525=AXIS2_PLACEMENT_3D('',#5252,#1691,#1692);
#1526=AXIS2_PLACEMENT_3D('',#5273,#1695,#1696);
#1527=AXIS2_PLACEMENT_3D('',#5275,#1697,#1698);
#1528=AXIS2_PLACEMENT_3D('',#5277,#1699,#1700);
#1529=AXIS2_PLACEMENT_3D('',#5279,#1702,#1703);
#1530=AXIS2_PLACEMENT_3D('',#5397,#1708,#1709);
#1531=AXIS2_PLACEMENT_3D('',#5736,#1714,#1715);
#1532=AXIS2_PLACEMENT_3D('',#5740,#1717,#1718);
#1533=AXIS2_PLACEMENT_3D('',#5756,#1720,#1721);
#1534=AXIS2_PLACEMENT_3D('',#5769,#1722,#1723);
#1535=AXIS2_PLACEMENT_3D('',#5780,#1724,#1725);
#1536=AXIS2_PLACEMENT_3D('',#5805,#1728,#1729);
#1537=AXIS2_PLACEMENT_3D('',#5814,#1731,#1732);
#1538=AXIS2_PLACEMENT_3D('',#5817,#1734,#1735);
#1539=AXIS2_PLACEMENT_3D('',#6565,#1737,#1738);
#1540=AXIS2_PLACEMENT_3D('',#6566,#1739,#1740);
#1541=AXIS2_PLACEMENT_3D('',#6571,#1741,#1742);
#1542=AXIS2_PLACEMENT_3D('',#6745,#1743,#1744);
#1543=AXIS2_PLACEMENT_3D('',#6837,#1745,#1746);
#1544=AXIS2_PLACEMENT_3D('',#6839,#1747,#1748);
#1545=AXIS2_PLACEMENT_3D('',#6840,#1749,#1750);
#1546=AXIS2_PLACEMENT_3D('',#6841,#1751,#1752);
#1547=AXIS2_PLACEMENT_3D('',#6962,#1753,#1754);
#1548=AXIS2_PLACEMENT_3D('',#7177,#1755,#1756);
#1549=AXIS2_PLACEMENT_3D('',#7718,#1759,#1760);
#1550=AXIS2_PLACEMENT_3D('',#7720,#1761,#1762);
#1551=AXIS2_PLACEMENT_3D('',#7729,#1763,#1764);
#1552=AXIS2_PLACEMENT_3D('',#7731,#1766,#1767);
#1553=AXIS2_PLACEMENT_3D('',#7732,#1768,#1769);
#1554=AXIS2_PLACEMENT_3D('',#7733,#1770,#1771);
#1555=AXIS2_PLACEMENT_3D('',#7978,#1772,#1773);
#1556=AXIS2_PLACEMENT_3D('',#7979,#1774,#1775);
#1557=AXIS2_PLACEMENT_3D('',#7980,#1776,#1777);
#1558=AXIS2_PLACEMENT_3D('',#7983,#1779,#1780);
#1559=AXIS2_PLACEMENT_3D('',#7984,#1781,#1782);
#1560=AXIS2_PLACEMENT_3D('',#7985,#1783,#1784);
#1561=AXIS2_PLACEMENT_3D('',#7988,#1786,#1787);
#1562=AXIS2_PLACEMENT_3D('',#7989,#1788,#1789);
#1563=AXIS2_PLACEMENT_3D('',#7990,#1790,#1791);
#1564=AXIS2_PLACEMENT_3D('',#7993,#1793,#1794);
#1565=AXIS2_PLACEMENT_3D('',#7994,#1795,#1796);
#1566=AXIS2_PLACEMENT_3D('',#7995,#1797,#1798);
#1567=AXIS2_PLACEMENT_3D('',#7998,#1800,#1801);
#1568=AXIS2_PLACEMENT_3D('',#7999,#1802,#1803);
#1569=DIRECTION('axis',(0.,0.,1.));
#1570=DIRECTION('refdir',(1.,0.,0.));
#1571=DIRECTION('center_axis',(0.,0.,1.));
#1572=DIRECTION('ref_axis',(0.,1.,0.));
#1573=DIRECTION('',(-0.997564050259824,0.069756473744127,0.));
#1574=DIRECTION('center_axis',(0.,0.,1.));
#1575=DIRECTION('ref_axis',(0.612795772688617,-0.790241318190185,0.));
#1576=DIRECTION('',(-1.,0.,0.));
#1577=DIRECTION('',(1.,0.,0.));
#1578=DIRECTION('',(2.31941450173118E-13,-1.,0.));
#1579=DIRECTION('',(-1.,0.,0.));
#1580=DIRECTION('center_axis',(0.,0.,1.));
#1581=DIRECTION('ref_axis',(-0.997564050259824,0.0697564737441253,0.));
#1582=DIRECTION('center_axis',(0.,0.,1.));
#1583=DIRECTION('ref_axis',(-0.997564050259824,0.0697564737441253,0.));
#1584=DIRECTION('center_axis',(0.,0.,1.));
#1585=DIRECTION('ref_axis',(-0.997564050259824,0.0697564737441253,0.));
#1586=DIRECTION('center_axis',(0.,0.,1.));
#1587=DIRECTION('ref_axis',(-0.997564050259824,0.0697564737441253,0.));
#1588=DIRECTION('center_axis',(0.,-1.,0.));
#1589=DIRECTION('ref_axis',(0.,0.,1.));
#1590=DIRECTION('',(1.,0.,0.));
#1591=DIRECTION('',(1.,0.,0.));
#1592=DIRECTION('',(0.,0.,-1.));
#1593=DIRECTION('',(0.,0.,-1.));
#1594=DIRECTION('center_axis',(-0.069756473744127,-0.997564050259824,0.));
#1595=DIRECTION('ref_axis',(-0.997564050259824,0.069756473744127,3.56201399314585E-17));
#1596=DIRECTION('',(-0.997564050259824,0.069756473744127,3.56201399314585E-17));
#1597=DIRECTION('',(0.,0.,-1.));
#1598=DIRECTION('',(0.,0.,-1.));
#1599=DIRECTION('',(0.,0.,-1.));
#1600=DIRECTION('center_axis',(0.,0.,-1.));
#1601=DIRECTION('ref_axis',(0.612795772688617,-0.790241318190185,0.));
#1602=DIRECTION('',(0.,0.,-1.));
#1603=DIRECTION('',(0.,0.,-1.));
#1604=DIRECTION('',(0.,0.,-1.));
#1605=DIRECTION('',(0.,0.,-1.));
#1606=DIRECTION('',(0.,0.,-1.));
#1607=DIRECTION('center_axis',(0.,-1.,0.));
#1608=DIRECTION('ref_axis',(-1.,0.,0.));
#1609=DIRECTION('',(1.,0.,0.));
#1610=DIRECTION('',(1.,0.,0.));
#1611=DIRECTION('',(1.,0.,0.));
#1612=DIRECTION('',(1.,0.,0.));
#1613=DIRECTION('',(1.,0.,0.));
#1614=DIRECTION('',(1.,0.,0.));
#1615=DIRECTION('',(1.,0.,0.));
#1616=DIRECTION('',(1.,0.,0.));
#1617=DIRECTION('center_axis',(-1.,0.,0.));
#1618=DIRECTION('ref_axis',(0.,-0.308630389474123,-0.951182044980377));
#1619=DIRECTION('center_axis',(-1.,0.,0.));
#1620=DIRECTION('ref_axis',(0.,-0.308630389474123,-0.951182044980377));
#1621=DIRECTION('',(1.,0.,0.));
#1622=DIRECTION('center_axis',(1.,0.,0.));
#1623=DIRECTION('ref_axis',(0.,-0.308630389474123,-0.951182044980377));
#1624=DIRECTION('center_axis',(0.,-1.,0.));
#1625=DIRECTION('ref_axis',(-1.,0.,0.));
#1626=DIRECTION('',(-1.,0.,0.));
#1627=DIRECTION('',(-1.,0.,0.));
#1628=DIRECTION('center_axis',(-1.,0.,0.));
#1629=DIRECTION('ref_axis',(0.,1.,0.));
#1630=DIRECTION('',(0.,-1.,3.46276127875103E-17));
#1631=DIRECTION('center_axis',(-1.,0.,0.));
#1632=DIRECTION('ref_axis',(0.,2.06954194881578E-15,-1.));
#1633=DIRECTION('',(0.,-1.,-2.00802437867079E-16));
#1634=DIRECTION('center_axis',(-1.,0.,0.));
#1635=DIRECTION('ref_axis',(0.,-0.126842692386551,-0.991922845481508));
#1636=DIRECTION('',(0.,-1.,3.46276127875103E-17));
#1637=DIRECTION('center_axis',(-1.,0.,0.));
#1638=DIRECTION('ref_axis',(0.,-0.295663600525624,-0.955292120413554));
#1639=DIRECTION('',(0.,0.,-1.));
#1640=DIRECTION('',(0.,-1.,0.));
#1641=DIRECTION('',(0.,1.,0.));
#1642=DIRECTION('center_axis',(1.,0.,0.));
#1643=DIRECTION('ref_axis',(0.,0.,-1.));
#1644=DIRECTION('',(0.,1.,0.));
#1645=DIRECTION('center_axis',(0.,0.,-1.));
#1646=DIRECTION('ref_axis',(-1.,0.,0.));
#1647=DIRECTION('',(-1.,0.,0.));
#1648=DIRECTION('',(0.,-1.,0.));
#1649=DIRECTION('center_axis',(1.,0.,0.));
#1650=DIRECTION('ref_axis',(0.,-1.,0.));
#1651=DIRECTION('',(0.,1.,-3.46276127875103E-17));
#1652=DIRECTION('center_axis',(1.,0.,0.));
#1653=DIRECTION('ref_axis',(0.,-0.126842692386551,-0.991922845481508));
#1654=DIRECTION('',(0.,1.,2.00802437867079E-16));
#1655=DIRECTION('center_axis',(1.,0.,0.));
#1656=DIRECTION('ref_axis',(0.,2.06954194881578E-15,-1.));
#1657=DIRECTION('',(0.,1.,-3.46276127875103E-17));
#1658=DIRECTION('center_axis',(-1.,0.,0.));
#1659=DIRECTION('ref_axis',(0.,0.,-1.));
#1660=DIRECTION('',(0.,-1.,0.));
#1661=DIRECTION('center_axis',(1.,0.,0.));
#1662=DIRECTION('ref_axis',(0.,-0.295663600525624,-0.955292120413554));
#1663=DIRECTION('center_axis',(0.,0.,-1.));
#1664=DIRECTION('ref_axis',(-1.,0.,0.));
#1665=DIRECTION('',(-1.,0.,0.));
#1666=DIRECTION('center_axis',(0.,-2.00802437867079E-16,1.));
#1667=DIRECTION('ref_axis',(0.,1.,2.00802437867079E-16));
#1668=DIRECTION('',(1.,0.,0.));
#1669=DIRECTION('',(1.,0.,0.));
#1670=DIRECTION('center_axis',(-1.,0.,0.));
#1671=DIRECTION('ref_axis',(0.,-0.126842692386551,-0.991922845481508));
#1672=DIRECTION('',(1.,0.,0.));
#1673=DIRECTION('center_axis',(0.,3.46276127875103E-17,1.));
#1674=DIRECTION('ref_axis',(0.,1.,-3.46276127875103E-17));
#1675=DIRECTION('',(1.,0.,0.));
#1676=DIRECTION('',(0.,0.,-1.));
#1677=DIRECTION('',(0.,0.,-1.));
#1678=DIRECTION('',(0.,0.,-1.));
#1679=DIRECTION('',(0.,0.,-1.));
#1680=DIRECTION('',(0.,0.,-1.));
#1681=DIRECTION('center_axis',(0.,-1.,0.));
#1682=DIRECTION('ref_axis',(-1.,0.,0.));
#1683=DIRECTION('',(0.,0.,-1.));
#1684=DIRECTION('',(1.,0.,0.));
#1685=DIRECTION('center_axis',(-1.,0.,0.));
#1686=DIRECTION('ref_axis',(0.,-0.295663600525624,-0.955292120413554));
#1687=DIRECTION('',(1.,0.,0.));
#1688=DIRECTION('center_axis',(-1.,0.,0.));
#1689=DIRECTION('ref_axis',(0.,2.06954194881578E-15,-1.));
#1690=DIRECTION('',(1.,0.,0.));
#1691=DIRECTION('center_axis',(0.,3.46276127875103E-17,1.));
#1692=DIRECTION('ref_axis',(0.,1.,-3.46276127875103E-17));
#1693=DIRECTION('',(1.,0.,0.));
#1694=DIRECTION('',(1.,0.,0.));
#1695=DIRECTION('center_axis',(-1.,0.,0.));
#1696=DIRECTION('ref_axis',(0.,0.,-1.));
#1697=DIRECTION('center_axis',(-1.,0.,0.));
#1698=DIRECTION('ref_axis',(0.,0.,-1.));
#1699=DIRECTION('center_axis',(1.,0.,0.));
#1700=DIRECTION('ref_axis',(0.,0.,-1.));
#1701=DIRECTION('',(1.,0.,0.));
#1702=DIRECTION('center_axis',(0.,1.00150996672466E-16,-1.));
#1703=DIRECTION('ref_axis',(0.,-1.,-1.00150996672466E-16));
#1704=DIRECTION('',(2.31941450173118E-13,-1.,0.));
#1705=DIRECTION('',(-2.31941450173118E-13,1.,0.));
#1706=DIRECTION('',(1.,0.,0.));
#1707=DIRECTION('',(1.,0.,0.));
#1708=DIRECTION('center_axis',(0.,-1.,0.));
#1709=DIRECTION('ref_axis',(0.,0.,1.));
#1710=DIRECTION('',(1.,0.,0.));
#1711=DIRECTION('',(1.,0.,0.));
#1712=DIRECTION('',(1.,0.,0.));
#1713=DIRECTION('',(-1.,0.,0.));
#1714=DIRECTION('center_axis',(0.,0.,1.));
#1715=DIRECTION('ref_axis',(0.,1.,0.));
#1716=DIRECTION('',(2.31941450173118E-13,-1.,0.));
#1717=DIRECTION('center_axis',(0.,0.,-1.));
#1718=DIRECTION('ref_axis',(-1.,0.,0.));
#1719=DIRECTION('',(-2.31941450173118E-13,1.,0.));
#1720=DIRECTION('center_axis',(0.,0.,-1.));
#1721=DIRECTION('ref_axis',(0.,-1.,0.));
#1722=DIRECTION('center_axis',(0.,0.,1.));
#1723=DIRECTION('ref_axis',(0.,1.,0.));
#1724=DIRECTION('center_axis',(0.,0.,1.));
#1725=DIRECTION('ref_axis',(-1.,0.,0.));
#1726=DIRECTION('',(0.,0.,1.));
#1727=DIRECTION('',(0.,0.,1.));
#1728=DIRECTION('center_axis',(1.,2.31941450173118E-13,0.));
#1729=DIRECTION('ref_axis',(-2.31941450173118E-13,1.,0.));
#1730=DIRECTION('',(0.,0.,1.));
#1731=DIRECTION('center_axis',(-1.,-2.31941450173118E-13,0.));
#1732=DIRECTION('ref_axis',(3.08157695367689E-14,-0.132860122732562,-0.991134797990409));
#1733=DIRECTION('',(2.31941450173118E-13,-1.,0.));
#1734=DIRECTION('center_axis',(-1.,-2.31941450173118E-13,0.));
#1735=DIRECTION('ref_axis',(-2.0246101763188E-14,0.0872897093127446,-0.996182968459156));
#1736=DIRECTION('',(0.,0.,1.));
#1737=DIRECTION('center_axis',(0.228236790799906,0.93232235487077,-0.280504891104561));
#1738=DIRECTION('ref_axis',(0.97131826151921,-0.237783167695487,0.));
#1739=DIRECTION('center_axis',(1.,0.,0.));
#1740=DIRECTION('ref_axis',(0.,0.,-1.));
#1741=DIRECTION('center_axis',(1.,0.,0.));
#1742=DIRECTION('ref_axis',(0.,0.,-1.));
#1743=DIRECTION('center_axis',(0.169066326636729,-0.965442244162104,0.198337718008459));
#1744=DIRECTION('ref_axis',(-0.985010722612603,-0.172493119683648,0.));
#1745=DIRECTION('center_axis',(1.,2.31941450173118E-13,0.));
#1746=DIRECTION('ref_axis',(0.,0.,-1.));
#1747=DIRECTION('center_axis',(2.30926389122033E-13,-1.,-3.41839725595772E-28));
#1748=DIRECTION('ref_axis',(-1.,-2.30926389122033E-13,0.));
#1749=DIRECTION('center_axis',(1.,2.31941450173118E-13,0.));
#1750=DIRECTION('ref_axis',(-2.02461017631991E-14,0.0872897093127926,-0.996182968459152));
#1751=DIRECTION('center_axis',(2.26674874584357E-13,-0.980966953385607,
-0.19417475728158));
#1752=DIRECTION('ref_axis',(-1.,-2.30926389122122E-13,-7.40148683083724E-16));
#1753=DIRECTION('center_axis',(8.13188766540337E-14,0.980966953385608,0.194174757281574));
#1754=DIRECTION('ref_axis',(1.,-8.2896652505345E-14,0.));
#1755=DIRECTION('center_axis',(-1.,-2.31941450173118E-13,0.));
#1756=DIRECTION('ref_axis',(0.,0.,1.));
#1757=DIRECTION('',(0.,0.,1.));
#1758=DIRECTION('',(0.,0.,1.));
#1759=DIRECTION('center_axis',(1.,2.31941450173118E-13,0.));
#1760=DIRECTION('ref_axis',(0.,0.,-1.));
#1761=DIRECTION('center_axis',(1.,2.31941450173118E-13,0.));
#1762=DIRECTION('ref_axis',(2.24718254080995E-14,-0.09688576746988,-0.995295507907964));
#1763=DIRECTION('center_axis',(-2.31941450173118E-13,1.,0.));
#1764=DIRECTION('ref_axis',(-0.707106781186547,-1.63289615703113E-13,-0.707106781186547));
#1765=DIRECTION('',(-2.31941450173118E-13,1.,0.));
#1766=DIRECTION('center_axis',(-1.,-2.31941450173118E-13,0.));
#1767=DIRECTION('ref_axis',(0.,0.,1.));
#1768=DIRECTION('center_axis',(-2.30926389123024E-13,1.,0.));
#1769=DIRECTION('ref_axis',(1.,2.30926389123024E-13,0.));
#1770=DIRECTION('center_axis',(2.31941450173118E-13,-1.,0.));
#1771=DIRECTION('ref_axis',(0.707106781186548,1.63289615703113E-13,-0.707106781186547));
#1772=DIRECTION('center_axis',(-1.,-2.31941450173118E-13,0.));
#1773=DIRECTION('ref_axis',(2.31941450173118E-13,-1.,0.));
#1774=DIRECTION('center_axis',(1.,0.,0.));
#1775=DIRECTION('ref_axis',(0.,0.,-1.));
#1776=DIRECTION('center_axis',(0.,0.,-1.));
#1777=DIRECTION('ref_axis',(-0.997564050259824,0.0697564737441253,0.));
#1778=DIRECTION('',(0.,0.,-1.));
#1779=DIRECTION('center_axis',(0.,0.,-1.));
#1780=DIRECTION('ref_axis',(-0.997564050259824,0.0697564737441253,0.));
#1781=DIRECTION('center_axis',(0.,0.,-1.));
#1782=DIRECTION('ref_axis',(-0.997564050259824,0.0697564737441253,0.));
#1783=DIRECTION('center_axis',(0.,0.,-1.));
#1784=DIRECTION('ref_axis',(-0.997564050259824,0.0697564737441253,0.));
#1785=DIRECTION('',(0.,0.,-1.));
#1786=DIRECTION('center_axis',(0.,0.,-1.));
#1787=DIRECTION('ref_axis',(-0.997564050259824,0.0697564737441253,0.));
#1788=DIRECTION('center_axis',(0.,0.,-1.));
#1789=DIRECTION('ref_axis',(-0.997564050259824,0.0697564737441253,0.));
#1790=DIRECTION('center_axis',(0.,0.,-1.));
#1791=DIRECTION('ref_axis',(-0.997564050259824,0.0697564737441253,0.));
#1792=DIRECTION('',(0.,0.,-1.));
#1793=DIRECTION('center_axis',(0.,0.,-1.));
#1794=DIRECTION('ref_axis',(-0.997564050259824,0.0697564737441253,0.));
#1795=DIRECTION('center_axis',(0.,0.,-1.));
#1796=DIRECTION('ref_axis',(-0.997564050259824,0.0697564737441253,0.));
#1797=DIRECTION('center_axis',(0.,0.,-1.));
#1798=DIRECTION('ref_axis',(-0.997564050259824,0.0697564737441253,0.));
#1799=DIRECTION('',(0.,0.,-1.));
#1800=DIRECTION('center_axis',(0.,0.,-1.));
#1801=DIRECTION('ref_axis',(-0.997564050259824,0.0697564737441253,0.));
#1802=DIRECTION('center_axis',(0.,0.,-1.));
#1803=DIRECTION('ref_axis',(-0.997564050259824,0.0697564737441253,0.));
#1804=CARTESIAN_POINT('',(0.,0.,0.));
#1805=CARTESIAN_POINT('Origin',(162.865747059945,15.4949240889782,-10.));
#1806=CARTESIAN_POINT('',(11.4572944553745,206.392438465886,-10.));
#1807=CARTESIAN_POINT('',(11.406583089427,207.307332148984,-10.));
#1808=CARTESIAN_POINT('Ctrl Pts',(11.4572944554064,206.392438465879,-10.));
#1809=CARTESIAN_POINT('Ctrl Pts',(11.430142588886,206.67926014702,-10.));
#1810=CARTESIAN_POINT('Ctrl Pts',(11.4116628441798,206.984974390355,-10.));
#1811=CARTESIAN_POINT('Ctrl Pts',(11.406583089427,207.307332148984,-10.));
#1812=CARTESIAN_POINT('',(6.07156721101745,212.908404555707,-10.));
#1813=CARTESIAN_POINT('Ctrl Pts',(11.4065830894269,207.307332148993,-10.));
#1814=CARTESIAN_POINT('Ctrl Pts',(11.3960591947763,207.975171298094,-10.));
#1815=CARTESIAN_POINT('Ctrl Pts',(11.2676581959217,208.635796695438,-10.));
#1816=CARTESIAN_POINT('Ctrl Pts',(10.7885226322906,209.879258447262,-10.));
#1817=CARTESIAN_POINT('Ctrl Pts',(10.4426775438864,210.452668773623,-10.));
#1818=CARTESIAN_POINT('Ctrl Pts',(9.51145644489311,211.52118959031,-10.));
#1819=CARTESIAN_POINT('Ctrl Pts',(8.90966933179121,211.985310108947,-10.));
#1820=CARTESIAN_POINT('Ctrl Pts',(7.55980341236011,212.656139692269,-10.));
#1821=CARTESIAN_POINT('Ctrl Pts',(6.82437746824224,212.855762934421,-10.));
#1822=CARTESIAN_POINT('Ctrl Pts',(6.07156721101745,212.908404555707,-10.));
#1823=CARTESIAN_POINT('',(-9.47467403435538,213.995503643701,-10.));
#1824=CARTESIAN_POINT('',(90.9558411524468,206.972717894843,-10.));
#1825=CARTESIAN_POINT('',(-15.5502551592589,209.112392758649,-10.));
#1826=CARTESIAN_POINT('Ctrl Pts',(-9.47467403435537,213.995503643701,-10.));
#1827=CARTESIAN_POINT('Ctrl Pts',(-10.168256648238,214.044003664709,-10.));
#1828=CARTESIAN_POINT('Ctrl Pts',(-10.8650760777341,213.966997243963,-10.));
#1829=CARTESIAN_POINT('Ctrl Pts',(-12.2030105173329,213.566661115698,-10.));
#1830=CARTESIAN_POINT('Ctrl Pts',(-12.8325001963414,213.244501905813,-10.));
#1831=CARTESIAN_POINT('Ctrl Pts',(-13.9706772070742,212.367628836626,-10.));
#1832=CARTESIAN_POINT('Ctrl Pts',(-14.461199419964,211.810568948518,-10.));
#1833=CARTESIAN_POINT('Ctrl Pts',(-15.2027534663193,210.540657911003,-10.));
#1834=CARTESIAN_POINT('Ctrl Pts',(-15.4467436514648,209.840127062087,-10.));
#1835=CARTESIAN_POINT('Ctrl Pts',(-15.5502551592589,209.112392758649,-10.));
#1836=CARTESIAN_POINT('',(-15.685425041246,208.37334855011,-10.));
#1837=CARTESIAN_POINT('Ctrl Pts',(-15.5502551592589,209.112392758649,-10.));
#1838=CARTESIAN_POINT('Ctrl Pts',(-15.555779455508,209.073554372768,-10.));
#1839=CARTESIAN_POINT('Ctrl Pts',(-15.56147149223,209.035241283446,-10.));
#1840=CARTESIAN_POINT('Ctrl Pts',(-15.5673155857926,208.997449073511,-10.));
#1841=CARTESIAN_POINT('Ctrl Pts',(-15.6024044695907,208.770538527216,-10.));
#1842=CARTESIAN_POINT('Ctrl Pts',(-15.6433427759363,208.560834923738,-10.));
#1843=CARTESIAN_POINT('Ctrl Pts',(-15.685425041246,208.37334855011,-10.));
#1844=CARTESIAN_POINT('',(-15.7872159085889,208.316060092263,-10.));
#1845=CARTESIAN_POINT('Origin',(-7.81924337898903,197.201378526748,-10.));
#1846=CARTESIAN_POINT('',(-18.2874347611625,207.119842422576,-10.));
#1847=CARTESIAN_POINT('Ctrl Pts',(-15.7872159085891,208.316060092263,-10.));
#1848=CARTESIAN_POINT('Ctrl Pts',(-15.9317300114824,208.27793746132,-10.));
#1849=CARTESIAN_POINT('Ctrl Pts',(-16.1164242623985,208.230006408208,-10.));
#1850=CARTESIAN_POINT('Ctrl Pts',(-16.337571634368,208.16324699649,-10.));
#1851=CARTESIAN_POINT('Ctrl Pts',(-16.5983480993277,208.084524453981,-10.));
#1852=CARTESIAN_POINT('Ctrl Pts',(-16.8912301849961,208.019226903303,-10.));
#1853=CARTESIAN_POINT('Ctrl Pts',(-17.4623983879211,207.70654464738,-10.));
#1854=CARTESIAN_POINT('Ctrl Pts',(-17.7102786867289,207.570844216871,-10.));
#1855=CARTESIAN_POINT('Ctrl Pts',(-17.9897532258774,207.391881742614,-10.));
#1856=CARTESIAN_POINT('Ctrl Pts',(-18.2874347611624,207.119842422576,-10.));
#1857=CARTESIAN_POINT('',(-20.7481990548129,205.383369467486,-10.));
#1858=CARTESIAN_POINT('Ctrl Pts',(-18.2874347611626,207.119842422576,-10.));
#1859=CARTESIAN_POINT('Ctrl Pts',(-18.3550244319842,207.088039007492,-10.));
#1860=CARTESIAN_POINT('Ctrl Pts',(-18.4315259166912,207.05232713095,-10.));
#1861=CARTESIAN_POINT('Ctrl Pts',(-18.5169102566901,207.011890778389,-10.));
#1862=CARTESIAN_POINT('Ctrl Pts',(-18.8001258243382,206.877765427719,-10.));
#1863=CARTESIAN_POINT('Ctrl Pts',(-19.1443354308387,206.73154345029,-10.));
#1864=CARTESIAN_POINT('Ctrl Pts',(-19.6685951480247,206.376200808478,-10.));
#1865=CARTESIAN_POINT('Ctrl Pts',(-19.9761559141651,206.167736469954,-10.));
#1866=CARTESIAN_POINT('Ctrl Pts',(-20.3651350614733,205.871736926411,-10.));
#1867=CARTESIAN_POINT('Ctrl Pts',(-20.7481990548128,205.383369467485,-10.));
#1868=CARTESIAN_POINT('',(-23.1346085282877,203.034050524671,-10.));
#1869=CARTESIAN_POINT('Ctrl Pts',(-20.7481990548129,205.383369467486,-10.));
#1870=CARTESIAN_POINT('Ctrl Pts',(-21.1540091299522,205.123879017365,-10.));
#1871=CARTESIAN_POINT('Ctrl Pts',(-21.7027514772737,204.785767456923,-10.));
#1872=CARTESIAN_POINT('Ctrl Pts',(-22.6667934629823,203.838848083843,-10.));
#1873=CARTESIAN_POINT('Ctrl Pts',(-22.9467373185732,203.409215563058,-10.));
#1874=CARTESIAN_POINT('Ctrl Pts',(-23.1346085282876,203.034050524671,-10.));
#1875=CARTESIAN_POINT('',(-49.4843707948329,70.531098876483,-10.));
#1876=CARTESIAN_POINT('Ctrl Pts',(-23.1346085282872,203.03405052467,-10.));
#1877=CARTESIAN_POINT('Ctrl Pts',(-23.3948365658697,202.760104145966,-10.));
#1878=CARTESIAN_POINT('Ctrl Pts',(-23.8294647935505,202.356046974848,-10.));
#1879=CARTESIAN_POINT('Ctrl Pts',(-24.2416418444977,201.834058556437,-10.));
#1880=CARTESIAN_POINT('Ctrl Pts',(-24.5025548944502,201.503633584997,-10.));
#1881=CARTESIAN_POINT('Ctrl Pts',(-24.774684223802,201.1017384962,-10.));
#1882=CARTESIAN_POINT('Ctrl Pts',(-24.9962185409803,200.612896589151,-10.));
#1883=CARTESIAN_POINT('Ctrl Pts',(-25.0898168157215,200.406360826639,-10.));
#1884=CARTESIAN_POINT('Ctrl Pts',(-25.1747357661664,200.171692725508,-10.));
#1885=CARTESIAN_POINT('Ctrl Pts',(-25.222478978836,200.016386171156,-10.));
#1886=CARTESIAN_POINT('Ctrl Pts',(-25.2402483289413,199.958583262981,-10.));
#1887=CARTESIAN_POINT('Ctrl Pts',(-25.2556323670161,199.905075276955,-10.));
#1888=CARTESIAN_POINT('Ctrl Pts',(-25.2710953848161,199.847395746784,-10.));
#1889=CARTESIAN_POINT('Ctrl Pts',(-25.3078588932133,199.710261979028,-10.));
#1890=CARTESIAN_POINT('Ctrl Pts',(-25.3685102506423,199.536106781578,-10.));
#1891=CARTESIAN_POINT('Ctrl Pts',(-25.4781006297413,199.273616806692,-10.));
#1892=CARTESIAN_POINT('Ctrl Pts',(-25.7246435914833,198.683099131985,-10.));
#1893=CARTESIAN_POINT('Ctrl Pts',(-26.0898814345733,197.96696904808,-10.));
#1894=CARTESIAN_POINT('Ctrl Pts',(-26.4232526716206,197.179239935053,-10.));
#1895=CARTESIAN_POINT('Ctrl Pts',(-26.6376769772799,196.672572744433,-10.));
#1896=CARTESIAN_POINT('Ctrl Pts',(-26.8408328820918,196.131891868714,-10.));
#1897=CARTESIAN_POINT('Ctrl Pts',(-26.9979595271777,195.559699792332,-10.));
#1898=CARTESIAN_POINT('Ctrl Pts',(-27.0851219046647,195.242289452861,-10.));
#1899=CARTESIAN_POINT('Ctrl Pts',(-27.1608970686781,194.89610540444,-10.));
#1900=CARTESIAN_POINT('Ctrl Pts',(-27.2101028636377,194.584919819578,-10.));
#1901=CARTESIAN_POINT('Ctrl Pts',(-27.2852117857003,194.109918575121,-10.));
#1902=CARTESIAN_POINT('Ctrl Pts',(-27.4170125441288,193.813034473291,-10.));
#1903=CARTESIAN_POINT('Ctrl Pts',(-27.5852647006235,193.401845717004,-10.));
#1904=CARTESIAN_POINT('Ctrl Pts',(-27.7391649768497,193.025731291536,-10.));
#1905=CARTESIAN_POINT('Ctrl Pts',(-27.9528497508136,192.552153131526,-10.));
#1906=CARTESIAN_POINT('Ctrl Pts',(-28.1515887093402,192.069217173934,-10.));
#1907=CARTESIAN_POINT('Ctrl Pts',(-28.310990842287,191.68186975958,-10.));
#1908=CARTESIAN_POINT('Ctrl Pts',(-28.467290790379,191.271949569306,-10.));
#1909=CARTESIAN_POINT('Ctrl Pts',(-28.6014666462651,190.835489617575,-10.));
#1910=CARTESIAN_POINT('Ctrl Pts',(-28.6958189873339,190.528571372436,-10.));
#1911=CARTESIAN_POINT('Ctrl Pts',(-28.7562776662728,190.283901041752,-10.));
#1912=CARTESIAN_POINT('Ctrl Pts',(-28.797528707672,190.099231853806,-10.));
#1913=CARTESIAN_POINT('Ctrl Pts',(-28.8237771245396,189.981725151831,-10.));
#1914=CARTESIAN_POINT('Ctrl Pts',(-28.843917412134,189.881351719567,-10.));
#1915=CARTESIAN_POINT('Ctrl Pts',(-28.8621918077947,189.782215938309,-10.));
#1916=CARTESIAN_POINT('Ctrl Pts',(-28.9261933014294,189.435017694879,-10.));
#1917=CARTESIAN_POINT('Ctrl Pts',(-29.089238761705,189.045193039521,-10.));
#1918=CARTESIAN_POINT('Ctrl Pts',(-29.2971755798226,188.585970328954,-10.));
#1919=CARTESIAN_POINT('Ctrl Pts',(-29.5743083709582,187.973930226174,-10.));
#1920=CARTESIAN_POINT('Ctrl Pts',(-29.9323463271888,187.265688778749,-10.));
#1921=CARTESIAN_POINT('Ctrl Pts',(-30.2311753632585,186.503330281679,-10.));
#1922=CARTESIAN_POINT('Ctrl Pts',(-30.3676176330781,186.15524521898,-10.));
#1923=CARTESIAN_POINT('Ctrl Pts',(-30.4612060299819,185.87435275245,-10.));
#1924=CARTESIAN_POINT('Ctrl Pts',(-30.5270045435576,185.659112107141,-10.));
#1925=CARTESIAN_POINT('Ctrl Pts',(-30.5942041409603,185.439288224753,-10.));
#1926=CARTESIAN_POINT('Ctrl Pts',(-30.6391851112788,185.270291793536,-10.));
#1927=CARTESIAN_POINT('Ctrl Pts',(-30.6825731047959,185.088560956555,-10.));
#1928=CARTESIAN_POINT('Ctrl Pts',(-30.7338379090674,184.873838056675,-10.));
#1929=CARTESIAN_POINT('Ctrl Pts',(-30.815646080482,184.649930567638,-10.));
#1930=CARTESIAN_POINT('Ctrl Pts',(-30.970237621876,184.314569843948,-10.));
#1931=CARTESIAN_POINT('Ctrl Pts',(-31.1346347652538,183.957937492149,-10.));
#1932=CARTESIAN_POINT('Ctrl Pts',(-31.3517750539067,183.555124544743,-10.));
#1933=CARTESIAN_POINT('Ctrl Pts',(-31.5752874045786,183.134399236664,-10.));
#1934=CARTESIAN_POINT('Ctrl Pts',(-31.8674746925008,182.584404632973,-10.));
#1935=CARTESIAN_POINT('Ctrl Pts',(-32.1789778942214,181.985396255731,-10.));
#1936=CARTESIAN_POINT('Ctrl Pts',(-32.4396464754501,181.325773651624,-10.));
#1937=CARTESIAN_POINT('Ctrl Pts',(-32.5520992456926,181.041211588958,-10.));
#1938=CARTESIAN_POINT('Ctrl Pts',(-32.6201788350068,180.838542702401,-10.));
#1939=CARTESIAN_POINT('Ctrl Pts',(-32.6762275932876,180.660270769269,-10.));
#1940=CARTESIAN_POINT('Ctrl Pts',(-32.7111592580445,180.549165089238,-10.));
#1941=CARTESIAN_POINT('Ctrl Pts',(-32.7410324604249,180.447327804687,-10.));
#1942=CARTESIAN_POINT('Ctrl Pts',(-32.7704620333339,180.339513442819,-10.));
#1943=CARTESIAN_POINT('Ctrl Pts',(-32.826425827567,180.134491753185,-10.));
#1944=CARTESIAN_POINT('Ctrl Pts',(-32.9163595780582,179.885948707851,-10.));
#1945=CARTESIAN_POINT('Ctrl Pts',(-33.0396176662385,179.597389640871,-10.));
#1946=CARTESIAN_POINT('Ctrl Pts',(-33.3334024489741,178.909611142514,-10.));
#1947=CARTESIAN_POINT('Ctrl Pts',(-33.7541162461022,178.132977295275,-10.));
#1948=CARTESIAN_POINT('Ctrl Pts',(-34.1340577807994,177.276961955546,-10.));
#1949=CARTESIAN_POINT('Ctrl Pts',(-34.2810178405948,176.945858209248,-10.));
#1950=CARTESIAN_POINT('Ctrl Pts',(-34.4167551429575,176.607773469684,-10.));
#1951=CARTESIAN_POINT('Ctrl Pts',(-34.5100441210398,176.351582932815,-10.));
#1952=CARTESIAN_POINT('Ctrl Pts',(-34.6405036985111,175.993314358336,-10.));
#1953=CARTESIAN_POINT('Ctrl Pts',(-34.7205603128055,175.73159235423,-10.));
#1954=CARTESIAN_POINT('Ctrl Pts',(-34.7971891647165,175.442633825057,-10.));
#1955=CARTESIAN_POINT('Ctrl Pts',(-34.9402096371863,174.903320180967,-10.));
#1956=CARTESIAN_POINT('Ctrl Pts',(-35.2418538201719,174.173080417951,-10.));
#1957=CARTESIAN_POINT('Ctrl Pts',(-35.5635427491888,173.44636429723,-10.));
#1958=CARTESIAN_POINT('Ctrl Pts',(-35.833742033422,172.835966618144,-10.));
#1959=CARTESIAN_POINT('Ctrl Pts',(-36.1208317734452,172.194812450013,-10.));
#1960=CARTESIAN_POINT('Ctrl Pts',(-36.3637976447884,171.50240551957,-10.));
#1961=CARTESIAN_POINT('Ctrl Pts',(-36.4548425229342,171.242944780245,-10.));
#1962=CARTESIAN_POINT('Ctrl Pts',(-36.5392427190887,170.970151224901,-10.));
#1963=CARTESIAN_POINT('Ctrl Pts',(-36.5887445511284,170.795868247046,-10.));
#1964=CARTESIAN_POINT('Ctrl Pts',(-36.6170555572686,170.696192613785,-10.));
#1965=CARTESIAN_POINT('Ctrl Pts',(-36.6390590872486,170.614018641281,-10.));
#1966=CARTESIAN_POINT('Ctrl Pts',(-36.6603603123813,170.53096492511,-10.));
#1967=CARTESIAN_POINT('Ctrl Pts',(-36.6995579322928,170.378132964582,-10.));
#1968=CARTESIAN_POINT('Ctrl Pts',(-36.7590092012643,170.196952059656,-10.));
#1969=CARTESIAN_POINT('Ctrl Pts',(-36.840981042,169.983017140716,-10.));
#1970=CARTESIAN_POINT('Ctrl Pts',(-37.0326615314224,169.482758154228,-10.));
#1971=CARTESIAN_POINT('Ctrl Pts',(-37.3066296569211,168.908227661194,-10.));
#1972=CARTESIAN_POINT('Ctrl Pts',(-37.573573065375,168.286513307089,-10.));
#1973=CARTESIAN_POINT('Ctrl Pts',(-37.7776094210436,167.811310222611,-10.));
#1974=CARTESIAN_POINT('Ctrl Pts',(-37.9399486433145,167.396567289797,-10.));
#1975=CARTESIAN_POINT('Ctrl Pts',(-38.0817782207357,166.96467167545,-10.));
#1976=CARTESIAN_POINT('Ctrl Pts',(-38.2510151198868,166.449316022152,-10.));
#1977=CARTESIAN_POINT('Ctrl Pts',(-38.4010412339321,165.908137030375,-10.));
#1978=CARTESIAN_POINT('Ctrl Pts',(-38.4927222406537,165.190592755669,-10.));
#1979=CARTESIAN_POINT('Ctrl Pts',(-38.5564565896287,164.69177387437,-10.));
#1980=CARTESIAN_POINT('Ctrl Pts',(-38.6224614869843,164.094734682282,-10.));
#1981=CARTESIAN_POINT('Ctrl Pts',(-38.6724151631082,163.404977187079,-10.));
#1982=CARTESIAN_POINT('Ctrl Pts',(-38.7509702219577,162.320293439415,-10.));
#1983=CARTESIAN_POINT('Ctrl Pts',(-38.7724182125292,161.221272866378,-10.));
#1984=CARTESIAN_POINT('Ctrl Pts',(-38.715214510607,160.131458577996,-10.));
#1985=CARTESIAN_POINT('Ctrl Pts',(-38.7021045221027,159.881694099255,-10.));
#1986=CARTESIAN_POINT('Ctrl Pts',(-38.6849409184504,159.6358344076,-10.));
#1987=CARTESIAN_POINT('Ctrl Pts',(-38.6650812332629,159.404237665037,-10.));
#1988=CARTESIAN_POINT('Ctrl Pts',(-38.5812374846466,158.426481024866,-10.));
#1989=CARTESIAN_POINT('Ctrl Pts',(-38.4002056502304,157.646312108974,-10.));
#1990=CARTESIAN_POINT('Ctrl Pts',(-38.2255629960384,156.920084747041,-10.));
#1991=CARTESIAN_POINT('Ctrl Pts',(-38.075493192083,156.296040189676,-10.));
#1992=CARTESIAN_POINT('Ctrl Pts',(-37.911553855202,155.672405074959,-10.));
#1993=CARTESIAN_POINT('Ctrl Pts',(-37.8187092357272,155.158912982339,-10.));
#1994=CARTESIAN_POINT('Ctrl Pts',(-37.7783524642168,154.935713370218,-10.));
#1995=CARTESIAN_POINT('Ctrl Pts',(-37.7468474773202,154.724327658342,-10.));
#1996=CARTESIAN_POINT('Ctrl Pts',(-37.7384911166491,154.502997335774,-10.));
#1997=CARTESIAN_POINT('Ctrl Pts',(-37.7253272477552,154.154333190792,-10.));
#1998=CARTESIAN_POINT('Ctrl Pts',(-37.7424463260507,153.783708517398,-10.));
#1999=CARTESIAN_POINT('Ctrl Pts',(-37.7970009789877,153.30670480628,-10.));
#2000=CARTESIAN_POINT('Ctrl Pts',(-37.84080675117,152.923684939516,-10.));
#2001=CARTESIAN_POINT('Ctrl Pts',(-37.9183530425186,152.436338197984,-10.));
#2002=CARTESIAN_POINT('Ctrl Pts',(-37.986483974691,152.027702623681,-10.));
#2003=CARTESIAN_POINT('Ctrl Pts',(-38.0836762694123,151.444762864825,-10.));
#2004=CARTESIAN_POINT('Ctrl Pts',(-38.1845385753965,150.916244600395,-10.));
#2005=CARTESIAN_POINT('Ctrl Pts',(-38.2776187646278,150.077656678758,-10.));
#2006=CARTESIAN_POINT('Ctrl Pts',(-38.3243868575422,149.656308611463,-10.));
#2007=CARTESIAN_POINT('Ctrl Pts',(-38.3590984931939,149.25803457697,-10.));
#2008=CARTESIAN_POINT('Ctrl Pts',(-38.3927269475575,148.845967168026,-10.));
#2009=CARTESIAN_POINT('Ctrl Pts',(-38.4468730708242,148.182485805559,-10.));
#2010=CARTESIAN_POINT('Ctrl Pts',(-38.496726923368,147.472332510608,-10.));
#2011=CARTESIAN_POINT('Ctrl Pts',(-38.6023681830629,146.509923556303,-10.));
#2012=CARTESIAN_POINT('Ctrl Pts',(-38.6421877863841,146.147160532613,-10.));
#2013=CARTESIAN_POINT('Ctrl Pts',(-38.6881531721759,145.768461225718,-10.));
#2014=CARTESIAN_POINT('Ctrl Pts',(-38.7281063472604,145.453314818052,-10.));
#2015=CARTESIAN_POINT('Ctrl Pts',(-38.7404778951376,145.355729360514,-10.));
#2016=CARTESIAN_POINT('Ctrl Pts',(-38.7526301643997,145.261203470384,-10.));
#2017=CARTESIAN_POINT('Ctrl Pts',(-38.7646503405736,145.168704259975,-10.));
#2018=CARTESIAN_POINT('Ctrl Pts',(-38.8367312987202,144.614017571723,-10.));
#2019=CARTESIAN_POINT('Ctrl Pts',(-38.8846295715058,144.129914075257,-10.));
#2020=CARTESIAN_POINT('Ctrl Pts',(-38.9418300212888,143.495997480474,-10.));
#2021=CARTESIAN_POINT('Ctrl Pts',(-38.9832511823172,143.036952814731,-10.));
#2022=CARTESIAN_POINT('Ctrl Pts',(-39.0292713794488,142.49283128841,-10.));
#2023=CARTESIAN_POINT('Ctrl Pts',(-39.077843712781,141.978163903458,-10.));
#2024=CARTESIAN_POINT('Ctrl Pts',(-39.1342782634869,141.380189282101,-10.));
#2025=CARTESIAN_POINT('Ctrl Pts',(-39.1977084111326,140.782809115106,-10.));
#2026=CARTESIAN_POINT('Ctrl Pts',(-39.2742957807224,140.187065965705,-10.));
#2027=CARTESIAN_POINT('Ctrl Pts',(-39.3627133950824,139.499299976046,-10.));
#2028=CARTESIAN_POINT('Ctrl Pts',(-39.4218137052332,138.809136719615,-10.));
#2029=CARTESIAN_POINT('Ctrl Pts',(-39.4773349395309,138.124142683234,-10.));
#2030=CARTESIAN_POINT('Ctrl Pts',(-39.5102004590072,137.718663858265,-10.));
#2031=CARTESIAN_POINT('Ctrl Pts',(-39.5405178388607,137.3401053513,-10.));
#2032=CARTESIAN_POINT('Ctrl Pts',(-39.5655757363878,137.051802402999,-10.));
#2033=CARTESIAN_POINT('Ctrl Pts',(-39.6273920755748,136.340576218856,-10.));
#2034=CARTESIAN_POINT('Ctrl Pts',(-39.6593175772619,135.985083173573,-10.));
#2035=CARTESIAN_POINT('Ctrl Pts',(-39.7619707181126,135.247712220201,-10.));
#2036=CARTESIAN_POINT('Ctrl Pts',(-39.8258851490011,134.788606493402,-10.));
#2037=CARTESIAN_POINT('Ctrl Pts',(-39.9031410105056,134.119686947408,-10.));
#2038=CARTESIAN_POINT('Ctrl Pts',(-39.9704368163936,133.49915775327,-10.));
#2039=CARTESIAN_POINT('Ctrl Pts',(-40.045541768368,132.806621053404,-10.));
#2040=CARTESIAN_POINT('Ctrl Pts',(-40.1202916338353,132.108486661873,-10.));
#2041=CARTESIAN_POINT('Ctrl Pts',(-40.223651895324,131.38956577572,-10.));
#2042=CARTESIAN_POINT('Ctrl Pts',(-40.2699819727347,131.067317555486,-10.));
#2043=CARTESIAN_POINT('Ctrl Pts',(-40.3071576384401,130.839336092041,-10.));
#2044=CARTESIAN_POINT('Ctrl Pts',(-40.3431873288805,130.62979006176,-10.));
#2045=CARTESIAN_POINT('Ctrl Pts',(-40.3548794573478,130.561789502334,-10.));
#2046=CARTESIAN_POINT('Ctrl Pts',(-40.3665938334393,130.49526725969,-10.));
#2047=CARTESIAN_POINT('Ctrl Pts',(-40.3788778471728,130.42719687247,-10.));
#2048=CARTESIAN_POINT('Ctrl Pts',(-40.4249340479263,130.17198196575,-10.));
#2049=CARTESIAN_POINT('Ctrl Pts',(-40.4715972484403,129.893696168528,-10.));
#2050=CARTESIAN_POINT('Ctrl Pts',(-40.537469143233,129.431074169224,-10.));
#2051=CARTESIAN_POINT('Ctrl Pts',(-40.6367027926521,128.734150702289,-10.));
#2052=CARTESIAN_POINT('Ctrl Pts',(-40.7169078291228,128.046231088771,-10.));
#2053=CARTESIAN_POINT('Ctrl Pts',(-40.8366975123343,127.306287136941,-10.));
#2054=CARTESIAN_POINT('Ctrl Pts',(-40.9564871955457,126.56634318511,-10.));
#2055=CARTESIAN_POINT('Ctrl Pts',(-41.0422778133297,126.165545596007,-10.));
#2056=CARTESIAN_POINT('Ctrl Pts',(-41.1613776819913,125.653570078503,-10.));
#2057=CARTESIAN_POINT('Ctrl Pts',(-41.2237575077586,125.385417443761,-10.));
#2058=CARTESIAN_POINT('Ctrl Pts',(-41.2882139736912,125.085166312835,-10.));
#2059=CARTESIAN_POINT('Ctrl Pts',(-41.364132655426,124.688079003238,-10.));
#2060=CARTESIAN_POINT('Ctrl Pts',(-41.4833329245542,124.064610403813,-10.));
#2061=CARTESIAN_POINT('Ctrl Pts',(-41.5926843538463,123.391561167284,-10.));
#2062=CARTESIAN_POINT('Ctrl Pts',(-41.70780167366,122.756862603184,-10.));
#2063=CARTESIAN_POINT('Ctrl Pts',(-41.9012347724716,121.690370521333,-10.));
#2064=CARTESIAN_POINT('Ctrl Pts',(-42.0052000775075,121.274867627364,-10.));
#2065=CARTESIAN_POINT('Ctrl Pts',(-42.1274912892189,120.80596803579,-10.));
#2066=CARTESIAN_POINT('Ctrl Pts',(-42.2376217018856,120.383696436739,-10.));
#2067=CARTESIAN_POINT('Ctrl Pts',(-42.3606958598521,119.824241888099,-10.));
#2068=CARTESIAN_POINT('Ctrl Pts',(-42.4622875962505,119.293746353742,-10.));
#2069=CARTESIAN_POINT('Ctrl Pts',(-42.5569692259893,118.799334273165,-10.));
#2070=CARTESIAN_POINT('Ctrl Pts',(-42.6465576167969,118.281004114582,-10.));
#2071=CARTESIAN_POINT('Ctrl Pts',(-42.7222311065874,117.86547297953,-10.));
#2072=CARTESIAN_POINT('Ctrl Pts',(-42.845845323295,117.186694243157,-10.));
#2073=CARTESIAN_POINT('Ctrl Pts',(-42.9434301253421,116.652885649575,-10.));
#2074=CARTESIAN_POINT('Ctrl Pts',(-43.1484250651191,115.878535185422,-10.));
#2075=CARTESIAN_POINT('Ctrl Pts',(-43.2683559851976,115.425506619301,-10.));
#2076=CARTESIAN_POINT('Ctrl Pts',(-43.3753056087704,114.926302514609,-10.));
#2077=CARTESIAN_POINT('Ctrl Pts',(-43.4643613367036,114.450282514775,-10.));
#2078=CARTESIAN_POINT('Ctrl Pts',(-43.5681847648781,113.895326315895,-10.));
#2079=CARTESIAN_POINT('Ctrl Pts',(-43.6563263655222,113.340240269923,-10.));
#2080=CARTESIAN_POINT('Ctrl Pts',(-43.7545909229525,112.773924366288,-10.));
#2081=CARTESIAN_POINT('Ctrl Pts',(-43.8506488052932,112.220325918775,-10.));
#2082=CARTESIAN_POINT('Ctrl Pts',(-43.9414177845971,111.749979837434,-10.));
#2083=CARTESIAN_POINT('Ctrl Pts',(-44.0362484881272,111.32348513932,-10.));
#2084=CARTESIAN_POINT('Ctrl Pts',(-44.0704883119087,111.169493839419,-10.));
#2085=CARTESIAN_POINT('Ctrl Pts',(-44.1054298637668,111.019940434851,-10.));
#2086=CARTESIAN_POINT('Ctrl Pts',(-44.1419244684613,110.871578784184,-10.));
#2087=CARTESIAN_POINT('Ctrl Pts',(-44.2907501332535,110.266557261821,-10.));
#2088=CARTESIAN_POINT('Ctrl Pts',(-44.4097150458385,109.668808044327,-10.));
#2089=CARTESIAN_POINT('Ctrl Pts',(-44.546921206085,108.856386782163,-10.));
#2090=CARTESIAN_POINT('Ctrl Pts',(-44.6406748740969,108.301255196512,-10.));
#2091=CARTESIAN_POINT('Ctrl Pts',(-44.7261289835152,107.742790877525,-10.));
#2092=CARTESIAN_POINT('Ctrl Pts',(-44.8172995020619,107.189599314633,-10.));
#2093=CARTESIAN_POINT('Ctrl Pts',(-44.8884702388424,106.757759595617,-10.));
#2094=CARTESIAN_POINT('Ctrl Pts',(-44.9665303546289,106.318596983111,-10.));
#2095=CARTESIAN_POINT('Ctrl Pts',(-45.0322335489515,105.985298167607,-10.));
#2096=CARTESIAN_POINT('Ctrl Pts',(-45.0459632927985,105.915649995877,-10.));
#2097=CARTESIAN_POINT('Ctrl Pts',(-45.0594643041741,105.848599708018,-10.));
#2098=CARTESIAN_POINT('Ctrl Pts',(-45.0729090056324,105.783166218365,-10.));
#2099=CARTESIAN_POINT('Ctrl Pts',(-45.1630918546388,105.344258851349,-10.));
#2100=CARTESIAN_POINT('Ctrl Pts',(-45.2272661850508,104.973578786165,-10.));
#2101=CARTESIAN_POINT('Ctrl Pts',(-45.3087608822025,104.37402351534,-10.));
#2102=CARTESIAN_POINT('Ctrl Pts',(-45.3613851687134,103.986867424775,-10.));
#2103=CARTESIAN_POINT('Ctrl Pts',(-45.4178543822416,103.496666136709,-10.));
#2104=CARTESIAN_POINT('Ctrl Pts',(-45.4668801700439,103.049058062111,-10.));
#2105=CARTESIAN_POINT('Ctrl Pts',(-45.5428022208197,102.35588566263,-10.));
#2106=CARTESIAN_POINT('Ctrl Pts',(-45.6276899794338,101.616483484284,-10.));
#2107=CARTESIAN_POINT('Ctrl Pts',(-45.696081724415,101.159573025088,-10.));
#2108=CARTESIAN_POINT('Ctrl Pts',(-45.7214450335387,100.990126241392,-10.));
#2109=CARTESIAN_POINT('Ctrl Pts',(-45.7450096718873,100.845952537976,-10.));
#2110=CARTESIAN_POINT('Ctrl Pts',(-45.7687204253043,100.710227586245,-10.));
#2111=CARTESIAN_POINT('Ctrl Pts',(-45.8221932325742,100.404138865328,-10.));
#2112=CARTESIAN_POINT('Ctrl Pts',(-45.8627768775423,100.138732191958,-10.));
#2113=CARTESIAN_POINT('Ctrl Pts',(-45.913459387367,99.7212163682192,-10.));
#2114=CARTESIAN_POINT('Ctrl Pts',(-45.9549966471554,99.3790379067275,-10.));
#2115=CARTESIAN_POINT('Ctrl Pts',(-45.9997608953227,98.9250074348779,-10.));
#2116=CARTESIAN_POINT('Ctrl Pts',(-46.0350691982233,98.51415173313,-10.));
#2117=CARTESIAN_POINT('Ctrl Pts',(-46.0911162426145,97.8619751666405,-10.));
#2118=CARTESIAN_POINT('Ctrl Pts',(-46.1441690361204,97.1871976295692,-10.));
#2119=CARTESIAN_POINT('Ctrl Pts',(-46.1898014961734,96.7583958280688,-10.));
#2120=CARTESIAN_POINT('Ctrl Pts',(-46.2338197015155,96.3447629507803,-10.));
#2121=CARTESIAN_POINT('Ctrl Pts',(-46.2686654190027,96.0779833136997,-10.));
#2122=CARTESIAN_POINT('Ctrl Pts',(-46.3296362308224,95.7177786779221,-10.));
#2123=CARTESIAN_POINT('Ctrl Pts',(-46.3676643978095,95.4931150785696,-10.));
#2124=CARTESIAN_POINT('Ctrl Pts',(-46.4085508621624,95.2309013772933,-10.));
#2125=CARTESIAN_POINT('Ctrl Pts',(-46.4563023691348,94.8720883579945,-10.));
#2126=CARTESIAN_POINT('Ctrl Pts',(-46.5065497371472,94.4945210104604,-10.));
#2127=CARTESIAN_POINT('Ctrl Pts',(-46.5525981427417,94.0924709103422,-10.));
#2128=CARTESIAN_POINT('Ctrl Pts',(-46.5969177822482,93.6973029502403,-10.));
#2129=CARTESIAN_POINT('Ctrl Pts',(-46.6567447360254,93.1638668585546,-10.));
#2130=CARTESIAN_POINT('Ctrl Pts',(-46.7242004821222,92.5750530806505,-10.));
#2131=CARTESIAN_POINT('Ctrl Pts',(-46.7795114573916,92.1586089833674,-10.));
#2132=CARTESIAN_POINT('Ctrl Pts',(-46.8668958893913,91.5006793279335,-10.));
#2133=CARTESIAN_POINT('Ctrl Pts',(-46.9275739373845,91.1423700486681,-10.));
#2134=CARTESIAN_POINT('Ctrl Pts',(-46.9916771371078,90.7810544809666,-10.));
#2135=CARTESIAN_POINT('Ctrl Pts',(-47.0848188111533,90.2560645119836,-10.));
#2136=CARTESIAN_POINT('Ctrl Pts',(-47.1681966920798,89.624845868503,-10.));
#2137=CARTESIAN_POINT('Ctrl Pts',(-47.2345780917128,89.0204890652747,-10.));
#2138=CARTESIAN_POINT('Ctrl Pts',(-47.3224835583111,88.2201704960176,-10.));
#2139=CARTESIAN_POINT('Ctrl Pts',(-47.3908207024136,87.4324591597123,-10.));
#2140=CARTESIAN_POINT('Ctrl Pts',(-47.494560823536,86.644224069664,-10.));
#2141=CARTESIAN_POINT('Ctrl Pts',(-47.5320239333833,86.3595729872817,-10.));
#2142=CARTESIAN_POINT('Ctrl Pts',(-47.5760283786052,86.0643016004891,-10.));
#2143=CARTESIAN_POINT('Ctrl Pts',(-47.622529529079,85.7942403199002,-10.));
#2144=CARTESIAN_POINT('Ctrl Pts',(-47.7780844355324,84.8908356339619,-10.));
#2145=CARTESIAN_POINT('Ctrl Pts',(-47.8397589599305,84.2823875169589,-10.));
#2146=CARTESIAN_POINT('Ctrl Pts',(-47.9277625059586,83.487969715615,-10.));
#2147=CARTESIAN_POINT('Ctrl Pts',(-47.9986607410597,82.8479634591599,-10.));
#2148=CARTESIAN_POINT('Ctrl Pts',(-48.0875531438868,82.0235500082158,-10.));
#2149=CARTESIAN_POINT('Ctrl Pts',(-48.2056569181934,81.251186298135,-10.));
#2150=CARTESIAN_POINT('Ctrl Pts',(-48.2276538142584,81.1073331117757,-10.));
#2151=CARTESIAN_POINT('Ctrl Pts',(-48.250789631486,80.9636585606915,-10.));
#2152=CARTESIAN_POINT('Ctrl Pts',(-48.275195591761,80.8201764547943,-10.));
#2153=CARTESIAN_POINT('Ctrl Pts',(-48.4057998574856,80.0523568372026,-10.));
#2154=CARTESIAN_POINT('Ctrl Pts',(-48.4843844532088,79.29256180438,-10.));
#2155=CARTESIAN_POINT('Ctrl Pts',(-48.5681341164258,78.480204652595,-10.));
#2156=CARTESIAN_POINT('Ctrl Pts',(-48.6100089480342,78.0740260767026,-10.));
#2157=CARTESIAN_POINT('Ctrl Pts',(-48.6533780260658,77.6546253444714,-10.));
#2158=CARTESIAN_POINT('Ctrl Pts',(-48.7056516721624,77.2176442167931,-10.));
#2159=CARTESIAN_POINT('Ctrl Pts',(-48.7435175900968,76.9011043777898,-10.));
#2160=CARTESIAN_POINT('Ctrl Pts',(-48.7860628372558,76.5753463907358,-10.));
#2161=CARTESIAN_POINT('Ctrl Pts',(-48.8355789353738,76.2386486787642,-10.));
#2162=CARTESIAN_POINT('Ctrl Pts',(-48.8544194790673,76.1105374544344,-10.));
#2163=CARTESIAN_POINT('Ctrl Pts',(-48.8729864859422,75.9878294776679,-10.));
#2164=CARTESIAN_POINT('Ctrl Pts',(-48.9003493565911,75.8174111947645,-10.));
#2165=CARTESIAN_POINT('Ctrl Pts',(-49.0586757946154,74.8313406887634,-10.));
#2166=CARTESIAN_POINT('Ctrl Pts',(-49.3942646200108,72.6294378425049,-10.));
#2167=CARTESIAN_POINT('Ctrl Pts',(-49.4843707948329,70.5310988764829,-10.));
#2168=CARTESIAN_POINT('',(-49.7846441850306,70.5310988764828,-10.));
#2169=CARTESIAN_POINT('',(56.6906881325559,70.531098876483,-10.));
#2170=CARTESIAN_POINT('',(-48.9906325318582,62.4409696150378,-10.));
#2171=CARTESIAN_POINT('Ctrl Pts',(-48.9906325318582,62.4409696150378,-10.));
#2172=CARTESIAN_POINT('Ctrl Pts',(-49.0494412224701,62.7767928115905,-10.));
#2173=CARTESIAN_POINT('Ctrl Pts',(-49.1088348009518,63.1237354663958,-10.));
#2174=CARTESIAN_POINT('Ctrl Pts',(-49.1625449499818,63.4685513519069,-10.));
#2175=CARTESIAN_POINT('Ctrl Pts',(-49.2345342619841,63.9307183503915,-10.));
#2176=CARTESIAN_POINT('Ctrl Pts',(-49.2831047417066,64.309754702062,-10.));
#2177=CARTESIAN_POINT('Ctrl Pts',(-49.3133904538174,64.5795286517949,-10.));
#2178=CARTESIAN_POINT('Ctrl Pts',(-49.323058032956,64.6656438799602,-10.));
#2179=CARTESIAN_POINT('Ctrl Pts',(-49.3312440188891,64.7432808900588,-10.));
#2180=CARTESIAN_POINT('Ctrl Pts',(-49.3383778015474,64.814273713951,-10.));
#2181=CARTESIAN_POINT('Ctrl Pts',(-49.3748071456647,65.1768053658576,-10.));
#2182=CARTESIAN_POINT('Ctrl Pts',(-49.4120047651673,65.4842482242519,-10.));
#2183=CARTESIAN_POINT('Ctrl Pts',(-49.4565962511613,65.8430559259508,-10.));
#2184=CARTESIAN_POINT('Ctrl Pts',(-49.5601447823217,66.6762645453044,-10.));
#2185=CARTESIAN_POINT('Ctrl Pts',(-49.6804302940382,67.5731793889906,-10.));
#2186=CARTESIAN_POINT('Ctrl Pts',(-49.7465187703547,68.4723361410081,-10.));
#2187=CARTESIAN_POINT('Ctrl Pts',(-49.7890143432588,69.0505032200094,-10.));
#2188=CARTESIAN_POINT('Ctrl Pts',(-49.8178838907545,69.6596104250179,-10.));
#2189=CARTESIAN_POINT('Ctrl Pts',(-49.7895902943829,70.4078992902388,-10.));
#2190=CARTESIAN_POINT('Ctrl Pts',(-49.7880636008167,70.4482761932367,-10.));
#2191=CARTESIAN_POINT('Ctrl Pts',(-49.7864375974384,70.4888543582061,-10.));
#2192=CARTESIAN_POINT('Ctrl Pts',(-49.7847103005997,70.5296502877463,-10.));
#2193=CARTESIAN_POINT('',(-30.2092605549048,15.4949240889782,-10.));
#2194=CARTESIAN_POINT('Ctrl Pts',(-30.2050088522939,15.4865946594755,-10.));
#2195=CARTESIAN_POINT('Ctrl Pts',(-30.2327702724137,15.5409523223505,-10.));
#2196=CARTESIAN_POINT('Ctrl Pts',(-30.2604138986652,15.5952096820146,-10.));
#2197=CARTESIAN_POINT('Ctrl Pts',(-30.287940448266,15.6493648421131,-10.));
#2198=CARTESIAN_POINT('Ctrl Pts',(-30.5433636635002,16.1518791533685,-10.));
#2199=CARTESIAN_POINT('Ctrl Pts',(-30.783969653069,16.6364404318203,-10.));
#2200=CARTESIAN_POINT('Ctrl Pts',(-31.007819402378,17.0951269850478,-10.));
#2201=CARTESIAN_POINT('Ctrl Pts',(-32.0815882842626,19.2953677667099,-10.));
#2202=CARTESIAN_POINT('Ctrl Pts',(-32.8399061659284,21.0402086991942,-10.));
#2203=CARTESIAN_POINT('Ctrl Pts',(-33.438562033409,22.5421096299826,-10.));
#2204=CARTESIAN_POINT('Ctrl Pts',(-33.8373681080005,23.5426297069906,-10.));
#2205=CARTESIAN_POINT('Ctrl Pts',(-34.1370070655885,24.3980975736354,-10.));
#2206=CARTESIAN_POINT('Ctrl Pts',(-34.4074866945775,25.1794835314689,-10.));
#2207=CARTESIAN_POINT('Ctrl Pts',(-34.6008729448752,25.7381551807368,-10.));
#2208=CARTESIAN_POINT('Ctrl Pts',(-34.7777020599192,26.259308438338,-10.));
#2209=CARTESIAN_POINT('Ctrl Pts',(-34.9527327832151,26.7671841803832,-10.));
#2210=CARTESIAN_POINT('Ctrl Pts',(-35.0667405656224,27.0979934577415,-10.));
#2211=CARTESIAN_POINT('Ctrl Pts',(-35.1857100454128,27.4384247441409,-10.));
#2212=CARTESIAN_POINT('Ctrl Pts',(-35.2610090110642,27.6509756902905,-10.));
#2213=CARTESIAN_POINT('Ctrl Pts',(-35.2823185117812,27.7111273072508,-10.));
#2214=CARTESIAN_POINT('Ctrl Pts',(-35.3017659954648,27.7657984297409,-10.));
#2215=CARTESIAN_POINT('Ctrl Pts',(-35.3206423950137,27.8186800960043,-10.));
#2216=CARTESIAN_POINT('Ctrl Pts',(-35.3934788828292,28.0227293285117,-10.));
#2217=CARTESIAN_POINT('Ctrl Pts',(-35.4624250154697,28.2193126935052,-10.));
#2218=CARTESIAN_POINT('Ctrl Pts',(-35.5615659063263,28.50841660937,-10.));
#2219=CARTESIAN_POINT('Ctrl Pts',(-35.7136049104967,28.9517762674292,-10.));
#2220=CARTESIAN_POINT('Ctrl Pts',(-35.8604755025685,29.3922957772012,-10.));
#2221=CARTESIAN_POINT('Ctrl Pts',(-35.9920964247301,29.7806444953939,-10.));
#2222=CARTESIAN_POINT('Ctrl Pts',(-36.3456072486598,30.8236813704262,-10.));
#2223=CARTESIAN_POINT('Ctrl Pts',(-36.6440407846731,31.6789546882497,-10.));
#2224=CARTESIAN_POINT('Ctrl Pts',(-37.0844324715546,32.6355411657015,-10.));
#2225=CARTESIAN_POINT('Ctrl Pts',(-37.4709351451371,33.4750738863714,-10.));
#2226=CARTESIAN_POINT('Ctrl Pts',(-38.0317551632814,34.5214572748704,-10.));
#2227=CARTESIAN_POINT('Ctrl Pts',(-38.5792815454602,35.4506066373174,-10.));
#2228=CARTESIAN_POINT('Ctrl Pts',(-38.974871712575,36.1219210497888,-10.));
#2229=CARTESIAN_POINT('Ctrl Pts',(-39.3772036545357,36.7675866301123,-10.));
#2230=CARTESIAN_POINT('Ctrl Pts',(-39.7653536520547,37.3767960463969,-10.));
#2231=CARTESIAN_POINT('Ctrl Pts',(-40.5636640263502,38.6297606225841,-10.));
#2232=CARTESIAN_POINT('Ctrl Pts',(-41.4308091323652,39.7712042422135,-10.));
#2233=CARTESIAN_POINT('Ctrl Pts',(-42.027524360333,40.5847045916969,-10.));
#2234=CARTESIAN_POINT('Ctrl Pts',(-42.3263119298543,40.992040923727,-10.));
#2235=CARTESIAN_POINT('Ctrl Pts',(-42.5943089365259,41.3587349208464,-10.));
#2236=CARTESIAN_POINT('Ctrl Pts',(-42.8803343127073,41.7582847464214,-10.));
#2237=CARTESIAN_POINT('Ctrl Pts',(-43.0590390149283,42.0079179557369,-10.));
#2238=CARTESIAN_POINT('Ctrl Pts',(-43.2390582671439,42.2626166376758,-10.));
#2239=CARTESIAN_POINT('Ctrl Pts',(-43.4191211541185,42.5226565208595,-10.));
#2240=CARTESIAN_POINT('Ctrl Pts',(-44.0479271915267,43.4307539709238,-10.));
#2241=CARTESIAN_POINT('Ctrl Pts',(-44.9699930647581,44.5235325858827,-10.));
#2242=CARTESIAN_POINT('Ctrl Pts',(-45.8863212299194,45.8760031356493,-10.));
#2243=CARTESIAN_POINT('Ctrl Pts',(-46.4154587913979,46.6569929555454,-10.));
#2244=CARTESIAN_POINT('Ctrl Pts',(-46.9561414537321,47.5481280700094,-10.));
#2245=CARTESIAN_POINT('Ctrl Pts',(-47.3680078452807,48.6046185465035,-10.));
#2246=CARTESIAN_POINT('Ctrl Pts',(-48.0317449096932,50.3071898216478,-10.));
#2247=CARTESIAN_POINT('Ctrl Pts',(-48.1416690127537,51.8179089649344,-10.));
#2248=CARTESIAN_POINT('Ctrl Pts',(-48.2062296609097,53.1286979141178,-10.));
#2249=CARTESIAN_POINT('Ctrl Pts',(-48.2375253905015,53.7641019516727,-10.));
#2250=CARTESIAN_POINT('Ctrl Pts',(-48.2560143122454,54.3293216861343,-10.));
#2251=CARTESIAN_POINT('Ctrl Pts',(-48.2941930522953,54.7749187907341,-10.));
#2252=CARTESIAN_POINT('Ctrl Pts',(-48.3925851553576,55.9232866044122,-10.));
#2253=CARTESIAN_POINT('Ctrl Pts',(-48.4242170643736,56.9706612731199,-10.));
#2254=CARTESIAN_POINT('Ctrl Pts',(-48.4708697982645,57.9706419192885,-10.));
#2255=CARTESIAN_POINT('Ctrl Pts',(-48.5029112559429,58.657436344422,-10.));
#2256=CARTESIAN_POINT('Ctrl Pts',(-48.5427110229021,59.2990574879912,-10.));
#2257=CARTESIAN_POINT('Ctrl Pts',(-48.586925131253,59.7913733292975,-10.));
#2258=CARTESIAN_POINT('Ctrl Pts',(-48.6398388632974,60.3805578561308,-10.));
#2259=CARTESIAN_POINT('Ctrl Pts',(-48.7371057587526,60.9917339883809,-10.));
#2260=CARTESIAN_POINT('Ctrl Pts',(-48.8644511791098,61.7229533692578,-10.));
#2261=CARTESIAN_POINT('Ctrl Pts',(-48.9044736878984,61.952763236118,-10.));
#2262=CARTESIAN_POINT('Ctrl Pts',(-48.9473595950117,62.1938623282604,-10.));
#2263=CARTESIAN_POINT('Ctrl Pts',(-48.9906325318582,62.4409696150378,-10.));
#2264=CARTESIAN_POINT('',(39.0158380782227,15.4949240889782,-10.));
#2265=CARTESIAN_POINT('',(162.865747059945,15.4949240889782,-10.));
#2266=CARTESIAN_POINT('',(41.0093674681448,46.2814541000352,-10.));
#2267=CARTESIAN_POINT('Ctrl Pts',(41.0093674681448,46.2814541000352,-10.));
#2268=CARTESIAN_POINT('Ctrl Pts',(40.8607497224978,45.6743668459968,-10.));
#2269=CARTESIAN_POINT('Ctrl Pts',(40.7329521229792,45.1916786673945,-10.));
#2270=CARTESIAN_POINT('Ctrl Pts',(40.6402784231193,44.7426393511018,-10.));
#2271=CARTESIAN_POINT('Ctrl Pts',(40.5904020380478,44.5009692992369,-10.));
#2272=CARTESIAN_POINT('Ctrl Pts',(40.5513821063855,44.2699174992584,-10.));
#2273=CARTESIAN_POINT('Ctrl Pts',(40.5326009459822,44.0720234285643,-10.));
#2274=CARTESIAN_POINT('Ctrl Pts',(40.4702220230613,43.4147467365341,-10.));
#2275=CARTESIAN_POINT('Ctrl Pts',(40.4129538421034,42.5936550584794,-10.));
#2276=CARTESIAN_POINT('Ctrl Pts',(40.3847129452384,41.8292813805441,-10.));
#2277=CARTESIAN_POINT('Ctrl Pts',(40.3600599622376,41.1620188860661,-10.));
#2278=CARTESIAN_POINT('Ctrl Pts',(40.3520789742236,40.4897317251792,-10.));
#2279=CARTESIAN_POINT('Ctrl Pts',(40.3592142999579,39.7922162034166,-10.));
#2280=CARTESIAN_POINT('Ctrl Pts',(40.3601743640073,39.6983649061798,-10.));
#2281=CARTESIAN_POINT('Ctrl Pts',(40.3613987961097,39.6051431904227,-10.));
#2282=CARTESIAN_POINT('Ctrl Pts',(40.3628371548238,39.5138097953831,-10.));
#2283=CARTESIAN_POINT('Ctrl Pts',(40.371863945832,38.9406235233973,-10.));
#2284=CARTESIAN_POINT('Ctrl Pts',(40.3819554648068,38.5396837334363,-10.));
#2285=CARTESIAN_POINT('Ctrl Pts',(40.3962054830482,38.0896068513859,-10.));
#2286=CARTESIAN_POINT('Ctrl Pts',(40.4253760226316,37.1682757147472,-10.));
#2287=CARTESIAN_POINT('Ctrl Pts',(40.4708854366854,36.2448899907881,-10.));
#2288=CARTESIAN_POINT('Ctrl Pts',(40.5326995850853,35.3430061540709,-10.));
#2289=CARTESIAN_POINT('Ctrl Pts',(40.5470574161801,35.1335218186898,-10.));
#2290=CARTESIAN_POINT('Ctrl Pts',(40.5620456991356,34.9283805873327,-10.));
#2291=CARTESIAN_POINT('Ctrl Pts',(40.5773218210415,34.7301270049789,-10.));
#2292=CARTESIAN_POINT('Ctrl Pts',(40.7166511570415,32.9219102233181,-10.));
#2293=CARTESIAN_POINT('Ctrl Pts',(40.8935170778111,31.4287141327822,-10.));
#2294=CARTESIAN_POINT('Ctrl Pts',(40.9833887861538,29.5765831691269,-10.));
#2295=CARTESIAN_POINT('Ctrl Pts',(41.0427083146083,28.3540901574332,-10.));
#2296=CARTESIAN_POINT('Ctrl Pts',(41.0423988109721,26.9438398109271,-10.));
#2297=CARTESIAN_POINT('Ctrl Pts',(40.9888386418794,25.669340166687,-10.));
#2298=CARTESIAN_POINT('Ctrl Pts',(40.9639285899959,25.0765890084795,-10.));
#2299=CARTESIAN_POINT('Ctrl Pts',(40.9302288213676,24.537198830187,-10.));
#2300=CARTESIAN_POINT('Ctrl Pts',(40.8958667884847,24.0778121030262,-10.));
#2301=CARTESIAN_POINT('Ctrl Pts',(40.8174622909855,23.0296207569583,-10.));
#2302=CARTESIAN_POINT('Ctrl Pts',(40.7104935675392,22.3421255845007,-10.));
#2303=CARTESIAN_POINT('Ctrl Pts',(40.6393947918405,21.8870939434491,-10.));
#2304=CARTESIAN_POINT('Ctrl Pts',(40.5860163863829,21.5454725414855,-10.));
#2305=CARTESIAN_POINT('Ctrl Pts',(40.5380497727709,21.2687215116221,-10.));
#2306=CARTESIAN_POINT('Ctrl Pts',(40.4805405099005,20.9587144363472,-10.));
#2307=CARTESIAN_POINT('Ctrl Pts',(40.3211583771927,20.0995556444288,-10.));
#2308=CARTESIAN_POINT('Ctrl Pts',(40.1280801370294,19.2415281950729,-10.));
#2309=CARTESIAN_POINT('Ctrl Pts',(39.923298974791,18.4371985060038,-10.));
#2310=CARTESIAN_POINT('Ctrl Pts',(39.6645453846915,17.4208784871346,-10.));
#2311=CARTESIAN_POINT('Ctrl Pts',(39.370604953542,16.4539945402398,-10.));
#2312=CARTESIAN_POINT('Ctrl Pts',(39.0152763208371,15.4902794866298,-10.));
#2313=CARTESIAN_POINT('',(41.0093674681435,63.951662982282,-10.));
#2314=CARTESIAN_POINT('Ctrl Pts',(41.0093674681435,63.951662982282,-10.));
#2315=CARTESIAN_POINT('Ctrl Pts',(41.0557071553281,63.3997443839673,-10.));
#2316=CARTESIAN_POINT('Ctrl Pts',(41.0767317048626,62.9207149319302,-10.));
#2317=CARTESIAN_POINT('Ctrl Pts',(41.0945711121611,62.4001246817376,-10.));
#2318=CARTESIAN_POINT('Ctrl Pts',(41.1230443605411,61.5692172838632,-10.));
#2319=CARTESIAN_POINT('Ctrl Pts',(41.141030450706,60.587828567413,-10.));
#2320=CARTESIAN_POINT('Ctrl Pts',(41.2111102627732,59.7887881447864,-10.));
#2321=CARTESIAN_POINT('Ctrl Pts',(41.2994621934222,58.7814115277367,-10.));
#2322=CARTESIAN_POINT('Ctrl Pts',(41.3261734130299,57.8640693027358,-10.));
#2323=CARTESIAN_POINT('Ctrl Pts',(41.3513299576372,56.9640284573075,-10.));
#2324=CARTESIAN_POINT('Ctrl Pts',(41.3689289762089,56.3343777719251,-10.));
#2325=CARTESIAN_POINT('Ctrl Pts',(41.3861055590196,55.6685810534349,-10.));
#2326=CARTESIAN_POINT('Ctrl Pts',(41.4096248172914,55.0885889735121,-10.));
#2327=CARTESIAN_POINT('Ctrl Pts',(41.4166966694741,54.9141949425033,-10.));
#2328=CARTESIAN_POINT('Ctrl Pts',(41.4239903946513,54.7533193037576,-10.));
#2329=CARTESIAN_POINT('Ctrl Pts',(41.4310792918165,54.6098533118173,-10.));
#2330=CARTESIAN_POINT('Ctrl Pts',(41.4529667713729,54.1668917491807,-10.));
#2331=CARTESIAN_POINT('Ctrl Pts',(41.4680462398509,53.8480507624918,-10.));
#2332=CARTESIAN_POINT('Ctrl Pts',(41.4844003333647,53.466991332263,-10.));
#2333=CARTESIAN_POINT('Ctrl Pts',(41.5279260583292,52.4528178507854,-10.));
#2334=CARTESIAN_POINT('Ctrl Pts',(41.5602119284771,51.3404615501664,-10.));
#2335=CARTESIAN_POINT('Ctrl Pts',(41.5432848567685,50.3592991388317,-10.));
#2336=CARTESIAN_POINT('Ctrl Pts',(41.5355889219763,49.9132112348999,-10.));
#2337=CARTESIAN_POINT('Ctrl Pts',(41.5187640632869,49.5063366311751,-10.));
#2338=CARTESIAN_POINT('Ctrl Pts',(41.4963573075932,49.1467233665837,-10.));
#2339=CARTESIAN_POINT('Ctrl Pts',(41.4390392644955,48.2268075662254,-10.));
#2340=CARTESIAN_POINT('Ctrl Pts',(41.3129413123457,47.6255816657905,-10.));
#2341=CARTESIAN_POINT('Ctrl Pts',(41.1880462190544,47.0496480520986,-10.));
#2342=CARTESIAN_POINT('Ctrl Pts',(41.1276077413418,46.7709457431627,-10.));
#2343=CARTESIAN_POINT('Ctrl Pts',(41.0669891850123,46.5168325180952,-10.));
#2344=CARTESIAN_POINT('Ctrl Pts',(41.0093674681448,46.2814541000352,-10.));
#2345=CARTESIAN_POINT('',(41.0093674681398,70.531098876483,-10.));
#2346=CARTESIAN_POINT('',(41.009367468147,39.723293535616,-10.));
#2347=CARTESIAN_POINT('',(39.6378364312694,70.531098876483,-10.));
#2348=CARTESIAN_POINT('',(101.937557264043,70.531098876483,-10.));
#2349=CARTESIAN_POINT('',(18.1002984275494,200.382602729709,-10.));
#2350=CARTESIAN_POINT('Ctrl Pts',(39.6378364312693,70.5310988764812,-10.));
#2351=CARTESIAN_POINT('Ctrl Pts',(39.5983687832385,70.7600064827021,-10.));
#2352=CARTESIAN_POINT('Ctrl Pts',(39.5708600935487,70.9355364306786,-10.));
#2353=CARTESIAN_POINT('Ctrl Pts',(39.5443095024482,71.111998012305,-10.));
#2354=CARTESIAN_POINT('Ctrl Pts',(39.5055445736919,71.369639004706,-10.));
#2355=CARTESIAN_POINT('Ctrl Pts',(39.4633341969017,71.6753847482446,-10.));
#2356=CARTESIAN_POINT('Ctrl Pts',(39.4231416087523,71.9893074148708,-10.));
#2357=CARTESIAN_POINT('Ctrl Pts',(39.3442472300942,72.6055089303865,-10.));
#2358=CARTESIAN_POINT('Ctrl Pts',(39.2717669673649,73.2558518743981,-10.));
#2359=CARTESIAN_POINT('Ctrl Pts',(39.1887155367796,73.9055875988517,-10.));
#2360=CARTESIAN_POINT('Ctrl Pts',(39.1235586052387,74.4153294036537,-10.));
#2361=CARTESIAN_POINT('Ctrl Pts',(39.0616890493246,74.8415207642128,-10.));
#2362=CARTESIAN_POINT('Ctrl Pts',(39.000910243605,75.2097251966095,-10.));
#2363=CARTESIAN_POINT('Ctrl Pts',(38.9368816558433,75.5976171522831,-10.));
#2364=CARTESIAN_POINT('Ctrl Pts',(38.8918258034091,75.9111785553954,-10.));
#2365=CARTESIAN_POINT('Ctrl Pts',(38.8362264637167,76.3753384290976,-10.));
#2366=CARTESIAN_POINT('Ctrl Pts',(38.7934325751185,76.732594577045,-10.));
#2367=CARTESIAN_POINT('Ctrl Pts',(38.7415889585628,77.2399340957326,-10.));
#2368=CARTESIAN_POINT('Ctrl Pts',(38.6948075802726,77.7657526101446,-10.));
#2369=CARTESIAN_POINT('Ctrl Pts',(38.6265598330341,78.5328511945919,-10.));
#2370=CARTESIAN_POINT('Ctrl Pts',(38.5690918130075,79.2976764894169,-10.));
#2371=CARTESIAN_POINT('Ctrl Pts',(38.4638485494236,80.1251226169461,-10.));
#2372=CARTESIAN_POINT('Ctrl Pts',(38.4604855989655,80.1515628872198,-10.));
#2373=CARTESIAN_POINT('Ctrl Pts',(38.4571424962151,80.1781150266169,-10.));
#2374=CARTESIAN_POINT('Ctrl Pts',(38.4538115542439,80.2048464148935,-10.));
#2375=CARTESIAN_POINT('Ctrl Pts',(38.4055319652009,80.5922985085342,-10.));
#2376=CARTESIAN_POINT('Ctrl Pts',(38.3556677666361,81.0321457597669,-10.));
#2377=CARTESIAN_POINT('Ctrl Pts',(38.3010952376077,81.7003105640609,-10.));
#2378=CARTESIAN_POINT('Ctrl Pts',(38.2253543528164,82.627652477008,-10.));
#2379=CARTESIAN_POINT('Ctrl Pts',(38.1849535491486,83.7535232448198,-10.));
#2380=CARTESIAN_POINT('Ctrl Pts',(38.0707508988031,85.0289848400574,-10.));
#2381=CARTESIAN_POINT('Ctrl Pts',(38.0153487172257,85.647738911707,-10.));
#2382=CARTESIAN_POINT('Ctrl Pts',(37.9933115901593,86.2886762908284,-10.));
#2383=CARTESIAN_POINT('Ctrl Pts',(37.98237557669,86.9698184396849,-10.));
#2384=CARTESIAN_POINT('Ctrl Pts',(37.9723773942378,87.5925484225265,-10.));
#2385=CARTESIAN_POINT('Ctrl Pts',(37.96835576833,88.3185778042991,-10.));
#2386=CARTESIAN_POINT('Ctrl Pts',(37.9567701202852,88.8221758791635,-10.));
#2387=CARTESIAN_POINT('Ctrl Pts',(37.9450571312476,89.3313091367467,-10.));
#2388=CARTESIAN_POINT('Ctrl Pts',(37.9317840702348,89.6238744667739,-10.));
#2389=CARTESIAN_POINT('Ctrl Pts',(37.9138210326682,89.9356336258904,-10.));
#2390=CARTESIAN_POINT('Ctrl Pts',(37.9126317955744,89.9562735402122,-10.));
#2391=CARTESIAN_POINT('Ctrl Pts',(37.9114492460933,89.9769311851454,-10.));
#2392=CARTESIAN_POINT('Ctrl Pts',(37.9102635501334,89.9977830470236,-10.));
#2393=CARTESIAN_POINT('Ctrl Pts',(37.8984883545064,90.2048637499233,-10.));
#2394=CARTESIAN_POINT('Ctrl Pts',(37.8850580987702,90.4530078209321,-10.));
#2395=CARTESIAN_POINT('Ctrl Pts',(37.8706333489582,90.7577945059578,-10.));
#2396=CARTESIAN_POINT('Ctrl Pts',(37.8428433447563,91.3449813457915,-10.));
#2397=CARTESIAN_POINT('Ctrl Pts',(37.8242762071549,91.8641633092649,-10.));
#2398=CARTESIAN_POINT('Ctrl Pts',(37.8082860594417,92.4712395494978,-10.));
#2399=CARTESIAN_POINT('Ctrl Pts',(37.7877056835175,93.2525867554626,-10.));
#2400=CARTESIAN_POINT('Ctrl Pts',(37.7729803055389,94.1964767516946,-10.));
#2401=CARTESIAN_POINT('Ctrl Pts',(37.7530182150598,94.8581401106,-10.));
#2402=CARTESIAN_POINT('Ctrl Pts',(37.7482582116797,95.0159151606704,-10.));
#2403=CARTESIAN_POINT('Ctrl Pts',(37.7452194960226,95.1616488199588,-10.));
#2404=CARTESIAN_POINT('Ctrl Pts',(37.7432021213731,95.3073502423397,-10.));
#2405=CARTESIAN_POINT('Ctrl Pts',(37.738714193637,95.6314831220842,-10.));
#2406=CARTESIAN_POINT('Ctrl Pts',(37.7387798209438,95.9770766491811,-10.));
#2407=CARTESIAN_POINT('Ctrl Pts',(37.7465953937753,96.4245528571492,-10.));
#2408=CARTESIAN_POINT('Ctrl Pts',(37.7575033179177,97.04907989276,-10.));
#2409=CARTESIAN_POINT('Ctrl Pts',(37.7827514354103,97.7089723520868,-10.));
#2410=CARTESIAN_POINT('Ctrl Pts',(37.8005951963536,98.3674574259277,-10.));
#2411=CARTESIAN_POINT('Ctrl Pts',(37.8140957626418,98.8656663751174,-10.));
#2412=CARTESIAN_POINT('Ctrl Pts',(37.8218831092371,99.3243891052493,-10.));
#2413=CARTESIAN_POINT('Ctrl Pts',(37.8171382958967,99.7919401408568,-10.));
#2414=CARTESIAN_POINT('Ctrl Pts',(37.816421443937,99.8625782992097,-10.));
#2415=CARTESIAN_POINT('Ctrl Pts',(37.8156085380078,99.9341875292231,-10.));
#2416=CARTESIAN_POINT('Ctrl Pts',(37.8146907924837,100.007904580282,-10.));
#2417=CARTESIAN_POINT('Ctrl Pts',(37.8106250517143,100.334481405801,-10.));
#2418=CARTESIAN_POINT('Ctrl Pts',(37.803944848072,100.716985442372,-10.));
#2419=CARTESIAN_POINT('Ctrl Pts',(37.7953901511428,101.214852397978,-10.));
#2420=CARTESIAN_POINT('Ctrl Pts',(37.7889201578398,101.591393600457,-10.));
#2421=CARTESIAN_POINT('Ctrl Pts',(37.7835242461257,101.943327538233,-10.));
#2422=CARTESIAN_POINT('Ctrl Pts',(37.7800817408257,102.245923074693,-10.));
#2423=CARTESIAN_POINT('Ctrl Pts',(37.7753340282321,102.66324607466,-10.));
#2424=CARTESIAN_POINT('Ctrl Pts',(37.7729927537841,103.055792662675,-10.));
#2425=CARTESIAN_POINT('Ctrl Pts',(37.7723594385823,103.542385994759,-10.));
#2426=CARTESIAN_POINT('Ctrl Pts',(37.7717719140738,103.993797089124,-10.));
#2427=CARTESIAN_POINT('Ctrl Pts',(37.7724675842381,104.424872648121,-10.));
#2428=CARTESIAN_POINT('Ctrl Pts',(37.7717703474572,104.777112290045,-10.));
#2429=CARTESIAN_POINT('Ctrl Pts',(37.7709244874838,105.204435435246,-10.));
#2430=CARTESIAN_POINT('Ctrl Pts',(37.777476069984,105.539192416132,-10.));
#2431=CARTESIAN_POINT('Ctrl Pts',(37.7864988130539,105.878010171817,-10.));
#2432=CARTESIAN_POINT('Ctrl Pts',(37.7976151203114,106.295444453975,-10.));
#2433=CARTESIAN_POINT('Ctrl Pts',(37.8137642555439,106.71415631374,-10.));
#2434=CARTESIAN_POINT('Ctrl Pts',(37.8403905777257,107.345718324023,-10.));
#2435=CARTESIAN_POINT('Ctrl Pts',(37.8543843133527,107.677642190325,-10.));
#2436=CARTESIAN_POINT('Ctrl Pts',(37.8730294455711,108.107376390726,-10.));
#2437=CARTESIAN_POINT('Ctrl Pts',(37.8876755782519,108.540559842242,-10.));
#2438=CARTESIAN_POINT('Ctrl Pts',(37.9030801040123,108.996174015848,-10.));
#2439=CARTESIAN_POINT('Ctrl Pts',(37.9115605378093,109.390629683151,-10.));
#2440=CARTESIAN_POINT('Ctrl Pts',(37.9136003798519,109.751141575168,-10.));
#2441=CARTESIAN_POINT('Ctrl Pts',(37.9186495440097,110.643506614057,-10.));
#2442=CARTESIAN_POINT('Ctrl Pts',(37.903470892822,111.218674920236,-10.));
#2443=CARTESIAN_POINT('Ctrl Pts',(37.8906764972713,112.06875459479,-10.));
#2444=CARTESIAN_POINT('Ctrl Pts',(37.8837720201497,112.527498866153,-10.));
#2445=CARTESIAN_POINT('Ctrl Pts',(37.8767755444514,113.114572165716,-10.));
#2446=CARTESIAN_POINT('Ctrl Pts',(37.8758924245793,113.727758332554,-10.));
#2447=CARTESIAN_POINT('Ctrl Pts',(37.8753998345928,114.069783662518,-10.));
#2448=CARTESIAN_POINT('Ctrl Pts',(37.8762937638268,114.373525240534,-10.));
#2449=CARTESIAN_POINT('Ctrl Pts',(37.8782439392188,114.768490506751,-10.));
#2450=CARTESIAN_POINT('Ctrl Pts',(37.8787164657512,114.864190395309,-10.));
#2451=CARTESIAN_POINT('Ctrl Pts',(37.8792037145635,114.98706818986,-10.));
#2452=CARTESIAN_POINT('Ctrl Pts',(37.879584535544,115.117735984963,-10.));
#2453=CARTESIAN_POINT('Ctrl Pts',(37.8807380212123,115.513521502829,-10.));
#2454=CARTESIAN_POINT('Ctrl Pts',(37.8809473221859,115.900401936522,-10.));
#2455=CARTESIAN_POINT('Ctrl Pts',(37.8825149390073,116.282081423726,-10.));
#2456=CARTESIAN_POINT('Ctrl Pts',(37.8846001013789,116.789771628294,-10.));
#2457=CARTESIAN_POINT('Ctrl Pts',(37.8896385880908,117.289413413617,-10.));
#2458=CARTESIAN_POINT('Ctrl Pts',(37.8969124126357,117.799863896836,-10.));
#2459=CARTESIAN_POINT('Ctrl Pts',(37.9072420077917,118.524757218948,-10.));
#2460=CARTESIAN_POINT('Ctrl Pts',(37.9188237721141,119.194895389475,-10.));
#2461=CARTESIAN_POINT('Ctrl Pts',(37.9127771806773,119.831677462166,-10.));
#2462=CARTESIAN_POINT('Ctrl Pts',(37.905861839275,120.559949824792,-10.));
#2463=CARTESIAN_POINT('Ctrl Pts',(37.8829702478942,121.197388017176,-10.));
#2464=CARTESIAN_POINT('Ctrl Pts',(37.8538558431257,121.912456098091,-10.));
#2465=CARTESIAN_POINT('Ctrl Pts',(37.8174391088504,122.806873981558,-10.));
#2466=CARTESIAN_POINT('Ctrl Pts',(37.766346546852,123.90818980579,-10.));
#2467=CARTESIAN_POINT('Ctrl Pts',(37.7289125938055,124.953833050069,-10.));
#2468=CARTESIAN_POINT('Ctrl Pts',(37.7130772450757,125.396162114253,-10.));
#2469=CARTESIAN_POINT('Ctrl Pts',(37.6944581836894,125.808778461277,-10.));
#2470=CARTESIAN_POINT('Ctrl Pts',(37.6672633792844,126.350657730758,-10.));
#2471=CARTESIAN_POINT('Ctrl Pts',(37.6361184952459,126.971245647459,-10.));
#2472=CARTESIAN_POINT('Ctrl Pts',(37.5979172449026,127.673004965443,-10.));
#2473=CARTESIAN_POINT('Ctrl Pts',(37.578896357214,128.021900699344,-10.));
#2474=CARTESIAN_POINT('Ctrl Pts',(37.5643950390476,128.287895017118,-10.));
#2475=CARTESIAN_POINT('Ctrl Pts',(37.5586102551717,128.391812392924,-10.));
#2476=CARTESIAN_POINT('Ctrl Pts',(37.5507289227423,128.532816756798,-10.));
#2477=CARTESIAN_POINT('Ctrl Pts',(37.5109475571762,129.244542368671,-10.));
#2478=CARTESIAN_POINT('Ctrl Pts',(37.4805398204688,129.72945286752,-10.));
#2479=CARTESIAN_POINT('Ctrl Pts',(37.4544510071871,130.107284508654,-10.));
#2480=CARTESIAN_POINT('Ctrl Pts',(37.4207691803448,130.595082085908,-10.));
#2481=CARTESIAN_POINT('Ctrl Pts',(37.3855302078595,130.931224704702,-10.));
#2482=CARTESIAN_POINT('Ctrl Pts',(37.3476845865138,131.270261873889,-10.));
#2483=CARTESIAN_POINT('Ctrl Pts',(37.2933031466317,131.757433937084,-10.));
#2484=CARTESIAN_POINT('Ctrl Pts',(37.2293795282662,132.238217576705,-10.));
#2485=CARTESIAN_POINT('Ctrl Pts',(37.1646305877062,132.705973508204,-10.));
#2486=CARTESIAN_POINT('Ctrl Pts',(37.1002430134428,133.171118876084,-10.));
#2487=CARTESIAN_POINT('Ctrl Pts',(37.0297789274037,133.661699572096,-10.));
#2488=CARTESIAN_POINT('Ctrl Pts',(36.9711982389928,134.093287857248,-10.));
#2489=CARTESIAN_POINT('Ctrl Pts',(36.8995341039812,134.621267332663,-10.));
#2490=CARTESIAN_POINT('Ctrl Pts',(36.8580184300118,134.959039779537,-10.));
#2491=CARTESIAN_POINT('Ctrl Pts',(36.8194063390658,135.311277576039,-10.));
#2492=CARTESIAN_POINT('Ctrl Pts',(36.7839479444279,135.634745859904,-10.));
#2493=CARTESIAN_POINT('Ctrl Pts',(36.7473686097552,135.983257526847,-10.));
#2494=CARTESIAN_POINT('Ctrl Pts',(36.6939128405589,136.51252691703,-10.));
#2495=CARTESIAN_POINT('Ctrl Pts',(36.6423819336647,137.022738108029,-10.));
#2496=CARTESIAN_POINT('Ctrl Pts',(36.5697938673708,137.773498946669,-10.));
#2497=CARTESIAN_POINT('Ctrl Pts',(36.4832307360912,138.549771304522,-10.));
#2498=CARTESIAN_POINT('Ctrl Pts',(36.3998264384489,139.297716183927,-10.));
#2499=CARTESIAN_POINT('Ctrl Pts',(36.3100248862442,139.978682206266,-10.));
#2500=CARTESIAN_POINT('Ctrl Pts',(36.2236393682377,140.53157679778,-10.));
#2501=CARTESIAN_POINT('Ctrl Pts',(36.1983057142934,140.693720182138,-10.));
#2502=CARTESIAN_POINT('Ctrl Pts',(36.1728971795007,140.845080371817,-10.));
#2503=CARTESIAN_POINT('Ctrl Pts',(36.1472896532846,140.990675732345,-10.));
#2504=CARTESIAN_POINT('Ctrl Pts',(36.0065459747556,141.790894638482,-10.));
#2505=CARTESIAN_POINT('Ctrl Pts',(35.8641390448618,142.421424583008,-10.));
#2506=CARTESIAN_POINT('Ctrl Pts',(35.7196160155006,143.072590853468,-10.));
#2507=CARTESIAN_POINT('Ctrl Pts',(35.5380452351006,143.890680319349,-10.));
#2508=CARTESIAN_POINT('Ctrl Pts',(35.3499090421116,144.699784050357,-10.));
#2509=CARTESIAN_POINT('Ctrl Pts',(35.2301447012003,145.555526217959,-10.));
#2510=CARTESIAN_POINT('Ctrl Pts',(35.1808376628456,145.907835691369,-10.));
#2511=CARTESIAN_POINT('Ctrl Pts',(35.1340297220979,146.30345199919,-10.));
#2512=CARTESIAN_POINT('Ctrl Pts',(35.0908583870783,146.742738712204,-10.));
#2513=CARTESIAN_POINT('Ctrl Pts',(34.9814256744545,147.856263151577,-10.));
#2514=CARTESIAN_POINT('Ctrl Pts',(34.9136281450224,149.145236827086,-10.));
#2515=CARTESIAN_POINT('Ctrl Pts',(34.7850906922949,150.450017849934,-10.));
#2516=CARTESIAN_POINT('Ctrl Pts',(34.7757414225665,150.544922093485,-10.));
#2517=CARTESIAN_POINT('Ctrl Pts',(34.7668930472916,150.638875974706,-10.));
#2518=CARTESIAN_POINT('Ctrl Pts',(34.7584439086928,150.73195805341,-10.));
#2519=CARTESIAN_POINT('Ctrl Pts',(34.6042894334508,152.430239934957,-10.));
#2520=CARTESIAN_POINT('Ctrl Pts',(34.5771385588441,153.790695214865,-10.));
#2521=CARTESIAN_POINT('Ctrl Pts',(34.2963738614252,155.676850664955,-10.));
#2522=CARTESIAN_POINT('Ctrl Pts',(34.2052076632421,156.289298109906,-10.));
#2523=CARTESIAN_POINT('Ctrl Pts',(34.0889547729614,156.949424796159,-10.));
#2524=CARTESIAN_POINT('Ctrl Pts',(33.94944260607,157.648224225998,-10.));
#2525=CARTESIAN_POINT('Ctrl Pts',(33.7318014242782,158.738362363297,-10.));
#2526=CARTESIAN_POINT('Ctrl Pts',(33.475986899806,159.838058933043,-10.));
#2527=CARTESIAN_POINT('Ctrl Pts',(33.2249835437702,160.868231771383,-10.));
#2528=CARTESIAN_POINT('Ctrl Pts',(33.2153976733155,160.90757428668,-10.));
#2529=CARTESIAN_POINT('Ctrl Pts',(33.1967357578111,160.984155779083,-10.));
#2530=CARTESIAN_POINT('Ctrl Pts',(33.1681792839412,161.100503597111,-10.));
#2531=CARTESIAN_POINT('Ctrl Pts',(33.1427737611028,161.204013475873,-10.));
#2532=CARTESIAN_POINT('Ctrl Pts',(33.1234627982138,161.27646975596,-10.));
#2533=CARTESIAN_POINT('Ctrl Pts',(33.1020283345879,161.354088809795,-10.));
#2534=CARTESIAN_POINT('Ctrl Pts',(33.0538162787075,161.528675597979,-10.));
#2535=CARTESIAN_POINT('Ctrl Pts',(33.0018506326608,161.697143886554,-10.));
#2536=CARTESIAN_POINT('Ctrl Pts',(32.9473678625727,161.859944267984,-10.));
#2537=CARTESIAN_POINT('Ctrl Pts',(32.8492972381914,162.152989849744,-10.));
#2538=CARTESIAN_POINT('Ctrl Pts',(32.7431676425265,162.427746210189,-10.));
#2539=CARTESIAN_POINT('Ctrl Pts',(32.6342734522891,162.687328059874,-10.));
#2540=CARTESIAN_POINT('Ctrl Pts',(32.4379878580504,163.155233441308,-10.));
#2541=CARTESIAN_POINT('Ctrl Pts',(32.2332751154019,163.57423747251,-10.));
#2542=CARTESIAN_POINT('Ctrl Pts',(32.0389042477453,163.958135581877,-10.));
#2543=CARTESIAN_POINT('Ctrl Pts',(31.6501625124323,164.725931800612,-10.));
#2544=CARTESIAN_POINT('Ctrl Pts',(31.3020648314697,165.368713569735,-10.));
#2545=CARTESIAN_POINT('Ctrl Pts',(31.0855890551234,165.865377519326,-10.));
#2546=CARTESIAN_POINT('Ctrl Pts',(30.9664570843304,166.138703967833,-10.));
#2547=CARTESIAN_POINT('Ctrl Pts',(30.904514294699,166.319030576385,-10.));
#2548=CARTESIAN_POINT('Ctrl Pts',(30.8675195394797,166.44338514998,-10.));
#2549=CARTESIAN_POINT('Ctrl Pts',(30.8501536637506,166.501758994018,-10.));
#2550=CARTESIAN_POINT('Ctrl Pts',(30.832390806901,166.559961985618,-10.));
#2551=CARTESIAN_POINT('Ctrl Pts',(30.8139059654166,166.619061390129,-10.));
#2552=CARTESIAN_POINT('Ctrl Pts',(30.7236979473222,166.907472851813,-10.));
#2553=CARTESIAN_POINT('Ctrl Pts',(30.6111015088303,167.236937932629,-10.));
#2554=CARTESIAN_POINT('Ctrl Pts',(30.4436151433451,167.666724743688,-10.));
#2555=CARTESIAN_POINT('Ctrl Pts',(30.2556481165825,168.149066985593,-10.));
#2556=CARTESIAN_POINT('Ctrl Pts',(30.0341394675622,168.658419725417,-10.));
#2557=CARTESIAN_POINT('Ctrl Pts',(29.8376099823543,169.104525852708,-10.));
#2558=CARTESIAN_POINT('Ctrl Pts',(29.6233396633561,169.590902246055,-10.));
#2559=CARTESIAN_POINT('Ctrl Pts',(29.4194400872456,170.052646681114,-10.));
#2560=CARTESIAN_POINT('Ctrl Pts',(29.2663903039866,170.433848427884,-10.));
#2561=CARTESIAN_POINT('Ctrl Pts',(29.0281548173189,171.027222568809,-10.));
#2562=CARTESIAN_POINT('Ctrl Pts',(28.9659092049279,171.249487082924,-10.));
#2563=CARTESIAN_POINT('Ctrl Pts',(28.9029999952286,171.487084192366,-10.));
#2564=CARTESIAN_POINT('Ctrl Pts',(28.8130544658308,171.826792764362,-10.));
#2565=CARTESIAN_POINT('Ctrl Pts',(28.7028276271041,172.186270596909,-10.));
#2566=CARTESIAN_POINT('Ctrl Pts',(28.5533630796158,172.609443763138,-10.));
#2567=CARTESIAN_POINT('Ctrl Pts',(28.347740680956,173.191614471513,-10.));
#2568=CARTESIAN_POINT('Ctrl Pts',(28.1097222322403,173.769794892095,-10.));
#2569=CARTESIAN_POINT('Ctrl Pts',(27.9010402832112,174.279500579372,-10.));
#2570=CARTESIAN_POINT('Ctrl Pts',(27.6785662300727,174.822893482705,-10.));
#2571=CARTESIAN_POINT('Ctrl Pts',(27.4731537777423,175.335273388044,-10.));
#2572=CARTESIAN_POINT('Ctrl Pts',(27.3261206115723,175.765068189696,-10.));
#2573=CARTESIAN_POINT('Ctrl Pts',(27.1948732574013,176.148719253078,-10.));
#2574=CARTESIAN_POINT('Ctrl Pts',(27.1386121724954,176.363432354719,-10.));
#2575=CARTESIAN_POINT('Ctrl Pts',(27.0957361361394,176.54235878967,-10.));
#2576=CARTESIAN_POINT('Ctrl Pts',(27.0863827058816,176.581391687131,-10.));
#2577=CARTESIAN_POINT('Ctrl Pts',(27.0768762744075,176.619983456366,-10.));
#2578=CARTESIAN_POINT('Ctrl Pts',(27.0671799241988,176.65835375446,-10.));
#2579=CARTESIAN_POINT('Ctrl Pts',(26.9854521848639,176.981765930525,-10.));
#2580=CARTESIAN_POINT('Ctrl Pts',(26.881590027961,177.323886659565,-10.));
#2581=CARTESIAN_POINT('Ctrl Pts',(26.7478135136012,177.697210800952,-10.));
#2582=CARTESIAN_POINT('Ctrl Pts',(26.5234537942029,178.323321445313,-10.));
#2583=CARTESIAN_POINT('Ctrl Pts',(26.2649403988516,178.899147422076,-10.));
#2584=CARTESIAN_POINT('Ctrl Pts',(26.0361322268265,179.397788497312,-10.));
#2585=CARTESIAN_POINT('Ctrl Pts',(25.7574903342417,180.005032074736,-10.));
#2586=CARTESIAN_POINT('Ctrl Pts',(25.5079293315092,180.538932574557,-10.));
#2587=CARTESIAN_POINT('Ctrl Pts',(25.3504588208956,180.943212852913,-10.));
#2588=CARTESIAN_POINT('Ctrl Pts',(25.2002285232167,181.328905045859,-10.));
#2589=CARTESIAN_POINT('Ctrl Pts',(25.1607094556793,181.493222276152,-10.));
#2590=CARTESIAN_POINT('Ctrl Pts',(25.1324034360056,181.622449716139,-10.));
#2591=CARTESIAN_POINT('Ctrl Pts',(25.0708123214475,181.903635914411,-10.));
#2592=CARTESIAN_POINT('Ctrl Pts',(24.9970846865098,182.185369806956,-10.));
#2593=CARTESIAN_POINT('Ctrl Pts',(24.8949422254224,182.514051073275,-10.));
#2594=CARTESIAN_POINT('Ctrl Pts',(24.7367117994662,183.023216176795,-10.));
#2595=CARTESIAN_POINT('Ctrl Pts',(24.5295646816088,183.559481106341,-10.));
#2596=CARTESIAN_POINT('Ctrl Pts',(24.3441842925166,184.010472152514,-10.));
#2597=CARTESIAN_POINT('Ctrl Pts',(24.0017639134617,184.843508083322,-10.));
#2598=CARTESIAN_POINT('Ctrl Pts',(23.6931538840676,185.546715606268,-10.));
#2599=CARTESIAN_POINT('Ctrl Pts',(23.5242719846805,186.061994403432,-10.));
#2600=CARTESIAN_POINT('Ctrl Pts',(23.4223204565158,186.3730606633,-10.));
#2601=CARTESIAN_POINT('Ctrl Pts',(23.3872438927955,186.531898055214,-10.));
#2602=CARTESIAN_POINT('Ctrl Pts',(23.3609560607441,186.668310092174,-10.));
#2603=CARTESIAN_POINT('Ctrl Pts',(23.2981347839295,186.994300395139,-10.));
#2604=CARTESIAN_POINT('Ctrl Pts',(23.2220838878359,187.312211531493,-10.));
#2605=CARTESIAN_POINT('Ctrl Pts',(23.1112775640123,187.693324554515,-10.));
#2606=CARTESIAN_POINT('Ctrl Pts',(22.9744890179062,188.163802181804,-10.));
#2607=CARTESIAN_POINT('Ctrl Pts',(22.755543682331,188.78238107232,-10.));
#2608=CARTESIAN_POINT('Ctrl Pts',(22.5564683750097,189.301708454918,-10.));
#2609=CARTESIAN_POINT('Ctrl Pts',(22.2896503936773,189.997756024754,-10.));
#2610=CARTESIAN_POINT('Ctrl Pts',(22.0456911530698,190.621342994251,-10.));
#2611=CARTESIAN_POINT('Ctrl Pts',(21.9278766995004,190.983005894322,-10.));
#2612=CARTESIAN_POINT('Ctrl Pts',(21.7898261235257,191.406788971447,-10.));
#2613=CARTESIAN_POINT('Ctrl Pts',(21.7609492720893,191.564848558998,-10.));
#2614=CARTESIAN_POINT('Ctrl Pts',(21.7345552750049,191.719102723059,-10.));
#2615=CARTESIAN_POINT('Ctrl Pts',(21.7166267933444,191.82388196292,-10.));
#2616=CARTESIAN_POINT('Ctrl Pts',(21.6968546335901,191.929652047521,-10.));
#2617=CARTESIAN_POINT('Ctrl Pts',(21.6749672270733,192.037662600379,-10.));
#2618=CARTESIAN_POINT('Ctrl Pts',(21.5735142983935,192.538315197451,-10.));
#2619=CARTESIAN_POINT('Ctrl Pts',(21.4078626692461,193.136302873322,-10.));
#2620=CARTESIAN_POINT('Ctrl Pts',(21.2378821989419,193.65481014273,-10.));
#2621=CARTESIAN_POINT('Ctrl Pts',(20.9745954490987,194.457938252025,-10.));
#2622=CARTESIAN_POINT('Ctrl Pts',(20.7051383203968,195.129814194598,-10.));
#2623=CARTESIAN_POINT('Ctrl Pts',(20.4922190777059,195.698527937456,-10.));
#2624=CARTESIAN_POINT('Ctrl Pts',(20.2653411546731,196.304525738073,-10.));
#2625=CARTESIAN_POINT('Ctrl Pts',(20.0971588983641,196.843898201427,-10.));
#2626=CARTESIAN_POINT('Ctrl Pts',(20.048344751872,197.055176198302,-10.));
#2627=CARTESIAN_POINT('Ctrl Pts',(19.8946748414516,197.720292218731,-10.));
#2628=CARTESIAN_POINT('Ctrl Pts',(19.7187629106167,198.06628719787,-10.));
#2629=CARTESIAN_POINT('Ctrl Pts',(19.5029097403246,198.458634930871,-10.));
#2630=CARTESIAN_POINT('Ctrl Pts',(19.2781531954064,198.867165974249,-10.));
#2631=CARTESIAN_POINT('Ctrl Pts',(18.9335421050268,199.348324602029,-10.));
#2632=CARTESIAN_POINT('Ctrl Pts',(18.6423754889481,199.711806616564,-10.));
#2633=CARTESIAN_POINT('Ctrl Pts',(18.3863775828341,200.031385268416,-10.));
#2634=CARTESIAN_POINT('Ctrl Pts',(18.1867128806597,200.268264051211,-10.));
#2635=CARTESIAN_POINT('Ctrl Pts',(18.1002984275495,200.382602729709,-10.));
#2636=CARTESIAN_POINT('',(15.8717352528998,202.955812372049,-10.));
#2637=CARTESIAN_POINT('Ctrl Pts',(18.1002984274938,200.382602729704,-10.));
#2638=CARTESIAN_POINT('Ctrl Pts',(18.0717119181299,200.45045199077,-10.));
#2639=CARTESIAN_POINT('Ctrl Pts',(18.0425943797763,200.514898902127,-10.));
#2640=CARTESIAN_POINT('Ctrl Pts',(18.0128730531834,200.577010500578,-10.));
#2641=CARTESIAN_POINT('Ctrl Pts',(17.7925888053481,201.037360300377,-10.));
#2642=CARTESIAN_POINT('Ctrl Pts',(17.5039841959327,201.430437238753,-10.));
#2643=CARTESIAN_POINT('Ctrl Pts',(17.2383701590087,201.730315238116,-10.));
#2644=CARTESIAN_POINT('Ctrl Pts',(16.8513474703913,202.167263491734,-10.));
#2645=CARTESIAN_POINT('Ctrl Pts',(16.5296212529137,202.425318041501,-10.));
#2646=CARTESIAN_POINT('Ctrl Pts',(16.2770591702568,202.631065477243,-10.));
#2647=CARTESIAN_POINT('Ctrl Pts',(16.1119893144473,202.765538154986,-10.));
#2648=CARTESIAN_POINT('Ctrl Pts',(15.974440879463,202.873147839761,-10.));
#2649=CARTESIAN_POINT('Ctrl Pts',(15.8717352528998,202.955812372049,-10.));
#2650=CARTESIAN_POINT('',(13.6851952487887,204.904972221518,-10.));
#2651=CARTESIAN_POINT('Ctrl Pts',(15.8717352528801,202.955812372022,-10.));
#2652=CARTESIAN_POINT('Ctrl Pts',(15.5973400361177,203.382410566834,-10.));
#2653=CARTESIAN_POINT('Ctrl Pts',(15.2999909698373,203.686521162201,-10.));
#2654=CARTESIAN_POINT('Ctrl Pts',(15.0630365890568,203.902604375164,-10.));
#2655=CARTESIAN_POINT('Ctrl Pts',(14.6379213630454,204.29027504668,-10.));
#2656=CARTESIAN_POINT('Ctrl Pts',(14.3201439453518,204.491286479399,-10.));
#2657=CARTESIAN_POINT('Ctrl Pts',(14.062641816571,204.660780430671,-10.));
#2658=CARTESIAN_POINT('Ctrl Pts',(13.916904879549,204.756707906762,-10.));
#2659=CARTESIAN_POINT('Ctrl Pts',(13.7879700901902,204.838618175504,-10.));
#2660=CARTESIAN_POINT('Ctrl Pts',(13.6851952487886,204.904972221518,-10.));
#2661=CARTESIAN_POINT('Ctrl Pts',(13.6851952489201,204.904972221728,-10.));
#2662=CARTESIAN_POINT('Ctrl Pts',(13.3625814552275,205.288986012465,-10.));
#2663=CARTESIAN_POINT('Ctrl Pts',(13.0127175099572,205.56057955276,-10.));
#2664=CARTESIAN_POINT('Ctrl Pts',(12.5373523235361,205.870122624056,-10.));
#2665=CARTESIAN_POINT('Ctrl Pts',(12.3518544532885,205.974549085926,-10.));
#2666=CARTESIAN_POINT('Ctrl Pts',(11.9104936543004,206.197562138669,-10.));
#2667=CARTESIAN_POINT('Ctrl Pts',(11.6684206014191,206.302021004889,-10.));
#2668=CARTESIAN_POINT('Ctrl Pts',(11.4573523652915,206.392391940974,-10.));
#2669=CARTESIAN_POINT('',(5.23931303564144,180.492472633158,-10.));
#2670=CARTESIAN_POINT('Origin',(-5.23510949208672,181.224915607471,-10.));
#2671=CARTESIAN_POINT('',(22.6958615515954,128.04594672849,-10.));
#2672=CARTESIAN_POINT('Origin',(12.2214390238673,128.778389702803,-10.));
#2673=CARTESIAN_POINT('',(19.5110269888847,26.3418163738856,-10.));
#2674=CARTESIAN_POINT('Origin',(9.03660446115653,27.0742593481989,-10.));
#2675=CARTESIAN_POINT('',(-10.9822558615561,82.1023822209863,-10.));
#2676=CARTESIAN_POINT('Origin',(-21.4566783892843,82.8348251952997,-10.));
#2677=CARTESIAN_POINT('Origin',(162.865747059945,15.4949240889782,-11.5));
#2678=CARTESIAN_POINT('',(39.0158380782227,15.4949240889782,-11.5));
#2679=CARTESIAN_POINT('Ctrl Pts',(39.0158380782227,15.4949240889782,-10.));
#2680=CARTESIAN_POINT('Ctrl Pts',(39.0158380782227,15.4949240889782,-10.5));
#2681=CARTESIAN_POINT('Ctrl Pts',(39.0158380782239,15.4949240889814,-11.));
#2682=CARTESIAN_POINT('Ctrl Pts',(39.0158380782227,15.4949240889782,-11.5));
#2683=CARTESIAN_POINT('',(-30.2092605549048,15.4949240889782,-11.5));
#2684=CARTESIAN_POINT('Ctrl Pts',(-30.2092605549048,15.4949240889782,-11.5));
#2685=CARTESIAN_POINT('Ctrl Pts',(-30.2092605549048,15.4949240889782,-11.));
#2686=CARTESIAN_POINT('Ctrl Pts',(-30.2092605549052,15.4949240889789,-10.5));
#2687=CARTESIAN_POINT('Ctrl Pts',(-30.2092605549048,15.4949240889782,-10.));
#2688=CARTESIAN_POINT('',(32.2093674681285,15.4949240889762,-11.5));
#2689=CARTESIAN_POINT('',(162.865747059945,15.4949240889782,-11.5));
#2690=CARTESIAN_POINT('',(162.865747059945,15.4949240889782,-11.5));
#2691=CARTESIAN_POINT('Ctrl Pts',(11.4065830894269,207.307332148993,-1.00000000000001));
#2692=CARTESIAN_POINT('Ctrl Pts',(11.4065830894269,207.307332148993,-11.5));
#2693=CARTESIAN_POINT('Ctrl Pts',(11.3886331682555,208.44642185671,-1.00000000000001));
#2694=CARTESIAN_POINT('Ctrl Pts',(11.3886331682555,208.44642185671,-11.5));
#2695=CARTESIAN_POINT('Ctrl Pts',(11.0199534524426,209.565198209815,-1.00000000000001));
#2696=CARTESIAN_POINT('Ctrl Pts',(11.0199534524426,209.565198209815,-11.5));
#2697=CARTESIAN_POINT('Ctrl Pts',(10.3723160683568,210.486400056364,-1.00000000000001));
#2698=CARTESIAN_POINT('Ctrl Pts',(10.3723160683568,210.486400056364,-11.5));
#2699=CARTESIAN_POINT('Ctrl Pts',(9.38173677425451,211.895403763229,-1.00000000000001));
#2700=CARTESIAN_POINT('Ctrl Pts',(9.38173677425451,211.895403763229,-11.5));
#2701=CARTESIAN_POINT('Ctrl Pts',(7.75280871771251,212.790840697037,-1.00000000000001));
#2702=CARTESIAN_POINT('Ctrl Pts',(7.75280871771251,212.790840697037,-11.5));
#2703=CARTESIAN_POINT('Ctrl Pts',(6.07156721101745,212.908404555707,-1.00000000000001));
#2704=CARTESIAN_POINT('Ctrl Pts',(6.07156721101745,212.908404555707,-11.5));
#2705=CARTESIAN_POINT('',(11.406583089427,207.307332148984,-1.00000000000001));
#2706=CARTESIAN_POINT('',(11.406583089427,207.307332148984,-1.00000000000001));
#2707=CARTESIAN_POINT('',(6.07156721101745,212.908404555707,-1.00000000000001));
#2708=CARTESIAN_POINT('Ctrl Pts',(6.07156721101745,212.908404555707,-1.00000000000001));
#2709=CARTESIAN_POINT('Ctrl Pts',(7.75280871771251,212.790840697037,-1.00000000000001));
#2710=CARTESIAN_POINT('Ctrl Pts',(9.38173677425451,211.895403763229,-1.00000000000001));
#2711=CARTESIAN_POINT('Ctrl Pts',(10.3723160683568,210.486400056364,-1.00000000000001));
#2712=CARTESIAN_POINT('Ctrl Pts',(11.0199534524426,209.565198209815,-1.00000000000001));
#2713=CARTESIAN_POINT('Ctrl Pts',(11.3886331682555,208.44642185671,-1.00000000000001));
#2714=CARTESIAN_POINT('Ctrl Pts',(11.4065830894269,207.307332148993,-1.00000000000001));
#2715=CARTESIAN_POINT('',(6.07156721101745,212.908404555707,-1.00000000000001));
#2716=CARTESIAN_POINT('Origin',(6.07156721101745,212.908404555707,-1.00000000000001));
#2717=CARTESIAN_POINT('',(-9.47467403435538,213.995503643701,-1.00000000000001));
#2718=CARTESIAN_POINT('',(6.07156721101745,212.908404555707,-1.00000000000001));
#2719=CARTESIAN_POINT('',(-9.47467403435538,213.995503643701,-1.00000000000001));
#2720=CARTESIAN_POINT('Ctrl Pts',(-9.47467403435538,213.995503643701,-1.00000000000001));
#2721=CARTESIAN_POINT('Ctrl Pts',(-9.47467403435538,213.995503643701,-11.5));
#2722=CARTESIAN_POINT('Ctrl Pts',(-10.6247891509921,214.075927527175,-1.00000000000001));
#2723=CARTESIAN_POINT('Ctrl Pts',(-10.6247891509921,214.075927527175,-11.5));
#2724=CARTESIAN_POINT('Ctrl Pts',(-11.8043746051767,213.802969671543,-1.00000000000001));
#2725=CARTESIAN_POINT('Ctrl Pts',(-11.8043746051767,213.802969671543,-11.5));
#2726=CARTESIAN_POINT('Ctrl Pts',(-12.808930981881,213.20871036918,-1.00000000000001));
#2727=CARTESIAN_POINT('Ctrl Pts',(-12.808930981881,213.20871036918,-11.5));
#2728=CARTESIAN_POINT('Ctrl Pts',(-14.2560149019369,212.352667741077,-1.00000000000001));
#2729=CARTESIAN_POINT('Ctrl Pts',(-14.2560149019369,212.352667741077,-11.5));
#2730=CARTESIAN_POINT('Ctrl Pts',(-15.3081848942688,210.814259917479,-1.00000000000001));
#2731=CARTESIAN_POINT('Ctrl Pts',(-15.3081848942688,210.814259917479,-11.5));
#2732=CARTESIAN_POINT('Ctrl Pts',(-15.5502551592589,209.112392758649,-1.00000000000001));
#2733=CARTESIAN_POINT('Ctrl Pts',(-15.5502551592589,209.112392758649,-11.5));
#2734=CARTESIAN_POINT('',(-15.5502551592589,209.112392758649,-1.00000000000001));
#2735=CARTESIAN_POINT('Ctrl Pts',(-15.5502551592589,209.112392758649,-1.00000000000001));
#2736=CARTESIAN_POINT('Ctrl Pts',(-15.3081848942688,210.814259917479,-1.00000000000001));
#2737=CARTESIAN_POINT('Ctrl Pts',(-14.2560149019369,212.352667741077,-1.00000000000001));
#2738=CARTESIAN_POINT('Ctrl Pts',(-12.808930981881,213.20871036918,-1.00000000000001));
#2739=CARTESIAN_POINT('Ctrl Pts',(-11.8043746051767,213.802969671543,-1.00000000000001));
#2740=CARTESIAN_POINT('Ctrl Pts',(-10.6247891509921,214.075927527175,-1.00000000000001));
#2741=CARTESIAN_POINT('Ctrl Pts',(-9.47467403435538,213.995503643701,-1.00000000000001));
#2742=CARTESIAN_POINT('',(-15.5502551592589,209.112392758649,-1.00000000000001));
#2743=CARTESIAN_POINT('Ctrl Pts',(-15.5502551592589,209.112392758649,-1.00000000000001));
#2744=CARTESIAN_POINT('Ctrl Pts',(-15.5502551592589,209.112392758649,-11.5));
#2745=CARTESIAN_POINT('Ctrl Pts',(-15.555779455508,209.073554372768,-1.00000000000001));
#2746=CARTESIAN_POINT('Ctrl Pts',(-15.555779455508,209.073554372768,-11.5));
#2747=CARTESIAN_POINT('Ctrl Pts',(-15.56147149223,209.035241283446,-1.00000000000001));
#2748=CARTESIAN_POINT('Ctrl Pts',(-15.56147149223,209.035241283446,-11.5));
#2749=CARTESIAN_POINT('Ctrl Pts',(-15.5673155857926,208.997449073511,-1.00000000000001));
#2750=CARTESIAN_POINT('Ctrl Pts',(-15.5673155857926,208.997449073511,-11.5));
#2751=CARTESIAN_POINT('Ctrl Pts',(-15.6024044695907,208.770538527216,-1.00000000000001));
#2752=CARTESIAN_POINT('Ctrl Pts',(-15.6024044695907,208.770538527216,-11.5));
#2753=CARTESIAN_POINT('Ctrl Pts',(-15.6433427759363,208.560834923738,-1.00000000000001));
#2754=CARTESIAN_POINT('Ctrl Pts',(-15.6433427759363,208.560834923738,-11.5));
#2755=CARTESIAN_POINT('Ctrl Pts',(-15.685425041246,208.37334855011,-1.00000000000001));
#2756=CARTESIAN_POINT('Ctrl Pts',(-15.685425041246,208.37334855011,-11.5));
#2757=CARTESIAN_POINT('',(-15.685425041246,208.37334855011,-1.00000000000001));
#2758=CARTESIAN_POINT('Ctrl Pts',(-15.685425041246,208.37334855011,-1.00000000000001));
#2759=CARTESIAN_POINT('Ctrl Pts',(-15.6433427759363,208.560834923738,-1.00000000000001));
#2760=CARTESIAN_POINT('Ctrl Pts',(-15.6024044695907,208.770538527216,-1.00000000000001));
#2761=CARTESIAN_POINT('Ctrl Pts',(-15.5673155857926,208.997449073511,-1.00000000000001));
#2762=CARTESIAN_POINT('Ctrl Pts',(-15.56147149223,209.035241283446,-1.00000000000001));
#2763=CARTESIAN_POINT('Ctrl Pts',(-15.555779455508,209.073554372768,-1.00000000000001));
#2764=CARTESIAN_POINT('Ctrl Pts',(-15.5502551592589,209.112392758649,-1.00000000000001));
#2765=CARTESIAN_POINT('',(-15.685425041246,208.37334855011,-1.00000000000001));
#2766=CARTESIAN_POINT('Ctrl Pts',(-15.7872159085889,208.316060092263,-1.00000000000001));
#2767=CARTESIAN_POINT('Ctrl Pts',(-15.7368210678222,208.345408908216,-1.00000000000001));
#2768=CARTESIAN_POINT('Ctrl Pts',(-15.685425041246,208.37334855011,-1.00000000000001));
#2769=CARTESIAN_POINT('Ctrl Pts',(-15.7872159085889,208.316060092263,-10.));
#2770=CARTESIAN_POINT('Ctrl Pts',(-15.7368210678222,208.345408908216,-10.));
#2771=CARTESIAN_POINT('Ctrl Pts',(-15.685425041246,208.37334855011,-10.));
#2772=CARTESIAN_POINT('',(-15.7872159085889,208.316060092263,-1.00000000000001));
#2773=CARTESIAN_POINT('Origin',(-7.81924337898903,197.201378526748,-1.00000000000001));
#2774=CARTESIAN_POINT('',(-15.7872159085889,208.316060092263,-1.00000000000001));
#2775=CARTESIAN_POINT('Ctrl Pts',(-15.7872159085891,208.316060092263,-1.00000000000001));
#2776=CARTESIAN_POINT('Ctrl Pts',(-15.7872159085891,208.316060092263,-11.5));
#2777=CARTESIAN_POINT('Ctrl Pts',(-15.9317300114824,208.27793746132,-1.00000000000001));
#2778=CARTESIAN_POINT('Ctrl Pts',(-15.9317300114824,208.27793746132,-11.5));
#2779=CARTESIAN_POINT('Ctrl Pts',(-16.1164242623985,208.230006408208,-1.00000000000001));
#2780=CARTESIAN_POINT('Ctrl Pts',(-16.1164242623985,208.230006408208,-11.5));
#2781=CARTESIAN_POINT('Ctrl Pts',(-16.337571634368,208.16324699649,-1.00000000000001));
#2782=CARTESIAN_POINT('Ctrl Pts',(-16.337571634368,208.16324699649,-11.5));
#2783=CARTESIAN_POINT('Ctrl Pts',(-16.5983480993277,208.084524453981,-1.00000000000001));
#2784=CARTESIAN_POINT('Ctrl Pts',(-16.5983480993277,208.084524453981,-11.5));
#2785=CARTESIAN_POINT('Ctrl Pts',(-16.8912301849961,208.019226903303,-1.00000000000001));
#2786=CARTESIAN_POINT('Ctrl Pts',(-16.8912301849961,208.019226903303,-11.5));
#2787=CARTESIAN_POINT('Ctrl Pts',(-17.4623983879211,207.70654464738,-1.00000000000001));
#2788=CARTESIAN_POINT('Ctrl Pts',(-17.4623983879211,207.70654464738,-11.5));
#2789=CARTESIAN_POINT('Ctrl Pts',(-17.7102786867289,207.570844216871,-1.00000000000001));
#2790=CARTESIAN_POINT('Ctrl Pts',(-17.7102786867289,207.570844216871,-11.5));
#2791=CARTESIAN_POINT('Ctrl Pts',(-17.9897532258774,207.391881742614,-1.00000000000001));
#2792=CARTESIAN_POINT('Ctrl Pts',(-17.9897532258774,207.391881742614,-11.5));
#2793=CARTESIAN_POINT('Ctrl Pts',(-18.2874347611624,207.119842422576,-1.00000000000001));
#2794=CARTESIAN_POINT('Ctrl Pts',(-18.2874347611624,207.119842422576,-11.5));
#2795=CARTESIAN_POINT('',(-18.2874347611625,207.119842422576,-1.00000000000001));
#2796=CARTESIAN_POINT('Ctrl Pts',(-18.2874347611624,207.119842422576,-1.00000000000001));
#2797=CARTESIAN_POINT('Ctrl Pts',(-17.9897532258774,207.391881742614,-1.00000000000001));
#2798=CARTESIAN_POINT('Ctrl Pts',(-17.7102786867289,207.570844216871,-1.00000000000001));
#2799=CARTESIAN_POINT('Ctrl Pts',(-17.4623983879211,207.70654464738,-1.00000000000001));
#2800=CARTESIAN_POINT('Ctrl Pts',(-16.8912301849961,208.019226903303,-1.00000000000001));
#2801=CARTESIAN_POINT('Ctrl Pts',(-16.5983480993277,208.084524453981,-1.00000000000001));
#2802=CARTESIAN_POINT('Ctrl Pts',(-16.337571634368,208.16324699649,-1.00000000000001));
#2803=CARTESIAN_POINT('Ctrl Pts',(-16.1164242623985,208.230006408208,-1.00000000000001));
#2804=CARTESIAN_POINT('Ctrl Pts',(-15.9317300114824,208.27793746132,-1.00000000000001));
#2805=CARTESIAN_POINT('Ctrl Pts',(-15.7872159085891,208.316060092263,-1.00000000000001));
#2806=CARTESIAN_POINT('',(-18.2874347611625,207.119842422576,-1.00000000000001));
#2807=CARTESIAN_POINT('Ctrl Pts',(-18.2874347611626,207.119842422576,-1.00000000000001));
#2808=CARTESIAN_POINT('Ctrl Pts',(-18.2874347611626,207.119842422576,-11.5));
#2809=CARTESIAN_POINT('Ctrl Pts',(-18.3550244319842,207.088039007492,-1.00000000000001));
#2810=CARTESIAN_POINT('Ctrl Pts',(-18.3550244319842,207.088039007492,-11.5));
#2811=CARTESIAN_POINT('Ctrl Pts',(-18.4315259166912,207.05232713095,-1.00000000000001));
#2812=CARTESIAN_POINT('Ctrl Pts',(-18.4315259166912,207.05232713095,-11.5));
#2813=CARTESIAN_POINT('Ctrl Pts',(-18.5169102566901,207.011890778389,-1.00000000000001));
#2814=CARTESIAN_POINT('Ctrl Pts',(-18.5169102566901,207.011890778389,-11.5));
#2815=CARTESIAN_POINT('Ctrl Pts',(-18.8001258243382,206.877765427719,-1.00000000000001));
#2816=CARTESIAN_POINT('Ctrl Pts',(-18.8001258243382,206.877765427719,-11.5));
#2817=CARTESIAN_POINT('Ctrl Pts',(-19.1443354308387,206.73154345029,-1.00000000000001));
#2818=CARTESIAN_POINT('Ctrl Pts',(-19.1443354308387,206.73154345029,-11.5));
#2819=CARTESIAN_POINT('Ctrl Pts',(-19.6685951480247,206.376200808478,-1.00000000000001));
#2820=CARTESIAN_POINT('Ctrl Pts',(-19.6685951480247,206.376200808478,-11.5));
#2821=CARTESIAN_POINT('Ctrl Pts',(-19.9761559141651,206.167736469954,-1.00000000000001));
#2822=CARTESIAN_POINT('Ctrl Pts',(-19.9761559141651,206.167736469954,-11.5));
#2823=CARTESIAN_POINT('Ctrl Pts',(-20.3651350614733,205.871736926411,-1.00000000000001));
#2824=CARTESIAN_POINT('Ctrl Pts',(-20.3651350614733,205.871736926411,-11.5));
#2825=CARTESIAN_POINT('Ctrl Pts',(-20.7481990548128,205.383369467485,-1.00000000000001));
#2826=CARTESIAN_POINT('Ctrl Pts',(-20.7481990548128,205.383369467485,-11.5));
#2827=CARTESIAN_POINT('',(-20.7481990548129,205.383369467486,-1.00000000000001));
#2828=CARTESIAN_POINT('Ctrl Pts',(-20.7481990548128,205.383369467485,-1.00000000000001));
#2829=CARTESIAN_POINT('Ctrl Pts',(-20.3651350614733,205.871736926411,-1.00000000000001));
#2830=CARTESIAN_POINT('Ctrl Pts',(-19.9761559141651,206.167736469954,-1.00000000000001));
#2831=CARTESIAN_POINT('Ctrl Pts',(-19.6685951480247,206.376200808478,-1.00000000000001));
#2832=CARTESIAN_POINT('Ctrl Pts',(-19.1443354308387,206.73154345029,-1.00000000000001));
#2833=CARTESIAN_POINT('Ctrl Pts',(-18.8001258243382,206.877765427719,-1.00000000000001));
#2834=CARTESIAN_POINT('Ctrl Pts',(-18.5169102566901,207.011890778389,-1.00000000000001));
#2835=CARTESIAN_POINT('Ctrl Pts',(-18.4315259166912,207.05232713095,-1.00000000000001));
#2836=CARTESIAN_POINT('Ctrl Pts',(-18.3550244319842,207.088039007492,-1.00000000000001));
#2837=CARTESIAN_POINT('Ctrl Pts',(-18.2874347611626,207.119842422576,-1.00000000000001));
#2838=CARTESIAN_POINT('',(-20.7481990548129,205.383369467486,-1.00000000000001));
#2839=CARTESIAN_POINT('Ctrl Pts',(-20.7481990548129,205.383369467486,-1.00000000000001));
#2840=CARTESIAN_POINT('Ctrl Pts',(-20.7481990548129,205.383369467486,-11.5));
#2841=CARTESIAN_POINT('Ctrl Pts',(-20.7788670798602,205.3637591618,-1.00000000000001));
#2842=CARTESIAN_POINT('Ctrl Pts',(-20.7788670798602,205.3637591618,-11.5));
#2843=CARTESIAN_POINT('Ctrl Pts',(-20.8109318756402,205.34333446174,-1.00000000000001));
#2844=CARTESIAN_POINT('Ctrl Pts',(-20.8109318756402,205.34333446174,-11.5));
#2845=CARTESIAN_POINT('Ctrl Pts',(-20.8461618597029,205.320866282778,-1.00000000000001));
#2846=CARTESIAN_POINT('Ctrl Pts',(-20.8461618597029,205.320866282778,-11.5));
#2847=CARTESIAN_POINT('Ctrl Pts',(-21.1026222389655,205.15730680777,-1.00000000000001));
#2848=CARTESIAN_POINT('Ctrl Pts',(-21.1026222389655,205.15730680777,-11.5));
#2849=CARTESIAN_POINT('Ctrl Pts',(-21.4834697437578,204.941658071269,-1.00000000000001));
#2850=CARTESIAN_POINT('Ctrl Pts',(-21.4834697437578,204.941658071269,-11.5));
#2851=CARTESIAN_POINT('Ctrl Pts',(-22.0097551064585,204.474214522581,-1.00000000000001));
#2852=CARTESIAN_POINT('Ctrl Pts',(-22.0097551064585,204.474214522581,-11.5));
#2853=CARTESIAN_POINT('Ctrl Pts',(-22.2230243249826,204.284790063156,-1.00000000000001));
#2854=CARTESIAN_POINT('Ctrl Pts',(-22.2230243249826,204.284790063156,-11.5));
#2855=CARTESIAN_POINT('Ctrl Pts',(-22.4716095049443,204.036241073014,-1.00000000000001));
#2856=CARTESIAN_POINT('Ctrl Pts',(-22.4716095049443,204.036241073014,-11.5));
#2857=CARTESIAN_POINT('Ctrl Pts',(-22.7076698854741,203.722046655562,-1.00000000000001));
#2858=CARTESIAN_POINT('Ctrl Pts',(-22.7076698854741,203.722046655562,-11.5));
#2859=CARTESIAN_POINT('Ctrl Pts',(-22.8720196710361,203.503298447934,-1.00000000000001));
#2860=CARTESIAN_POINT('Ctrl Pts',(-22.8720196710361,203.503298447934,-11.5));
#2861=CARTESIAN_POINT('Ctrl Pts',(-23.0070884459533,203.288698784279,-1.00000000000001));
#2862=CARTESIAN_POINT('Ctrl Pts',(-23.0070884459533,203.288698784279,-11.5));
#2863=CARTESIAN_POINT('Ctrl Pts',(-23.1346085282878,203.034050524671,-1.00000000000001));
#2864=CARTESIAN_POINT('Ctrl Pts',(-23.1346085282878,203.034050524671,-11.5));
#2865=CARTESIAN_POINT('',(-23.1346085282877,203.034050524671,-1.00000000000001));
#2866=CARTESIAN_POINT('Ctrl Pts',(-23.1346085282876,203.034050524671,-1.00000000000001));
#2867=CARTESIAN_POINT('Ctrl Pts',(-23.0070884459531,203.288698784279,-1.00000000000001));
#2868=CARTESIAN_POINT('Ctrl Pts',(-22.872019671036,203.503298447934,-1.00000000000001));
#2869=CARTESIAN_POINT('Ctrl Pts',(-22.7076698854741,203.722046655562,-1.00000000000001));
#2870=CARTESIAN_POINT('Ctrl Pts',(-22.4716095049443,204.036241073014,-1.00000000000001));
#2871=CARTESIAN_POINT('Ctrl Pts',(-22.2230243249826,204.284790063156,-1.00000000000001));
#2872=CARTESIAN_POINT('Ctrl Pts',(-22.0097551064585,204.474214522581,-1.00000000000001));
#2873=CARTESIAN_POINT('Ctrl Pts',(-21.4834697437578,204.941658071269,-1.00000000000001));
#2874=CARTESIAN_POINT('Ctrl Pts',(-21.1026222389655,205.15730680777,-1.00000000000001));
#2875=CARTESIAN_POINT('Ctrl Pts',(-20.8461618597029,205.320866282778,-1.00000000000001));
#2876=CARTESIAN_POINT('Ctrl Pts',(-20.8109318756402,205.34333446174,-1.00000000000001));
#2877=CARTESIAN_POINT('Ctrl Pts',(-20.7788670798602,205.3637591618,-1.00000000000001));
#2878=CARTESIAN_POINT('Ctrl Pts',(-20.7481990548129,205.383369467486,-1.00000000000001));
#2879=CARTESIAN_POINT('',(-23.1346085282877,203.034050524671,-1.00000000000001));
#2880=CARTESIAN_POINT('Ctrl Pts',(-23.1346085282872,203.03405052467,-1.00000000000001));
#2881=CARTESIAN_POINT('Ctrl Pts',(-23.1346085282872,203.03405052467,-11.5));
#2882=CARTESIAN_POINT('Ctrl Pts',(-23.2367777529154,202.926495284421,-1.00000000000001));
#2883=CARTESIAN_POINT('Ctrl Pts',(-23.2367777529154,202.926495284421,-11.5));
#2884=CARTESIAN_POINT('Ctrl Pts',(-23.421493098691,202.745498859715,-1.00000000000001));
#2885=CARTESIAN_POINT('Ctrl Pts',(-23.421493098691,202.745498859715,-11.5));
#2886=CARTESIAN_POINT('Ctrl Pts',(-23.6512805955054,202.505557976839,-1.00000000000001));
#2887=CARTESIAN_POINT('Ctrl Pts',(-23.6512805955054,202.505557976839,-11.5));
#2888=CARTESIAN_POINT('Ctrl Pts',(-23.9723765657759,202.170274065996,-1.00000000000001));
#2889=CARTESIAN_POINT('Ctrl Pts',(-23.9723765657759,202.170274065996,-11.5));
#2890=CARTESIAN_POINT('Ctrl Pts',(-24.4202372962579,201.727621007764,-1.00000000000001));
#2891=CARTESIAN_POINT('Ctrl Pts',(-24.4202372962579,201.727621007764,-11.5));
#2892=CARTESIAN_POINT('Ctrl Pts',(-24.8595523016522,200.892221162474,-1.00000000000001));
#2893=CARTESIAN_POINT('Ctrl Pts',(-24.8595523016522,200.892221162474,-11.5));
#2894=CARTESIAN_POINT('Ctrl Pts',(-25.0252843649196,200.57706566286,-1.00000000000001));
#2895=CARTESIAN_POINT('Ctrl Pts',(-25.0252843649196,200.57706566286,-11.5));
#2896=CARTESIAN_POINT('Ctrl Pts',(-25.1568092207582,200.273701422245,-1.00000000000001));
#2897=CARTESIAN_POINT('Ctrl Pts',(-25.1568092207582,200.273701422245,-11.5));
#2898=CARTESIAN_POINT('Ctrl Pts',(-25.2710953848161,199.847395746784,-1.00000000000001));
#2899=CARTESIAN_POINT('Ctrl Pts',(-25.2710953848161,199.847395746784,-11.5));
#2900=CARTESIAN_POINT('Ctrl Pts',(-25.2854405677414,199.793885919527,-1.00000000000001));
#2901=CARTESIAN_POINT('Ctrl Pts',(-25.2854405677414,199.793885919527,-11.5));
#2902=CARTESIAN_POINT('Ctrl Pts',(-25.3313643796218,199.642480177985,-1.00000000000001));
#2903=CARTESIAN_POINT('Ctrl Pts',(-25.3313643796218,199.642480177985,-11.5));
#2904=CARTESIAN_POINT('Ctrl Pts',(-25.4075606606015,199.447737277977,-1.00000000000001));
#2905=CARTESIAN_POINT('Ctrl Pts',(-25.4075606606015,199.447737277977,-11.5));
#2906=CARTESIAN_POINT('Ctrl Pts',(-25.5820393189223,199.001803703871,-1.00000000000001));
#2907=CARTESIAN_POINT('Ctrl Pts',(-25.5820393189223,199.001803703871,-11.5));
#2908=CARTESIAN_POINT('Ctrl Pts',(-25.9106951452205,198.342533940785,-1.00000000000001));
#2909=CARTESIAN_POINT('Ctrl Pts',(-25.9106951452205,198.342533940785,-11.5));
#2910=CARTESIAN_POINT('Ctrl Pts',(-26.2750768686126,197.520848211806,-1.00000000000001));
#2911=CARTESIAN_POINT('Ctrl Pts',(-26.2750768686126,197.520848211806,-11.5));
#2912=CARTESIAN_POINT('Ctrl Pts',(-26.4560166281361,197.112826599687,-1.00000000000001));
#2913=CARTESIAN_POINT('Ctrl Pts',(-26.4560166281361,197.112826599687,-11.5));
#2914=CARTESIAN_POINT('Ctrl Pts',(-26.6510658316908,196.641475093965,-1.00000000000001));
#2915=CARTESIAN_POINT('Ctrl Pts',(-26.6510658316908,196.641475093965,-11.5));
#2916=CARTESIAN_POINT('Ctrl Pts',(-26.8129818057918,196.162376686224,-1.00000000000001));
#2917=CARTESIAN_POINT('Ctrl Pts',(-26.8129818057918,196.162376686224,-11.5));
#2918=CARTESIAN_POINT('Ctrl Pts',(-27.0150538274357,195.564459251852,-1.00000000000001));
#2919=CARTESIAN_POINT('Ctrl Pts',(-27.0150538274357,195.564459251852,-11.5));
#2920=CARTESIAN_POINT('Ctrl Pts',(-27.1294960652031,195.094690543438,-1.00000000000001));
#2921=CARTESIAN_POINT('Ctrl Pts',(-27.1294960652031,195.094690543438,-11.5));
#2922=CARTESIAN_POINT('Ctrl Pts',(-27.2101028636377,194.584919819578,-1.00000000000001));
#2923=CARTESIAN_POINT('Ctrl Pts',(-27.2101028636377,194.584919819578,-11.5));
#2924=CARTESIAN_POINT('Ctrl Pts',(-27.2233043798553,194.501431247783,-1.00000000000001));
#2925=CARTESIAN_POINT('Ctrl Pts',(-27.2233043798553,194.501431247783,-11.5));
#2926=CARTESIAN_POINT('Ctrl Pts',(-27.2414026165154,194.40742997234,-1.00000000000001));
#2927=CARTESIAN_POINT('Ctrl Pts',(-27.2414026165154,194.40742997234,-11.5));
#2928=CARTESIAN_POINT('Ctrl Pts',(-27.2827380169052,194.255992055032,-1.00000000000001));
#2929=CARTESIAN_POINT('Ctrl Pts',(-27.2827380169052,194.255992055032,-11.5));
#2930=CARTESIAN_POINT('Ctrl Pts',(-27.3565662024771,193.985512355881,-1.00000000000001));
#2931=CARTESIAN_POINT('Ctrl Pts',(-27.3565662024771,193.985512355881,-11.5));
#2932=CARTESIAN_POINT('Ctrl Pts',(-27.5455432364808,193.483751343645,-1.00000000000001));
#2933=CARTESIAN_POINT('Ctrl Pts',(-27.5455432364808,193.483751343645,-11.5));
#2934=CARTESIAN_POINT('Ctrl Pts',(-27.8077166685756,192.876364790994,-1.00000000000001));
#2935=CARTESIAN_POINT('Ctrl Pts',(-27.8077166685756,192.876364790994,-11.5));
#2936=CARTESIAN_POINT('Ctrl Pts',(-27.9598403564113,192.523934410871,-1.00000000000001));
#2937=CARTESIAN_POINT('Ctrl Pts',(-27.9598403564113,192.523934410871,-11.5));
#2938=CARTESIAN_POINT('Ctrl Pts',(-28.1452134751336,192.097709224738,-1.00000000000001));
#2939=CARTESIAN_POINT('Ctrl Pts',(-28.1452134751336,192.097709224738,-11.5));
#2940=CARTESIAN_POINT('Ctrl Pts',(-28.2986474912241,191.701633457384,-1.00000000000001));
#2941=CARTESIAN_POINT('Ctrl Pts',(-28.2986474912241,191.701633457384,-11.5));
#2942=CARTESIAN_POINT('Ctrl Pts',(-28.6136514607995,190.888479750349,-1.00000000000001));
#2943=CARTESIAN_POINT('Ctrl Pts',(-28.6136514607995,190.888479750349,-11.5));
#2944=CARTESIAN_POINT('Ctrl Pts',(-28.7582085450863,190.346309119704,-1.00000000000001));
#2945=CARTESIAN_POINT('Ctrl Pts',(-28.7582085450863,190.346309119704,-11.5));
#2946=CARTESIAN_POINT('Ctrl Pts',(-28.8621918077947,189.782215938309,-1.00000000000001));
#2947=CARTESIAN_POINT('Ctrl Pts',(-28.8621918077947,189.782215938309,-11.5));
#2948=CARTESIAN_POINT('Ctrl Pts',(-28.866079737847,189.761124516717,-1.00000000000001));
#2949=CARTESIAN_POINT('Ctrl Pts',(-28.866079737847,189.761124516717,-11.5));
#2950=CARTESIAN_POINT('Ctrl Pts',(-28.8708113892286,189.737712686533,-1.00000000000001));
#2951=CARTESIAN_POINT('Ctrl Pts',(-28.8708113892286,189.737712686533,-11.5));
#2952=CARTESIAN_POINT('Ctrl Pts',(-28.8769417904003,189.710504479832,-1.00000000000001));
#2953=CARTESIAN_POINT('Ctrl Pts',(-28.8769417904003,189.710504479832,-11.5));
#2954=CARTESIAN_POINT('Ctrl Pts',(-28.9123263726364,189.553459124959,-1.00000000000001));
#2955=CARTESIAN_POINT('Ctrl Pts',(-28.9123263726364,189.553459124959,-11.5));
#2956=CARTESIAN_POINT('Ctrl Pts',(-29.0299063236411,189.187861109757,-1.00000000000001));
#2957=CARTESIAN_POINT('Ctrl Pts',(-29.0299063236411,189.187861109757,-11.5));
#2958=CARTESIAN_POINT('Ctrl Pts',(-29.2382052438474,188.717577999524,-1.00000000000001));
#2959=CARTESIAN_POINT('Ctrl Pts',(-29.2382052438474,188.717577999524,-11.5));
#2960=CARTESIAN_POINT('Ctrl Pts',(-29.5419001373979,188.031916360187,-1.00000000000001));
#2961=CARTESIAN_POINT('Ctrl Pts',(-29.5419001373979,188.031916360187,-11.5));
#2962=CARTESIAN_POINT('Ctrl Pts',(-30.0417122289261,187.137727713788,-1.00000000000001));
#2963=CARTESIAN_POINT('Ctrl Pts',(-30.0417122289261,187.137727713788,-11.5));
#2964=CARTESIAN_POINT('Ctrl Pts',(-30.4568041558758,185.879909837839,-1.00000000000001));
#2965=CARTESIAN_POINT('Ctrl Pts',(-30.4568041558758,185.879909837839,-11.5));
#2966=CARTESIAN_POINT('Ctrl Pts',(-30.5379258431305,185.634093666212,-1.00000000000001));
#2967=CARTESIAN_POINT('Ctrl Pts',(-30.5379258431305,185.634093666212,-11.5));
#2968=CARTESIAN_POINT('Ctrl Pts',(-30.6040396571051,185.417498711519,-1.00000000000001));
#2969=CARTESIAN_POINT('Ctrl Pts',(-30.6040396571051,185.417498711519,-11.5));
#2970=CARTESIAN_POINT('Ctrl Pts',(-30.6825731047959,185.088560956555,-1.00000000000001));
#2971=CARTESIAN_POINT('Ctrl Pts',(-30.6825731047959,185.088560956555,-11.5));
#2972=CARTESIAN_POINT('Ctrl Pts',(-30.6983944161705,185.022293311403,-1.00000000000001));
#2973=CARTESIAN_POINT('Ctrl Pts',(-30.6983944161705,185.022293311403,-11.5));
#2974=CARTESIAN_POINT('Ctrl Pts',(-30.743667077956,184.855750530223,-1.00000000000001));
#2975=CARTESIAN_POINT('Ctrl Pts',(-30.743667077956,184.855750530223,-11.5));
#2976=CARTESIAN_POINT('Ctrl Pts',(-30.8336552825149,184.630465681137,-1.00000000000001));
#2977=CARTESIAN_POINT('Ctrl Pts',(-30.8336552825149,184.630465681137,-11.5));
#2978=CARTESIAN_POINT('Ctrl Pts',(-31.0421823639657,184.108419571813,-1.00000000000001));
#2979=CARTESIAN_POINT('Ctrl Pts',(-31.0421823639657,184.108419571813,-11.5));
#2980=CARTESIAN_POINT('Ctrl Pts',(-31.4575659762283,183.396519288012,-1.00000000000001));
#2981=CARTESIAN_POINT('Ctrl Pts',(-31.4575659762283,183.396519288012,-11.5));
#2982=CARTESIAN_POINT('Ctrl Pts',(-31.9420484852724,182.427487803856,-1.00000000000001));
#2983=CARTESIAN_POINT('Ctrl Pts',(-31.9420484852724,182.427487803856,-11.5));
#2984=CARTESIAN_POINT('Ctrl Pts',(-32.2454906529499,181.820561839324,-1.00000000000001));
#2985=CARTESIAN_POINT('Ctrl Pts',(-32.2454906529499,181.820561839324,-11.5));
#2986=CARTESIAN_POINT('Ctrl Pts',(-32.5767392873232,181.049210940134,-1.00000000000001));
#2987=CARTESIAN_POINT('Ctrl Pts',(-32.5767392873232,181.049210940134,-11.5));
#2988=CARTESIAN_POINT('Ctrl Pts',(-32.7704620333339,180.339513442818,-1.00000000000001));
#2989=CARTESIAN_POINT('Ctrl Pts',(-32.7704620333339,180.339513442818,-11.5));
#2990=CARTESIAN_POINT('Ctrl Pts',(-32.7976647458483,180.239857117533,-1.00000000000001));
#2991=CARTESIAN_POINT('Ctrl Pts',(-32.7976647458483,180.239857117533,-11.5));
#2992=CARTESIAN_POINT('Ctrl Pts',(-32.8306550332053,180.131006361533,-1.00000000000001));
#2993=CARTESIAN_POINT('Ctrl Pts',(-32.8306550332053,180.131006361533,-11.5));
#2994=CARTESIAN_POINT('Ctrl Pts',(-32.8971266910774,179.952255301004,-1.00000000000001));
#2995=CARTESIAN_POINT('Ctrl Pts',(-32.8971266910774,179.952255301004,-11.5));
#2996=CARTESIAN_POINT('Ctrl Pts',(-33.014838084009,179.635713830603,-1.00000000000001));
#2997=CARTESIAN_POINT('Ctrl Pts',(-33.014838084009,179.635713830603,-11.5));
#2998=CARTESIAN_POINT('Ctrl Pts',(-33.3198840619551,178.981984915098,-1.00000000000001));
#2999=CARTESIAN_POINT('Ctrl Pts',(-33.3198840619551,178.981984915098,-11.5));
#3000=CARTESIAN_POINT('Ctrl Pts',(-33.6847887102873,178.233260901322,-1.00000000000001));
#3001=CARTESIAN_POINT('Ctrl Pts',(-33.6847887102873,178.233260901322,-11.5));
#3002=CARTESIAN_POINT('Ctrl Pts',(-33.8961049382536,177.799674935503,-1.00000000000001));
#3003=CARTESIAN_POINT('Ctrl Pts',(-33.8961049382536,177.799674935503,-11.5));
#3004=CARTESIAN_POINT('Ctrl Pts',(-34.147941607655,177.265036833943,-1.00000000000001));
#3005=CARTESIAN_POINT('Ctrl Pts',(-34.147941607655,177.265036833943,-11.5));
#3006=CARTESIAN_POINT('Ctrl Pts',(-34.3344016961663,176.806675017713,-1.00000000000001));
#3007=CARTESIAN_POINT('Ctrl Pts',(-34.3344016961663,176.806675017713,-11.5));
#3008=CARTESIAN_POINT('Ctrl Pts',(-34.5438996089183,176.29168092674,-1.00000000000001));
#3009=CARTESIAN_POINT('Ctrl Pts',(-34.5438996089183,176.29168092674,-11.5));
#3010=CARTESIAN_POINT('Ctrl Pts',(-34.6769824617177,175.89591938564,-1.00000000000001));
#3011=CARTESIAN_POINT('Ctrl Pts',(-34.6769824617177,175.89591938564,-11.5));
#3012=CARTESIAN_POINT('Ctrl Pts',(-34.7971891647165,175.442633825057,-1.00000000000001));
#3013=CARTESIAN_POINT('Ctrl Pts',(-34.7971891647165,175.442633825057,-11.5));
#3014=CARTESIAN_POINT('Ctrl Pts',(-34.8069571247126,175.405799978756,-1.00000000000001));
#3015=CARTESIAN_POINT('Ctrl Pts',(-34.8069571247126,175.405799978756,-11.5));
#3016=CARTESIAN_POINT('Ctrl Pts',(-34.8174246643406,175.367795718408,-1.00000000000001));
#3017=CARTESIAN_POINT('Ctrl Pts',(-34.8174246643406,175.367795718408,-11.5));
#3018=CARTESIAN_POINT('Ctrl Pts',(-34.8289537512012,175.327554435728,-1.00000000000001));
#3019=CARTESIAN_POINT('Ctrl Pts',(-34.8289537512012,175.327554435728,-11.5));
#3020=CARTESIAN_POINT('Ctrl Pts',(-34.8827017183837,175.139951794946,-1.00000000000001));
#3021=CARTESIAN_POINT('Ctrl Pts',(-34.8827017183837,175.139951794946,-11.5));
#3022=CARTESIAN_POINT('Ctrl Pts',(-34.9712794640618,174.866220786419,-1.00000000000001));
#3023=CARTESIAN_POINT('Ctrl Pts',(-34.9712794640618,174.866220786419,-11.5));
#3024=CARTESIAN_POINT('Ctrl Pts',(-35.1121285607727,174.50776860351,-1.00000000000001));
#3025=CARTESIAN_POINT('Ctrl Pts',(-35.1121285607727,174.50776860351,-11.5));
#3026=CARTESIAN_POINT('Ctrl Pts',(-35.3316453143063,173.949112131254,-1.00000000000001));
#3027=CARTESIAN_POINT('Ctrl Pts',(-35.3316453143063,173.949112131254,-11.5));
#3028=CARTESIAN_POINT('Ctrl Pts',(-35.6305337307574,173.316244788675,-1.00000000000001));
#3029=CARTESIAN_POINT('Ctrl Pts',(-35.6305337307574,173.316244788675,-11.5));
#3030=CARTESIAN_POINT('Ctrl Pts',(-35.9490499779685,172.564025562545,-1.00000000000001));
#3031=CARTESIAN_POINT('Ctrl Pts',(-35.9490499779685,172.564025562545,-11.5));
#3032=CARTESIAN_POINT('Ctrl Pts',(-36.2088799839219,171.950401837807,-1.00000000000001));
#3033=CARTESIAN_POINT('Ctrl Pts',(-36.2088799839219,171.950401837807,-11.5));
#3034=CARTESIAN_POINT('Ctrl Pts',(-36.4929606176003,171.183658216257,-1.00000000000001));
#3035=CARTESIAN_POINT('Ctrl Pts',(-36.4929606176003,171.183658216257,-11.5));
#3036=CARTESIAN_POINT('Ctrl Pts',(-36.6603603123813,170.53096492511,-1.00000000000001));
#3037=CARTESIAN_POINT('Ctrl Pts',(-36.6603603123813,170.53096492511,-11.5));
#3038=CARTESIAN_POINT('Ctrl Pts',(-36.6774673143068,170.464264532358,-1.00000000000001));
#3039=CARTESIAN_POINT('Ctrl Pts',(-36.6774673143068,170.464264532358,-11.5));
#3040=CARTESIAN_POINT('Ctrl Pts',(-36.6977356774026,170.39311195841,-1.00000000000001));
#3041=CARTESIAN_POINT('Ctrl Pts',(-36.6977356774026,170.39311195841,-11.5));
#3042=CARTESIAN_POINT('Ctrl Pts',(-36.7292270902167,170.29633578841,-1.00000000000001));
#3043=CARTESIAN_POINT('Ctrl Pts',(-36.7292270902167,170.29633578841,-11.5));
#3044=CARTESIAN_POINT('Ctrl Pts',(-36.7780692934573,170.146238954333,-1.00000000000001));
#3045=CARTESIAN_POINT('Ctrl Pts',(-36.7780692934573,170.146238954333,-11.5));
#3046=CARTESIAN_POINT('Ctrl Pts',(-36.8635359225774,169.910406448586,-1.00000000000001));
#3047=CARTESIAN_POINT('Ctrl Pts',(-36.8635359225774,169.910406448586,-11.5));
#3048=CARTESIAN_POINT('Ctrl Pts',(-37.0195604337234,169.545394899794,-1.00000000000001));
#3049=CARTESIAN_POINT('Ctrl Pts',(-37.0195604337234,169.545394899794,-11.5));
#3050=CARTESIAN_POINT('Ctrl Pts',(-37.2761830334815,168.945039148605,-1.00000000000001));
#3051=CARTESIAN_POINT('Ctrl Pts',(-37.2761830334815,168.945039148605,-11.5));
#3052=CARTESIAN_POINT('Ctrl Pts',(-37.6620966900446,168.171818178314,-1.00000000000001));
#3053=CARTESIAN_POINT('Ctrl Pts',(-37.6620966900446,168.171818178314,-11.5));
#3054=CARTESIAN_POINT('Ctrl Pts',(-38.0065153222478,167.186621987377,-1.00000000000001));
#3055=CARTESIAN_POINT('Ctrl Pts',(-38.0065153222478,167.186621987377,-11.5));
#3056=CARTESIAN_POINT('Ctrl Pts',(-38.1929605610746,166.653302584952,-1.00000000000001));
#3057=CARTESIAN_POINT('Ctrl Pts',(-38.1929605610746,166.653302584952,-11.5));
#3058=CARTESIAN_POINT('Ctrl Pts',(-38.3749870004809,166.112051305679,-1.00000000000001));
#3059=CARTESIAN_POINT('Ctrl Pts',(-38.3749870004809,166.112051305679,-11.5));
#3060=CARTESIAN_POINT('Ctrl Pts',(-38.4927222406537,165.190592755668,-1.00000000000001));
#3061=CARTESIAN_POINT('Ctrl Pts',(-38.4927222406537,165.190592755668,-11.5));
#3062=CARTESIAN_POINT('Ctrl Pts',(-38.5369639801602,164.844333393767,-1.00000000000001));
#3063=CARTESIAN_POINT('Ctrl Pts',(-38.5369639801602,164.844333393767,-11.5));
#3064=CARTESIAN_POINT('Ctrl Pts',(-38.5801634473332,164.459880469419,-1.00000000000001));
#3065=CARTESIAN_POINT('Ctrl Pts',(-38.5801634473332,164.459880469419,-11.5));
#3066=CARTESIAN_POINT('Ctrl Pts',(-38.6142656325251,164.099927549428,-1.00000000000001));
#3067=CARTESIAN_POINT('Ctrl Pts',(-38.6142656325251,164.099927549428,-11.5));
#3068=CARTESIAN_POINT('Ctrl Pts',(-38.6488140846823,163.735264224623,-1.00000000000001));
#3069=CARTESIAN_POINT('Ctrl Pts',(-38.6488140846823,163.735264224623,-11.5));
#3070=CARTESIAN_POINT('Ctrl Pts',(-38.6730000364969,163.415931869536,-1.00000000000001));
#3071=CARTESIAN_POINT('Ctrl Pts',(-38.6730000364969,163.415931869536,-11.5));
#3072=CARTESIAN_POINT('Ctrl Pts',(-38.6911697926142,163.128503983024,-1.00000000000001));
#3073=CARTESIAN_POINT('Ctrl Pts',(-38.6911697926142,163.128503983024,-11.5));
#3074=CARTESIAN_POINT('Ctrl Pts',(-38.7504583624757,162.190616417576,-1.00000000000001));
#3075=CARTESIAN_POINT('Ctrl Pts',(-38.7504583624757,162.190616417576,-11.5));
#3076=CARTESIAN_POINT('Ctrl Pts',(-38.7833734118936,160.783719916789,-1.00000000000001));
#3077=CARTESIAN_POINT('Ctrl Pts',(-38.7833734118936,160.783719916789,-11.5));
#3078=CARTESIAN_POINT('Ctrl Pts',(-38.6650812332629,159.404237665038,-1.00000000000001));
#3079=CARTESIAN_POINT('Ctrl Pts',(-38.6650812332629,159.404237665038,-11.5));
#3080=CARTESIAN_POINT('Ctrl Pts',(-38.5652946436768,158.240561157509,-1.00000000000001));
#3081=CARTESIAN_POINT('Ctrl Pts',(-38.5652946436768,158.240561157509,-11.5));
#3082=CARTESIAN_POINT('Ctrl Pts',(-38.3286548290797,157.336581810769,-1.00000000000001));
#3083=CARTESIAN_POINT('Ctrl Pts',(-38.3286548290797,157.336581810769,-11.5));
#3084=CARTESIAN_POINT('Ctrl Pts',(-38.1384189394544,156.562359550005,-1.00000000000001));
#3085=CARTESIAN_POINT('Ctrl Pts',(-38.1384189394544,156.562359550005,-11.5));
#3086=CARTESIAN_POINT('Ctrl Pts',(-37.9004003695446,155.593671277449,-1.00000000000001));
#3087=CARTESIAN_POINT('Ctrl Pts',(-37.9004003695446,155.593671277449,-11.5));
#3088=CARTESIAN_POINT('Ctrl Pts',(-37.7526160529305,154.877116743309,-1.00000000000001));
#3089=CARTESIAN_POINT('Ctrl Pts',(-37.7526160529305,154.877116743309,-11.5));
#3090=CARTESIAN_POINT('Ctrl Pts',(-37.7384911166491,154.502997335774,-1.00000000000001));
#3091=CARTESIAN_POINT('Ctrl Pts',(-37.7384911166491,154.502997335774,-11.5));
#3092=CARTESIAN_POINT('Ctrl Pts',(-37.7277001789123,154.217183711384,-1.00000000000001));
#3093=CARTESIAN_POINT('Ctrl Pts',(-37.7277001789123,154.217183711384,-11.5));
#3094=CARTESIAN_POINT('Ctrl Pts',(-37.7364822644837,153.90120396947,-1.00000000000001));
#3095=CARTESIAN_POINT('Ctrl Pts',(-37.7364822644837,153.90120396947,-11.5));
#3096=CARTESIAN_POINT('Ctrl Pts',(-37.7783536050144,153.480733195551,-1.00000000000001));
#3097=CARTESIAN_POINT('Ctrl Pts',(-37.7783536050144,153.480733195551,-11.5));
#3098=CARTESIAN_POINT('Ctrl Pts',(-37.8259279816006,153.002992700777,-1.00000000000001));
#3099=CARTESIAN_POINT('Ctrl Pts',(-37.8259279816006,153.002992700777,-11.5));
#3100=CARTESIAN_POINT('Ctrl Pts',(-37.9379200811062,152.328474528857,-1.00000000000001));
#3101=CARTESIAN_POINT('Ctrl Pts',(-37.9379200811062,152.328474528857,-11.5));
#3102=CARTESIAN_POINT('Ctrl Pts',(-38.0732043984659,151.507489794036,-1.00000000000001));
#3103=CARTESIAN_POINT('Ctrl Pts',(-38.0732043984659,151.507489794036,-11.5));
#3104=CARTESIAN_POINT('Ctrl Pts',(-38.1534065986467,151.020775714145,-1.00000000000001));
#3105=CARTESIAN_POINT('Ctrl Pts',(-38.1534065986467,151.020775714145,-11.5));
#3106=CARTESIAN_POINT('Ctrl Pts',(-38.2249260689487,150.552381306199,-1.00000000000001));
#3107=CARTESIAN_POINT('Ctrl Pts',(-38.2249260689487,150.552381306199,-11.5));
#3108=CARTESIAN_POINT('Ctrl Pts',(-38.2776187646278,150.077656678758,-1.00000000000001));
#3109=CARTESIAN_POINT('Ctrl Pts',(-38.2776187646278,150.077656678758,-11.5));
#3110=CARTESIAN_POINT('Ctrl Pts',(-38.2875418300949,149.98825674398,-1.00000000000001));
#3111=CARTESIAN_POINT('Ctrl Pts',(-38.2875418300949,149.98825674398,-11.5));
#3112=CARTESIAN_POINT('Ctrl Pts',(-38.2970133649791,149.898997888732,-1.00000000000001));
#3113=CARTESIAN_POINT('Ctrl Pts',(-38.2970133649791,149.898997888732,-11.5));
#3114=CARTESIAN_POINT('Ctrl Pts',(-38.306266586688,149.808057038452,-1.00000000000001));
#3115=CARTESIAN_POINT('Ctrl Pts',(-38.306266586688,149.808057038452,-11.5));
#3116=CARTESIAN_POINT('Ctrl Pts',(-38.3477723624025,149.400137434473,-1.00000000000001));
#3117=CARTESIAN_POINT('Ctrl Pts',(-38.3477723624025,149.400137434473,-11.5));
#3118=CARTESIAN_POINT('Ctrl Pts',(-38.3858749774151,148.93382057076,-1.00000000000001));
#3119=CARTESIAN_POINT('Ctrl Pts',(-38.3858749774151,148.93382057076,-11.5));
#3120=CARTESIAN_POINT('Ctrl Pts',(-38.4297983746348,148.384630241459,-1.00000000000001));
#3121=CARTESIAN_POINT('Ctrl Pts',(-38.4297983746348,148.384630241459,-11.5));
#3122=CARTESIAN_POINT('Ctrl Pts',(-38.476217360121,147.80423665766,-1.00000000000001));
#3123=CARTESIAN_POINT('Ctrl Pts',(-38.476217360121,147.80423665766,-11.5));
#3124=CARTESIAN_POINT('Ctrl Pts',(-38.5246776381164,147.207261192809,-1.00000000000001));
#3125=CARTESIAN_POINT('Ctrl Pts',(-38.5246776381164,147.207261192809,-11.5));
#3126=CARTESIAN_POINT('Ctrl Pts',(-38.6110799498944,146.431118292314,-1.00000000000001));
#3127=CARTESIAN_POINT('Ctrl Pts',(-38.6110799498944,146.431118292314,-11.5));
#3128=CARTESIAN_POINT('Ctrl Pts',(-38.6547727838756,146.038630149356,-1.00000000000001));
#3129=CARTESIAN_POINT('Ctrl Pts',(-38.6547727838756,146.038630149356,-11.5));
#3130=CARTESIAN_POINT('Ctrl Pts',(-38.7173537588758,145.532667017161,-1.00000000000001));
#3131=CARTESIAN_POINT('Ctrl Pts',(-38.7173537588758,145.532667017161,-11.5));
#3132=CARTESIAN_POINT('Ctrl Pts',(-38.7646503405736,145.168704259975,-1.00000000000001));
#3133=CARTESIAN_POINT('Ctrl Pts',(-38.7646503405736,145.168704259975,-11.5));
#3134=CARTESIAN_POINT('Ctrl Pts',(-38.8012026669617,144.887422082359,-1.00000000000001));
#3135=CARTESIAN_POINT('Ctrl Pts',(-38.8012026669617,144.887422082359,-11.5));
#3136=CARTESIAN_POINT('Ctrl Pts',(-38.8288766442239,144.648711439517,-1.00000000000001));
#3137=CARTESIAN_POINT('Ctrl Pts',(-38.8288766442239,144.648711439517,-11.5));
#3138=CARTESIAN_POINT('Ctrl Pts',(-38.8638131998607,144.310543147813,-1.00000000000001));
#3139=CARTESIAN_POINT('Ctrl Pts',(-38.8638131998607,144.310543147813,-11.5));
#3140=CARTESIAN_POINT('Ctrl Pts',(-38.9111072312816,143.852760704126,-1.00000000000001));
#3141=CARTESIAN_POINT('Ctrl Pts',(-38.9111072312816,143.852760704126,-11.5));
#3142=CARTESIAN_POINT('Ctrl Pts',(-38.972278634164,143.14437362859,-1.00000000000001));
#3143=CARTESIAN_POINT('Ctrl Pts',(-38.972278634164,143.14437362859,-11.5));
#3144=CARTESIAN_POINT('Ctrl Pts',(-39.0328165154227,142.468826579279,-1.00000000000001));
#3145=CARTESIAN_POINT('Ctrl Pts',(-39.0328165154227,142.468826579279,-11.5));
#3146=CARTESIAN_POINT('Ctrl Pts',(-39.0743383486736,142.005481127613,-1.00000000000001));
#3147=CARTESIAN_POINT('Ctrl Pts',(-39.0743383486736,142.005481127613,-11.5));
#3148=CARTESIAN_POINT('Ctrl Pts',(-39.124248590795,141.487910545983,-1.00000000000001));
#3149=CARTESIAN_POINT('Ctrl Pts',(-39.124248590795,141.487910545983,-11.5));
#3150=CARTESIAN_POINT('Ctrl Pts',(-39.1685615486949,141.080835697913,-1.00000000000001));
#3151=CARTESIAN_POINT('Ctrl Pts',(-39.1685615486949,141.080835697913,-11.5));
#3152=CARTESIAN_POINT('Ctrl Pts',(-39.2114814548497,140.686557926687,-1.00000000000001));
#3153=CARTESIAN_POINT('Ctrl Pts',(-39.2114814548497,140.686557926687,-11.5));
#3154=CARTESIAN_POINT('Ctrl Pts',(-39.242306275498,140.435899796822,-1.00000000000001));
#3155=CARTESIAN_POINT('Ctrl Pts',(-39.242306275498,140.435899796822,-11.5));
#3156=CARTESIAN_POINT('Ctrl Pts',(-39.2742957807224,140.187065965705,-1.00000000000001));
#3157=CARTESIAN_POINT('Ctrl Pts',(-39.2742957807224,140.187065965705,-11.5));
#3158=CARTESIAN_POINT('Ctrl Pts',(-39.2953559810659,140.02324691634,-1.00000000000001));
#3159=CARTESIAN_POINT('Ctrl Pts',(-39.2953559810659,140.02324691634,-11.5));
#3160=CARTESIAN_POINT('Ctrl Pts',(-39.3145840024754,139.861804445104,-1.00000000000001));
#3161=CARTESIAN_POINT('Ctrl Pts',(-39.3145840024754,139.861804445104,-11.5));
#3162=CARTESIAN_POINT('Ctrl Pts',(-39.3344865600074,139.680691431182,-1.00000000000001));
#3163=CARTESIAN_POINT('Ctrl Pts',(-39.3344865600074,139.680691431182,-11.5));
#3164=CARTESIAN_POINT('Ctrl Pts',(-39.3801581165635,139.265080862283,-1.00000000000001));
#3165=CARTESIAN_POINT('Ctrl Pts',(-39.3801581165635,139.265080862283,-11.5));
#3166=CARTESIAN_POINT('Ctrl Pts',(-39.4334586724162,138.666664158259,-1.00000000000001));
#3167=CARTESIAN_POINT('Ctrl Pts',(-39.4334586724162,138.666664158259,-11.5));
#3168=CARTESIAN_POINT('Ctrl Pts',(-39.4810451768703,138.078317158687,-1.00000000000001));
#3169=CARTESIAN_POINT('Ctrl Pts',(-39.4810451768703,138.078317158687,-11.5));
#3170=CARTESIAN_POINT('Ctrl Pts',(-39.5218139820373,137.574262396285,-1.00000000000001));
#3171=CARTESIAN_POINT('Ctrl Pts',(-39.5218139820373,137.574262396285,-11.5));
#3172=CARTESIAN_POINT('Ctrl Pts',(-39.5635345520132,137.054432058534,-1.00000000000001));
#3173=CARTESIAN_POINT('Ctrl Pts',(-39.5635345520132,137.054432058534,-11.5));
#3174=CARTESIAN_POINT('Ctrl Pts',(-39.6044614225602,136.62256380699,-1.00000000000001));
#3175=CARTESIAN_POINT('Ctrl Pts',(-39.6044614225602,136.62256380699,-11.5));
#3176=CARTESIAN_POINT('Ctrl Pts',(-39.6668085906236,135.964664434272,-1.00000000000001));
#3177=CARTESIAN_POINT('Ctrl Pts',(-39.6668085906236,135.964664434272,-11.5));
#3178=CARTESIAN_POINT('Ctrl Pts',(-39.709632527106,135.623664299996,-1.00000000000001));
#3179=CARTESIAN_POINT('Ctrl Pts',(-39.709632527106,135.623664299996,-11.5));
#3180=CARTESIAN_POINT('Ctrl Pts',(-39.7619707181125,135.247712220201,-1.00000000000001));
#3181=CARTESIAN_POINT('Ctrl Pts',(-39.7619707181125,135.247712220201,-11.5));
#3182=CARTESIAN_POINT('Ctrl Pts',(-39.8059945232137,134.931483463151,-1.00000000000001));
#3183=CARTESIAN_POINT('Ctrl Pts',(-39.8059945232137,134.931483463151,-11.5));
#3184=CARTESIAN_POINT('Ctrl Pts',(-39.8509169325341,134.568713570122,-1.00000000000001));
#3185=CARTESIAN_POINT('Ctrl Pts',(-39.8509169325341,134.568713570122,-11.5));
#3186=CARTESIAN_POINT('Ctrl Pts',(-39.8930708327029,134.199242782078,-1.00000000000001));
#3187=CARTESIAN_POINT('Ctrl Pts',(-39.8930708327029,134.199242782078,-11.5));
#3188=CARTESIAN_POINT('Ctrl Pts',(-39.9684956609239,133.538158739814,-1.00000000000001));
#3189=CARTESIAN_POINT('Ctrl Pts',(-39.9684956609239,133.538158739814,-11.5));
#3190=CARTESIAN_POINT('Ctrl Pts',(-40.0326063508454,132.899535551226,-1.00000000000001));
#3191=CARTESIAN_POINT('Ctrl Pts',(-40.0326063508454,132.899535551226,-11.5));
#3192=CARTESIAN_POINT('Ctrl Pts',(-40.1076657179262,132.274789750416,-1.00000000000001));
#3193=CARTESIAN_POINT('Ctrl Pts',(-40.1076657179262,132.274789750416,-11.5));
#3194=CARTESIAN_POINT('Ctrl Pts',(-40.1534635528387,131.893598086264,-1.00000000000001));
#3195=CARTESIAN_POINT('Ctrl Pts',(-40.1534635528387,131.893598086264,-11.5));
#3196=CARTESIAN_POINT('Ctrl Pts',(-40.203931193966,131.514038730243,-1.00000000000001));
#3197=CARTESIAN_POINT('Ctrl Pts',(-40.203931193966,131.514038730243,-11.5));
#3198=CARTESIAN_POINT('Ctrl Pts',(-40.2567970110624,131.164930869379,-1.00000000000001));
#3199=CARTESIAN_POINT('Ctrl Pts',(-40.2567970110624,131.164930869379,-11.5));
#3200=CARTESIAN_POINT('Ctrl Pts',(-40.3064568760584,130.836994024897,-1.00000000000001));
#3201=CARTESIAN_POINT('Ctrl Pts',(-40.3064568760584,130.836994024897,-11.5));
#3202=CARTESIAN_POINT('Ctrl Pts',(-40.344289633053,130.618863308168,-1.00000000000001));
#3203=CARTESIAN_POINT('Ctrl Pts',(-40.344289633053,130.618863308168,-11.5));
#3204=CARTESIAN_POINT('Ctrl Pts',(-40.3788778471728,130.42719687247,-1.00000000000001));
#3205=CARTESIAN_POINT('Ctrl Pts',(-40.3788778471728,130.42719687247,-11.5));
#3206=CARTESIAN_POINT('Ctrl Pts',(-40.4659729086892,129.944570046179,-1.00000000000001));
#3207=CARTESIAN_POINT('Ctrl Pts',(-40.4659729086892,129.944570046179,-11.5));
#3208=CARTESIAN_POINT('Ctrl Pts',(-40.5248558100831,129.5298843257,-1.00000000000001));
#3209=CARTESIAN_POINT('Ctrl Pts',(-40.5248558100831,129.5298843257,-11.5));
#3210=CARTESIAN_POINT('Ctrl Pts',(-40.5809888367905,129.118247214922,-1.00000000000001));
#3211=CARTESIAN_POINT('Ctrl Pts',(-40.5809888367905,129.118247214922,-11.5));
#3212=CARTESIAN_POINT('Ctrl Pts',(-40.6675325983882,128.483600803182,-1.00000000000001));
#3213=CARTESIAN_POINT('Ctrl Pts',(-40.6675325983882,128.483600803182,-11.5));
#3214=CARTESIAN_POINT('Ctrl Pts',(-40.7401748080629,127.89726511511,-1.00000000000001));
#3215=CARTESIAN_POINT('Ctrl Pts',(-40.7401748080629,127.89726511511,-11.5));
#3216=CARTESIAN_POINT('Ctrl Pts',(-40.8427470440975,127.269078690573,-1.00000000000001));
#3217=CARTESIAN_POINT('Ctrl Pts',(-40.8427470440975,127.269078690573,-11.5));
#3218=CARTESIAN_POINT('Ctrl Pts',(-40.9232429234988,126.77609520278,-1.00000000000001));
#3219=CARTESIAN_POINT('Ctrl Pts',(-40.9232429234988,126.77609520278,-11.5));
#3220=CARTESIAN_POINT('Ctrl Pts',(-41.0139610906274,126.287270908741,-1.00000000000001));
#3221=CARTESIAN_POINT('Ctrl Pts',(-41.0139610906274,126.287270908741,-11.5));
#3222=CARTESIAN_POINT('Ctrl Pts',(-41.1613776819913,125.653570078503,-1.00000000000001));
#3223=CARTESIAN_POINT('Ctrl Pts',(-41.1613776819913,125.653570078503,-11.5));
#3224=CARTESIAN_POINT('Ctrl Pts',(-41.1811466297913,125.568589151201,-1.00000000000001));
#3225=CARTESIAN_POINT('Ctrl Pts',(-41.1811466297913,125.568589151201,-11.5));
#3226=CARTESIAN_POINT('Ctrl Pts',(-41.2011258740794,125.480177891164,-1.00000000000001));
#3227=CARTESIAN_POINT('Ctrl Pts',(-41.2011258740794,125.480177891164,-11.5));
#3228=CARTESIAN_POINT('Ctrl Pts',(-41.2214894729418,125.387162620298,-1.00000000000001));
#3229=CARTESIAN_POINT('Ctrl Pts',(-41.2214894729418,125.387162620298,-11.5));
#3230=CARTESIAN_POINT('Ctrl Pts',(-41.3169651082251,124.951056402683,-1.00000000000001));
#3231=CARTESIAN_POINT('Ctrl Pts',(-41.3169651082251,124.951056402683,-11.5));
#3232=CARTESIAN_POINT('Ctrl Pts',(-41.4288479689753,124.350995825187,-1.00000000000001));
#3233=CARTESIAN_POINT('Ctrl Pts',(-41.4288479689753,124.350995825187,-11.5));
#3234=CARTESIAN_POINT('Ctrl Pts',(-41.5255600683981,123.795828565635,-1.00000000000001));
#3235=CARTESIAN_POINT('Ctrl Pts',(-41.5255600683981,123.795828565635,-11.5));
#3236=CARTESIAN_POINT('Ctrl Pts',(-41.6562761827071,123.045464263822,-1.00000000000001));
#3237=CARTESIAN_POINT('Ctrl Pts',(-41.6562761827071,123.045464263822,-11.5));
#3238=CARTESIAN_POINT('Ctrl Pts',(-41.7759592640658,122.334532315986,-1.00000000000001));
#3239=CARTESIAN_POINT('Ctrl Pts',(-41.7759592640658,122.334532315986,-11.5));
#3240=CARTESIAN_POINT('Ctrl Pts',(-41.9349622452288,121.610344994671,-1.00000000000001));
#3241=CARTESIAN_POINT('Ctrl Pts',(-41.9349622452288,121.610344994671,-11.5));
#3242=CARTESIAN_POINT('Ctrl Pts',(-41.9927786591279,121.34701714004,-1.00000000000001));
#3243=CARTESIAN_POINT('Ctrl Pts',(-41.9927786591279,121.34701714004,-11.5));
#3244=CARTESIAN_POINT('Ctrl Pts',(-42.0469874595697,121.114642815558,-1.00000000000001));
#3245=CARTESIAN_POINT('Ctrl Pts',(-42.0469874595697,121.114642815558,-11.5));
#3246=CARTESIAN_POINT('Ctrl Pts',(-42.127491289219,120.805968035789,-1.00000000000001));
#3247=CARTESIAN_POINT('Ctrl Pts',(-42.127491289219,120.805968035789,-11.5));
#3248=CARTESIAN_POINT('Ctrl Pts',(-42.1855305392949,120.583428899289,-1.00000000000001));
#3249=CARTESIAN_POINT('Ctrl Pts',(-42.1855305392949,120.583428899289,-11.5));
#3250=CARTESIAN_POINT('Ctrl Pts',(-42.2563672895823,120.289100141193,-1.00000000000001));
#3251=CARTESIAN_POINT('Ctrl Pts',(-42.2563672895823,120.289100141193,-11.5));
#3252=CARTESIAN_POINT('Ctrl Pts',(-42.321274697873,119.988959788306,-1.00000000000001));
#3253=CARTESIAN_POINT('Ctrl Pts',(-42.321274697873,119.988959788306,-11.5));
#3254=CARTESIAN_POINT('Ctrl Pts',(-42.4288279615241,119.491619417515,-1.00000000000001));
#3255=CARTESIAN_POINT('Ctrl Pts',(-42.4288279615241,119.491619417515,-11.5));
#3256=CARTESIAN_POINT('Ctrl Pts',(-42.5146883901743,119.021106524336,-1.00000000000001));
#3257=CARTESIAN_POINT('Ctrl Pts',(-42.5146883901743,119.021106524336,-11.5));
#3258=CARTESIAN_POINT('Ctrl Pts',(-42.5954017823641,118.571540783863,-1.00000000000001));
#3259=CARTESIAN_POINT('Ctrl Pts',(-42.5954017823641,118.571540783863,-11.5));
#3260=CARTESIAN_POINT('Ctrl Pts',(-42.7248249665542,117.850666241779,-1.00000000000001));
#3261=CARTESIAN_POINT('Ctrl Pts',(-42.7248249665542,117.850666241779,-11.5));
#3262=CARTESIAN_POINT('Ctrl Pts',(-42.8476937726604,117.158911119355,-1.00000000000001));
#3263=CARTESIAN_POINT('Ctrl Pts',(-42.8476937726604,117.158911119355,-11.5));
#3264=CARTESIAN_POINT('Ctrl Pts',(-42.9844588248864,116.550847526453,-1.00000000000001));
#3265=CARTESIAN_POINT('Ctrl Pts',(-42.9844588248864,116.550847526453,-11.5));
#3266=CARTESIAN_POINT('Ctrl Pts',(-43.0530220629829,116.24601227637,-1.00000000000001));
#3267=CARTESIAN_POINT('Ctrl Pts',(-43.0530220629829,116.24601227637,-11.5));
#3268=CARTESIAN_POINT('Ctrl Pts',(-43.1015506958397,116.055599017572,-1.00000000000001));
#3269=CARTESIAN_POINT('Ctrl Pts',(-43.1015506958397,116.055599017572,-11.5));
#3270=CARTESIAN_POINT('Ctrl Pts',(-43.1484250651191,115.878535185422,-1.00000000000001));
#3271=CARTESIAN_POINT('Ctrl Pts',(-43.1484250651191,115.878535185422,-11.5));
#3272=CARTESIAN_POINT('Ctrl Pts',(-43.1600102977909,115.834772981796,-1.00000000000001));
#3273=CARTESIAN_POINT('Ctrl Pts',(-43.1600102977909,115.834772981796,-11.5));
#3274=CARTESIAN_POINT('Ctrl Pts',(-43.1713539242619,115.79114707059,-1.00000000000001));
#3275=CARTESIAN_POINT('Ctrl Pts',(-43.1713539242619,115.79114707059,-11.5));
#3276=CARTESIAN_POINT('Ctrl Pts',(-43.1828939760142,115.745930022147,-1.00000000000001));
#3277=CARTESIAN_POINT('Ctrl Pts',(-43.1828939760142,115.745930022147,-11.5));
#3278=CARTESIAN_POINT('Ctrl Pts',(-43.282427087927,115.355932330662,-1.00000000000001));
#3279=CARTESIAN_POINT('Ctrl Pts',(-43.282427087927,115.355932330662,-11.5));
#3280=CARTESIAN_POINT('Ctrl Pts',(-43.3888898873647,114.857546103145,-1.00000000000001));
#3281=CARTESIAN_POINT('Ctrl Pts',(-43.3888898873647,114.857546103145,-11.5));
#3282=CARTESIAN_POINT('Ctrl Pts',(-43.4737301079959,114.399978620001,-1.00000000000001));
#3283=CARTESIAN_POINT('Ctrl Pts',(-43.4737301079959,114.399978620001,-11.5));
#3284=CARTESIAN_POINT('Ctrl Pts',(-43.5929825215156,113.756816375643,-1.00000000000001));
#3285=CARTESIAN_POINT('Ctrl Pts',(-43.5929825215156,113.756816375643,-11.5));
#3286=CARTESIAN_POINT('Ctrl Pts',(-43.6865992038254,113.153468207327,-1.00000000000001));
#3287=CARTESIAN_POINT('Ctrl Pts',(-43.6865992038254,113.153468207327,-11.5));
#3288=CARTESIAN_POINT('Ctrl Pts',(-43.7930060139895,112.55512329437,-1.00000000000001));
#3289=CARTESIAN_POINT('Ctrl Pts',(-43.7930060139895,112.55512329437,-11.5));
#3290=CARTESIAN_POINT('Ctrl Pts',(-43.8964214109017,111.973599644067,-1.00000000000001));
#3291=CARTESIAN_POINT('Ctrl Pts',(-43.8964214109017,111.973599644067,-11.5));
#3292=CARTESIAN_POINT('Ctrl Pts',(-44.0291289854873,111.330126675905,-1.00000000000001));
#3293=CARTESIAN_POINT('Ctrl Pts',(-44.0291289854873,111.330126675905,-11.5));
#3294=CARTESIAN_POINT('Ctrl Pts',(-44.1419244684613,110.871578784183,-1.00000000000001));
#3295=CARTESIAN_POINT('Ctrl Pts',(-44.1419244684613,110.871578784183,-11.5));
#3296=CARTESIAN_POINT('Ctrl Pts',(-44.1868474224136,110.688953334284,-1.00000000000001));
#3297=CARTESIAN_POINT('Ctrl Pts',(-44.1868474224136,110.688953334284,-11.5));
#3298=CARTESIAN_POINT('Ctrl Pts',(-44.2279532832093,110.511285030923,-1.00000000000001));
#3299=CARTESIAN_POINT('Ctrl Pts',(-44.2279532832093,110.511285030923,-11.5));
#3300=CARTESIAN_POINT('Ctrl Pts',(-44.2718520087626,110.308655996513,-1.00000000000001));
#3301=CARTESIAN_POINT('Ctrl Pts',(-44.2718520087626,110.308655996513,-11.5));
#3302=CARTESIAN_POINT('Ctrl Pts',(-44.3744698043623,109.83498974371,-1.00000000000001));
#3303=CARTESIAN_POINT('Ctrl Pts',(-44.3744698043623,109.83498974371,-11.5));
#3304=CARTESIAN_POINT('Ctrl Pts',(-44.50088821412,109.141689023131,-1.00000000000001));
#3305=CARTESIAN_POINT('Ctrl Pts',(-44.50088821412,109.141689023131,-11.5));
#3306=CARTESIAN_POINT('Ctrl Pts',(-44.5989850332912,108.543195133129,-1.00000000000001));
#3307=CARTESIAN_POINT('Ctrl Pts',(-44.5989850332912,108.543195133129,-11.5));
#3308=CARTESIAN_POINT('Ctrl Pts',(-44.6810437404244,108.042550614218,-1.00000000000001));
#3309=CARTESIAN_POINT('Ctrl Pts',(-44.6810437404244,108.042550614218,-11.5));
#3310=CARTESIAN_POINT('Ctrl Pts',(-44.7596107941656,107.535773529336,-1.00000000000001));
#3311=CARTESIAN_POINT('Ctrl Pts',(-44.7596107941656,107.535773529336,-11.5));
#3312=CARTESIAN_POINT('Ctrl Pts',(-44.8343863306398,107.086410171688,-1.00000000000001));
#3313=CARTESIAN_POINT('Ctrl Pts',(-44.8343863306398,107.086410171688,-11.5));
#3314=CARTESIAN_POINT('Ctrl Pts',(-44.956282643996,106.353874649546,-1.00000000000001));
#3315=CARTESIAN_POINT('Ctrl Pts',(-44.956282643996,106.353874649546,-11.5));
#3316=CARTESIAN_POINT('Ctrl Pts',(-45.0174186051024,106.053230270006,-1.00000000000001));
#3317=CARTESIAN_POINT('Ctrl Pts',(-45.0174186051024,106.053230270006,-11.5));
#3318=CARTESIAN_POINT('Ctrl Pts',(-45.0729090056324,105.783166218365,-1.00000000000001));
#3319=CARTESIAN_POINT('Ctrl Pts',(-45.0729090056324,105.783166218365,-11.5));
#3320=CARTESIAN_POINT('Ctrl Pts',(-45.1184647578374,105.561452716596,-1.00000000000001));
#3321=CARTESIAN_POINT('Ctrl Pts',(-45.1184647578374,105.561452716596,-11.5));
#3322=CARTESIAN_POINT('Ctrl Pts',(-45.1626406728143,105.323396602467,-1.00000000000001));
#3323=CARTESIAN_POINT('Ctrl Pts',(-45.1626406728143,105.323396602467,-11.5));
#3324=CARTESIAN_POINT('Ctrl Pts',(-45.2045078522336,105.070104645679,-1.00000000000001));
#3325=CARTESIAN_POINT('Ctrl Pts',(-45.2045078522336,105.070104645679,-11.5));
#3326=CARTESIAN_POINT('Ctrl Pts',(-45.2979274911387,104.504925823773,-1.00000000000001));
#3327=CARTESIAN_POINT('Ctrl Pts',(-45.2979274911387,104.504925823773,-11.5));
#3328=CARTESIAN_POINT('Ctrl Pts',(-45.3666451955098,103.944047862127,-1.00000000000001));
#3329=CARTESIAN_POINT('Ctrl Pts',(-45.3666451955098,103.944047862127,-11.5));
#3330=CARTESIAN_POINT('Ctrl Pts',(-45.4256061482301,103.421306477993,-1.00000000000001));
#3331=CARTESIAN_POINT('Ctrl Pts',(-45.4256061482301,103.421306477993,-11.5));
#3332=CARTESIAN_POINT('Ctrl Pts',(-45.5394196662334,102.412248225212,-1.00000000000001));
#3333=CARTESIAN_POINT('Ctrl Pts',(-45.5394196662334,102.412248225212,-11.5));
#3334=CARTESIAN_POINT('Ctrl Pts',(-45.6294887535217,101.507216682271,-1.00000000000001));
#3335=CARTESIAN_POINT('Ctrl Pts',(-45.6294887535217,101.507216682271,-11.5));
#3336=CARTESIAN_POINT('Ctrl Pts',(-45.7687204253104,100.71022758621,-1.00000000000001));
#3337=CARTESIAN_POINT('Ctrl Pts',(-45.7687204253104,100.71022758621,-11.5));
#3338=CARTESIAN_POINT('Ctrl Pts',(-45.8180606414538,100.427794618493,-1.00000000000001));
#3339=CARTESIAN_POINT('Ctrl Pts',(-45.8180606414538,100.427794618493,-11.5));
#3340=CARTESIAN_POINT('Ctrl Pts',(-45.8584288308999,100.153154024829,-1.00000000000001));
#3341=CARTESIAN_POINT('Ctrl Pts',(-45.8584288308999,100.153154024829,-11.5));
#3342=CARTESIAN_POINT('Ctrl Pts',(-45.8928456169388,99.8860361247266,-1.00000000000001));
#3343=CARTESIAN_POINT('Ctrl Pts',(-45.8928456169388,99.8860361247266,-11.5));
#3344=CARTESIAN_POINT('Ctrl Pts',(-46.1046609155226,98.2420808261952,-1.00000000000001));
#3345=CARTESIAN_POINT('Ctrl Pts',(-46.1046609155226,98.2420808261952,-11.5));
#3346=CARTESIAN_POINT('Ctrl Pts',(-46.130741050146,96.8928157813361,-1.00000000000001));
#3347=CARTESIAN_POINT('Ctrl Pts',(-46.130741050146,96.8928157813361,-11.5));
#3348=CARTESIAN_POINT('Ctrl Pts',(-46.3296362308224,95.7177786779223,-1.00000000000001));
#3349=CARTESIAN_POINT('Ctrl Pts',(-46.3296362308224,95.7177786779223,-11.5));
#3350=CARTESIAN_POINT('Ctrl Pts',(-46.5434108080202,94.4548367649022,-1.00000000000001));
#3351=CARTESIAN_POINT('Ctrl Pts',(-46.5434108080202,94.4548367649022,-11.5));
#3352=CARTESIAN_POINT('Ctrl Pts',(-46.6208213383214,93.4148498680506,-1.00000000000001));
#3353=CARTESIAN_POINT('Ctrl Pts',(-46.6208213383214,93.4148498680506,-11.5));
#3354=CARTESIAN_POINT('Ctrl Pts',(-46.740943826945,92.4574829331094,-1.00000000000001));
#3355=CARTESIAN_POINT('Ctrl Pts',(-46.740943826945,92.4574829331094,-11.5));
#3356=CARTESIAN_POINT('Ctrl Pts',(-46.8145515386315,91.8708351693738,-1.00000000000001));
#3357=CARTESIAN_POINT('Ctrl Pts',(-46.8145515386315,91.8708351693738,-11.5));
#3358=CARTESIAN_POINT('Ctrl Pts',(-46.9062470087599,91.2625785773623,-1.00000000000001));
#3359=CARTESIAN_POINT('Ctrl Pts',(-46.9062470087599,91.2625785773623,-11.5));
#3360=CARTESIAN_POINT('Ctrl Pts',(-46.9916771371077,90.781054480967,-1.00000000000001));
#3361=CARTESIAN_POINT('Ctrl Pts',(-46.9916771371077,90.781054480967,-11.5));
#3362=CARTESIAN_POINT('Ctrl Pts',(-47.0529572742252,90.4356510123878,-1.00000000000001));
#3363=CARTESIAN_POINT('Ctrl Pts',(-47.0529572742252,90.4356510123878,-11.5));
#3364=CARTESIAN_POINT('Ctrl Pts',(-47.0936987212773,90.1541849383158,-1.00000000000001));
#3365=CARTESIAN_POINT('Ctrl Pts',(-47.0936987212773,90.1541849383158,-11.5));
#3366=CARTESIAN_POINT('Ctrl Pts',(-47.127049649591,89.9079016686865,-1.00000000000001));
#3367=CARTESIAN_POINT('Ctrl Pts',(-47.127049649591,89.9079016686865,-11.5));
#3368=CARTESIAN_POINT('Ctrl Pts',(-47.2310607716393,89.1398211230731,-1.00000000000001));
#3369=CARTESIAN_POINT('Ctrl Pts',(-47.2310607716393,89.1398211230731,-11.5));
#3370=CARTESIAN_POINT('Ctrl Pts',(-47.270358009803,88.6887520593516,-1.00000000000001));
#3371=CARTESIAN_POINT('Ctrl Pts',(-47.270358009803,88.6887520593516,-11.5));
#3372=CARTESIAN_POINT('Ctrl Pts',(-47.3370624635574,88.0373775810245,-1.00000000000001));
#3373=CARTESIAN_POINT('Ctrl Pts',(-47.3370624635574,88.0373775810245,-11.5));
#3374=CARTESIAN_POINT('Ctrl Pts',(-47.3692022341759,87.7235300769685,-1.00000000000001));
#3375=CARTESIAN_POINT('Ctrl Pts',(-47.3692022341759,87.7235300769685,-11.5));
#3376=CARTESIAN_POINT('Ctrl Pts',(-47.4086557208436,87.3381461381625,-1.00000000000001));
#3377=CARTESIAN_POINT('Ctrl Pts',(-47.4086557208436,87.3381461381625,-11.5));
#3378=CARTESIAN_POINT('Ctrl Pts',(-47.458979056535,86.9252982625595,-1.00000000000001));
#3379=CARTESIAN_POINT('Ctrl Pts',(-47.458979056535,86.9252982625595,-11.5));
#3380=CARTESIAN_POINT('Ctrl Pts',(-47.5133740424156,86.4790469547779,-1.00000000000001));
#3381=CARTESIAN_POINT('Ctrl Pts',(-47.5133740424156,86.4790469547779,-11.5));
#3382=CARTESIAN_POINT('Ctrl Pts',(-47.5666049098332,86.1190295807298,-1.00000000000001));
#3383=CARTESIAN_POINT('Ctrl Pts',(-47.5666049098332,86.1190295807298,-11.5));
#3384=CARTESIAN_POINT('Ctrl Pts',(-47.622529529074,85.7942403199293,-1.00000000000001));
#3385=CARTESIAN_POINT('Ctrl Pts',(-47.622529529074,85.7942403199293,-11.5));
#3386=CARTESIAN_POINT('Ctrl Pts',(-47.6450982474817,85.6631696489381,-1.00000000000001));
#3387=CARTESIAN_POINT('Ctrl Pts',(-47.6450982474817,85.6631696489381,-11.5));
#3388=CARTESIAN_POINT('Ctrl Pts',(-47.6658280994828,85.5353937454272,-1.00000000000001));
#3389=CARTESIAN_POINT('Ctrl Pts',(-47.6658280994828,85.5353937454272,-11.5));
#3390=CARTESIAN_POINT('Ctrl Pts',(-47.6855237274584,85.4077381774183,-1.00000000000001));
#3391=CARTESIAN_POINT('Ctrl Pts',(-47.6855237274584,85.4077381774183,-11.5));
#3392=CARTESIAN_POINT('Ctrl Pts',(-47.7617623260954,84.913604066777,-1.00000000000001));
#3393=CARTESIAN_POINT('Ctrl Pts',(-47.7617623260954,84.913604066777,-11.5));
#3394=CARTESIAN_POINT('Ctrl Pts',(-47.8233144408532,84.4165982599534,-1.00000000000001));
#3395=CARTESIAN_POINT('Ctrl Pts',(-47.8233144408532,84.4165982599534,-11.5));
#3396=CARTESIAN_POINT('Ctrl Pts',(-47.8893306310641,83.83215297719,-1.00000000000001));
#3397=CARTESIAN_POINT('Ctrl Pts',(-47.8893306310641,83.83215297719,-11.5));
#3398=CARTESIAN_POINT('Ctrl Pts',(-48.0055716877961,82.8030639453424,-1.00000000000001));
#3399=CARTESIAN_POINT('Ctrl Pts',(-48.0055716877961,82.8030639453424,-11.5));
#3400=CARTESIAN_POINT('Ctrl Pts',(-48.1133712981522,81.7715379325098,-1.00000000000001));
#3401=CARTESIAN_POINT('Ctrl Pts',(-48.1133712981522,81.7715379325098,-11.5));
#3402=CARTESIAN_POINT('Ctrl Pts',(-48.275195591761,80.8201764547944,-1.00000000000001));
#3403=CARTESIAN_POINT('Ctrl Pts',(-48.275195591761,80.8201764547944,-11.5));
#3404=CARTESIAN_POINT('Ctrl Pts',(-48.4255954007288,79.9359792720549,-1.00000000000001));
#3405=CARTESIAN_POINT('Ctrl Pts',(-48.4255954007288,79.9359792720549,-11.5));
#3406=CARTESIAN_POINT('Ctrl Pts',(-48.4964381522552,79.1751570771958,-1.00000000000001));
#3407=CARTESIAN_POINT('Ctrl Pts',(-48.4964381522552,79.1751570771958,-11.5));
#3408=CARTESIAN_POINT('Ctrl Pts',(-48.5744665030279,78.4187976839688,-1.00000000000001));
#3409=CARTESIAN_POINT('Ctrl Pts',(-48.5744665030279,78.4187976839688,-11.5));
#3410=CARTESIAN_POINT('Ctrl Pts',(-48.6669105244991,77.522701543335,-1.00000000000001));
#3411=CARTESIAN_POINT('Ctrl Pts',(-48.6669105244991,77.522701543335,-11.5));
#3412=CARTESIAN_POINT('Ctrl Pts',(-48.7754514173683,76.595286170446,-1.00000000000001));
#3413=CARTESIAN_POINT('Ctrl Pts',(-48.7754514173683,76.595286170446,-11.5));
#3414=CARTESIAN_POINT('Ctrl Pts',(-48.9003493565911,75.8174111947646,-1.00000000000001));
#3415=CARTESIAN_POINT('Ctrl Pts',(-48.9003493565911,75.8174111947646,-11.5));
#3416=CARTESIAN_POINT('Ctrl Pts',(-49.0017048451511,75.1861606017651,-1.00000000000001));
#3417=CARTESIAN_POINT('Ctrl Pts',(-49.0017048451511,75.1861606017651,-11.5));
#3418=CARTESIAN_POINT('Ctrl Pts',(-49.0858890644374,74.5968403402685,-1.00000000000001));
#3419=CARTESIAN_POINT('Ctrl Pts',(-49.0858890644374,74.5968403402685,-11.5));
#3420=CARTESIAN_POINT('Ctrl Pts',(-49.1705136354255,73.9389911257402,-1.00000000000001));
#3421=CARTESIAN_POINT('Ctrl Pts',(-49.1705136354255,73.9389911257402,-11.5));
#3422=CARTESIAN_POINT('Ctrl Pts',(-49.2322207656635,73.4592960834617,-1.00000000000001));
#3423=CARTESIAN_POINT('Ctrl Pts',(-49.2322207656635,73.4592960834617,-11.5));
#3424=CARTESIAN_POINT('Ctrl Pts',(-49.2968990060176,72.9137513185893,-1.00000000000001));
#3425=CARTESIAN_POINT('Ctrl Pts',(-49.2968990060176,72.9137513185893,-11.5));
#3426=CARTESIAN_POINT('Ctrl Pts',(-49.3519476727766,72.352882657411,-1.00000000000001));
#3427=CARTESIAN_POINT('Ctrl Pts',(-49.3519476727766,72.352882657411,-11.5));
#3428=CARTESIAN_POINT('Ctrl Pts',(-49.4183946072573,71.6758816440214,-1.00000000000001));
#3429=CARTESIAN_POINT('Ctrl Pts',(-49.4183946072573,71.6758816440214,-11.5));
#3430=CARTESIAN_POINT('Ctrl Pts',(-49.4606856949114,71.0826633855459,-1.00000000000001));
#3431=CARTESIAN_POINT('Ctrl Pts',(-49.4606856949114,71.0826633855459,-11.5));
#3432=CARTESIAN_POINT('Ctrl Pts',(-49.4843707948329,70.5310988764829,-1.00000000000001));
#3433=CARTESIAN_POINT('Ctrl Pts',(-49.4843707948329,70.5310988764829,-11.5));
#3434=CARTESIAN_POINT('',(-49.4843707948329,70.531098876483,-1.00000000000001));
#3435=CARTESIAN_POINT('Ctrl Pts',(-49.4843707948329,70.5310988764829,-1.00000000000001));
#3436=CARTESIAN_POINT('Ctrl Pts',(-49.4606856949114,71.0826633855459,-1.00000000000001));
#3437=CARTESIAN_POINT('Ctrl Pts',(-49.4183946072573,71.6758816440214,-1.00000000000001));
#3438=CARTESIAN_POINT('Ctrl Pts',(-49.3519476727766,72.352882657411,-1.00000000000001));
#3439=CARTESIAN_POINT('Ctrl Pts',(-49.2968990060176,72.9137513185893,-1.00000000000001));
#3440=CARTESIAN_POINT('Ctrl Pts',(-49.2322207656635,73.4592960834617,-1.00000000000001));
#3441=CARTESIAN_POINT('Ctrl Pts',(-49.1705136354255,73.9389911257402,-1.00000000000001));
#3442=CARTESIAN_POINT('Ctrl Pts',(-49.0858890644374,74.5968403402685,-1.00000000000001));
#3443=CARTESIAN_POINT('Ctrl Pts',(-49.0017048451511,75.1861606017651,-1.00000000000001));
#3444=CARTESIAN_POINT('Ctrl Pts',(-48.9003493565911,75.8174111947646,-1.00000000000001));
#3445=CARTESIAN_POINT('Ctrl Pts',(-48.7754514173683,76.595286170446,-1.00000000000001));
#3446=CARTESIAN_POINT('Ctrl Pts',(-48.6669105244991,77.522701543335,-1.00000000000001));
#3447=CARTESIAN_POINT('Ctrl Pts',(-48.5744665030279,78.4187976839688,-1.00000000000001));
#3448=CARTESIAN_POINT('Ctrl Pts',(-48.4964381522552,79.1751570771958,-1.00000000000001));
#3449=CARTESIAN_POINT('Ctrl Pts',(-48.4255954007288,79.9359792720549,-1.00000000000001));
#3450=CARTESIAN_POINT('Ctrl Pts',(-48.275195591761,80.8201764547944,-1.00000000000001));
#3451=CARTESIAN_POINT('Ctrl Pts',(-48.1133712981522,81.7715379325098,-1.00000000000001));
#3452=CARTESIAN_POINT('Ctrl Pts',(-48.0055716877961,82.8030639453424,-1.00000000000001));
#3453=CARTESIAN_POINT('Ctrl Pts',(-47.8893306310641,83.83215297719,-1.00000000000001));
#3454=CARTESIAN_POINT('Ctrl Pts',(-47.8233144408532,84.4165982599532,-1.00000000000001));
#3455=CARTESIAN_POINT('Ctrl Pts',(-47.7617623260955,84.9136040667768,-1.00000000000001));
#3456=CARTESIAN_POINT('Ctrl Pts',(-47.6855237274584,85.4077381774179,-1.00000000000001));
#3457=CARTESIAN_POINT('Ctrl Pts',(-47.6658280994829,85.535393745427,-1.00000000000001));
#3458=CARTESIAN_POINT('Ctrl Pts',(-47.6450982474817,85.663169648938,-1.00000000000001));
#3459=CARTESIAN_POINT('Ctrl Pts',(-47.622529529074,85.7942403199293,-1.00000000000001));
#3460=CARTESIAN_POINT('Ctrl Pts',(-47.5666049098332,86.1190295807298,-1.00000000000001));
#3461=CARTESIAN_POINT('Ctrl Pts',(-47.5133740424156,86.4790469547779,-1.00000000000001));
#3462=CARTESIAN_POINT('Ctrl Pts',(-47.458979056535,86.9252982625595,-1.00000000000001));
#3463=CARTESIAN_POINT('Ctrl Pts',(-47.4086557208436,87.3381461381625,-1.00000000000001));
#3464=CARTESIAN_POINT('Ctrl Pts',(-47.3692022341759,87.7235300769685,-1.00000000000001));
#3465=CARTESIAN_POINT('Ctrl Pts',(-47.3370624635574,88.0373775810245,-1.00000000000001));
#3466=CARTESIAN_POINT('Ctrl Pts',(-47.270358009803,88.6887520593516,-1.00000000000001));
#3467=CARTESIAN_POINT('Ctrl Pts',(-47.2310607716393,89.1398211230731,-1.00000000000001));
#3468=CARTESIAN_POINT('Ctrl Pts',(-47.127049649591,89.9079016686865,-1.00000000000001));
#3469=CARTESIAN_POINT('Ctrl Pts',(-47.0936987212773,90.1541849383158,-1.00000000000001));
#3470=CARTESIAN_POINT('Ctrl Pts',(-47.0529572742252,90.4356510123878,-1.00000000000001));
#3471=CARTESIAN_POINT('Ctrl Pts',(-46.9916771371077,90.781054480967,-1.00000000000001));
#3472=CARTESIAN_POINT('Ctrl Pts',(-46.9062470087599,91.2625785773623,-1.00000000000001));
#3473=CARTESIAN_POINT('Ctrl Pts',(-46.8145515386315,91.8708351693738,-1.00000000000001));
#3474=CARTESIAN_POINT('Ctrl Pts',(-46.740943826945,92.4574829331094,-1.00000000000001));
#3475=CARTESIAN_POINT('Ctrl Pts',(-46.6208213383214,93.4148498680506,-1.00000000000001));
#3476=CARTESIAN_POINT('Ctrl Pts',(-46.5434108080202,94.4548367649022,-1.00000000000001));
#3477=CARTESIAN_POINT('Ctrl Pts',(-46.3296362308224,95.7177786779223,-1.00000000000001));
#3478=CARTESIAN_POINT('Ctrl Pts',(-46.130741050146,96.8928157813361,-1.00000000000001));
#3479=CARTESIAN_POINT('Ctrl Pts',(-46.1046609155226,98.2420808261952,-1.00000000000001));
#3480=CARTESIAN_POINT('Ctrl Pts',(-45.8928456169388,99.8860361247266,-1.00000000000001));
#3481=CARTESIAN_POINT('Ctrl Pts',(-45.8584288308999,100.153154024829,-1.00000000000001));
#3482=CARTESIAN_POINT('Ctrl Pts',(-45.8180606414538,100.427794618493,-1.00000000000001));
#3483=CARTESIAN_POINT('Ctrl Pts',(-45.7687204253104,100.71022758621,-1.00000000000001));
#3484=CARTESIAN_POINT('Ctrl Pts',(-45.6294887535217,101.507216682271,-1.00000000000001));
#3485=CARTESIAN_POINT('Ctrl Pts',(-45.5394196662334,102.412248225212,-1.00000000000001));
#3486=CARTESIAN_POINT('Ctrl Pts',(-45.4256061482301,103.421306477993,-1.00000000000001));
#3487=CARTESIAN_POINT('Ctrl Pts',(-45.3666451955098,103.944047862127,-1.00000000000001));
#3488=CARTESIAN_POINT('Ctrl Pts',(-45.2979274911387,104.504925823773,-1.00000000000001));
#3489=CARTESIAN_POINT('Ctrl Pts',(-45.2045078522336,105.070104645679,-1.00000000000001));
#3490=CARTESIAN_POINT('Ctrl Pts',(-45.1626406728143,105.323396602467,-1.00000000000001));
#3491=CARTESIAN_POINT('Ctrl Pts',(-45.1184647578374,105.561452716596,-1.00000000000001));
#3492=CARTESIAN_POINT('Ctrl Pts',(-45.0729090056324,105.783166218365,-1.00000000000001));
#3493=CARTESIAN_POINT('Ctrl Pts',(-45.0174186051024,106.053230270006,-1.00000000000001));
#3494=CARTESIAN_POINT('Ctrl Pts',(-44.956282643996,106.353874649546,-1.00000000000001));
#3495=CARTESIAN_POINT('Ctrl Pts',(-44.8343863306398,107.086410171688,-1.00000000000001));
#3496=CARTESIAN_POINT('Ctrl Pts',(-44.7596107941656,107.535773529336,-1.00000000000001));
#3497=CARTESIAN_POINT('Ctrl Pts',(-44.6810437404244,108.042550614218,-1.00000000000001));
#3498=CARTESIAN_POINT('Ctrl Pts',(-44.5989850332912,108.543195133129,-1.00000000000001));
#3499=CARTESIAN_POINT('Ctrl Pts',(-44.50088821412,109.141689023131,-1.00000000000001));
#3500=CARTESIAN_POINT('Ctrl Pts',(-44.3744698043623,109.83498974371,-1.00000000000001));
#3501=CARTESIAN_POINT('Ctrl Pts',(-44.2718520087626,110.308655996513,-1.00000000000001));
#3502=CARTESIAN_POINT('Ctrl Pts',(-44.2279532832092,110.511285030923,-1.00000000000001));
#3503=CARTESIAN_POINT('Ctrl Pts',(-44.1868474224136,110.688953334284,-1.00000000000001));
#3504=CARTESIAN_POINT('Ctrl Pts',(-44.1419244684612,110.871578784184,-1.00000000000001));
#3505=CARTESIAN_POINT('Ctrl Pts',(-44.0291289854872,111.330126675906,-1.00000000000001));
#3506=CARTESIAN_POINT('Ctrl Pts',(-43.8964214109016,111.973599644067,-1.00000000000001));
#3507=CARTESIAN_POINT('Ctrl Pts',(-43.7930060139895,112.55512329437,-1.00000000000001));
#3508=CARTESIAN_POINT('Ctrl Pts',(-43.6865992038254,113.153468207327,-1.00000000000001));
#3509=CARTESIAN_POINT('Ctrl Pts',(-43.5929825215156,113.756816375643,-1.00000000000001));
#3510=CARTESIAN_POINT('Ctrl Pts',(-43.4737301079959,114.399978620001,-1.00000000000001));
#3511=CARTESIAN_POINT('Ctrl Pts',(-43.3888898873647,114.857546103145,-1.00000000000001));
#3512=CARTESIAN_POINT('Ctrl Pts',(-43.282427087927,115.355932330662,-1.00000000000001));
#3513=CARTESIAN_POINT('Ctrl Pts',(-43.1828939760142,115.745930022147,-1.00000000000001));
#3514=CARTESIAN_POINT('Ctrl Pts',(-43.1713539242619,115.79114707059,-1.00000000000001));
#3515=CARTESIAN_POINT('Ctrl Pts',(-43.1600102977909,115.834772981796,-1.00000000000001));
#3516=CARTESIAN_POINT('Ctrl Pts',(-43.1484250651191,115.878535185422,-1.00000000000001));
#3517=CARTESIAN_POINT('Ctrl Pts',(-43.1015506958397,116.055599017572,-1.00000000000001));
#3518=CARTESIAN_POINT('Ctrl Pts',(-43.0530220629829,116.24601227637,-1.00000000000001));
#3519=CARTESIAN_POINT('Ctrl Pts',(-42.9844588248864,116.550847526453,-1.00000000000001));
#3520=CARTESIAN_POINT('Ctrl Pts',(-42.8476937726604,117.158911119355,-1.00000000000001));
#3521=CARTESIAN_POINT('Ctrl Pts',(-42.7248249665542,117.850666241779,-1.00000000000001));
#3522=CARTESIAN_POINT('Ctrl Pts',(-42.5954017823641,118.571540783863,-1.00000000000001));
#3523=CARTESIAN_POINT('Ctrl Pts',(-42.5146883901743,119.021106524336,-1.00000000000001));
#3524=CARTESIAN_POINT('Ctrl Pts',(-42.4288279615241,119.491619417515,-1.00000000000001));
#3525=CARTESIAN_POINT('Ctrl Pts',(-42.321274697873,119.988959788306,-1.00000000000001));
#3526=CARTESIAN_POINT('Ctrl Pts',(-42.2563672895823,120.289100141193,-1.00000000000001));
#3527=CARTESIAN_POINT('Ctrl Pts',(-42.1855305392949,120.583428899289,-1.00000000000001));
#3528=CARTESIAN_POINT('Ctrl Pts',(-42.127491289219,120.805968035789,-1.00000000000001));
#3529=CARTESIAN_POINT('Ctrl Pts',(-42.0469874595697,121.114642815558,-1.00000000000001));
#3530=CARTESIAN_POINT('Ctrl Pts',(-41.9927786591279,121.34701714004,-1.00000000000001));
#3531=CARTESIAN_POINT('Ctrl Pts',(-41.9349622452288,121.610344994671,-1.00000000000001));
#3532=CARTESIAN_POINT('Ctrl Pts',(-41.7759592640658,122.334532315986,-1.00000000000001));
#3533=CARTESIAN_POINT('Ctrl Pts',(-41.6562761827071,123.045464263822,-1.00000000000001));
#3534=CARTESIAN_POINT('Ctrl Pts',(-41.5255600683981,123.795828565635,-1.00000000000001));
#3535=CARTESIAN_POINT('Ctrl Pts',(-41.4288479689753,124.350995825187,-1.00000000000001));
#3536=CARTESIAN_POINT('Ctrl Pts',(-41.3169651082251,124.951056402683,-1.00000000000001));
#3537=CARTESIAN_POINT('Ctrl Pts',(-41.2214894729418,125.387162620298,-1.00000000000001));
#3538=CARTESIAN_POINT('Ctrl Pts',(-41.2011258740794,125.480177891164,-1.00000000000001));
#3539=CARTESIAN_POINT('Ctrl Pts',(-41.1811466297913,125.568589151201,-1.00000000000001));
#3540=CARTESIAN_POINT('Ctrl Pts',(-41.1613776819913,125.653570078503,-1.00000000000001));
#3541=CARTESIAN_POINT('Ctrl Pts',(-41.0139610906274,126.287270908742,-1.00000000000001));
#3542=CARTESIAN_POINT('Ctrl Pts',(-40.9232429234987,126.77609520278,-1.00000000000001));
#3543=CARTESIAN_POINT('Ctrl Pts',(-40.8427470440975,127.269078690573,-1.00000000000001));
#3544=CARTESIAN_POINT('Ctrl Pts',(-40.7401748080629,127.89726511511,-1.00000000000001));
#3545=CARTESIAN_POINT('Ctrl Pts',(-40.6675325983882,128.483600803182,-1.00000000000001));
#3546=CARTESIAN_POINT('Ctrl Pts',(-40.5809888367905,129.118247214922,-1.00000000000001));
#3547=CARTESIAN_POINT('Ctrl Pts',(-40.5248558100831,129.5298843257,-1.00000000000001));
#3548=CARTESIAN_POINT('Ctrl Pts',(-40.4659729086892,129.944570046179,-1.00000000000001));
#3549=CARTESIAN_POINT('Ctrl Pts',(-40.3788778471728,130.42719687247,-1.00000000000001));
#3550=CARTESIAN_POINT('Ctrl Pts',(-40.344289633053,130.618863308168,-1.00000000000001));
#3551=CARTESIAN_POINT('Ctrl Pts',(-40.3064568760583,130.836994024897,-1.00000000000001));
#3552=CARTESIAN_POINT('Ctrl Pts',(-40.2567970110624,131.164930869379,-1.00000000000001));
#3553=CARTESIAN_POINT('Ctrl Pts',(-40.203931193966,131.514038730243,-1.00000000000001));
#3554=CARTESIAN_POINT('Ctrl Pts',(-40.1534635528387,131.893598086264,-1.00000000000001));
#3555=CARTESIAN_POINT('Ctrl Pts',(-40.1076657179262,132.274789750416,-1.00000000000001));
#3556=CARTESIAN_POINT('Ctrl Pts',(-40.0326063508454,132.899535551226,-1.00000000000001));
#3557=CARTESIAN_POINT('Ctrl Pts',(-39.9684956609239,133.538158739814,-1.00000000000001));
#3558=CARTESIAN_POINT('Ctrl Pts',(-39.8930708327029,134.199242782078,-1.00000000000001));
#3559=CARTESIAN_POINT('Ctrl Pts',(-39.8509169325341,134.568713570122,-1.00000000000001));
#3560=CARTESIAN_POINT('Ctrl Pts',(-39.8059945232137,134.931483463151,-1.00000000000001));
#3561=CARTESIAN_POINT('Ctrl Pts',(-39.7619707181125,135.247712220201,-1.00000000000001));
#3562=CARTESIAN_POINT('Ctrl Pts',(-39.709632527106,135.623664299996,-1.00000000000001));
#3563=CARTESIAN_POINT('Ctrl Pts',(-39.6668085906236,135.964664434272,-1.00000000000001));
#3564=CARTESIAN_POINT('Ctrl Pts',(-39.6044614225602,136.622563806991,-1.00000000000001));
#3565=CARTESIAN_POINT('Ctrl Pts',(-39.5635345520132,137.054432058534,-1.00000000000001));
#3566=CARTESIAN_POINT('Ctrl Pts',(-39.5218139820373,137.574262396286,-1.00000000000001));
#3567=CARTESIAN_POINT('Ctrl Pts',(-39.4810451768703,138.078317158687,-1.00000000000001));
#3568=CARTESIAN_POINT('Ctrl Pts',(-39.4334586724162,138.666664158259,-1.00000000000001));
#3569=CARTESIAN_POINT('Ctrl Pts',(-39.3801581165635,139.265080862283,-1.00000000000001));
#3570=CARTESIAN_POINT('Ctrl Pts',(-39.3344865600074,139.680691431182,-1.00000000000001));
#3571=CARTESIAN_POINT('Ctrl Pts',(-39.3145840024754,139.861804445104,-1.00000000000001));
#3572=CARTESIAN_POINT('Ctrl Pts',(-39.2953559810659,140.02324691634,-1.00000000000001));
#3573=CARTESIAN_POINT('Ctrl Pts',(-39.2742957807224,140.187065965705,-1.00000000000001));
#3574=CARTESIAN_POINT('Ctrl Pts',(-39.242306275498,140.435899796822,-1.00000000000001));
#3575=CARTESIAN_POINT('Ctrl Pts',(-39.2114814548497,140.686557926687,-1.00000000000001));
#3576=CARTESIAN_POINT('Ctrl Pts',(-39.1685615486949,141.080835697913,-1.00000000000001));
#3577=CARTESIAN_POINT('Ctrl Pts',(-39.124248590795,141.487910545983,-1.00000000000001));
#3578=CARTESIAN_POINT('Ctrl Pts',(-39.0743383486736,142.005481127613,-1.00000000000001));
#3579=CARTESIAN_POINT('Ctrl Pts',(-39.0328165154227,142.468826579279,-1.00000000000001));
#3580=CARTESIAN_POINT('Ctrl Pts',(-38.972278634164,143.14437362859,-1.00000000000001));
#3581=CARTESIAN_POINT('Ctrl Pts',(-38.9111072312816,143.852760704126,-1.00000000000001));
#3582=CARTESIAN_POINT('Ctrl Pts',(-38.8638131998607,144.310543147813,-1.00000000000001));
#3583=CARTESIAN_POINT('Ctrl Pts',(-38.8288766442239,144.648711439517,-1.00000000000001));
#3584=CARTESIAN_POINT('Ctrl Pts',(-38.8012026669617,144.887422082359,-1.00000000000001));
#3585=CARTESIAN_POINT('Ctrl Pts',(-38.7646503405736,145.168704259975,-1.00000000000001));
#3586=CARTESIAN_POINT('Ctrl Pts',(-38.7173537588758,145.532667017161,-1.00000000000001));
#3587=CARTESIAN_POINT('Ctrl Pts',(-38.6547727838756,146.038630149357,-1.00000000000001));
#3588=CARTESIAN_POINT('Ctrl Pts',(-38.6110799498944,146.431118292314,-1.00000000000001));
#3589=CARTESIAN_POINT('Ctrl Pts',(-38.5246776381164,147.207261192809,-1.00000000000001));
#3590=CARTESIAN_POINT('Ctrl Pts',(-38.476217360121,147.80423665766,-1.00000000000001));
#3591=CARTESIAN_POINT('Ctrl Pts',(-38.4297983746348,148.384630241459,-1.00000000000001));
#3592=CARTESIAN_POINT('Ctrl Pts',(-38.3858749774151,148.93382057076,-1.00000000000001));
#3593=CARTESIAN_POINT('Ctrl Pts',(-38.3477723624025,149.400137434473,-1.00000000000001));
#3594=CARTESIAN_POINT('Ctrl Pts',(-38.306266586688,149.808057038452,-1.00000000000001));
#3595=CARTESIAN_POINT('Ctrl Pts',(-38.2970133649791,149.898997888732,-1.00000000000001));
#3596=CARTESIAN_POINT('Ctrl Pts',(-38.2875418300949,149.98825674398,-1.00000000000001));
#3597=CARTESIAN_POINT('Ctrl Pts',(-38.2776187646278,150.077656678758,-1.00000000000001));
#3598=CARTESIAN_POINT('Ctrl Pts',(-38.2249260689487,150.552381306199,-1.00000000000001));
#3599=CARTESIAN_POINT('Ctrl Pts',(-38.1534065986467,151.020775714145,-1.00000000000001));
#3600=CARTESIAN_POINT('Ctrl Pts',(-38.0732043984659,151.507489794036,-1.00000000000001));
#3601=CARTESIAN_POINT('Ctrl Pts',(-37.9379200811062,152.328474528857,-1.00000000000001));
#3602=CARTESIAN_POINT('Ctrl Pts',(-37.8259279816006,153.002992700777,-1.00000000000001));
#3603=CARTESIAN_POINT('Ctrl Pts',(-37.7783536050144,153.480733195551,-1.00000000000001));
#3604=CARTESIAN_POINT('Ctrl Pts',(-37.7364822644837,153.90120396947,-1.00000000000001));
#3605=CARTESIAN_POINT('Ctrl Pts',(-37.7277001789123,154.217183711384,-1.00000000000001));
#3606=CARTESIAN_POINT('Ctrl Pts',(-37.7384911166491,154.502997335774,-1.00000000000001));
#3607=CARTESIAN_POINT('Ctrl Pts',(-37.7526160529305,154.877116743309,-1.00000000000001));
#3608=CARTESIAN_POINT('Ctrl Pts',(-37.9004003695446,155.593671277449,-1.00000000000001));
#3609=CARTESIAN_POINT('Ctrl Pts',(-38.1384189394544,156.562359550005,-1.00000000000001));
#3610=CARTESIAN_POINT('Ctrl Pts',(-38.3286548290797,157.336581810769,-1.00000000000001));
#3611=CARTESIAN_POINT('Ctrl Pts',(-38.5652946436768,158.240561157509,-1.00000000000001));
#3612=CARTESIAN_POINT('Ctrl Pts',(-38.6650812332629,159.404237665038,-1.00000000000001));
#3613=CARTESIAN_POINT('Ctrl Pts',(-38.7833734118936,160.783719916789,-1.00000000000001));
#3614=CARTESIAN_POINT('Ctrl Pts',(-38.7504583624757,162.190616417576,-1.00000000000001));
#3615=CARTESIAN_POINT('Ctrl Pts',(-38.6911697926142,163.128503983024,-1.00000000000001));
#3616=CARTESIAN_POINT('Ctrl Pts',(-38.6730000364969,163.415931869536,-1.00000000000001));
#3617=CARTESIAN_POINT('Ctrl Pts',(-38.6488140846823,163.735264224623,-1.00000000000001));
#3618=CARTESIAN_POINT('Ctrl Pts',(-38.6142656325251,164.099927549428,-1.00000000000001));
#3619=CARTESIAN_POINT('Ctrl Pts',(-38.5801634473332,164.459880469419,-1.00000000000001));
#3620=CARTESIAN_POINT('Ctrl Pts',(-38.5369639801602,164.844333393767,-1.00000000000001));
#3621=CARTESIAN_POINT('Ctrl Pts',(-38.4927222406537,165.190592755668,-1.00000000000001));
#3622=CARTESIAN_POINT('Ctrl Pts',(-38.3749870004809,166.112051305679,-1.00000000000001));
#3623=CARTESIAN_POINT('Ctrl Pts',(-38.1929605610746,166.653302584952,-1.00000000000001));
#3624=CARTESIAN_POINT('Ctrl Pts',(-38.0065153222478,167.186621987377,-1.00000000000001));
#3625=CARTESIAN_POINT('Ctrl Pts',(-37.6620966900446,168.171818178314,-1.00000000000001));
#3626=CARTESIAN_POINT('Ctrl Pts',(-37.2761830334815,168.945039148605,-1.00000000000001));
#3627=CARTESIAN_POINT('Ctrl Pts',(-37.0195604337234,169.545394899794,-1.00000000000001));
#3628=CARTESIAN_POINT('Ctrl Pts',(-36.8635359225774,169.910406448586,-1.00000000000001));
#3629=CARTESIAN_POINT('Ctrl Pts',(-36.7780692934573,170.146238954333,-1.00000000000001));
#3630=CARTESIAN_POINT('Ctrl Pts',(-36.7292270902167,170.29633578841,-1.00000000000001));
#3631=CARTESIAN_POINT('Ctrl Pts',(-36.6977356774026,170.39311195841,-1.00000000000001));
#3632=CARTESIAN_POINT('Ctrl Pts',(-36.6774673143068,170.464264532358,-1.00000000000001));
#3633=CARTESIAN_POINT('Ctrl Pts',(-36.6603603123813,170.53096492511,-1.00000000000001));
#3634=CARTESIAN_POINT('Ctrl Pts',(-36.4929606176003,171.183658216257,-1.00000000000001));
#3635=CARTESIAN_POINT('Ctrl Pts',(-36.2088799839219,171.950401837807,-1.00000000000001));
#3636=CARTESIAN_POINT('Ctrl Pts',(-35.9490499779685,172.564025562545,-1.00000000000001));
#3637=CARTESIAN_POINT('Ctrl Pts',(-35.6305337307574,173.316244788675,-1.00000000000001));
#3638=CARTESIAN_POINT('Ctrl Pts',(-35.3316453143063,173.949112131254,-1.00000000000001));
#3639=CARTESIAN_POINT('Ctrl Pts',(-35.1121285607727,174.50776860351,-1.00000000000001));
#3640=CARTESIAN_POINT('Ctrl Pts',(-34.9712794640618,174.866220786419,-1.00000000000001));
#3641=CARTESIAN_POINT('Ctrl Pts',(-34.8827017183837,175.139951794946,-1.00000000000001));
#3642=CARTESIAN_POINT('Ctrl Pts',(-34.8289537512012,175.327554435728,-1.00000000000001));
#3643=CARTESIAN_POINT('Ctrl Pts',(-34.8174246643406,175.367795718408,-1.00000000000001));
#3644=CARTESIAN_POINT('Ctrl Pts',(-34.8069571247126,175.405799978756,-1.00000000000001));
#3645=CARTESIAN_POINT('Ctrl Pts',(-34.7971891647165,175.442633825057,-1.00000000000001));
#3646=CARTESIAN_POINT('Ctrl Pts',(-34.6769824617177,175.89591938564,-1.00000000000001));
#3647=CARTESIAN_POINT('Ctrl Pts',(-34.5438996089183,176.29168092674,-1.00000000000001));
#3648=CARTESIAN_POINT('Ctrl Pts',(-34.3344016961663,176.806675017713,-1.00000000000001));
#3649=CARTESIAN_POINT('Ctrl Pts',(-34.147941607655,177.265036833943,-1.00000000000001));
#3650=CARTESIAN_POINT('Ctrl Pts',(-33.8961049382536,177.799674935503,-1.00000000000001));
#3651=CARTESIAN_POINT('Ctrl Pts',(-33.6847887102873,178.233260901322,-1.00000000000001));
#3652=CARTESIAN_POINT('Ctrl Pts',(-33.3198840619551,178.981984915098,-1.00000000000001));
#3653=CARTESIAN_POINT('Ctrl Pts',(-33.014838084009,179.635713830603,-1.00000000000001));
#3654=CARTESIAN_POINT('Ctrl Pts',(-32.8971266910774,179.952255301004,-1.00000000000001));
#3655=CARTESIAN_POINT('Ctrl Pts',(-32.8306550332053,180.131006361533,-1.00000000000001));
#3656=CARTESIAN_POINT('Ctrl Pts',(-32.7976647458483,180.239857117533,-1.00000000000001));
#3657=CARTESIAN_POINT('Ctrl Pts',(-32.7704620333339,180.339513442818,-1.00000000000001));
#3658=CARTESIAN_POINT('Ctrl Pts',(-32.5767392873232,181.049210940134,-1.00000000000001));
#3659=CARTESIAN_POINT('Ctrl Pts',(-32.2454906529499,181.820561839324,-1.00000000000001));
#3660=CARTESIAN_POINT('Ctrl Pts',(-31.9420484852724,182.427487803856,-1.00000000000001));
#3661=CARTESIAN_POINT('Ctrl Pts',(-31.4575659762282,183.396519288012,-1.00000000000001));
#3662=CARTESIAN_POINT('Ctrl Pts',(-31.0421823639657,184.108419571813,-1.00000000000001));
#3663=CARTESIAN_POINT('Ctrl Pts',(-30.8336552825149,184.630465681137,-1.00000000000001));
#3664=CARTESIAN_POINT('Ctrl Pts',(-30.743667077956,184.855750530223,-1.00000000000001));
#3665=CARTESIAN_POINT('Ctrl Pts',(-30.6983944161705,185.022293311403,-1.00000000000001));
#3666=CARTESIAN_POINT('Ctrl Pts',(-30.6825731047959,185.088560956555,-1.00000000000001));
#3667=CARTESIAN_POINT('Ctrl Pts',(-30.6040396571051,185.417498711519,-1.00000000000001));
#3668=CARTESIAN_POINT('Ctrl Pts',(-30.5379258431305,185.634093666212,-1.00000000000001));
#3669=CARTESIAN_POINT('Ctrl Pts',(-30.4568041558758,185.879909837839,-1.00000000000001));
#3670=CARTESIAN_POINT('Ctrl Pts',(-30.0417122289261,187.137727713788,-1.00000000000001));
#3671=CARTESIAN_POINT('Ctrl Pts',(-29.5419001373979,188.031916360187,-1.00000000000001));
#3672=CARTESIAN_POINT('Ctrl Pts',(-29.2382052438474,188.717577999524,-1.00000000000001));
#3673=CARTESIAN_POINT('Ctrl Pts',(-29.0299063236411,189.187861109757,-1.00000000000001));
#3674=CARTESIAN_POINT('Ctrl Pts',(-28.9123263726364,189.553459124959,-1.00000000000001));
#3675=CARTESIAN_POINT('Ctrl Pts',(-28.8769417904003,189.710504479832,-1.00000000000001));
#3676=CARTESIAN_POINT('Ctrl Pts',(-28.8708113892286,189.737712686533,-1.00000000000001));
#3677=CARTESIAN_POINT('Ctrl Pts',(-28.866079737847,189.761124516717,-1.00000000000001));
#3678=CARTESIAN_POINT('Ctrl Pts',(-28.8621918077947,189.782215938309,-1.00000000000001));
#3679=CARTESIAN_POINT('Ctrl Pts',(-28.7582085450863,190.346309119704,-1.00000000000001));
#3680=CARTESIAN_POINT('Ctrl Pts',(-28.6136514607995,190.888479750349,-1.00000000000001));
#3681=CARTESIAN_POINT('Ctrl Pts',(-28.2986474912241,191.701633457384,-1.00000000000001));
#3682=CARTESIAN_POINT('Ctrl Pts',(-28.1452134751336,192.097709224738,-1.00000000000001));
#3683=CARTESIAN_POINT('Ctrl Pts',(-27.9598403564113,192.523934410871,-1.00000000000001));
#3684=CARTESIAN_POINT('Ctrl Pts',(-27.8077166685756,192.876364790994,-1.00000000000001));
#3685=CARTESIAN_POINT('Ctrl Pts',(-27.5455432364808,193.483751343645,-1.00000000000001));
#3686=CARTESIAN_POINT('Ctrl Pts',(-27.3565662024771,193.985512355881,-1.00000000000001));
#3687=CARTESIAN_POINT('Ctrl Pts',(-27.2827380169052,194.255992055032,-1.00000000000001));
#3688=CARTESIAN_POINT('Ctrl Pts',(-27.2414026165154,194.40742997234,-1.00000000000001));
#3689=CARTESIAN_POINT('Ctrl Pts',(-27.2233043798553,194.501431247783,-1.00000000000001));
#3690=CARTESIAN_POINT('Ctrl Pts',(-27.2101028636377,194.584919819578,-1.00000000000001));
#3691=CARTESIAN_POINT('Ctrl Pts',(-27.1294960652031,195.094690543438,-1.00000000000001));
#3692=CARTESIAN_POINT('Ctrl Pts',(-27.0150538274357,195.564459251852,-1.00000000000001));
#3693=CARTESIAN_POINT('Ctrl Pts',(-26.8129818057918,196.162376686224,-1.00000000000001));
#3694=CARTESIAN_POINT('Ctrl Pts',(-26.6510658316908,196.641475093965,-1.00000000000001));
#3695=CARTESIAN_POINT('Ctrl Pts',(-26.4560166281361,197.112826599687,-1.00000000000001));
#3696=CARTESIAN_POINT('Ctrl Pts',(-26.2750768686126,197.520848211806,-1.00000000000001));
#3697=CARTESIAN_POINT('Ctrl Pts',(-25.9106951452205,198.342533940785,-1.00000000000001));
#3698=CARTESIAN_POINT('Ctrl Pts',(-25.5820393189223,199.001803703871,-1.00000000000001));
#3699=CARTESIAN_POINT('Ctrl Pts',(-25.4075606606015,199.447737277977,-1.00000000000001));
#3700=CARTESIAN_POINT('Ctrl Pts',(-25.3313643796218,199.642480177985,-1.00000000000001));
#3701=CARTESIAN_POINT('Ctrl Pts',(-25.2854405677414,199.793885919527,-1.00000000000001));
#3702=CARTESIAN_POINT('Ctrl Pts',(-25.2710953848161,199.847395746784,-1.00000000000001));
#3703=CARTESIAN_POINT('Ctrl Pts',(-25.1568092207582,200.273701422245,-1.00000000000001));
#3704=CARTESIAN_POINT('Ctrl Pts',(-25.0252843649196,200.57706566286,-1.00000000000001));
#3705=CARTESIAN_POINT('Ctrl Pts',(-24.8595523016522,200.892221162474,-1.00000000000001));
#3706=CARTESIAN_POINT('Ctrl Pts',(-24.4202372962579,201.727621007764,-1.00000000000001));
#3707=CARTESIAN_POINT('Ctrl Pts',(-23.9723765657759,202.170274065996,-1.00000000000001));
#3708=CARTESIAN_POINT('Ctrl Pts',(-23.6512805955054,202.505557976839,-1.00000000000001));
#3709=CARTESIAN_POINT('Ctrl Pts',(-23.421493098691,202.745498859715,-1.00000000000001));
#3710=CARTESIAN_POINT('Ctrl Pts',(-23.2367777529154,202.926495284421,-1.00000000000001));
#3711=CARTESIAN_POINT('Ctrl Pts',(-23.1346085282872,203.03405052467,-1.00000000000001));
#3712=CARTESIAN_POINT('',(-49.4843707948329,70.531098876483,-1.00000000000001));
#3713=CARTESIAN_POINT('Origin',(-49.4843707948329,70.531098876483,-1.00000000000001));
#3714=CARTESIAN_POINT('',(-49.7846441850306,70.5310988764831,-1.00000000000001));
#3715=CARTESIAN_POINT('',(-66.9861953896594,70.531098876483,-1.00000000000001));
#3716=CARTESIAN_POINT('Ctrl Pts',(-49.7846441850306,70.5310988764828,-10.));
#3717=CARTESIAN_POINT('Ctrl Pts',(-49.7846441850306,70.5310988764828,-7.00000000000001));
#3718=CARTESIAN_POINT('Ctrl Pts',(-49.7846441850306,70.5310988764831,-4.00000000000002));
#3719=CARTESIAN_POINT('Ctrl Pts',(-49.7846441850306,70.5310988764831,-1.00000000000001));
#3720=CARTESIAN_POINT('Ctrl Pts',(192.885518762925,56.5500582304015,-27.3732320190558));
#3721=CARTESIAN_POINT('Ctrl Pts',(-57.1342529400552,56.5500582304015,-27.3732320190558));
#3722=CARTESIAN_POINT('Ctrl Pts',(192.885518762925,56.0135990157574,-27.2547293284653));
#3723=CARTESIAN_POINT('Ctrl Pts',(-57.1342529400552,56.0135990157574,-27.2547293284653));
#3724=CARTESIAN_POINT('Ctrl Pts',(192.885518762925,55.4470517175346,-27.1258235411452));
#3725=CARTESIAN_POINT('Ctrl Pts',(-57.1342529400552,55.4470517175346,-27.1258235411452));
#3726=CARTESIAN_POINT('Ctrl Pts',(192.885518762925,55.0026793821302,-27.0225787151625));
#3727=CARTESIAN_POINT('Ctrl Pts',(-57.1342529400552,55.0026793821302,-27.0225787151625));
#3728=CARTESIAN_POINT('Ctrl Pts',(192.885518762925,54.4465306289758,-26.8933639178741));
#3729=CARTESIAN_POINT('Ctrl Pts',(-57.1342529400552,54.4465306289758,-26.8933639178741));
#3730=CARTESIAN_POINT('Ctrl Pts',(192.885518762925,53.8894003813879,-26.7604740232618));
#3731=CARTESIAN_POINT('Ctrl Pts',(-57.1342529400552,53.8894003813879,-26.7604740232618));
#3732=CARTESIAN_POINT('Ctrl Pts',(192.885518762925,53.3322907330695,-26.6241009399411));
#3733=CARTESIAN_POINT('Ctrl Pts',(-57.1342529400552,53.3322907330695,-26.6241009399411));
#3734=CARTESIAN_POINT('Ctrl Pts',(192.885518762925,52.5626010367545,-26.4356910687362));
#3735=CARTESIAN_POINT('Ctrl Pts',(-57.1342529400552,52.5626010367545,-26.4356910687362));
#3736=CARTESIAN_POINT('Ctrl Pts',(192.885518762925,51.7417071810297,-26.2267266093427));
#3737=CARTESIAN_POINT('Ctrl Pts',(-57.1342529400552,51.7417071810297,-26.2267266093427));
#3738=CARTESIAN_POINT('Ctrl Pts',(192.885518762925,51.1176471884866,-26.0635604397893));
#3739=CARTESIAN_POINT('Ctrl Pts',(-57.1342529400552,51.1176471884866,-26.0635604397893));
#3740=CARTESIAN_POINT('Ctrl Pts',(192.885518762925,50.0418858874296,-25.7822928486207));
#3741=CARTESIAN_POINT('Ctrl Pts',(-57.1342529400552,50.0418858874296,-25.7822928486207));
#3742=CARTESIAN_POINT('Ctrl Pts',(192.885518762925,49.4268842995182,-25.6123130000256));
#3743=CARTESIAN_POINT('Ctrl Pts',(-57.1342529400552,49.4268842995182,-25.6123130000256));
#3744=CARTESIAN_POINT('Ctrl Pts',(192.885518762925,48.7653501255551,-25.427484069511));
#3745=CARTESIAN_POINT('Ctrl Pts',(-57.1342529400552,48.7653501255551,-25.427484069511));
#3746=CARTESIAN_POINT('Ctrl Pts',(192.885518762925,48.2495928345129,-25.2833843808473));
#3747=CARTESIAN_POINT('Ctrl Pts',(-57.1342529400552,48.2495928345129,-25.2833843808473));
#3748=CARTESIAN_POINT('Ctrl Pts',(192.885518762925,47.6541076654151,-25.1139165018654));
#3749=CARTESIAN_POINT('Ctrl Pts',(-57.1342529400552,47.6541076654151,-25.1139165018654));
#3750=CARTESIAN_POINT('Ctrl Pts',(192.885518762925,47.,-24.9222499564063));
#3751=CARTESIAN_POINT('Ctrl Pts',(-57.1342529400552,47.,-24.9222499564063));
#3752=CARTESIAN_POINT('',(-40.1906325318775,56.5500582304016,-27.3732320190557));
#3753=CARTESIAN_POINT('',(-40.1906325318775,46.9999999999997,-24.9222499564062));
#3754=CARTESIAN_POINT('Ctrl Pts',(-40.1906325318775,56.5500582304015,-27.3732320190558));
#3755=CARTESIAN_POINT('Ctrl Pts',(-40.1906325318775,54.5108636662913,-26.9227783109489));
#3756=CARTESIAN_POINT('Ctrl Pts',(-40.1906325318775,52.4815821106373,-26.4285658787258));
#3757=CARTESIAN_POINT('Ctrl Pts',(-40.1906325318775,49.3051402403261,-25.58229331332));
#3758=CARTESIAN_POINT('Ctrl Pts',(-40.1906325318775,48.1505129970451,-25.259373129408));
#3759=CARTESIAN_POINT('Ctrl Pts',(-40.1906325318775,47.,-24.9222499564063));
#3760=CARTESIAN_POINT('',(32.2093674681285,56.5500582304016,-27.3732320190557));
#3761=CARTESIAN_POINT('',(162.865747059945,56.5500582304015,-27.3732320190558));
#3762=CARTESIAN_POINT('',(32.2093674681285,46.9999999999997,-24.9222499564062));
#3763=CARTESIAN_POINT('Ctrl Pts',(32.2093674681285,47.,-24.9222499564063));
#3764=CARTESIAN_POINT('Ctrl Pts',(32.2093674681285,47.6541076654151,-25.1139165018654));
#3765=CARTESIAN_POINT('Ctrl Pts',(32.2093674681285,48.2495928345129,-25.2833843808473));
#3766=CARTESIAN_POINT('Ctrl Pts',(32.2093674681285,48.7653501255551,-25.427484069511));
#3767=CARTESIAN_POINT('Ctrl Pts',(32.2093674681285,49.4268842995182,-25.6123130000256));
#3768=CARTESIAN_POINT('Ctrl Pts',(32.2093674681285,50.0418858874296,-25.7822928486207));
#3769=CARTESIAN_POINT('Ctrl Pts',(32.2093674681285,51.1176471884866,-26.0635604397893));
#3770=CARTESIAN_POINT('Ctrl Pts',(32.2093674681285,51.7417071810297,-26.2267266093427));
#3771=CARTESIAN_POINT('Ctrl Pts',(32.2093674681285,52.5626010367545,-26.4356910687362));
#3772=CARTESIAN_POINT('Ctrl Pts',(32.2093674681285,53.3322907330695,-26.6241009399411));
#3773=CARTESIAN_POINT('Ctrl Pts',(32.2093674681285,53.8894003813879,-26.7604740232618));
#3774=CARTESIAN_POINT('Ctrl Pts',(32.2093674681285,54.4465306289758,-26.8933639178741));
#3775=CARTESIAN_POINT('Ctrl Pts',(32.2093674681285,55.0026793821302,-27.0225787151625));
#3776=CARTESIAN_POINT('Ctrl Pts',(32.2093674681285,55.4470517175346,-27.1258235411452));
#3777=CARTESIAN_POINT('Ctrl Pts',(32.2093674681285,56.0135990157574,-27.2547293284653));
#3778=CARTESIAN_POINT('Ctrl Pts',(32.2093674681285,56.5500582304015,-27.3732320190558));
#3779=CARTESIAN_POINT('',(162.865747059945,47.,-24.9222499564063));
#3780=CARTESIAN_POINT('Ctrl Pts',(192.885518762925,47.,-24.9222499564063));
#3781=CARTESIAN_POINT('Ctrl Pts',(-57.1342529400552,47.,-24.9222499564063));
#3782=CARTESIAN_POINT('Ctrl Pts',(192.885518762925,46.9664647994501,-24.9124234761791));
#3783=CARTESIAN_POINT('Ctrl Pts',(-57.1342529400552,46.9664647994501,-24.9124234761791));
#3784=CARTESIAN_POINT('Ctrl Pts',(192.885518762925,46.9327754826148,-24.902538745162));
#3785=CARTESIAN_POINT('Ctrl Pts',(-57.1342529400552,46.9327754826148,-24.902538745162));
#3786=CARTESIAN_POINT('Ctrl Pts',(192.885518762925,46.8989348830304,-24.89259622694));
#3787=CARTESIAN_POINT('Ctrl Pts',(-57.1342529400552,46.8989348830304,-24.89259622694));
#3788=CARTESIAN_POINT('Ctrl Pts',(192.885518762925,46.3965394361955,-24.7449902168168));
#3789=CARTESIAN_POINT('Ctrl Pts',(-57.1342529400552,46.3965394361955,-24.7449902168168));
#3790=CARTESIAN_POINT('Ctrl Pts',(192.885518762925,45.8276028477641,-24.5743409965157));
#3791=CARTESIAN_POINT('Ctrl Pts',(-57.1342529400552,45.8276028477641,-24.5743409965157));
#3792=CARTESIAN_POINT('Ctrl Pts',(192.885518762925,45.3291635333692,-24.4217907936241));
#3793=CARTESIAN_POINT('Ctrl Pts',(-57.1342529400552,45.3291635333692,-24.4217907936241));
#3794=CARTESIAN_POINT('Ctrl Pts',(192.885518762925,44.9041917839988,-24.2917257591908));
#3795=CARTESIAN_POINT('Ctrl Pts',(-57.1342529400552,44.9041917839988,-24.2917257591908));
#3796=CARTESIAN_POINT('Ctrl Pts',(192.885518762925,44.5257512244338,-24.1739981489476));
#3797=CARTESIAN_POINT('Ctrl Pts',(-57.1342529400552,44.5257512244338,-24.1739981489476));
#3798=CARTESIAN_POINT('Ctrl Pts',(192.885518762925,44.1256323628106,-24.047746825685));
#3799=CARTESIAN_POINT('Ctrl Pts',(-57.1342529400552,44.1256323628106,-24.047746825685));
#3800=CARTESIAN_POINT('Ctrl Pts',(192.885518762925,43.7821349984715,-23.9393615408496));
#3801=CARTESIAN_POINT('Ctrl Pts',(-57.1342529400552,43.7821349984715,-23.9393615408496));
#3802=CARTESIAN_POINT('Ctrl Pts',(192.885518762925,43.4108519967804,-23.8208575248781));
#3803=CARTESIAN_POINT('Ctrl Pts',(-57.1342529400552,43.4108519967804,-23.8208575248781));
#3804=CARTESIAN_POINT('Ctrl Pts',(192.885518762925,43.,-23.6875482257258));
#3805=CARTESIAN_POINT('Ctrl Pts',(-57.1342529400552,43.,-23.6875482257258));
#3806=CARTESIAN_POINT('',(-40.1906325318775,42.9999999999998,-23.6875482257258));
#3807=CARTESIAN_POINT('Ctrl Pts',(-40.1906325318775,47.,-24.9222499564063));
#3808=CARTESIAN_POINT('Ctrl Pts',(-40.1906325318775,46.3156798876232,-24.7217305635564));
#3809=CARTESIAN_POINT('Ctrl Pts',(-40.1906325318775,45.6328400078376,-24.5161936446972));
#3810=CARTESIAN_POINT('Ctrl Pts',(-40.1906325318775,44.2995852986231,-24.1041890658769));
#3811=CARTESIAN_POINT('Ctrl Pts',(-40.1906325318775,43.6490574421924,-23.8981481337372));
#3812=CARTESIAN_POINT('Ctrl Pts',(-40.1906325318775,43.,-23.6875482257258));
#3813=CARTESIAN_POINT('',(32.2093674681285,42.9999999999998,-23.6875482257258));
#3814=CARTESIAN_POINT('Ctrl Pts',(32.2093674681285,43.,-23.6875482257258));
#3815=CARTESIAN_POINT('Ctrl Pts',(32.2093674681285,43.6490574421924,-23.8981481337372));
#3816=CARTESIAN_POINT('Ctrl Pts',(32.2093674681285,44.2995852986231,-24.1041890658769));
#3817=CARTESIAN_POINT('Ctrl Pts',(32.2093674681285,45.6328400078376,-24.5161936446972));
#3818=CARTESIAN_POINT('Ctrl Pts',(32.2093674681285,46.3156798876232,-24.7217305635564));
#3819=CARTESIAN_POINT('Ctrl Pts',(32.2093674681285,47.,-24.9222499564063));
#3820=CARTESIAN_POINT('',(162.865747059945,43.,-23.6875482257259));
#3821=CARTESIAN_POINT('Ctrl Pts',(192.885518762925,43.,-23.6875482257258));
#3822=CARTESIAN_POINT('Ctrl Pts',(-57.1342529400552,43.,-23.6875482257258));
#3823=CARTESIAN_POINT('Ctrl Pts',(192.885518762925,42.9161191370796,-23.6603313711509));
#3824=CARTESIAN_POINT('Ctrl Pts',(-57.1342529400552,42.9161191370796,-23.6603313711509));
#3825=CARTESIAN_POINT('Ctrl Pts',(192.885518762925,42.8305895351274,-23.6324955435199));
#3826=CARTESIAN_POINT('Ctrl Pts',(-57.1342529400552,42.8305895351274,-23.6324955435199));
#3827=CARTESIAN_POINT('Ctrl Pts',(192.885518762925,42.7433118998476,-23.6039978322002));
#3828=CARTESIAN_POINT('Ctrl Pts',(-57.1342529400552,42.7433118998476,-23.6039978322002));
#3829=CARTESIAN_POINT('Ctrl Pts',(192.885518762925,41.9940839094487,-23.3593614724436));
#3830=CARTESIAN_POINT('Ctrl Pts',(-57.1342529400552,41.9940839094487,-23.3593614724436));
#3831=CARTESIAN_POINT('Ctrl Pts',(192.885518762925,41.2834295375342,-23.1202038186871));
#3832=CARTESIAN_POINT('Ctrl Pts',(-57.1342529400552,41.2834295375342,-23.1202038186871));
#3833=CARTESIAN_POINT('Ctrl Pts',(192.885518762925,40.6907320747779,-22.9168923708861));
#3834=CARTESIAN_POINT('Ctrl Pts',(-57.1342529400552,40.6907320747779,-22.9168923708861));
#3835=CARTESIAN_POINT('Ctrl Pts',(192.885518762925,40.1012720956164,-22.714691468546));
#3836=CARTESIAN_POINT('Ctrl Pts',(-57.1342529400552,40.1012720956164,-22.714691468546));
#3837=CARTESIAN_POINT('Ctrl Pts',(192.885518762925,39.6732806748063,-22.5643680560236));
#3838=CARTESIAN_POINT('Ctrl Pts',(-57.1342529400552,39.6732806748063,-22.5643680560236));
#3839=CARTESIAN_POINT('Ctrl Pts',(192.885518762925,39.2612486153267,-22.4182307640658));
#3840=CARTESIAN_POINT('Ctrl Pts',(-57.1342529400552,39.2612486153267,-22.4182307640658));
#3841=CARTESIAN_POINT('Ctrl Pts',(192.885518762925,38.2261991817242,-22.0511250552038));
#3842=CARTESIAN_POINT('Ctrl Pts',(-57.1342529400552,38.2261991817242,-22.0511250552038));
#3843=CARTESIAN_POINT('Ctrl Pts',(192.885518762925,37.3352601610996,-21.7304567557963));
#3844=CARTESIAN_POINT('Ctrl Pts',(-57.1342529400552,37.3352601610996,-21.7304567557963));
#3845=CARTESIAN_POINT('Ctrl Pts',(192.885518762925,35.7460869912547,-21.1204048191803));
#3846=CARTESIAN_POINT('Ctrl Pts',(-57.1342529400552,35.7460869912547,-21.1204048191803));
#3847=CARTESIAN_POINT('Ctrl Pts',(192.885518762925,35.3157694484438,-20.955214482889));
#3848=CARTESIAN_POINT('Ctrl Pts',(-57.1342529400552,35.3157694484438,-20.955214482889));
#3849=CARTESIAN_POINT('Ctrl Pts',(192.885518762925,34.8040117033741,-20.7560619721221));
#3850=CARTESIAN_POINT('Ctrl Pts',(-57.1342529400552,34.8040117033741,-20.7560619721221));
#3851=CARTESIAN_POINT('Ctrl Pts',(192.885518762925,34.3072379172153,-20.5592982158897));
#3852=CARTESIAN_POINT('Ctrl Pts',(-57.1342529400552,34.3072379172153,-20.5592982158897));
#3853=CARTESIAN_POINT('Ctrl Pts',(192.885518762925,33.8168860375113,-20.3650780689849));
#3854=CARTESIAN_POINT('Ctrl Pts',(-57.1342529400552,33.8168860375113,-20.3650780689849));
#3855=CARTESIAN_POINT('Ctrl Pts',(192.885518762925,33.3533692333378,-20.1784779288285));
#3856=CARTESIAN_POINT('Ctrl Pts',(-57.1342529400552,33.3533692333378,-20.1784779288285));
#3857=CARTESIAN_POINT('Ctrl Pts',(192.885518762925,32.9006339371019,-19.9936883425658));
#3858=CARTESIAN_POINT('Ctrl Pts',(-57.1342529400552,32.9006339371019,-19.9936883425658));
#3859=CARTESIAN_POINT('',(-40.1906325318775,38.0232912976456,-21.9728608890939));
#3860=CARTESIAN_POINT('Ctrl Pts',(-40.1906325318775,43.,-23.6875482257258));
#3861=CARTESIAN_POINT('Ctrl Pts',(-40.1906325318775,41.3909460774424,-23.1654579051353));
#3862=CARTESIAN_POINT('Ctrl Pts',(-40.1906325318775,39.7910999320605,-22.6154047333764));
#3863=CARTESIAN_POINT('Ctrl Pts',(-40.1906325318775,38.1418750876157,-22.0160844416389));
#3864=CARTESIAN_POINT('Ctrl Pts',(-40.1906325318775,38.0825760833749,-21.9944918782377));
#3865=CARTESIAN_POINT('Ctrl Pts',(-40.1906325318775,38.0232912976456,-21.9728608890939));
#3866=CARTESIAN_POINT('',(32.2093674681285,32.9006339371029,-19.9936883425662));
#3867=CARTESIAN_POINT('Ctrl Pts',(32.2093674681285,32.9006339371019,-19.9936883425658));
#3868=CARTESIAN_POINT('Ctrl Pts',(32.2093674681285,34.6540434490061,-20.7093644140975));
#3869=CARTESIAN_POINT('Ctrl Pts',(32.2093674681285,36.4212302477049,-21.3908104707152));
#3870=CARTESIAN_POINT('Ctrl Pts',(32.2093674681285,39.7910999320605,-22.6154047333764));
#3871=CARTESIAN_POINT('Ctrl Pts',(32.2093674681285,41.3909460774424,-23.1654579051353));
#3872=CARTESIAN_POINT('Ctrl Pts',(32.2093674681285,43.,-23.6875482257258));
#3873=CARTESIAN_POINT('',(-37.2085289169671,32.9006339371019,-19.9936883425658));
#3874=CARTESIAN_POINT('',(162.865747059945,32.9006339371019,-19.9936883425658));
#3875=CARTESIAN_POINT('Ctrl Pts',(-40.1906325318775,38.0232912976456,-21.9728608890938));
#3876=CARTESIAN_POINT('Ctrl Pts',(-39.5326665007765,37.0507954339641,-21.6180304345207));
#3877=CARTESIAN_POINT('Ctrl Pts',(-38.9366477889124,36.0549738372256,-21.2398018666724));
#3878=CARTESIAN_POINT('Ctrl Pts',(-38.1147079753473,34.6652070206193,-20.7036039998712));
#3879=CARTESIAN_POINT('Ctrl Pts',(-37.6294642300346,33.785411012831,-20.3548211968363));
#3880=CARTESIAN_POINT('Ctrl Pts',(-37.2085289169676,32.900633937103,-19.9936883425662));
#3881=CARTESIAN_POINT('Ctrl Pts',(192.884180994715,32.9006339371019,-26.8763541238171));
#3882=CARTESIAN_POINT('Ctrl Pts',(-57.1342529400552,32.9006339371019,-26.8763541238171));
#3883=CARTESIAN_POINT('Ctrl Pts',(192.884180994715,33.1208008472335,-26.9618585565409));
#3884=CARTESIAN_POINT('Ctrl Pts',(-57.1342529400552,33.1208008472335,-26.9618585565409));
#3885=CARTESIAN_POINT('Ctrl Pts',(192.884180994715,33.3332253165122,-27.0437610627606));
#3886=CARTESIAN_POINT('Ctrl Pts',(-57.1342529400552,33.3332253165122,-27.0437610627606));
#3887=CARTESIAN_POINT('Ctrl Pts',(192.884180994715,33.5341742415764,-27.1207719668488));
#3888=CARTESIAN_POINT('Ctrl Pts',(-57.1342529400552,33.5341742415764,-27.1207719668488));
#3889=CARTESIAN_POINT('Ctrl Pts',(192.884180994715,35.2781375161434,-27.7891218394755));
#3890=CARTESIAN_POINT('Ctrl Pts',(-57.1342529400552,35.2781375161434,-27.7891218394755));
#3891=CARTESIAN_POINT('Ctrl Pts',(192.884180994715,36.3756131306343,-28.1806016109401));
#3892=CARTESIAN_POINT('Ctrl Pts',(-57.1342529400552,36.3756131306343,-28.1806016109401));
#3893=CARTESIAN_POINT('Ctrl Pts',(192.884180994715,37.2809367110358,-28.5005805531464));
#3894=CARTESIAN_POINT('Ctrl Pts',(-57.1342529400552,37.2809367110358,-28.5005805531464));
#3895=CARTESIAN_POINT('Ctrl Pts',(192.884180994715,37.8595269777938,-28.7050783763953));
#3896=CARTESIAN_POINT('Ctrl Pts',(-57.1342529400552,37.8595269777938,-28.7050783763953));
#3897=CARTESIAN_POINT('Ctrl Pts',(192.884180994715,38.3785551560645,-28.8843813826513));
#3898=CARTESIAN_POINT('Ctrl Pts',(-57.1342529400552,38.3785551560645,-28.8843813826513));
#3899=CARTESIAN_POINT('Ctrl Pts',(192.884180994715,38.7605691071836,-29.0149938213086));
#3900=CARTESIAN_POINT('Ctrl Pts',(-57.1342529400552,38.7605691071836,-29.0149938213086));
#3901=CARTESIAN_POINT('Ctrl Pts',(192.884180994715,39.2395612416254,-29.1787635752505));
#3902=CARTESIAN_POINT('Ctrl Pts',(-57.1342529400552,39.2395612416254,-29.1787635752505));
#3903=CARTESIAN_POINT('Ctrl Pts',(192.884180994715,39.575061247773,-29.2917148396639));
#3904=CARTESIAN_POINT('Ctrl Pts',(-57.1342529400552,39.575061247773,-29.2917148396639));
#3905=CARTESIAN_POINT('Ctrl Pts',(192.884180994715,40.0338168872995,-29.4440558749265));
#3906=CARTESIAN_POINT('Ctrl Pts',(-57.1342529400552,40.0338168872995,-29.4440558749265));
#3907=CARTESIAN_POINT('Ctrl Pts',(192.884180994715,40.4731957103368,-29.5899623641482));
#3908=CARTESIAN_POINT('Ctrl Pts',(-57.1342529400552,40.4731957103368,-29.5899623641482));
#3909=CARTESIAN_POINT('Ctrl Pts',(192.884180994715,41.0975916368364,-29.7941096381614));
#3910=CARTESIAN_POINT('Ctrl Pts',(-57.1342529400552,41.0975916368364,-29.7941096381614));
#3911=CARTESIAN_POINT('Ctrl Pts',(192.884180994715,41.6448356540323,-29.9690958047898));
#3912=CARTESIAN_POINT('Ctrl Pts',(-57.1342529400552,41.6448356540323,-29.9690958047898));
#3913=CARTESIAN_POINT('Ctrl Pts',(192.884180994715,42.1087801862701,-30.1174462164407));
#3914=CARTESIAN_POINT('Ctrl Pts',(-57.1342529400552,42.1087801862701,-30.1174462164407));
#3915=CARTESIAN_POINT('Ctrl Pts',(192.884180994715,42.557810893023,-30.2586028792875));
#3916=CARTESIAN_POINT('Ctrl Pts',(-57.1342529400552,42.557810893023,-30.2586028792875));
#3917=CARTESIAN_POINT('Ctrl Pts',(192.884180994715,43.,-30.3954607269429));
#3918=CARTESIAN_POINT('Ctrl Pts',(-57.1342529400552,43.,-30.3954607269429));
#3919=CARTESIAN_POINT('',(-40.1906325318775,38.1590465789226,-28.8079252408503));
#3920=CARTESIAN_POINT('',(-40.1906325318775,42.9999999999998,-30.3954607269429));
#3921=CARTESIAN_POINT('Ctrl Pts',(-40.1906325318775,38.149686526061,-28.8046481707745));
#3922=CARTESIAN_POINT('Ctrl Pts',(-40.1906325318775,38.3775504684427,-28.8836426091156));
#3923=CARTESIAN_POINT('Ctrl Pts',(-40.1906325318775,38.5837386201122,-28.9545346127438));
#3924=CARTESIAN_POINT('Ctrl Pts',(-40.1906325318775,38.7605691071836,-29.0149938213086));
#3925=CARTESIAN_POINT('Ctrl Pts',(-40.1906325318775,39.2395612416254,-29.1787635752505));
#3926=CARTESIAN_POINT('Ctrl Pts',(-40.1906325318775,39.575061247773,-29.2917148396639));
#3927=CARTESIAN_POINT('Ctrl Pts',(-40.1906325318775,40.0338168872995,-29.4440558749265));
#3928=CARTESIAN_POINT('Ctrl Pts',(-40.1906325318775,40.4731957103368,-29.5899623641482));
#3929=CARTESIAN_POINT('Ctrl Pts',(-40.1906325318775,41.0975916368364,-29.7941096381614));
#3930=CARTESIAN_POINT('Ctrl Pts',(-40.1906325318775,41.6448356540323,-29.9690958047898));
#3931=CARTESIAN_POINT('Ctrl Pts',(-40.1906325318775,42.1087801862701,-30.1174462164407));
#3932=CARTESIAN_POINT('Ctrl Pts',(-40.1906325318775,42.557810893023,-30.2586028792875));
#3933=CARTESIAN_POINT('Ctrl Pts',(-40.1906325318775,43.,-30.3954607269429));
#3934=CARTESIAN_POINT('',(-37.0802756293261,32.9006339371019,-26.8763541238171));
#3935=CARTESIAN_POINT('Ctrl Pts',(-37.0802756293266,32.9006339371028,-26.8763541238174));
#3936=CARTESIAN_POINT('Ctrl Pts',(-37.7983312268558,34.368346397974,-27.4463576783635));
#3937=CARTESIAN_POINT('Ctrl Pts',(-38.6539150847073,35.7856887088359,-27.9710108355707));
#3938=CARTESIAN_POINT('Ctrl Pts',(-39.5433907631454,37.1851670252603,-28.4666956117318));
#3939=CARTESIAN_POINT('Ctrl Pts',(-39.751891997143,37.5132175419869,-28.5828886567007));
#3940=CARTESIAN_POINT('Ctrl Pts',(-39.9692388301907,37.8380481583556,-28.6966736022433));
#3941=CARTESIAN_POINT('Ctrl Pts',(-40.1906325318776,38.1590465789228,-28.8079252408504));
#3942=CARTESIAN_POINT('',(32.2093674681285,32.9006339371028,-26.8763541238174));
#3943=CARTESIAN_POINT('',(162.865747059945,32.9006339371019,-26.8763541238171));
#3944=CARTESIAN_POINT('',(32.2093674681285,42.9999999999998,-30.3954607269429));
#3945=CARTESIAN_POINT('Ctrl Pts',(32.2093674681285,43.,-30.3954607269429));
#3946=CARTESIAN_POINT('Ctrl Pts',(32.2093674681285,41.7109020005625,-29.9964839660134));
#3947=CARTESIAN_POINT('Ctrl Pts',(32.2093674681285,40.4271670841106,-29.5803808421626));
#3948=CARTESIAN_POINT('Ctrl Pts',(32.2093674681285,37.0500154501944,-28.4358792134526));
#3949=CARTESIAN_POINT('Ctrl Pts',(32.2093674681285,34.9666845795348,-27.6787294128843));
#3950=CARTESIAN_POINT('Ctrl Pts',(32.2093674681285,32.9006339371019,-26.8763541238171));
#3951=CARTESIAN_POINT('',(162.865747059945,43.,-30.3954607269429));
#3952=CARTESIAN_POINT('Ctrl Pts',(192.884180994715,43.,-30.3954607269429));
#3953=CARTESIAN_POINT('Ctrl Pts',(-57.1342529400552,43.,-30.3954607269429));
#3954=CARTESIAN_POINT('Ctrl Pts',(192.884180994715,43.7196221825846,-30.6181843116711));
#3955=CARTESIAN_POINT('Ctrl Pts',(-57.1342529400552,43.7196221825846,-30.6181843116711));
#3956=CARTESIAN_POINT('Ctrl Pts',(192.884180994715,44.4210927552271,-30.8296258599541));
#3957=CARTESIAN_POINT('Ctrl Pts',(-57.1342529400552,44.4210927552271,-30.8296258599541));
#3958=CARTESIAN_POINT('Ctrl Pts',(192.884180994715,45.1397388561909,-31.040535519028));
#3959=CARTESIAN_POINT('Ctrl Pts',(-57.1342529400552,45.1397388561909,-31.040535519028));
#3960=CARTESIAN_POINT('Ctrl Pts',(192.884180994715,45.7072749092028,-31.2070971065638));
#3961=CARTESIAN_POINT('Ctrl Pts',(-57.1342529400552,45.7072749092028,-31.2070971065638));
#3962=CARTESIAN_POINT('Ctrl Pts',(192.884180994715,46.2963647068998,-31.3757086009982));
#3963=CARTESIAN_POINT('Ctrl Pts',(-57.1342529400552,46.2963647068998,-31.3757086009982));
#3964=CARTESIAN_POINT('Ctrl Pts',(192.884180994715,46.7281813653101,-31.4973617052036));
#3965=CARTESIAN_POINT('Ctrl Pts',(-57.1342529400552,46.7281813653101,-31.4973617052036));
#3966=CARTESIAN_POINT('Ctrl Pts',(192.884180994715,46.8239592122889,-31.5243446206891));
#3967=CARTESIAN_POINT('Ctrl Pts',(-57.1342529400552,46.8239592122889,-31.5243446206891));
#3968=CARTESIAN_POINT('Ctrl Pts',(192.884180994715,46.9143370889979,-31.5497056137238));
#3969=CARTESIAN_POINT('Ctrl Pts',(-57.1342529400552,46.9143370889979,-31.5497056137238));
#3970=CARTESIAN_POINT('Ctrl Pts',(192.884180994715,47.,-31.5736674849886));
#3971=CARTESIAN_POINT('Ctrl Pts',(-57.1342529400552,47.,-31.5736674849886));
#3972=CARTESIAN_POINT('',(-40.1906325318775,47.0000000000013,-31.5736674849889));
#3973=CARTESIAN_POINT('Ctrl Pts',(-40.1906325318775,43.,-30.3954607269429));
#3974=CARTESIAN_POINT('Ctrl Pts',(-40.1906325318775,43.6998865234069,-30.612076110916));
#3975=CARTESIAN_POINT('Ctrl Pts',(-40.1906325318775,44.4013279986498,-30.8236351319254));
#3976=CARTESIAN_POINT('Ctrl Pts',(-40.1906325318775,45.734999247698,-31.2153954200852));
#3977=CARTESIAN_POINT('Ctrl Pts',(-40.1906325318775,46.3669226525284,-31.3965813023768));
#3978=CARTESIAN_POINT('Ctrl Pts',(-40.1906325318775,47.,-31.5736674849886));
#3979=CARTESIAN_POINT('',(32.2093674681285,47.0000000000013,-31.573667484989));
#3980=CARTESIAN_POINT('Ctrl Pts',(32.2093674681285,47.,-31.5736674849886));
#3981=CARTESIAN_POINT('Ctrl Pts',(32.2093674681285,46.3669226525284,-31.3965813023768));
#3982=CARTESIAN_POINT('Ctrl Pts',(32.2093674681285,45.734999247698,-31.2153954200852));
#3983=CARTESIAN_POINT('Ctrl Pts',(32.2093674681285,44.4013279986498,-30.8236351319254));
#3984=CARTESIAN_POINT('Ctrl Pts',(32.2093674681285,43.6998865234069,-30.612076110916));
#3985=CARTESIAN_POINT('Ctrl Pts',(32.2093674681285,43.,-30.3954607269429));
#3986=CARTESIAN_POINT('',(162.865747059945,47.,-31.5736674849886));
#3987=CARTESIAN_POINT('Ctrl Pts',(192.885518762925,32.900633937102,-19.9936883425658));
#3988=CARTESIAN_POINT('Ctrl Pts',(-57.1342529400552,32.900633937102,-19.9936883425658));
#3989=CARTESIAN_POINT('Ctrl Pts',(192.885518762925,31.6387565776747,-19.478637280496));
#3990=CARTESIAN_POINT('Ctrl Pts',(-57.1342529400552,31.6387565776747,-19.478637280496));
#3991=CARTESIAN_POINT('Ctrl Pts',(192.885518762925,30.4594632251061,-18.9805176033959));
#3992=CARTESIAN_POINT('Ctrl Pts',(-57.1342529400552,30.4594632251061,-18.9805176033959));
#3993=CARTESIAN_POINT('Ctrl Pts',(192.885518762925,29.0260847309839,-18.3465910726853));
#3994=CARTESIAN_POINT('Ctrl Pts',(-57.1342529400552,29.0260847309839,-18.3465910726853));
#3995=CARTESIAN_POINT('Ctrl Pts',(192.885518762925,28.7461393582267,-18.2227823231692));
#3996=CARTESIAN_POINT('Ctrl Pts',(-57.1342529400552,28.7461393582267,-18.2227823231692));
#3997=CARTESIAN_POINT('Ctrl Pts',(192.885518762925,28.4153475504769,-18.0755579875837));
#3998=CARTESIAN_POINT('Ctrl Pts',(-57.1342529400552,28.4153475504769,-18.0755579875837));
#3999=CARTESIAN_POINT('Ctrl Pts',(192.885518762925,28.0088558070543,-17.8920563889514));
#4000=CARTESIAN_POINT('Ctrl Pts',(-57.1342529400552,28.0088558070543,-17.8920563889514));
#4001=CARTESIAN_POINT('Ctrl Pts',(192.885518762925,27.2463335638856,-17.547832790617));
#4002=CARTESIAN_POINT('Ctrl Pts',(-57.1342529400552,27.2463335638856,-17.547832790617));
#4003=CARTESIAN_POINT('Ctrl Pts',(192.885518762925,26.295677986564,-17.1084751882374));
#4004=CARTESIAN_POINT('Ctrl Pts',(-57.1342529400552,26.295677986564,-17.1084751882374));
#4005=CARTESIAN_POINT('Ctrl Pts',(192.885518762925,25.4694336285601,-16.7162264192608));
#4006=CARTESIAN_POINT('Ctrl Pts',(-57.1342529400552,25.4694336285601,-16.7162264192608));
#4007=CARTESIAN_POINT('Ctrl Pts',(192.885518762925,24.9011838137888,-16.4464572061267));
#4008=CARTESIAN_POINT('Ctrl Pts',(-57.1342529400552,24.9011838137888,-16.4464572061267));
#4009=CARTESIAN_POINT('Ctrl Pts',(192.885518762925,24.4410310077925,-16.2246877195042));
#4010=CARTESIAN_POINT('Ctrl Pts',(-57.1342529400552,24.4410310077925,-16.2246877195042));
#4011=CARTESIAN_POINT('Ctrl Pts',(192.885518762925,23.8554669154739,-15.9378284081081));
#4012=CARTESIAN_POINT('Ctrl Pts',(-57.1342529400552,23.8554669154739,-15.9378284081081));
#4013=CARTESIAN_POINT('Ctrl Pts',(192.885518762925,22.8540457457185,-15.4472467776055));
#4014=CARTESIAN_POINT('Ctrl Pts',(-57.1342529400552,22.8540457457185,-15.4472467776055));
#4015=CARTESIAN_POINT('Ctrl Pts',(192.885518762925,21.6500907375541,-14.8397412448928));
#4016=CARTESIAN_POINT('Ctrl Pts',(-57.1342529400552,21.6500907375541,-14.8397412448928));
#4017=CARTESIAN_POINT('Ctrl Pts',(192.885518762925,20.5886970443777,-14.2863189463152));
#4018=CARTESIAN_POINT('Ctrl Pts',(-57.1342529400552,20.5886970443777,-14.2863189463152));
#4019=CARTESIAN_POINT('Ctrl Pts',(192.885518762925,19.9593066364159,-13.9581478929952));
#4020=CARTESIAN_POINT('Ctrl Pts',(-57.1342529400552,19.9593066364159,-13.9581478929952));
#4021=CARTESIAN_POINT('Ctrl Pts',(192.885518762925,19.3865236333187,-13.653446186298));
#4022=CARTESIAN_POINT('Ctrl Pts',(-57.1342529400552,19.3865236333187,-13.653446186298));
#4023=CARTESIAN_POINT('Ctrl Pts',(192.885518762925,18.9186062136017,-13.401701956756));
#4024=CARTESIAN_POINT('Ctrl Pts',(-57.1342529400552,18.9186062136017,-13.401701956756));
#4025=CARTESIAN_POINT('Ctrl Pts',(192.885518762925,18.3312722339996,-13.0857104293019));
#4026=CARTESIAN_POINT('Ctrl Pts',(-57.1342529400552,18.3312722339996,-13.0857104293019));
#4027=CARTESIAN_POINT('Ctrl Pts',(192.885518762925,17.7820702936271,-12.7850342417268));
#4028=CARTESIAN_POINT('Ctrl Pts',(-57.1342529400552,17.7820702936271,-12.7850342417268));
#4029=CARTESIAN_POINT('Ctrl Pts',(192.885518762925,17.2747259174877,-12.503614218643));
#4030=CARTESIAN_POINT('Ctrl Pts',(-57.1342529400552,17.2747259174877,-12.503614218643));
#4031=CARTESIAN_POINT('Ctrl Pts',(192.885518762925,16.6058648770406,-12.1326021442118));
#4032=CARTESIAN_POINT('Ctrl Pts',(-57.1342529400552,16.6058648770406,-12.1326021442118));
#4033=CARTESIAN_POINT('Ctrl Pts',(192.885518762925,16.0097436799601,-11.7950753638311));
#4034=CARTESIAN_POINT('Ctrl Pts',(-57.1342529400552,16.0097436799601,-11.7950753638311));
#4035=CARTESIAN_POINT('Ctrl Pts',(192.885518762925,15.4949240889782,-11.5));
#4036=CARTESIAN_POINT('Ctrl Pts',(-57.1342529400552,15.4949240889782,-11.5));
#4037=CARTESIAN_POINT('Ctrl Pts',(32.2093674681285,15.4949240889782,-11.5));
#4038=CARTESIAN_POINT('Ctrl Pts',(32.2093674681285,16.0097436799601,-11.7950753638311));
#4039=CARTESIAN_POINT('Ctrl Pts',(32.2093674681285,16.6058648770406,-12.1326021442118));
#4040=CARTESIAN_POINT('Ctrl Pts',(32.2093674681285,17.2747259174877,-12.503614218643));
#4041=CARTESIAN_POINT('Ctrl Pts',(32.2093674681285,17.7820702936271,-12.7850342417268));
#4042=CARTESIAN_POINT('Ctrl Pts',(32.2093674681285,18.3312722339996,-13.0857104293019));
#4043=CARTESIAN_POINT('Ctrl Pts',(32.2093674681285,18.9186062136017,-13.401701956756));
#4044=CARTESIAN_POINT('Ctrl Pts',(32.2093674681285,19.3865236333187,-13.653446186298));
#4045=CARTESIAN_POINT('Ctrl Pts',(32.2093674681285,19.9593066364159,-13.9581478929952));
#4046=CARTESIAN_POINT('Ctrl Pts',(32.2093674681285,20.5886970443777,-14.2863189463152));
#4047=CARTESIAN_POINT('Ctrl Pts',(32.2093674681285,21.6500907375541,-14.8397412448928));
#4048=CARTESIAN_POINT('Ctrl Pts',(32.2093674681285,22.8540457457185,-15.4472467776055));
#4049=CARTESIAN_POINT('Ctrl Pts',(32.2093674681285,23.8554669154739,-15.9378284081081));
#4050=CARTESIAN_POINT('Ctrl Pts',(32.2093674681285,24.4410310077925,-16.2246877195042));
#4051=CARTESIAN_POINT('Ctrl Pts',(32.2093674681285,24.9011838137888,-16.4464572061267));
#4052=CARTESIAN_POINT('Ctrl Pts',(32.2093674681285,25.4694336285601,-16.7162264192608));
#4053=CARTESIAN_POINT('Ctrl Pts',(32.2093674681285,26.295677986564,-17.1084751882374));
#4054=CARTESIAN_POINT('Ctrl Pts',(32.2093674681285,27.2463335638856,-17.547832790617));
#4055=CARTESIAN_POINT('Ctrl Pts',(32.2093674681285,28.0088558070543,-17.8920563889514));
#4056=CARTESIAN_POINT('Ctrl Pts',(32.2093674681285,28.4153475504769,-18.0755579875837));
#4057=CARTESIAN_POINT('Ctrl Pts',(32.2093674681285,28.7461393582267,-18.2227823231692));
#4058=CARTESIAN_POINT('Ctrl Pts',(32.2093674681285,29.0260847309839,-18.3465910726853));
#4059=CARTESIAN_POINT('Ctrl Pts',(32.2093674681285,30.4594632251061,-18.9805176033959));
#4060=CARTESIAN_POINT('Ctrl Pts',(32.2093674681285,31.6387565776747,-19.478637280496));
#4061=CARTESIAN_POINT('Ctrl Pts',(32.2093674681285,32.900633937102,-19.9936883425658));
#4062=CARTESIAN_POINT('Ctrl Pts',(-37.2085289169676,32.900633937103,-19.9936883425662));
#4063=CARTESIAN_POINT('Ctrl Pts',(-36.5247800737115,31.4634408974868,-19.4070799880193));
#4064=CARTESIAN_POINT('Ctrl Pts',(-36.2105509288306,30.4286879569446,-18.9657679692434));
#4065=CARTESIAN_POINT('Ctrl Pts',(-35.7026908684908,28.9227397634312,-18.3010118764383));
#4066=CARTESIAN_POINT('Ctrl Pts',(-35.6361713386258,28.7261560646162,-18.213715237196));
#4067=CARTESIAN_POINT('Ctrl Pts',(-35.3983385378414,28.032000509064,-17.9036183551859));
#4068=CARTESIAN_POINT('Ctrl Pts',(-35.2956661817465,27.7487247492261,-17.7743459407481));
#4069=CARTESIAN_POINT('Ctrl Pts',(-35.0438055598972,27.0384332522478,-17.4515305607156));
#4070=CARTESIAN_POINT('Ctrl Pts',(-34.8284936326948,26.4051229785308,-17.1582371477734));
#4071=CARTESIAN_POINT('Ctrl Pts',(-34.3388504917835,24.9768709679661,-16.4841865879389));
#4072=CARTESIAN_POINT('Ctrl Pts',(-34.0663533982356,24.1906806270076,-16.1044386872325));
#4073=CARTESIAN_POINT('Ctrl Pts',(-32.6222602127086,20.3384077459828,-14.2008094619716));
#4074=CARTESIAN_POINT('Ctrl Pts',(-31.1842340173612,17.4043340105097,-12.5944024609164));
#4075=CARTESIAN_POINT('Ctrl Pts',(-30.2092605549037,15.4949240889759,-11.4999999999988));
#4076=CARTESIAN_POINT('Origin',(162.865747059945,88.,115.));
#4077=CARTESIAN_POINT('',(-40.1906325318775,77.0666389685106,-30.3949711971433));
#4078=CARTESIAN_POINT('Origin',(-40.1906325318775,88.,115.));
#4079=CARTESIAN_POINT('',(32.2093674681285,77.0666389685106,-30.3949711971433));
#4080=CARTESIAN_POINT('',(162.865747059945,77.0666389685101,-30.3949711971433));
#4081=CARTESIAN_POINT('Origin',(32.2093674681285,88.,115.));
#4082=CARTESIAN_POINT('Origin',(32.2093674681277,210.254572476896,-30.3949711971433));
#4083=CARTESIAN_POINT('',(-36.4788360297961,210.254572476896,-30.9242789647928));
#4084=CARTESIAN_POINT('',(-38.7774591034339,210.254572476453,-30.3949711971433));
#4085=CARTESIAN_POINT('Ctrl Pts',(-36.4788360297961,210.254572476896,-30.9242789647928));
#4086=CARTESIAN_POINT('Ctrl Pts',(-36.9855190966439,210.254572476896,-30.9242789647928));
#4087=CARTESIAN_POINT('Ctrl Pts',(-37.4894995260816,210.254572476896,-30.8591024579483));
#4088=CARTESIAN_POINT('Ctrl Pts',(-38.2530369609781,210.254572476896,-30.6337159951697));
#4089=CARTESIAN_POINT('Ctrl Pts',(-38.5215737177839,210.254572476896,-30.5269351943928));
#4090=CARTESIAN_POINT('Ctrl Pts',(-38.7774591030419,210.254572476896,-30.3949711963831));
#4091=CARTESIAN_POINT('',(28.4975709939785,210.254572453396,-30.9242790012698));
#4092=CARTESIAN_POINT('',(-140.,210.254572476896,-30.9242789647928));
#4093=CARTESIAN_POINT('',(30.7961941106211,210.254572459641,-30.3949711971433));
#4094=CARTESIAN_POINT('Ctrl Pts',(30.7961940953212,210.254572476896,-30.3949711674759));
#4095=CARTESIAN_POINT('Ctrl Pts',(30.5402951514252,210.254572476896,-30.5269421625123));
#4096=CARTESIAN_POINT('Ctrl Pts',(30.2717435613243,210.254572476897,-30.6337272568737));
#4097=CARTESIAN_POINT('Ctrl Pts',(29.5082038749396,210.254572476897,-30.859106431678));
#4098=CARTESIAN_POINT('Ctrl Pts',(29.0042386146757,210.254572476896,-30.9242789623955));
#4099=CARTESIAN_POINT('Ctrl Pts',(28.4975709939785,210.254572476896,-30.9242789647928));
#4100=CARTESIAN_POINT('',(97.5375572640362,210.254572476896,-30.3949711971433));
#4101=CARTESIAN_POINT('Origin',(32.2093674681285,76.9779965958901,-30.3949711971433));
#4102=CARTESIAN_POINT('',(32.2093674681285,194.676431700074,-37.3949711971433));
#4103=CARTESIAN_POINT('',(32.2093674681285,196.19141170107,-36.7949711971433));
#4104=CARTESIAN_POINT('Ctrl Pts',(32.2093674681285,194.675272492888,-37.395090931018));
#4105=CARTESIAN_POINT('Ctrl Pts',(32.2093674681285,195.185258647985,-37.2019121174883));
#4106=CARTESIAN_POINT('Ctrl Pts',(32.2093674681285,195.690790231076,-37.0017921667128));
#4107=CARTESIAN_POINT('Ctrl Pts',(32.2093674681285,196.19141170107,-36.7949711971433));
#4108=CARTESIAN_POINT('',(32.2093674681285,179.590852849334,-36.7949711971433));
#4109=CARTESIAN_POINT('',(32.2093674681285,128.284424722612,-36.7949711971433));
#4110=CARTESIAN_POINT('',(32.2093674681285,175.,-37.));
#4111=CARTESIAN_POINT('Origin',(32.2093674681285,175.,14.5000000000011));
#4112=CARTESIAN_POINT('',(32.2093674681285,86.5370879821636,-37.));
#4113=CARTESIAN_POINT('',(32.2093674681285,81.7575422890268,-37.));
#4114=CARTESIAN_POINT('',(32.2093674681285,84.0178728004028,-36.7949711971433));
#4115=CARTESIAN_POINT('Origin',(32.2093674681285,100.000000000012,144.00000000012));
#4116=CARTESIAN_POINT('',(32.2093674681285,76.9037520188826,-36.7949711971433));
#4117=CARTESIAN_POINT('',(32.2093674681285,76.9408743073865,-36.7949711971433));
#4118=CARTESIAN_POINT('',(32.2093674681285,56.5500582304021,-33.9152146783159));
#4119=CARTESIAN_POINT('Origin',(32.2093674681285,88.,115.));
#4120=CARTESIAN_POINT('Ctrl Pts',(32.2093674681285,56.5500582304014,-33.9152146783157));
#4121=CARTESIAN_POINT('Ctrl Pts',(32.2093674681285,54.8237244655201,-33.5506240184715));
#4122=CARTESIAN_POINT('Ctrl Pts',(32.2093674681285,53.1038611067688,-33.156041540537));
#4123=CARTESIAN_POINT('Ctrl Pts',(32.2093674681285,49.9218212411391,-32.3675137546416));
#4124=CARTESIAN_POINT('Ctrl Pts',(32.2093674681285,48.4579089442566,-31.9814778900918));
#4125=CARTESIAN_POINT('Ctrl Pts',(32.2093674681285,47.,-31.5736674849886));
#4126=CARTESIAN_POINT('',(32.2093674681285,11.940351054,-16.8323549141532));
#4127=CARTESIAN_POINT('Ctrl Pts',(32.2093674681285,32.9006339371019,-26.8763541238171));
#4128=CARTESIAN_POINT('Ctrl Pts',(32.2093674681285,32.2297910599633,-26.6158243302062));
#4129=CARTESIAN_POINT('Ctrl Pts',(32.2093674681285,31.4872461692564,-26.3213922346426));
#4130=CARTESIAN_POINT('Ctrl Pts',(32.2093674681285,30.777148696348,-26.0332772386721));
#4131=CARTESIAN_POINT('Ctrl Pts',(32.2093674681285,29.4344771512999,-25.4885015965241));
#4132=CARTESIAN_POINT('Ctrl Pts',(32.2093674681285,28.1090932768963,-24.9298259998704));
#4133=CARTESIAN_POINT('Ctrl Pts',(32.2093674681285,26.6803335174182,-24.3008919657908));
#4134=CARTESIAN_POINT('Ctrl Pts',(32.2093674681285,26.5338170106443,-24.2363960160321));
#4135=CARTESIAN_POINT('Ctrl Pts',(32.2093674681285,26.4024118542209,-24.1783412551281));
#4136=CARTESIAN_POINT('Ctrl Pts',(32.2093674681285,26.2350309341074,-24.1040207768609));
#4137=CARTESIAN_POINT('Ctrl Pts',(32.2093674681285,25.6980930340794,-23.8656096036948));
#4138=CARTESIAN_POINT('Ctrl Pts',(32.2093674681285,24.0478249819329,-23.1198138924344));
#4139=CARTESIAN_POINT('Ctrl Pts',(32.2093674681285,22.7313387215677,-22.4948793770927));
#4140=CARTESIAN_POINT('Ctrl Pts',(32.2093674681285,22.5467006454646,-22.4072318944892));
#4141=CARTESIAN_POINT('Ctrl Pts',(32.2093674681285,22.4019772142824,-22.3383020647232));
#4142=CARTESIAN_POINT('Ctrl Pts',(32.2093674681285,22.1637637803435,-22.2240139349872));
#4143=CARTESIAN_POINT('Ctrl Pts',(32.2093674681285,21.6310264060942,-21.9684214726451));
#4144=CARTESIAN_POINT('Ctrl Pts',(32.2093674681285,20.6593907021374,-21.4978967632185));
#4145=CARTESIAN_POINT('Ctrl Pts',(32.2093674681285,19.5320004951949,-20.9300299558934));
#4146=CARTESIAN_POINT('Ctrl Pts',(32.2093674681285,18.4935965966652,-20.406985580538));
#4147=CARTESIAN_POINT('Ctrl Pts',(32.2093674681285,17.3113047178964,-19.7940436826935));
#4148=CARTESIAN_POINT('Ctrl Pts',(32.2093674681285,16.2363548091136,-19.2192952928772));
#4149=CARTESIAN_POINT('Ctrl Pts',(32.2093674681285,14.3395086884836,-18.2050998920925));
#4150=CARTESIAN_POINT('Ctrl Pts',(32.2093674681285,13.0039356097121,-17.4459817281817));
#4151=CARTESIAN_POINT('Ctrl Pts',(32.2093674681285,11.9403510540002,-16.8323549141533));
#4152=CARTESIAN_POINT('',(32.2093674681285,11.940351054,-11.5));
#4153=CARTESIAN_POINT('',(32.2093674681285,11.940351054,-11.5));
#4154=CARTESIAN_POINT('',(32.2093674681285,28.4112284941344,-11.5));
#4155=CARTESIAN_POINT('',(32.2093674681229,209.425295433719,-30.3949711971433));
#4156=CARTESIAN_POINT('',(32.2093674681285,156.405529197023,-30.3949711971433));
#4157=CARTESIAN_POINT('',(32.209367468112,202.366299587855,-36.0701062572324));
#4158=CARTESIAN_POINT('Ctrl Pts',(32.2093674681285,202.366299587763,-36.0701062572821));
#4159=CARTESIAN_POINT('Ctrl Pts',(32.2093674681285,204.06954565289,-35.1483849966465));
#4160=CARTESIAN_POINT('Ctrl Pts',(32.2093674681285,205.70072452196,-34.0587666955412));
#4161=CARTESIAN_POINT('Ctrl Pts',(32.2093674681285,207.969012216553,-32.0578203293359));
#4162=CARTESIAN_POINT('Ctrl Pts',(32.2093674681285,208.746126993168,-31.2581674635229));
#4163=CARTESIAN_POINT('Ctrl Pts',(32.2093674681285,209.425295433714,-30.3949711971395));
#4164=CARTESIAN_POINT('',(32.2093674681285,199.76210743147,-37.3949711971433));
#4165=CARTESIAN_POINT('Origin',(32.2093674681285,175.,14.5));
#4166=CARTESIAN_POINT('',(32.2093674681285,216.167781119513,-37.3949711971433));
#4167=CARTESIAN_POINT('Origin',(-2.13272887938066,146.571888857702,-37.3949711971433));
#4168=CARTESIAN_POINT('',(-40.1906325318775,194.676431700074,-37.3949711971433));
#4169=CARTESIAN_POINT('',(-46.6556927291516,194.676431700496,-37.3949711970633));
#4170=CARTESIAN_POINT('Ctrl Pts',(-40.1906325318775,194.676431700074,-37.3949711971433));
#4171=CARTESIAN_POINT('Ctrl Pts',(-42.3456525976355,194.676431700074,-37.3949711971433));
#4172=CARTESIAN_POINT('Ctrl Pts',(-44.5006726633936,194.676431700496,-37.3949711970633));
#4173=CARTESIAN_POINT('Ctrl Pts',(-46.6556927291516,194.676431700496,-37.3949711970633));
#4174=CARTESIAN_POINT('',(-41.0404717177329,199.762107432497,-37.3949711968983));
#4175=CARTESIAN_POINT('Ctrl Pts',(-41.0404717180353,199.76210743147,-37.3949711971433));
#4176=CARTESIAN_POINT('Ctrl Pts',(-41.2888934701816,199.76210743147,-37.3949711971433));
#4177=CARTESIAN_POINT('Ctrl Pts',(-41.5357725901942,199.728915727541,-37.3949711971433));
#4178=CARTESIAN_POINT('Ctrl Pts',(-42.0442825435011,199.60461173209,-37.3949711971433));
#4179=CARTESIAN_POINT('Ctrl Pts',(-42.3040411377549,199.507894079803,-37.394971197587));
#4180=CARTESIAN_POINT('Ctrl Pts',(-43.0934391157108,199.132433964892,-37.394971197587));
#4181=CARTESIAN_POINT('Ctrl Pts',(-43.6434406784083,198.744187846573,-37.3949711971433));
#4182=CARTESIAN_POINT('Ctrl Pts',(-45.0720308301268,197.376407042497,-37.3949711971433));
#4183=CARTESIAN_POINT('Ctrl Pts',(-45.9259777251253,196.185705297923,-37.3949711971433));
#4184=CARTESIAN_POINT('Ctrl Pts',(-46.6556927290491,194.676431700446,-37.3949711971433));
#4185=CARTESIAN_POINT('',(-40.1906325318775,199.76210743147,-37.3949711971433));
#4186=CARTESIAN_POINT('',(-140.,199.76210743147,-37.3949711971433));
#4187=CARTESIAN_POINT('',(-40.1906325318775,76.9759965958901,-37.3949711971433));
#4188=CARTESIAN_POINT('Origin',(-40.1906325318775,210.254572476896,-30.3949711971433));
#4189=CARTESIAN_POINT('',(-40.1906325318775,76.9037520188826,-36.7949711971433));
#4190=CARTESIAN_POINT('',(-40.1906325318775,84.0178728004028,-36.7949711971433));
#4191=CARTESIAN_POINT('',(-40.1906325318775,60.7036361513153,-36.7949711971433));
#4192=CARTESIAN_POINT('',(-40.1906325318775,86.5370879821636,-37.));
#4193=CARTESIAN_POINT('Origin',(-40.1906325318775,100.000000000012,144.00000000012));
#4194=CARTESIAN_POINT('',(-40.1906325318775,175.,-37.));
#4195=CARTESIAN_POINT('',(-40.1906325318775,148.39583022953,-37.));
#4196=CARTESIAN_POINT('',(-40.1906325318775,179.590852849334,-36.7949711971433));
#4197=CARTESIAN_POINT('Origin',(-40.1906325318775,175.,14.5000000000011));
#4198=CARTESIAN_POINT('',(-40.1906325318775,196.19141170107,-36.7949711971433));
#4199=CARTESIAN_POINT('',(-40.1906325318775,194.922712663115,-36.7949711971433));
#4200=CARTESIAN_POINT('Ctrl Pts',(-40.1906325318775,196.19141170107,-36.7949711971433));
#4201=CARTESIAN_POINT('Ctrl Pts',(-40.1906325318775,195.690790231076,-37.0017921667128));
#4202=CARTESIAN_POINT('Ctrl Pts',(-40.1906325318775,195.185258647985,-37.2019121174883));
#4203=CARTESIAN_POINT('Ctrl Pts',(-40.1906325318775,194.675272492888,-37.395090931018));
#4204=CARTESIAN_POINT('',(-40.1906325318775,202.366299587832,-36.070106257245));
#4205=CARTESIAN_POINT('Origin',(-40.1906325318775,175.,14.5));
#4206=CARTESIAN_POINT('',(-40.1906325318761,209.42529543373,-30.3949711971433));
#4207=CARTESIAN_POINT('Ctrl Pts',(-40.1906325318775,209.425295433729,-30.3949711971424));
#4208=CARTESIAN_POINT('Ctrl Pts',(-40.1906325318775,208.745800902692,-31.2585819116583));
#4209=CARTESIAN_POINT('Ctrl Pts',(-40.1906325318775,207.968263741409,-32.0585914069773));
#4210=CARTESIAN_POINT('Ctrl Pts',(-40.1906325318775,205.699818759038,-34.0593709711853));
#4211=CARTESIAN_POINT('Ctrl Pts',(-40.1906325318775,204.06907586278,-35.1486392262236));
#4212=CARTESIAN_POINT('Ctrl Pts',(-40.1906325318775,202.366299587831,-36.0701062572451));
#4213=CARTESIAN_POINT('',(-40.1906325318775,223.043817137526,-30.3949711971433));
#4214=CARTESIAN_POINT('',(-40.1906325318812,38.0232912976565,-27.7748254233414));
#4215=CARTESIAN_POINT('Ctrl Pts',(-40.1906325318812,38.0232912976565,-27.7748254233414));
#4216=CARTESIAN_POINT('Ctrl Pts',(-40.1906325318812,38.0232912976565,-25.8408372452589));
#4217=CARTESIAN_POINT('Ctrl Pts',(-40.190632531878,38.0232912976471,-23.9068490671764));
#4218=CARTESIAN_POINT('Ctrl Pts',(-40.1906325318775,38.0232912976456,-21.9728608890939));
#4219=CARTESIAN_POINT('Ctrl Pts',(-40.1906325318775,38.1590465789226,-28.8079252408503));
#4220=CARTESIAN_POINT('Ctrl Pts',(-40.1906325318775,38.0727737477665,-28.469997899378));
#4221=CARTESIAN_POINT('Ctrl Pts',(-40.1906325318775,38.0232912976456,-28.1233190545562));
#4222=CARTESIAN_POINT('Ctrl Pts',(-40.1906325318775,38.0232912976456,-27.774825423337));
#4223=CARTESIAN_POINT('',(-40.1906325318775,56.5500582304021,-33.9152146783159));
#4224=CARTESIAN_POINT('Ctrl Pts',(-40.1906325318775,47.,-31.5736674849886));
#4225=CARTESIAN_POINT('Ctrl Pts',(-40.1906325318775,48.4579089442566,-31.9814778900918));
#4226=CARTESIAN_POINT('Ctrl Pts',(-40.1906325318775,49.9218212411391,-32.3675137546416));
#4227=CARTESIAN_POINT('Ctrl Pts',(-40.1906325318775,53.1038611067688,-33.156041540537));
#4228=CARTESIAN_POINT('Ctrl Pts',(-40.1906325318775,54.8237244655201,-33.5506240184715));
#4229=CARTESIAN_POINT('Ctrl Pts',(-40.1906325318775,56.5500582304014,-33.9152146783157));
#4230=CARTESIAN_POINT('Origin',(-40.1906325318775,88.,115.));
#4231=CARTESIAN_POINT('Origin',(-2.13272887938066,146.571888857702,-37.3949711971433));
#4232=CARTESIAN_POINT('',(38.6744276653781,194.676431700496,-37.3949711970633));
#4233=CARTESIAN_POINT('Ctrl Pts',(38.6744276653781,194.676431700496,-37.3949711970633));
#4234=CARTESIAN_POINT('Ctrl Pts',(36.5194075996283,194.676431700496,-37.3949711970633));
#4235=CARTESIAN_POINT('Ctrl Pts',(34.3643875338784,194.67643170009,-37.3949711971402));
#4236=CARTESIAN_POINT('Ctrl Pts',(32.2093674681285,194.676431700074,-37.3949711971433));
#4237=CARTESIAN_POINT('',(33.0592066542603,199.762107431475,-37.394971197142));
#4238=CARTESIAN_POINT('',(-140.,199.76210743147,-37.3949711971433));
#4239=CARTESIAN_POINT('Ctrl Pts',(38.6744276652757,194.676431700446,-37.3949711971433));
#4240=CARTESIAN_POINT('Ctrl Pts',(38.2956722759752,195.459813576794,-37.3949711971433));
#4241=CARTESIAN_POINT('Ctrl Pts',(37.8531473555351,196.220292239072,-37.3949711964986));
#4242=CARTESIAN_POINT('Ctrl Pts',(36.8778869481818,197.547494659804,-37.3949711964986));
#4243=CARTESIAN_POINT('Ctrl Pts',(36.3390411614085,198.149297101723,-37.3949711971309));
#4244=CARTESIAN_POINT('Ctrl Pts',(35.216639350968,199.062006589519,-37.3949711971309));
#4245=CARTESIAN_POINT('Ctrl Pts',(34.6986639345956,199.364180017581,-37.394971197144));
#4246=CARTESIAN_POINT('Ctrl Pts',(33.8291943390246,199.681547472539,-37.394971197144));
#4247=CARTESIAN_POINT('Ctrl Pts',(33.4465021495768,199.76210743147,-37.3949711971433));
#4248=CARTESIAN_POINT('Ctrl Pts',(33.0592066542618,199.76210743147,-37.3949711971433));
#4249=CARTESIAN_POINT('Origin',(162.865747059945,86.5370879821636,-37.));
#4250=CARTESIAN_POINT('',(162.865747059945,175.,-37.));
#4251=CARTESIAN_POINT('',(162.865747059945,86.5370879821636,-37.));
#4252=CARTESIAN_POINT('Origin',(162.865747059945,100.000000000012,144.00000000012));
#4253=CARTESIAN_POINT('',(162.865747059945,84.0178728004028,-36.7949711971433));
#4254=CARTESIAN_POINT('Origin',(162.865747059945,76.9037520188829,-36.7949711971433));
#4255=CARTESIAN_POINT('',(162.865747059945,76.9037520188829,-36.7949711971433));
#4256=CARTESIAN_POINT('Ctrl Pts',(11.4572944554064,206.392438465879,-1.00000000000001));
#4257=CARTESIAN_POINT('Ctrl Pts',(11.4572944554064,206.392438465879,-11.5));
#4258=CARTESIAN_POINT('Ctrl Pts',(11.430142588886,206.67926014702,-1.00000000000001));
#4259=CARTESIAN_POINT('Ctrl Pts',(11.430142588886,206.67926014702,-11.5));
#4260=CARTESIAN_POINT('Ctrl Pts',(11.4116628441798,206.984974390355,-1.00000000000001));
#4261=CARTESIAN_POINT('Ctrl Pts',(11.4116628441798,206.984974390355,-11.5));
#4262=CARTESIAN_POINT('Ctrl Pts',(11.406583089427,207.307332148984,-1.00000000000001));
#4263=CARTESIAN_POINT('Ctrl Pts',(11.406583089427,207.307332148984,-11.5));
#4264=CARTESIAN_POINT('',(11.4572944553745,206.392438465886,-1.00000000000001));
#4265=CARTESIAN_POINT('',(11.4572944553843,206.392438465878,-1.00000000000001));
#4266=CARTESIAN_POINT('Ctrl Pts',(11.406583089427,207.307332148984,-1.00000000000001));
#4267=CARTESIAN_POINT('Ctrl Pts',(11.4116628441798,206.984974390355,-1.00000000000001));
#4268=CARTESIAN_POINT('Ctrl Pts',(11.430142588886,206.67926014702,-1.00000000000001));
#4269=CARTESIAN_POINT('Ctrl Pts',(11.4572944554064,206.392438465879,-1.00000000000001));
#4270=CARTESIAN_POINT('Ctrl Pts',(13.6851952489201,204.904972221728,-1.00000000000001));
#4271=CARTESIAN_POINT('Ctrl Pts',(13.6851952489201,204.904972221728,-11.5));
#4272=CARTESIAN_POINT('Ctrl Pts',(13.5806102168227,205.029461922464,-1.00000000000001));
#4273=CARTESIAN_POINT('Ctrl Pts',(13.5806102168227,205.029461922464,-11.5));
#4274=CARTESIAN_POINT('Ctrl Pts',(13.4721973109614,205.142772383165,-1.00000000000001));
#4275=CARTESIAN_POINT('Ctrl Pts',(13.4721973109614,205.142772383165,-11.5));
#4276=CARTESIAN_POINT('Ctrl Pts',(13.3699316997202,205.240051243872,-1.00000000000001));
#4277=CARTESIAN_POINT('Ctrl Pts',(13.3699316997202,205.240051243872,-11.5));
#4278=CARTESIAN_POINT('Ctrl Pts',(13.0357747761192,205.557913763158,-1.00000000000001));
#4279=CARTESIAN_POINT('Ctrl Pts',(13.0357747761192,205.557913763158,-11.5));
#4280=CARTESIAN_POINT('Ctrl Pts',(12.8105920452041,205.696359585409,-1.00000000000001));
#4281=CARTESIAN_POINT('Ctrl Pts',(12.8105920452041,205.696359585409,-11.5));
#4282=CARTESIAN_POINT('Ctrl Pts',(12.6247529722317,205.81179599289,-1.00000000000001));
#4283=CARTESIAN_POINT('Ctrl Pts',(12.6247529722317,205.81179599289,-11.5));
#4284=CARTESIAN_POINT('Ctrl Pts',(12.303922281468,206.011084235986,-1.00000000000001));
#4285=CARTESIAN_POINT('Ctrl Pts',(12.303922281468,206.011084235986,-11.5));
#4286=CARTESIAN_POINT('Ctrl Pts',(12.0790005021189,206.114409847448,-1.00000000000001));
#4287=CARTESIAN_POINT('Ctrl Pts',(12.0790005021189,206.114409847448,-11.5));
#4288=CARTESIAN_POINT('Ctrl Pts',(11.8902876928035,206.201552673116,-1.00000000000001));
#4289=CARTESIAN_POINT('Ctrl Pts',(11.8902876928035,206.201552673116,-11.5));
#4290=CARTESIAN_POINT('Ctrl Pts',(11.7213492963398,206.279564172627,-1.00000000000001));
#4291=CARTESIAN_POINT('Ctrl Pts',(11.7213492963398,206.279564172627,-11.5));
#4292=CARTESIAN_POINT('Ctrl Pts',(11.5764931143052,206.341380660396,-1.00000000000001));
#4293=CARTESIAN_POINT('Ctrl Pts',(11.5764931143052,206.341380660396,-11.5));
#4294=CARTESIAN_POINT('Ctrl Pts',(11.4573523652915,206.392391940974,-1.00000000000001));
#4295=CARTESIAN_POINT('Ctrl Pts',(11.4573523652915,206.392391940974,-11.5));
#4296=CARTESIAN_POINT('',(13.6851952487887,204.904972221518,-1.00000000000001));
#4297=CARTESIAN_POINT('',(13.6851952487887,204.904972221518,-1.00000000000001));
#4298=CARTESIAN_POINT('Ctrl Pts',(11.4573523652915,206.392391940974,-1.00000000000001));
#4299=CARTESIAN_POINT('Ctrl Pts',(11.5764931143052,206.341380660396,-1.00000000000001));
#4300=CARTESIAN_POINT('Ctrl Pts',(11.7213492963398,206.279564172627,-1.00000000000001));
#4301=CARTESIAN_POINT('Ctrl Pts',(11.8902876928035,206.201552673116,-1.00000000000001));
#4302=CARTESIAN_POINT('Ctrl Pts',(12.0790005021189,206.114409847448,-1.00000000000001));
#4303=CARTESIAN_POINT('Ctrl Pts',(12.303922281468,206.011084235986,-1.00000000000001));
#4304=CARTESIAN_POINT('Ctrl Pts',(12.6247529722317,205.81179599289,-1.00000000000001));
#4305=CARTESIAN_POINT('Ctrl Pts',(12.8105920452041,205.696359585409,-1.00000000000001));
#4306=CARTESIAN_POINT('Ctrl Pts',(13.0357747761192,205.557913763158,-1.00000000000001));
#4307=CARTESIAN_POINT('Ctrl Pts',(13.3699316997202,205.240051243872,-1.00000000000001));
#4308=CARTESIAN_POINT('Ctrl Pts',(13.4721973109614,205.142772383165,-1.00000000000001));
#4309=CARTESIAN_POINT('Ctrl Pts',(13.5806102168227,205.029461922464,-1.00000000000001));
#4310=CARTESIAN_POINT('Ctrl Pts',(13.6851952489201,204.904972221728,-1.00000000000001));
#4311=CARTESIAN_POINT('Ctrl Pts',(15.8717352528801,202.955812372022,-1.00000000000001));
#4312=CARTESIAN_POINT('Ctrl Pts',(15.8717352528801,202.955812372022,-11.5));
#4313=CARTESIAN_POINT('Ctrl Pts',(15.5973400361177,203.382410566834,-1.00000000000001));
#4314=CARTESIAN_POINT('Ctrl Pts',(15.5973400361177,203.382410566834,-11.5));
#4315=CARTESIAN_POINT('Ctrl Pts',(15.2999909698373,203.686521162201,-1.00000000000001));
#4316=CARTESIAN_POINT('Ctrl Pts',(15.2999909698373,203.686521162201,-11.5));
#4317=CARTESIAN_POINT('Ctrl Pts',(15.0630365890568,203.902604375164,-1.00000000000001));
#4318=CARTESIAN_POINT('Ctrl Pts',(15.0630365890568,203.902604375164,-11.5));
#4319=CARTESIAN_POINT('Ctrl Pts',(14.6379213630454,204.29027504668,-1.00000000000001));
#4320=CARTESIAN_POINT('Ctrl Pts',(14.6379213630454,204.29027504668,-11.5));
#4321=CARTESIAN_POINT('Ctrl Pts',(14.3201439453518,204.491286479399,-1.00000000000001));
#4322=CARTESIAN_POINT('Ctrl Pts',(14.3201439453518,204.491286479399,-11.5));
#4323=CARTESIAN_POINT('Ctrl Pts',(14.062641816571,204.660780430671,-1.00000000000001));
#4324=CARTESIAN_POINT('Ctrl Pts',(14.062641816571,204.660780430671,-11.5));
#4325=CARTESIAN_POINT('Ctrl Pts',(13.91690487953,204.756707906775,-1.00000000000001));
#4326=CARTESIAN_POINT('Ctrl Pts',(13.91690487953,204.756707906775,-11.5));
#4327=CARTESIAN_POINT('Ctrl Pts',(13.7879700901566,204.838618175525,-1.00000000000001));
#4328=CARTESIAN_POINT('Ctrl Pts',(13.7879700901566,204.838618175525,-11.5));
#4329=CARTESIAN_POINT('Ctrl Pts',(13.6851952487484,204.904972221543,-1.00000000000001));
#4330=CARTESIAN_POINT('Ctrl Pts',(13.6851952487484,204.904972221543,-11.5));
#4331=CARTESIAN_POINT('',(15.8717352528998,202.955812372049,-1.00000000000001));
#4332=CARTESIAN_POINT('',(15.8717352528998,202.955812372049,-1.00000000000001));
#4333=CARTESIAN_POINT('Ctrl Pts',(13.6851952487886,204.904972221518,-1.00000000000001));
#4334=CARTESIAN_POINT('Ctrl Pts',(13.7879700901902,204.838618175504,-1.00000000000001));
#4335=CARTESIAN_POINT('Ctrl Pts',(13.916904879549,204.756707906762,-1.00000000000001));
#4336=CARTESIAN_POINT('Ctrl Pts',(14.062641816571,204.660780430671,-1.00000000000001));
#4337=CARTESIAN_POINT('Ctrl Pts',(14.3201439453423,204.491286479405,-1.00000000000001));
#4338=CARTESIAN_POINT('Ctrl Pts',(14.637921363022,204.290275046695,-1.00000000000001));
#4339=CARTESIAN_POINT('Ctrl Pts',(15.0630365890098,203.902604375207,-1.00000000000001));
#4340=CARTESIAN_POINT('Ctrl Pts',(15.299990969798,203.686521162241,-1.00000000000001));
#4341=CARTESIAN_POINT('Ctrl Pts',(15.5973400360996,203.382410566862,-1.00000000000001));
#4342=CARTESIAN_POINT('Ctrl Pts',(15.8717352528801,202.955812372022,-1.00000000000001));
#4343=CARTESIAN_POINT('Ctrl Pts',(18.1002984274938,200.382602729704,-1.00000000000001));
#4344=CARTESIAN_POINT('Ctrl Pts',(18.1002984274938,200.382602729704,-11.5));
#4345=CARTESIAN_POINT('Ctrl Pts',(18.0717119181428,200.450451990739,-1.00000000000001));
#4346=CARTESIAN_POINT('Ctrl Pts',(18.0717119181428,200.450451990739,-11.5));
#4347=CARTESIAN_POINT('Ctrl Pts',(18.0425943798026,200.514898902068,-1.00000000000001));
#4348=CARTESIAN_POINT('Ctrl Pts',(18.0425943798026,200.514898902068,-11.5));
#4349=CARTESIAN_POINT('Ctrl Pts',(18.0128730532237,200.577010500494,-1.00000000000001));
#4350=CARTESIAN_POINT('Ctrl Pts',(18.0128730532237,200.577010500494,-11.5));
#4351=CARTESIAN_POINT('Ctrl Pts',(17.7925888053833,201.037360300329,-1.00000000000001));
#4352=CARTESIAN_POINT('Ctrl Pts',(17.7925888053833,201.037360300329,-11.5));
#4353=CARTESIAN_POINT('Ctrl Pts',(17.5039841959489,201.430437238735,-1.00000000000001));
#4354=CARTESIAN_POINT('Ctrl Pts',(17.5039841959489,201.430437238735,-11.5));
#4355=CARTESIAN_POINT('Ctrl Pts',(17.2383701590087,201.730315238116,-1.00000000000001));
#4356=CARTESIAN_POINT('Ctrl Pts',(17.2383701590087,201.730315238116,-11.5));
#4357=CARTESIAN_POINT('Ctrl Pts',(16.8513474703913,202.167263491734,-1.00000000000001));
#4358=CARTESIAN_POINT('Ctrl Pts',(16.8513474703913,202.167263491734,-11.5));
#4359=CARTESIAN_POINT('Ctrl Pts',(16.5296212529137,202.425318041501,-1.00000000000001));
#4360=CARTESIAN_POINT('Ctrl Pts',(16.5296212529137,202.425318041501,-11.5));
#4361=CARTESIAN_POINT('Ctrl Pts',(16.2770591702568,202.631065477243,-1.00000000000001));
#4362=CARTESIAN_POINT('Ctrl Pts',(16.2770591702568,202.631065477243,-11.5));
#4363=CARTESIAN_POINT('Ctrl Pts',(16.1119893144473,202.765538154986,-1.00000000000001));
#4364=CARTESIAN_POINT('Ctrl Pts',(16.1119893144473,202.765538154986,-11.5));
#4365=CARTESIAN_POINT('Ctrl Pts',(15.974440879463,202.873147839761,-1.00000000000001));
#4366=CARTESIAN_POINT('Ctrl Pts',(15.974440879463,202.873147839761,-11.5));
#4367=CARTESIAN_POINT('Ctrl Pts',(15.8717352528998,202.955812372049,-1.00000000000001));
#4368=CARTESIAN_POINT('Ctrl Pts',(15.8717352528998,202.955812372049,-11.5));
#4369=CARTESIAN_POINT('',(18.1002984275494,200.382602729709,-1.00000000000001));
#4370=CARTESIAN_POINT('',(18.1002984275494,200.382602729709,-1.00000000000001));
#4371=CARTESIAN_POINT('Ctrl Pts',(15.8717352528998,202.955812372049,-1.00000000000001));
#4372=CARTESIAN_POINT('Ctrl Pts',(15.974440879463,202.873147839761,-1.00000000000001));
#4373=CARTESIAN_POINT('Ctrl Pts',(16.1119893144473,202.765538154986,-1.00000000000001));
#4374=CARTESIAN_POINT('Ctrl Pts',(16.2770591702568,202.631065477243,-1.00000000000001));
#4375=CARTESIAN_POINT('Ctrl Pts',(16.5296212529137,202.425318041501,-1.00000000000001));
#4376=CARTESIAN_POINT('Ctrl Pts',(16.8513474703913,202.167263491734,-1.00000000000001));
#4377=CARTESIAN_POINT('Ctrl Pts',(17.2383701590087,201.730315238116,-1.00000000000001));
#4378=CARTESIAN_POINT('Ctrl Pts',(17.5039841959489,201.430437238735,-1.00000000000001));
#4379=CARTESIAN_POINT('Ctrl Pts',(17.7925888053833,201.037360300329,-1.00000000000001));
#4380=CARTESIAN_POINT('Ctrl Pts',(18.0128730532237,200.577010500494,-1.00000000000001));
#4381=CARTESIAN_POINT('Ctrl Pts',(18.0425943798026,200.514898902068,-1.00000000000001));
#4382=CARTESIAN_POINT('Ctrl Pts',(18.0717119181428,200.450451990739,-1.00000000000001));
#4383=CARTESIAN_POINT('Ctrl Pts',(18.1002984274938,200.382602729704,-1.00000000000001));
#4384=CARTESIAN_POINT('Ctrl Pts',(39.6378364312693,70.5310988764812,-1.00000000000001));
#4385=CARTESIAN_POINT('Ctrl Pts',(39.6378364312693,70.5310988764812,-11.5));
#4386=CARTESIAN_POINT('Ctrl Pts',(39.5983687832385,70.7600064827021,-1.00000000000001));
#4387=CARTESIAN_POINT('Ctrl Pts',(39.5983687832385,70.7600064827021,-11.5));
#4388=CARTESIAN_POINT('Ctrl Pts',(39.5708600935487,70.9355364306786,-1.00000000000001));
#4389=CARTESIAN_POINT('Ctrl Pts',(39.5708600935487,70.9355364306786,-11.5));
#4390=CARTESIAN_POINT('Ctrl Pts',(39.5443095024482,71.111998012305,-1.00000000000001));
#4391=CARTESIAN_POINT('Ctrl Pts',(39.5443095024482,71.111998012305,-11.5));
#4392=CARTESIAN_POINT('Ctrl Pts',(39.5055445736919,71.369639004706,-1.00000000000001));
#4393=CARTESIAN_POINT('Ctrl Pts',(39.5055445736919,71.369639004706,-11.5));
#4394=CARTESIAN_POINT('Ctrl Pts',(39.4633341969017,71.6753847482446,-1.00000000000001));
#4395=CARTESIAN_POINT('Ctrl Pts',(39.4633341969017,71.6753847482446,-11.5));
#4396=CARTESIAN_POINT('Ctrl Pts',(39.4231416087523,71.9893074148708,-1.00000000000001));
#4397=CARTESIAN_POINT('Ctrl Pts',(39.4231416087523,71.9893074148708,-11.5));
#4398=CARTESIAN_POINT('Ctrl Pts',(39.3442472300942,72.6055089303865,-1.00000000000001));
#4399=CARTESIAN_POINT('Ctrl Pts',(39.3442472300942,72.6055089303865,-11.5));
#4400=CARTESIAN_POINT('Ctrl Pts',(39.2717669673649,73.2558518743981,-1.00000000000001));
#4401=CARTESIAN_POINT('Ctrl Pts',(39.2717669673649,73.2558518743981,-11.5));
#4402=CARTESIAN_POINT('Ctrl Pts',(39.1887155367796,73.9055875988517,-1.00000000000001));
#4403=CARTESIAN_POINT('Ctrl Pts',(39.1887155367796,73.9055875988517,-11.5));
#4404=CARTESIAN_POINT('Ctrl Pts',(39.1235586052387,74.4153294036537,-1.00000000000001));
#4405=CARTESIAN_POINT('Ctrl Pts',(39.1235586052387,74.4153294036537,-11.5));
#4406=CARTESIAN_POINT('Ctrl Pts',(39.0616890493246,74.8415207642128,-1.00000000000001));
#4407=CARTESIAN_POINT('Ctrl Pts',(39.0616890493246,74.8415207642128,-11.5));
#4408=CARTESIAN_POINT('Ctrl Pts',(39.000910243605,75.2097251966095,-1.00000000000001));
#4409=CARTESIAN_POINT('Ctrl Pts',(39.000910243605,75.2097251966095,-11.5));
#4410=CARTESIAN_POINT('Ctrl Pts',(38.9368816558433,75.5976171522831,-1.00000000000001));
#4411=CARTESIAN_POINT('Ctrl Pts',(38.9368816558433,75.5976171522831,-11.5));
#4412=CARTESIAN_POINT('Ctrl Pts',(38.8918258034091,75.9111785553954,-1.00000000000001));
#4413=CARTESIAN_POINT('Ctrl Pts',(38.8918258034091,75.9111785553954,-11.5));
#4414=CARTESIAN_POINT('Ctrl Pts',(38.8362264637167,76.3753384290976,-1.00000000000001));
#4415=CARTESIAN_POINT('Ctrl Pts',(38.8362264637167,76.3753384290976,-11.5));
#4416=CARTESIAN_POINT('Ctrl Pts',(38.7934325751185,76.732594577045,-1.00000000000001));
#4417=CARTESIAN_POINT('Ctrl Pts',(38.7934325751185,76.732594577045,-11.5));
#4418=CARTESIAN_POINT('Ctrl Pts',(38.7415889585628,77.2399340957326,-1.00000000000001));
#4419=CARTESIAN_POINT('Ctrl Pts',(38.7415889585628,77.2399340957326,-11.5));
#4420=CARTESIAN_POINT('Ctrl Pts',(38.6948075802726,77.7657526101446,-1.00000000000001));
#4421=CARTESIAN_POINT('Ctrl Pts',(38.6948075802726,77.7657526101446,-11.5));
#4422=CARTESIAN_POINT('Ctrl Pts',(38.6265598330341,78.5328511945919,-1.00000000000001));
#4423=CARTESIAN_POINT('Ctrl Pts',(38.6265598330341,78.5328511945919,-11.5));
#4424=CARTESIAN_POINT('Ctrl Pts',(38.5690918130075,79.2976764894169,-1.00000000000001));
#4425=CARTESIAN_POINT('Ctrl Pts',(38.5690918130075,79.2976764894169,-11.5));
#4426=CARTESIAN_POINT('Ctrl Pts',(38.4638485494236,80.1251226169461,-1.00000000000001));
#4427=CARTESIAN_POINT('Ctrl Pts',(38.4638485494236,80.1251226169461,-11.5));
#4428=CARTESIAN_POINT('Ctrl Pts',(38.460485598964,80.1515628872318,-1.00000000000001));
#4429=CARTESIAN_POINT('Ctrl Pts',(38.460485598964,80.1515628872318,-11.5));
#4430=CARTESIAN_POINT('Ctrl Pts',(38.4571424962121,80.178115026641,-1.00000000000001));
#4431=CARTESIAN_POINT('Ctrl Pts',(38.4571424962121,80.178115026641,-11.5));
#4432=CARTESIAN_POINT('Ctrl Pts',(38.4538115542394,80.2048464149299,-1.00000000000001));
#4433=CARTESIAN_POINT('Ctrl Pts',(38.4538115542394,80.2048464149299,-11.5));
#4434=CARTESIAN_POINT('Ctrl Pts',(38.4055319651978,80.5922985085618,-1.00000000000001));
#4435=CARTESIAN_POINT('Ctrl Pts',(38.4055319651978,80.5922985085618,-11.5));
#4436=CARTESIAN_POINT('Ctrl Pts',(38.3556677666344,81.0321457597879,-1.00000000000001));
#4437=CARTESIAN_POINT('Ctrl Pts',(38.3556677666344,81.0321457597879,-11.5));
#4438=CARTESIAN_POINT('Ctrl Pts',(38.3010952376077,81.7003105640609,-1.00000000000001));
#4439=CARTESIAN_POINT('Ctrl Pts',(38.3010952376077,81.7003105640609,-11.5));
#4440=CARTESIAN_POINT('Ctrl Pts',(38.2253543528164,82.627652477008,-1.00000000000001));
#4441=CARTESIAN_POINT('Ctrl Pts',(38.2253543528164,82.627652477008,-11.5));
#4442=CARTESIAN_POINT('Ctrl Pts',(38.1849535491486,83.7535232448199,-1.00000000000001));
#4443=CARTESIAN_POINT('Ctrl Pts',(38.1849535491486,83.7535232448199,-11.5));
#4444=CARTESIAN_POINT('Ctrl Pts',(38.0707508988031,85.0289848400574,-1.00000000000001));
#4445=CARTESIAN_POINT('Ctrl Pts',(38.0707508988031,85.0289848400574,-11.5));
#4446=CARTESIAN_POINT('Ctrl Pts',(38.0153487172257,85.647738911707,-1.00000000000001));
#4447=CARTESIAN_POINT('Ctrl Pts',(38.0153487172257,85.647738911707,-11.5));
#4448=CARTESIAN_POINT('Ctrl Pts',(37.9933115901593,86.2886762908284,-1.00000000000001));
#4449=CARTESIAN_POINT('Ctrl Pts',(37.9933115901593,86.2886762908284,-11.5));
#4450=CARTESIAN_POINT('Ctrl Pts',(37.98237557669,86.9698184396849,-1.00000000000001));
#4451=CARTESIAN_POINT('Ctrl Pts',(37.98237557669,86.9698184396849,-11.5));
#4452=CARTESIAN_POINT('Ctrl Pts',(37.9723773942378,87.5925484225265,-1.00000000000001));
#4453=CARTESIAN_POINT('Ctrl Pts',(37.9723773942378,87.5925484225265,-11.5));
#4454=CARTESIAN_POINT('Ctrl Pts',(37.96835576833,88.3185778042991,-1.00000000000001));
#4455=CARTESIAN_POINT('Ctrl Pts',(37.96835576833,88.3185778042991,-11.5));
#4456=CARTESIAN_POINT('Ctrl Pts',(37.9567701202852,88.8221758791635,-1.00000000000001));
#4457=CARTESIAN_POINT('Ctrl Pts',(37.9567701202852,88.8221758791635,-11.5));
#4458=CARTESIAN_POINT('Ctrl Pts',(37.9450571312476,89.3313091367467,-1.00000000000001));
#4459=CARTESIAN_POINT('Ctrl Pts',(37.9450571312476,89.3313091367467,-11.5));
#4460=CARTESIAN_POINT('Ctrl Pts',(37.9317840702348,89.6238744667739,-1.00000000000001));
#4461=CARTESIAN_POINT('Ctrl Pts',(37.9317840702348,89.6238744667739,-11.5));
#4462=CARTESIAN_POINT('Ctrl Pts',(37.9138210326682,89.9356336258904,-1.00000000000001));
#4463=CARTESIAN_POINT('Ctrl Pts',(37.9138210326682,89.9356336258904,-11.5));
#4464=CARTESIAN_POINT('Ctrl Pts',(37.9126317955744,89.9562735402122,-1.00000000000001));
#4465=CARTESIAN_POINT('Ctrl Pts',(37.9126317955744,89.9562735402122,-11.5));
#4466=CARTESIAN_POINT('Ctrl Pts',(37.9114492460933,89.9769311851454,-1.00000000000001));
#4467=CARTESIAN_POINT('Ctrl Pts',(37.9114492460933,89.9769311851454,-11.5));
#4468=CARTESIAN_POINT('Ctrl Pts',(37.9102635501334,89.9977830470236,-1.00000000000001));
#4469=CARTESIAN_POINT('Ctrl Pts',(37.9102635501334,89.9977830470236,-11.5));
#4470=CARTESIAN_POINT('Ctrl Pts',(37.8984883545064,90.2048637499233,-1.00000000000001));
#4471=CARTESIAN_POINT('Ctrl Pts',(37.8984883545064,90.2048637499233,-11.5));
#4472=CARTESIAN_POINT('Ctrl Pts',(37.8850580987702,90.4530078209321,-1.00000000000001));
#4473=CARTESIAN_POINT('Ctrl Pts',(37.8850580987702,90.4530078209321,-11.5));
#4474=CARTESIAN_POINT('Ctrl Pts',(37.8706333489582,90.7577945059578,-1.00000000000001));
#4475=CARTESIAN_POINT('Ctrl Pts',(37.8706333489582,90.7577945059578,-11.5));
#4476=CARTESIAN_POINT('Ctrl Pts',(37.8428433447563,91.3449813457915,-1.00000000000001));
#4477=CARTESIAN_POINT('Ctrl Pts',(37.8428433447563,91.3449813457915,-11.5));
#4478=CARTESIAN_POINT('Ctrl Pts',(37.8242762071549,91.8641633092649,-1.00000000000001));
#4479=CARTESIAN_POINT('Ctrl Pts',(37.8242762071549,91.8641633092649,-11.5));
#4480=CARTESIAN_POINT('Ctrl Pts',(37.8082860594417,92.4712395494978,-1.00000000000001));
#4481=CARTESIAN_POINT('Ctrl Pts',(37.8082860594417,92.4712395494978,-11.5));
#4482=CARTESIAN_POINT('Ctrl Pts',(37.7877056835175,93.2525867554626,-1.00000000000001));
#4483=CARTESIAN_POINT('Ctrl Pts',(37.7877056835175,93.2525867554626,-11.5));
#4484=CARTESIAN_POINT('Ctrl Pts',(37.7729803055389,94.1964767516946,-1.00000000000001));
#4485=CARTESIAN_POINT('Ctrl Pts',(37.7729803055389,94.1964767516946,-11.5));
#4486=CARTESIAN_POINT('Ctrl Pts',(37.7530182150598,94.8581401106,-1.00000000000001));
#4487=CARTESIAN_POINT('Ctrl Pts',(37.7530182150598,94.8581401106,-11.5));
#4488=CARTESIAN_POINT('Ctrl Pts',(37.7482582116797,95.0159151606704,-1.00000000000001));
#4489=CARTESIAN_POINT('Ctrl Pts',(37.7482582116797,95.0159151606704,-11.5));
#4490=CARTESIAN_POINT('Ctrl Pts',(37.7452194960226,95.1616488199588,-1.00000000000001));
#4491=CARTESIAN_POINT('Ctrl Pts',(37.7452194960226,95.1616488199588,-11.5));
#4492=CARTESIAN_POINT('Ctrl Pts',(37.7432021213731,95.3073502423397,-1.00000000000001));
#4493=CARTESIAN_POINT('Ctrl Pts',(37.7432021213731,95.3073502423397,-11.5));
#4494=CARTESIAN_POINT('Ctrl Pts',(37.738714193637,95.6314831220842,-1.00000000000001));
#4495=CARTESIAN_POINT('Ctrl Pts',(37.738714193637,95.6314831220842,-11.5));
#4496=CARTESIAN_POINT('Ctrl Pts',(37.7387798209438,95.9770766491811,-1.00000000000001));
#4497=CARTESIAN_POINT('Ctrl Pts',(37.7387798209438,95.9770766491811,-11.5));
#4498=CARTESIAN_POINT('Ctrl Pts',(37.7465953937753,96.4245528571492,-1.00000000000001));
#4499=CARTESIAN_POINT('Ctrl Pts',(37.7465953937753,96.4245528571492,-11.5));
#4500=CARTESIAN_POINT('Ctrl Pts',(37.7575033179177,97.04907989276,-1.00000000000001));
#4501=CARTESIAN_POINT('Ctrl Pts',(37.7575033179177,97.04907989276,-11.5));
#4502=CARTESIAN_POINT('Ctrl Pts',(37.7827514354103,97.7089723520868,-1.00000000000001));
#4503=CARTESIAN_POINT('Ctrl Pts',(37.7827514354103,97.7089723520868,-11.5));
#4504=CARTESIAN_POINT('Ctrl Pts',(37.8005951963536,98.3674574259277,-1.00000000000001));
#4505=CARTESIAN_POINT('Ctrl Pts',(37.8005951963536,98.3674574259277,-11.5));
#4506=CARTESIAN_POINT('Ctrl Pts',(37.8140957626418,98.8656663751174,-1.00000000000001));
#4507=CARTESIAN_POINT('Ctrl Pts',(37.8140957626418,98.8656663751174,-11.5));
#4508=CARTESIAN_POINT('Ctrl Pts',(37.8218831092371,99.3243891052493,-1.00000000000001));
#4509=CARTESIAN_POINT('Ctrl Pts',(37.8218831092371,99.3243891052493,-11.5));
#4510=CARTESIAN_POINT('Ctrl Pts',(37.8171382958967,99.7919401408568,-1.00000000000001));
#4511=CARTESIAN_POINT('Ctrl Pts',(37.8171382958967,99.7919401408568,-11.5));
#4512=CARTESIAN_POINT('Ctrl Pts',(37.816421443937,99.8625782992097,-1.00000000000001));
#4513=CARTESIAN_POINT('Ctrl Pts',(37.816421443937,99.8625782992097,-11.5));
#4514=CARTESIAN_POINT('Ctrl Pts',(37.8156085380078,99.9341875292231,-1.00000000000001));
#4515=CARTESIAN_POINT('Ctrl Pts',(37.8156085380078,99.9341875292231,-11.5));
#4516=CARTESIAN_POINT('Ctrl Pts',(37.8146907924837,100.007904580282,-1.00000000000001));
#4517=CARTESIAN_POINT('Ctrl Pts',(37.8146907924837,100.007904580282,-11.5));
#4518=CARTESIAN_POINT('Ctrl Pts',(37.8106250517143,100.334481405801,-1.00000000000001));
#4519=CARTESIAN_POINT('Ctrl Pts',(37.8106250517143,100.334481405801,-11.5));
#4520=CARTESIAN_POINT('Ctrl Pts',(37.803944848072,100.716985442372,-1.00000000000001));
#4521=CARTESIAN_POINT('Ctrl Pts',(37.803944848072,100.716985442372,-11.5));
#4522=CARTESIAN_POINT('Ctrl Pts',(37.7953901511428,101.214852397978,-1.00000000000001));
#4523=CARTESIAN_POINT('Ctrl Pts',(37.7953901511428,101.214852397978,-11.5));
#4524=CARTESIAN_POINT('Ctrl Pts',(37.7889201578398,101.591393600457,-1.00000000000001));
#4525=CARTESIAN_POINT('Ctrl Pts',(37.7889201578398,101.591393600457,-11.5));
#4526=CARTESIAN_POINT('Ctrl Pts',(37.7835242461257,101.943327538233,-1.00000000000001));
#4527=CARTESIAN_POINT('Ctrl Pts',(37.7835242461257,101.943327538233,-11.5));
#4528=CARTESIAN_POINT('Ctrl Pts',(37.7800817408257,102.245923074693,-1.00000000000001));
#4529=CARTESIAN_POINT('Ctrl Pts',(37.7800817408257,102.245923074693,-11.5));
#4530=CARTESIAN_POINT('Ctrl Pts',(37.7753340282321,102.66324607466,-1.00000000000001));
#4531=CARTESIAN_POINT('Ctrl Pts',(37.7753340282321,102.66324607466,-11.5));
#4532=CARTESIAN_POINT('Ctrl Pts',(37.7729927537841,103.055792662675,-1.00000000000001));
#4533=CARTESIAN_POINT('Ctrl Pts',(37.7729927537841,103.055792662675,-11.5));
#4534=CARTESIAN_POINT('Ctrl Pts',(37.7723594385823,103.542385994759,-1.00000000000001));
#4535=CARTESIAN_POINT('Ctrl Pts',(37.7723594385823,103.542385994759,-11.5));
#4536=CARTESIAN_POINT('Ctrl Pts',(37.7717719140738,103.993797089124,-1.00000000000001));
#4537=CARTESIAN_POINT('Ctrl Pts',(37.7717719140738,103.993797089124,-11.5));
#4538=CARTESIAN_POINT('Ctrl Pts',(37.7724675842381,104.424872648121,-1.00000000000001));
#4539=CARTESIAN_POINT('Ctrl Pts',(37.7724675842381,104.424872648121,-11.5));
#4540=CARTESIAN_POINT('Ctrl Pts',(37.7717703474572,104.777112290045,-1.00000000000001));
#4541=CARTESIAN_POINT('Ctrl Pts',(37.7717703474572,104.777112290045,-11.5));
#4542=CARTESIAN_POINT('Ctrl Pts',(37.7709244874838,105.204435435246,-1.00000000000001));
#4543=CARTESIAN_POINT('Ctrl Pts',(37.7709244874838,105.204435435246,-11.5));
#4544=CARTESIAN_POINT('Ctrl Pts',(37.777476069984,105.539192416132,-1.00000000000001));
#4545=CARTESIAN_POINT('Ctrl Pts',(37.777476069984,105.539192416132,-11.5));
#4546=CARTESIAN_POINT('Ctrl Pts',(37.7864988130539,105.878010171817,-1.00000000000001));
#4547=CARTESIAN_POINT('Ctrl Pts',(37.7864988130539,105.878010171817,-11.5));
#4548=CARTESIAN_POINT('Ctrl Pts',(37.7976151203114,106.295444453975,-1.00000000000001));
#4549=CARTESIAN_POINT('Ctrl Pts',(37.7976151203114,106.295444453975,-11.5));
#4550=CARTESIAN_POINT('Ctrl Pts',(37.8137642555439,106.71415631374,-1.00000000000001));
#4551=CARTESIAN_POINT('Ctrl Pts',(37.8137642555439,106.71415631374,-11.5));
#4552=CARTESIAN_POINT('Ctrl Pts',(37.8403905777257,107.345718324023,-1.00000000000001));
#4553=CARTESIAN_POINT('Ctrl Pts',(37.8403905777257,107.345718324023,-11.5));
#4554=CARTESIAN_POINT('Ctrl Pts',(37.8543843133527,107.677642190325,-1.00000000000001));
#4555=CARTESIAN_POINT('Ctrl Pts',(37.8543843133527,107.677642190325,-11.5));
#4556=CARTESIAN_POINT('Ctrl Pts',(37.8730294455711,108.107376390726,-1.00000000000001));
#4557=CARTESIAN_POINT('Ctrl Pts',(37.8730294455711,108.107376390726,-11.5));
#4558=CARTESIAN_POINT('Ctrl Pts',(37.8876755782519,108.540559842242,-1.00000000000001));
#4559=CARTESIAN_POINT('Ctrl Pts',(37.8876755782519,108.540559842242,-11.5));
#4560=CARTESIAN_POINT('Ctrl Pts',(37.9030801040123,108.996174015848,-1.00000000000001));
#4561=CARTESIAN_POINT('Ctrl Pts',(37.9030801040123,108.996174015848,-11.5));
#4562=CARTESIAN_POINT('Ctrl Pts',(37.9115605378093,109.390629683151,-1.00000000000001));
#4563=CARTESIAN_POINT('Ctrl Pts',(37.9115605378093,109.390629683151,-11.5));
#4564=CARTESIAN_POINT('Ctrl Pts',(37.9136003798519,109.751141575168,-1.00000000000001));
#4565=CARTESIAN_POINT('Ctrl Pts',(37.9136003798519,109.751141575168,-11.5));
#4566=CARTESIAN_POINT('Ctrl Pts',(37.9186495440097,110.643506614057,-1.00000000000001));
#4567=CARTESIAN_POINT('Ctrl Pts',(37.9186495440097,110.643506614057,-11.5));
#4568=CARTESIAN_POINT('Ctrl Pts',(37.903470892822,111.218674920236,-1.00000000000001));
#4569=CARTESIAN_POINT('Ctrl Pts',(37.903470892822,111.218674920236,-11.5));
#4570=CARTESIAN_POINT('Ctrl Pts',(37.8906764972713,112.06875459479,-1.00000000000001));
#4571=CARTESIAN_POINT('Ctrl Pts',(37.8906764972713,112.06875459479,-11.5));
#4572=CARTESIAN_POINT('Ctrl Pts',(37.8837720201497,112.527498866153,-1.00000000000001));
#4573=CARTESIAN_POINT('Ctrl Pts',(37.8837720201497,112.527498866153,-11.5));
#4574=CARTESIAN_POINT('Ctrl Pts',(37.8767755444514,113.114572165716,-1.00000000000001));
#4575=CARTESIAN_POINT('Ctrl Pts',(37.8767755444514,113.114572165716,-11.5));
#4576=CARTESIAN_POINT('Ctrl Pts',(37.8758924245793,113.727758332554,-1.00000000000001));
#4577=CARTESIAN_POINT('Ctrl Pts',(37.8758924245793,113.727758332554,-11.5));
#4578=CARTESIAN_POINT('Ctrl Pts',(37.8753998345928,114.069783662518,-1.00000000000001));
#4579=CARTESIAN_POINT('Ctrl Pts',(37.8753998345928,114.069783662518,-11.5));
#4580=CARTESIAN_POINT('Ctrl Pts',(37.8762937638268,114.373525240534,-1.00000000000001));
#4581=CARTESIAN_POINT('Ctrl Pts',(37.8762937638268,114.373525240534,-11.5));
#4582=CARTESIAN_POINT('Ctrl Pts',(37.8782439392188,114.768490506751,-1.00000000000001));
#4583=CARTESIAN_POINT('Ctrl Pts',(37.8782439392188,114.768490506751,-11.5));
#4584=CARTESIAN_POINT('Ctrl Pts',(37.8787164657512,114.864190395309,-1.00000000000001));
#4585=CARTESIAN_POINT('Ctrl Pts',(37.8787164657512,114.864190395309,-11.5));
#4586=CARTESIAN_POINT('Ctrl Pts',(37.8792037145635,114.98706818986,-1.00000000000001));
#4587=CARTESIAN_POINT('Ctrl Pts',(37.8792037145635,114.98706818986,-11.5));
#4588=CARTESIAN_POINT('Ctrl Pts',(37.879584535544,115.117735984963,-1.00000000000001));
#4589=CARTESIAN_POINT('Ctrl Pts',(37.879584535544,115.117735984963,-11.5));
#4590=CARTESIAN_POINT('Ctrl Pts',(37.8807380212123,115.513521502829,-1.00000000000001));
#4591=CARTESIAN_POINT('Ctrl Pts',(37.8807380212123,115.513521502829,-11.5));
#4592=CARTESIAN_POINT('Ctrl Pts',(37.8809473221859,115.900401936522,-1.00000000000001));
#4593=CARTESIAN_POINT('Ctrl Pts',(37.8809473221859,115.900401936522,-11.5));
#4594=CARTESIAN_POINT('Ctrl Pts',(37.8825149390073,116.282081423726,-1.00000000000001));
#4595=CARTESIAN_POINT('Ctrl Pts',(37.8825149390073,116.282081423726,-11.5));
#4596=CARTESIAN_POINT('Ctrl Pts',(37.8846001013789,116.789771628294,-1.00000000000001));
#4597=CARTESIAN_POINT('Ctrl Pts',(37.8846001013789,116.789771628294,-11.5));
#4598=CARTESIAN_POINT('Ctrl Pts',(37.8896385880908,117.289413413617,-1.00000000000001));
#4599=CARTESIAN_POINT('Ctrl Pts',(37.8896385880908,117.289413413617,-11.5));
#4600=CARTESIAN_POINT('Ctrl Pts',(37.8969124126357,117.799863896836,-1.00000000000001));
#4601=CARTESIAN_POINT('Ctrl Pts',(37.8969124126357,117.799863896836,-11.5));
#4602=CARTESIAN_POINT('Ctrl Pts',(37.9072420077917,118.524757218948,-1.00000000000001));
#4603=CARTESIAN_POINT('Ctrl Pts',(37.9072420077917,118.524757218948,-11.5));
#4604=CARTESIAN_POINT('Ctrl Pts',(37.9188237721141,119.194895389475,-1.00000000000001));
#4605=CARTESIAN_POINT('Ctrl Pts',(37.9188237721141,119.194895389475,-11.5));
#4606=CARTESIAN_POINT('Ctrl Pts',(37.9127771806773,119.831677462166,-1.00000000000001));
#4607=CARTESIAN_POINT('Ctrl Pts',(37.9127771806773,119.831677462166,-11.5));
#4608=CARTESIAN_POINT('Ctrl Pts',(37.905861839275,120.559949824792,-1.00000000000001));
#4609=CARTESIAN_POINT('Ctrl Pts',(37.905861839275,120.559949824792,-11.5));
#4610=CARTESIAN_POINT('Ctrl Pts',(37.8829702478942,121.197388017176,-1.00000000000001));
#4611=CARTESIAN_POINT('Ctrl Pts',(37.8829702478942,121.197388017176,-11.5));
#4612=CARTESIAN_POINT('Ctrl Pts',(37.8538558431257,121.912456098091,-1.00000000000001));
#4613=CARTESIAN_POINT('Ctrl Pts',(37.8538558431257,121.912456098091,-11.5));
#4614=CARTESIAN_POINT('Ctrl Pts',(37.8174391088504,122.806873981558,-1.00000000000001));
#4615=CARTESIAN_POINT('Ctrl Pts',(37.8174391088504,122.806873981558,-11.5));
#4616=CARTESIAN_POINT('Ctrl Pts',(37.766346546852,123.90818980579,-1.00000000000001));
#4617=CARTESIAN_POINT('Ctrl Pts',(37.766346546852,123.90818980579,-11.5));
#4618=CARTESIAN_POINT('Ctrl Pts',(37.7289125938055,124.953833050069,-1.00000000000001));
#4619=CARTESIAN_POINT('Ctrl Pts',(37.7289125938055,124.953833050069,-11.5));
#4620=CARTESIAN_POINT('Ctrl Pts',(37.7130772450757,125.396162114253,-1.00000000000001));
#4621=CARTESIAN_POINT('Ctrl Pts',(37.7130772450757,125.396162114253,-11.5));
#4622=CARTESIAN_POINT('Ctrl Pts',(37.6944581836894,125.808778461277,-1.00000000000001));
#4623=CARTESIAN_POINT('Ctrl Pts',(37.6944581836894,125.808778461277,-11.5));
#4624=CARTESIAN_POINT('Ctrl Pts',(37.6672633792844,126.350657730758,-1.00000000000001));
#4625=CARTESIAN_POINT('Ctrl Pts',(37.6672633792844,126.350657730758,-11.5));
#4626=CARTESIAN_POINT('Ctrl Pts',(37.6361184952459,126.971245647459,-1.00000000000001));
#4627=CARTESIAN_POINT('Ctrl Pts',(37.6361184952459,126.971245647459,-11.5));
#4628=CARTESIAN_POINT('Ctrl Pts',(37.5979172449026,127.673004965443,-1.00000000000001));
#4629=CARTESIAN_POINT('Ctrl Pts',(37.5979172449026,127.673004965443,-11.5));
#4630=CARTESIAN_POINT('Ctrl Pts',(37.578896357214,128.021900699344,-1.00000000000001));
#4631=CARTESIAN_POINT('Ctrl Pts',(37.578896357214,128.021900699344,-11.5));
#4632=CARTESIAN_POINT('Ctrl Pts',(37.5643950390476,128.287895017118,-1.00000000000001));
#4633=CARTESIAN_POINT('Ctrl Pts',(37.5643950390476,128.287895017118,-11.5));
#4634=CARTESIAN_POINT('Ctrl Pts',(37.5586102551717,128.391812392924,-1.00000000000001));
#4635=CARTESIAN_POINT('Ctrl Pts',(37.5586102551717,128.391812392924,-11.5));
#4636=CARTESIAN_POINT('Ctrl Pts',(37.5507289227423,128.532816756798,-1.00000000000001));
#4637=CARTESIAN_POINT('Ctrl Pts',(37.5507289227423,128.532816756798,-11.5));
#4638=CARTESIAN_POINT('Ctrl Pts',(37.5109475571762,129.244542368671,-1.00000000000001));
#4639=CARTESIAN_POINT('Ctrl Pts',(37.5109475571762,129.244542368671,-11.5));
#4640=CARTESIAN_POINT('Ctrl Pts',(37.4805398204688,129.72945286752,-1.00000000000001));
#4641=CARTESIAN_POINT('Ctrl Pts',(37.4805398204688,129.72945286752,-11.5));
#4642=CARTESIAN_POINT('Ctrl Pts',(37.4544510071871,130.107284508654,-1.00000000000001));
#4643=CARTESIAN_POINT('Ctrl Pts',(37.4544510071871,130.107284508654,-11.5));
#4644=CARTESIAN_POINT('Ctrl Pts',(37.4207691803448,130.595082085908,-1.00000000000001));
#4645=CARTESIAN_POINT('Ctrl Pts',(37.4207691803448,130.595082085908,-11.5));
#4646=CARTESIAN_POINT('Ctrl Pts',(37.3855302078595,130.931224704702,-1.00000000000001));
#4647=CARTESIAN_POINT('Ctrl Pts',(37.3855302078595,130.931224704702,-11.5));
#4648=CARTESIAN_POINT('Ctrl Pts',(37.3476845865138,131.270261873889,-1.00000000000001));
#4649=CARTESIAN_POINT('Ctrl Pts',(37.3476845865138,131.270261873889,-11.5));
#4650=CARTESIAN_POINT('Ctrl Pts',(37.2933031466317,131.757433937084,-1.00000000000001));
#4651=CARTESIAN_POINT('Ctrl Pts',(37.2933031466317,131.757433937084,-11.5));
#4652=CARTESIAN_POINT('Ctrl Pts',(37.2293795282662,132.238217576705,-1.00000000000001));
#4653=CARTESIAN_POINT('Ctrl Pts',(37.2293795282662,132.238217576705,-11.5));
#4654=CARTESIAN_POINT('Ctrl Pts',(37.1646305877062,132.705973508204,-1.00000000000001));
#4655=CARTESIAN_POINT('Ctrl Pts',(37.1646305877062,132.705973508204,-11.5));
#4656=CARTESIAN_POINT('Ctrl Pts',(37.1002430134428,133.171118876084,-1.00000000000001));
#4657=CARTESIAN_POINT('Ctrl Pts',(37.1002430134428,133.171118876084,-11.5));
#4658=CARTESIAN_POINT('Ctrl Pts',(37.0297789274037,133.661699572096,-1.00000000000001));
#4659=CARTESIAN_POINT('Ctrl Pts',(37.0297789274037,133.661699572096,-11.5));
#4660=CARTESIAN_POINT('Ctrl Pts',(36.9711982389928,134.093287857248,-1.00000000000001));
#4661=CARTESIAN_POINT('Ctrl Pts',(36.9711982389928,134.093287857248,-11.5));
#4662=CARTESIAN_POINT('Ctrl Pts',(36.8995341039812,134.621267332663,-1.00000000000001));
#4663=CARTESIAN_POINT('Ctrl Pts',(36.8995341039812,134.621267332663,-11.5));
#4664=CARTESIAN_POINT('Ctrl Pts',(36.8580184300118,134.959039779537,-1.00000000000001));
#4665=CARTESIAN_POINT('Ctrl Pts',(36.8580184300118,134.959039779537,-11.5));
#4666=CARTESIAN_POINT('Ctrl Pts',(36.8194063390658,135.311277576039,-1.00000000000001));
#4667=CARTESIAN_POINT('Ctrl Pts',(36.8194063390658,135.311277576039,-11.5));
#4668=CARTESIAN_POINT('Ctrl Pts',(36.7839479444276,135.634745859907,-1.00000000000001));
#4669=CARTESIAN_POINT('Ctrl Pts',(36.7839479444276,135.634745859907,-11.5));
#4670=CARTESIAN_POINT('Ctrl Pts',(36.7473686097546,135.983257526853,-1.00000000000001));
#4671=CARTESIAN_POINT('Ctrl Pts',(36.7473686097546,135.983257526853,-11.5));
#4672=CARTESIAN_POINT('Ctrl Pts',(36.6939128405575,136.512526917044,-1.00000000000001));
#4673=CARTESIAN_POINT('Ctrl Pts',(36.6939128405575,136.512526917044,-11.5));
#4674=CARTESIAN_POINT('Ctrl Pts',(36.6423819336634,137.022738108043,-1.00000000000001));
#4675=CARTESIAN_POINT('Ctrl Pts',(36.6423819336634,137.022738108043,-11.5));
#4676=CARTESIAN_POINT('Ctrl Pts',(36.56979386737,137.773498946677,-1.00000000000001));
#4677=CARTESIAN_POINT('Ctrl Pts',(36.56979386737,137.773498946677,-11.5));
#4678=CARTESIAN_POINT('Ctrl Pts',(36.4832307360912,138.549771304522,-1.00000000000001));
#4679=CARTESIAN_POINT('Ctrl Pts',(36.4832307360912,138.549771304522,-11.5));
#4680=CARTESIAN_POINT('Ctrl Pts',(36.3998264384489,139.297716183927,-1.00000000000001));
#4681=CARTESIAN_POINT('Ctrl Pts',(36.3998264384489,139.297716183927,-11.5));
#4682=CARTESIAN_POINT('Ctrl Pts',(36.3100248862442,139.978682206266,-1.00000000000001));
#4683=CARTESIAN_POINT('Ctrl Pts',(36.3100248862442,139.978682206266,-11.5));
#4684=CARTESIAN_POINT('Ctrl Pts',(36.2236393682377,140.53157679778,-1.00000000000001));
#4685=CARTESIAN_POINT('Ctrl Pts',(36.2236393682377,140.53157679778,-11.5));
#4686=CARTESIAN_POINT('Ctrl Pts',(36.1983057142934,140.693720182138,-1.00000000000001));
#4687=CARTESIAN_POINT('Ctrl Pts',(36.1983057142934,140.693720182138,-11.5));
#4688=CARTESIAN_POINT('Ctrl Pts',(36.1728971795007,140.845080371817,-1.00000000000001));
#4689=CARTESIAN_POINT('Ctrl Pts',(36.1728971795007,140.845080371817,-11.5));
#4690=CARTESIAN_POINT('Ctrl Pts',(36.1472896532846,140.990675732345,-1.00000000000001));
#4691=CARTESIAN_POINT('Ctrl Pts',(36.1472896532846,140.990675732345,-11.5));
#4692=CARTESIAN_POINT('Ctrl Pts',(36.0065459747556,141.790894638482,-1.00000000000001));
#4693=CARTESIAN_POINT('Ctrl Pts',(36.0065459747556,141.790894638482,-11.5));
#4694=CARTESIAN_POINT('Ctrl Pts',(35.8641390448618,142.421424583008,-1.00000000000001));
#4695=CARTESIAN_POINT('Ctrl Pts',(35.8641390448618,142.421424583008,-11.5));
#4696=CARTESIAN_POINT('Ctrl Pts',(35.7196160155006,143.072590853468,-1.00000000000001));
#4697=CARTESIAN_POINT('Ctrl Pts',(35.7196160155006,143.072590853468,-11.5));
#4698=CARTESIAN_POINT('Ctrl Pts',(35.5380452351006,143.890680319349,-1.00000000000001));
#4699=CARTESIAN_POINT('Ctrl Pts',(35.5380452351006,143.890680319349,-11.5));
#4700=CARTESIAN_POINT('Ctrl Pts',(35.3499090421116,144.699784050357,-1.00000000000001));
#4701=CARTESIAN_POINT('Ctrl Pts',(35.3499090421116,144.699784050357,-11.5));
#4702=CARTESIAN_POINT('Ctrl Pts',(35.2301447012003,145.555526217959,-1.00000000000001));
#4703=CARTESIAN_POINT('Ctrl Pts',(35.2301447012003,145.555526217959,-11.5));
#4704=CARTESIAN_POINT('Ctrl Pts',(35.1808376628449,145.907835691374,-1.00000000000001));
#4705=CARTESIAN_POINT('Ctrl Pts',(35.1808376628449,145.907835691374,-11.5));
#4706=CARTESIAN_POINT('Ctrl Pts',(35.1340297220966,146.3034519992,-1.00000000000001));
#4707=CARTESIAN_POINT('Ctrl Pts',(35.1340297220966,146.3034519992,-11.5));
#4708=CARTESIAN_POINT('Ctrl Pts',(35.0908583870765,146.742738712222,-1.00000000000001));
#4709=CARTESIAN_POINT('Ctrl Pts',(35.0908583870765,146.742738712222,-11.5));
#4710=CARTESIAN_POINT('Ctrl Pts',(34.9814256744538,147.85626315159,-1.00000000000001));
#4711=CARTESIAN_POINT('Ctrl Pts',(34.9814256744538,147.85626315159,-11.5));
#4712=CARTESIAN_POINT('Ctrl Pts',(34.9136281450217,149.145236827093,-1.00000000000001));
#4713=CARTESIAN_POINT('Ctrl Pts',(34.9136281450217,149.145236827093,-11.5));
#4714=CARTESIAN_POINT('Ctrl Pts',(34.7850906922949,150.450017849934,-1.00000000000001));
#4715=CARTESIAN_POINT('Ctrl Pts',(34.7850906922949,150.450017849934,-11.5));
#4716=CARTESIAN_POINT('Ctrl Pts',(34.7757414225665,150.544922093485,-1.00000000000001));
#4717=CARTESIAN_POINT('Ctrl Pts',(34.7757414225665,150.544922093485,-11.5));
#4718=CARTESIAN_POINT('Ctrl Pts',(34.7668930472916,150.638875974706,-1.00000000000001));
#4719=CARTESIAN_POINT('Ctrl Pts',(34.7668930472916,150.638875974706,-11.5));
#4720=CARTESIAN_POINT('Ctrl Pts',(34.7584439086928,150.73195805341,-1.00000000000001));
#4721=CARTESIAN_POINT('Ctrl Pts',(34.7584439086928,150.73195805341,-11.5));
#4722=CARTESIAN_POINT('Ctrl Pts',(34.6042894334508,152.430239934957,-1.00000000000001));
#4723=CARTESIAN_POINT('Ctrl Pts',(34.6042894334508,152.430239934957,-11.5));
#4724=CARTESIAN_POINT('Ctrl Pts',(34.5771385588441,153.790695214865,-1.00000000000001));
#4725=CARTESIAN_POINT('Ctrl Pts',(34.5771385588441,153.790695214865,-11.5));
#4726=CARTESIAN_POINT('Ctrl Pts',(34.2963738614252,155.676850664955,-1.00000000000001));
#4727=CARTESIAN_POINT('Ctrl Pts',(34.2963738614252,155.676850664955,-11.5));
#4728=CARTESIAN_POINT('Ctrl Pts',(34.2052076632421,156.289298109906,-1.00000000000001));
#4729=CARTESIAN_POINT('Ctrl Pts',(34.2052076632421,156.289298109906,-11.5));
#4730=CARTESIAN_POINT('Ctrl Pts',(34.0889547729614,156.949424796159,-1.00000000000001));
#4731=CARTESIAN_POINT('Ctrl Pts',(34.0889547729614,156.949424796159,-11.5));
#4732=CARTESIAN_POINT('Ctrl Pts',(33.94944260607,157.648224225998,-1.00000000000001));
#4733=CARTESIAN_POINT('Ctrl Pts',(33.94944260607,157.648224225998,-11.5));
#4734=CARTESIAN_POINT('Ctrl Pts',(33.7318014242782,158.738362363297,-1.00000000000001));
#4735=CARTESIAN_POINT('Ctrl Pts',(33.7318014242782,158.738362363297,-11.5));
#4736=CARTESIAN_POINT('Ctrl Pts',(33.475986899806,159.838058933043,-1.00000000000001));
#4737=CARTESIAN_POINT('Ctrl Pts',(33.475986899806,159.838058933043,-11.5));
#4738=CARTESIAN_POINT('Ctrl Pts',(33.2249835437702,160.868231771383,-1.00000000000001));
#4739=CARTESIAN_POINT('Ctrl Pts',(33.2249835437702,160.868231771383,-11.5));
#4740=CARTESIAN_POINT('Ctrl Pts',(33.2153976733155,160.90757428668,-1.00000000000001));
#4741=CARTESIAN_POINT('Ctrl Pts',(33.2153976733155,160.90757428668,-11.5));
#4742=CARTESIAN_POINT('Ctrl Pts',(33.1967357578111,160.984155779083,-1.00000000000001));
#4743=CARTESIAN_POINT('Ctrl Pts',(33.1967357578111,160.984155779083,-11.5));
#4744=CARTESIAN_POINT('Ctrl Pts',(33.1681792839412,161.100503597111,-1.00000000000001));
#4745=CARTESIAN_POINT('Ctrl Pts',(33.1681792839412,161.100503597111,-11.5));
#4746=CARTESIAN_POINT('Ctrl Pts',(33.1427737611028,161.204013475873,-1.00000000000001));
#4747=CARTESIAN_POINT('Ctrl Pts',(33.1427737611028,161.204013475873,-11.5));
#4748=CARTESIAN_POINT('Ctrl Pts',(33.1234627982138,161.27646975596,-1.00000000000001));
#4749=CARTESIAN_POINT('Ctrl Pts',(33.1234627982138,161.27646975596,-11.5));
#4750=CARTESIAN_POINT('Ctrl Pts',(33.1020283345879,161.354088809795,-1.00000000000001));
#4751=CARTESIAN_POINT('Ctrl Pts',(33.1020283345879,161.354088809795,-11.5));
#4752=CARTESIAN_POINT('Ctrl Pts',(33.0538162787075,161.528675597979,-1.00000000000001));
#4753=CARTESIAN_POINT('Ctrl Pts',(33.0538162787075,161.528675597979,-11.5));
#4754=CARTESIAN_POINT('Ctrl Pts',(33.0018506326608,161.697143886554,-1.00000000000001));
#4755=CARTESIAN_POINT('Ctrl Pts',(33.0018506326608,161.697143886554,-11.5));
#4756=CARTESIAN_POINT('Ctrl Pts',(32.9473678625727,161.859944267984,-1.00000000000001));
#4757=CARTESIAN_POINT('Ctrl Pts',(32.9473678625727,161.859944267984,-11.5));
#4758=CARTESIAN_POINT('Ctrl Pts',(32.8492972381914,162.152989849744,-1.00000000000001));
#4759=CARTESIAN_POINT('Ctrl Pts',(32.8492972381914,162.152989849744,-11.5));
#4760=CARTESIAN_POINT('Ctrl Pts',(32.7431676425265,162.427746210189,-1.00000000000001));
#4761=CARTESIAN_POINT('Ctrl Pts',(32.7431676425265,162.427746210189,-11.5));
#4762=CARTESIAN_POINT('Ctrl Pts',(32.6342734522891,162.687328059874,-1.00000000000001));
#4763=CARTESIAN_POINT('Ctrl Pts',(32.6342734522891,162.687328059874,-11.5));
#4764=CARTESIAN_POINT('Ctrl Pts',(32.4379878580504,163.155233441308,-1.00000000000001));
#4765=CARTESIAN_POINT('Ctrl Pts',(32.4379878580504,163.155233441308,-11.5));
#4766=CARTESIAN_POINT('Ctrl Pts',(32.2332751154019,163.57423747251,-1.00000000000001));
#4767=CARTESIAN_POINT('Ctrl Pts',(32.2332751154019,163.57423747251,-11.5));
#4768=CARTESIAN_POINT('Ctrl Pts',(32.0389042477453,163.958135581877,-1.00000000000001));
#4769=CARTESIAN_POINT('Ctrl Pts',(32.0389042477453,163.958135581877,-11.5));
#4770=CARTESIAN_POINT('Ctrl Pts',(31.6501625124323,164.725931800612,-1.00000000000001));
#4771=CARTESIAN_POINT('Ctrl Pts',(31.6501625124323,164.725931800612,-11.5));
#4772=CARTESIAN_POINT('Ctrl Pts',(31.3020648314697,165.368713569735,-1.00000000000001));
#4773=CARTESIAN_POINT('Ctrl Pts',(31.3020648314697,165.368713569735,-11.5));
#4774=CARTESIAN_POINT('Ctrl Pts',(31.0855890551234,165.865377519326,-1.00000000000001));
#4775=CARTESIAN_POINT('Ctrl Pts',(31.0855890551234,165.865377519326,-11.5));
#4776=CARTESIAN_POINT('Ctrl Pts',(30.9664570843304,166.138703967833,-1.00000000000001));
#4777=CARTESIAN_POINT('Ctrl Pts',(30.9664570843304,166.138703967833,-11.5));
#4778=CARTESIAN_POINT('Ctrl Pts',(30.904514294699,166.319030576385,-1.00000000000001));
#4779=CARTESIAN_POINT('Ctrl Pts',(30.904514294699,166.319030576385,-11.5));
#4780=CARTESIAN_POINT('Ctrl Pts',(30.8675195394797,166.44338514998,-1.00000000000001));
#4781=CARTESIAN_POINT('Ctrl Pts',(30.8675195394797,166.44338514998,-11.5));
#4782=CARTESIAN_POINT('Ctrl Pts',(30.8501536637506,166.501758994018,-1.00000000000001));
#4783=CARTESIAN_POINT('Ctrl Pts',(30.8501536637506,166.501758994018,-11.5));
#4784=CARTESIAN_POINT('Ctrl Pts',(30.832390806901,166.559961985618,-1.00000000000001));
#4785=CARTESIAN_POINT('Ctrl Pts',(30.832390806901,166.559961985618,-11.5));
#4786=CARTESIAN_POINT('Ctrl Pts',(30.8139059654166,166.619061390129,-1.00000000000001));
#4787=CARTESIAN_POINT('Ctrl Pts',(30.8139059654166,166.619061390129,-11.5));
#4788=CARTESIAN_POINT('Ctrl Pts',(30.7236979473222,166.907472851813,-1.00000000000001));
#4789=CARTESIAN_POINT('Ctrl Pts',(30.7236979473222,166.907472851813,-11.5));
#4790=CARTESIAN_POINT('Ctrl Pts',(30.6111015088303,167.236937932629,-1.00000000000001));
#4791=CARTESIAN_POINT('Ctrl Pts',(30.6111015088303,167.236937932629,-11.5));
#4792=CARTESIAN_POINT('Ctrl Pts',(30.4436151433451,167.666724743688,-1.00000000000001));
#4793=CARTESIAN_POINT('Ctrl Pts',(30.4436151433451,167.666724743688,-11.5));
#4794=CARTESIAN_POINT('Ctrl Pts',(30.2556481165825,168.149066985593,-1.00000000000001));
#4795=CARTESIAN_POINT('Ctrl Pts',(30.2556481165825,168.149066985593,-11.5));
#4796=CARTESIAN_POINT('Ctrl Pts',(30.0341394675622,168.658419725417,-1.00000000000001));
#4797=CARTESIAN_POINT('Ctrl Pts',(30.0341394675622,168.658419725417,-11.5));
#4798=CARTESIAN_POINT('Ctrl Pts',(29.8376099823543,169.104525852708,-1.00000000000001));
#4799=CARTESIAN_POINT('Ctrl Pts',(29.8376099823543,169.104525852708,-11.5));
#4800=CARTESIAN_POINT('Ctrl Pts',(29.6233396633561,169.590902246055,-1.00000000000001));
#4801=CARTESIAN_POINT('Ctrl Pts',(29.6233396633561,169.590902246055,-11.5));
#4802=CARTESIAN_POINT('Ctrl Pts',(29.4194400872456,170.052646681114,-1.00000000000001));
#4803=CARTESIAN_POINT('Ctrl Pts',(29.4194400872456,170.052646681114,-11.5));
#4804=CARTESIAN_POINT('Ctrl Pts',(29.2663903039866,170.433848427884,-1.00000000000001));
#4805=CARTESIAN_POINT('Ctrl Pts',(29.2663903039866,170.433848427884,-11.5));
#4806=CARTESIAN_POINT('Ctrl Pts',(29.0281548173189,171.027222568809,-1.00000000000001));
#4807=CARTESIAN_POINT('Ctrl Pts',(29.0281548173189,171.027222568809,-11.5));
#4808=CARTESIAN_POINT('Ctrl Pts',(28.9659092049279,171.249487082924,-1.00000000000001));
#4809=CARTESIAN_POINT('Ctrl Pts',(28.9659092049279,171.249487082924,-11.5));
#4810=CARTESIAN_POINT('Ctrl Pts',(28.9029999952286,171.487084192366,-1.00000000000001));
#4811=CARTESIAN_POINT('Ctrl Pts',(28.9029999952286,171.487084192366,-11.5));
#4812=CARTESIAN_POINT('Ctrl Pts',(28.8130544658308,171.826792764362,-1.00000000000001));
#4813=CARTESIAN_POINT('Ctrl Pts',(28.8130544658308,171.826792764362,-11.5));
#4814=CARTESIAN_POINT('Ctrl Pts',(28.7028276271041,172.186270596909,-1.00000000000001));
#4815=CARTESIAN_POINT('Ctrl Pts',(28.7028276271041,172.186270596909,-11.5));
#4816=CARTESIAN_POINT('Ctrl Pts',(28.5533630796158,172.609443763138,-1.00000000000001));
#4817=CARTESIAN_POINT('Ctrl Pts',(28.5533630796158,172.609443763138,-11.5));
#4818=CARTESIAN_POINT('Ctrl Pts',(28.347740680956,173.191614471513,-1.00000000000001));
#4819=CARTESIAN_POINT('Ctrl Pts',(28.347740680956,173.191614471513,-11.5));
#4820=CARTESIAN_POINT('Ctrl Pts',(28.1097222322403,173.769794892095,-1.00000000000001));
#4821=CARTESIAN_POINT('Ctrl Pts',(28.1097222322403,173.769794892095,-11.5));
#4822=CARTESIAN_POINT('Ctrl Pts',(27.9010402832112,174.279500579372,-1.00000000000001));
#4823=CARTESIAN_POINT('Ctrl Pts',(27.9010402832112,174.279500579372,-11.5));
#4824=CARTESIAN_POINT('Ctrl Pts',(27.6785662300653,174.822893482723,-1.00000000000001));
#4825=CARTESIAN_POINT('Ctrl Pts',(27.6785662300653,174.822893482723,-11.5));
#4826=CARTESIAN_POINT('Ctrl Pts',(27.4731537777288,175.335273388077,-1.00000000000001));
#4827=CARTESIAN_POINT('Ctrl Pts',(27.4731537777288,175.335273388077,-11.5));
#4828=CARTESIAN_POINT('Ctrl Pts',(27.3261206115578,175.765068189739,-1.00000000000001));
#4829=CARTESIAN_POINT('Ctrl Pts',(27.3261206115578,175.765068189739,-11.5));
#4830=CARTESIAN_POINT('Ctrl Pts',(27.1948732573972,176.148719253094,-1.00000000000001));
#4831=CARTESIAN_POINT('Ctrl Pts',(27.1948732573972,176.148719253094,-11.5));
#4832=CARTESIAN_POINT('Ctrl Pts',(27.1386121724938,176.363432354726,-1.00000000000001));
#4833=CARTESIAN_POINT('Ctrl Pts',(27.1386121724938,176.363432354726,-11.5));
#4834=CARTESIAN_POINT('Ctrl Pts',(27.0957361361394,176.54235878967,-1.00000000000001));
#4835=CARTESIAN_POINT('Ctrl Pts',(27.0957361361394,176.54235878967,-11.5));
#4836=CARTESIAN_POINT('Ctrl Pts',(27.0863827058816,176.581391687131,-1.00000000000001));
#4837=CARTESIAN_POINT('Ctrl Pts',(27.0863827058816,176.581391687131,-11.5));
#4838=CARTESIAN_POINT('Ctrl Pts',(27.0768762744075,176.619983456366,-1.00000000000001));
#4839=CARTESIAN_POINT('Ctrl Pts',(27.0768762744075,176.619983456366,-11.5));
#4840=CARTESIAN_POINT('Ctrl Pts',(27.0671799241988,176.65835375446,-1.00000000000001));
#4841=CARTESIAN_POINT('Ctrl Pts',(27.0671799241988,176.65835375446,-11.5));
#4842=CARTESIAN_POINT('Ctrl Pts',(26.9854521848639,176.981765930525,-1.00000000000001));
#4843=CARTESIAN_POINT('Ctrl Pts',(26.9854521848639,176.981765930525,-11.5));
#4844=CARTESIAN_POINT('Ctrl Pts',(26.881590027961,177.323886659565,-1.00000000000001));
#4845=CARTESIAN_POINT('Ctrl Pts',(26.881590027961,177.323886659565,-11.5));
#4846=CARTESIAN_POINT('Ctrl Pts',(26.7478135136012,177.697210800952,-1.00000000000001));
#4847=CARTESIAN_POINT('Ctrl Pts',(26.7478135136012,177.697210800952,-11.5));
#4848=CARTESIAN_POINT('Ctrl Pts',(26.5234537942029,178.323321445313,-1.00000000000001));
#4849=CARTESIAN_POINT('Ctrl Pts',(26.5234537942029,178.323321445313,-11.5));
#4850=CARTESIAN_POINT('Ctrl Pts',(26.2649403988516,178.899147422076,-1.00000000000001));
#4851=CARTESIAN_POINT('Ctrl Pts',(26.2649403988516,178.899147422076,-11.5));
#4852=CARTESIAN_POINT('Ctrl Pts',(26.0361322268265,179.397788497312,-1.00000000000001));
#4853=CARTESIAN_POINT('Ctrl Pts',(26.0361322268265,179.397788497312,-11.5));
#4854=CARTESIAN_POINT('Ctrl Pts',(25.7574903342417,180.005032074736,-1.00000000000001));
#4855=CARTESIAN_POINT('Ctrl Pts',(25.7574903342417,180.005032074736,-11.5));
#4856=CARTESIAN_POINT('Ctrl Pts',(25.5079293315092,180.538932574557,-1.00000000000001));
#4857=CARTESIAN_POINT('Ctrl Pts',(25.5079293315092,180.538932574557,-11.5));
#4858=CARTESIAN_POINT('Ctrl Pts',(25.3504588208956,180.943212852913,-1.00000000000001));
#4859=CARTESIAN_POINT('Ctrl Pts',(25.3504588208956,180.943212852913,-11.5));
#4860=CARTESIAN_POINT('Ctrl Pts',(25.2002285232167,181.328905045859,-1.00000000000001));
#4861=CARTESIAN_POINT('Ctrl Pts',(25.2002285232167,181.328905045859,-11.5));
#4862=CARTESIAN_POINT('Ctrl Pts',(25.1607094556793,181.493222276152,-1.00000000000001));
#4863=CARTESIAN_POINT('Ctrl Pts',(25.1607094556793,181.493222276152,-11.5));
#4864=CARTESIAN_POINT('Ctrl Pts',(25.1324034360056,181.622449716139,-1.00000000000001));
#4865=CARTESIAN_POINT('Ctrl Pts',(25.1324034360056,181.622449716139,-11.5));
#4866=CARTESIAN_POINT('Ctrl Pts',(25.0708123214508,181.903635914396,-1.00000000000001));
#4867=CARTESIAN_POINT('Ctrl Pts',(25.0708123214508,181.903635914396,-11.5));
#4868=CARTESIAN_POINT('Ctrl Pts',(24.9970846865176,182.185369806926,-1.00000000000001));
#4869=CARTESIAN_POINT('Ctrl Pts',(24.9970846865176,182.185369806926,-11.5));
#4870=CARTESIAN_POINT('Ctrl Pts',(24.8949422254388,182.514051073223,-1.00000000000001));
#4871=CARTESIAN_POINT('Ctrl Pts',(24.8949422254388,182.514051073223,-11.5));
#4872=CARTESIAN_POINT('Ctrl Pts',(24.7367117994805,183.023216176758,-1.00000000000001));
#4873=CARTESIAN_POINT('Ctrl Pts',(24.7367117994805,183.023216176758,-11.5));
#4874=CARTESIAN_POINT('Ctrl Pts',(24.5295646816152,183.559481106326,-1.00000000000001));
#4875=CARTESIAN_POINT('Ctrl Pts',(24.5295646816152,183.559481106326,-11.5));
#4876=CARTESIAN_POINT('Ctrl Pts',(24.3441842925166,184.010472152514,-1.00000000000001));
#4877=CARTESIAN_POINT('Ctrl Pts',(24.3441842925166,184.010472152514,-11.5));
#4878=CARTESIAN_POINT('Ctrl Pts',(24.0017639134617,184.843508083322,-1.00000000000001));
#4879=CARTESIAN_POINT('Ctrl Pts',(24.0017639134617,184.843508083322,-11.5));
#4880=CARTESIAN_POINT('Ctrl Pts',(23.6931538840676,185.546715606268,-1.00000000000001));
#4881=CARTESIAN_POINT('Ctrl Pts',(23.6931538840676,185.546715606268,-11.5));
#4882=CARTESIAN_POINT('Ctrl Pts',(23.5242719846805,186.061994403432,-1.00000000000001));
#4883=CARTESIAN_POINT('Ctrl Pts',(23.5242719846805,186.061994403432,-11.5));
#4884=CARTESIAN_POINT('Ctrl Pts',(23.4223204565158,186.3730606633,-1.00000000000001));
#4885=CARTESIAN_POINT('Ctrl Pts',(23.4223204565158,186.3730606633,-11.5));
#4886=CARTESIAN_POINT('Ctrl Pts',(23.3872438927955,186.531898055214,-1.00000000000001));
#4887=CARTESIAN_POINT('Ctrl Pts',(23.3872438927955,186.531898055214,-11.5));
#4888=CARTESIAN_POINT('Ctrl Pts',(23.3609560607441,186.668310092174,-1.00000000000001));
#4889=CARTESIAN_POINT('Ctrl Pts',(23.3609560607441,186.668310092174,-11.5));
#4890=CARTESIAN_POINT('Ctrl Pts',(23.2981347839295,186.994300395139,-1.00000000000001));
#4891=CARTESIAN_POINT('Ctrl Pts',(23.2981347839295,186.994300395139,-11.5));
#4892=CARTESIAN_POINT('Ctrl Pts',(23.2220838878359,187.312211531493,-1.00000000000001));
#4893=CARTESIAN_POINT('Ctrl Pts',(23.2220838878359,187.312211531493,-11.5));
#4894=CARTESIAN_POINT('Ctrl Pts',(23.1112775640123,187.693324554515,-1.00000000000001));
#4895=CARTESIAN_POINT('Ctrl Pts',(23.1112775640123,187.693324554515,-11.5));
#4896=CARTESIAN_POINT('Ctrl Pts',(22.9744890179062,188.163802181804,-1.00000000000001));
#4897=CARTESIAN_POINT('Ctrl Pts',(22.9744890179062,188.163802181804,-11.5));
#4898=CARTESIAN_POINT('Ctrl Pts',(22.755543682331,188.78238107232,-1.00000000000001));
#4899=CARTESIAN_POINT('Ctrl Pts',(22.755543682331,188.78238107232,-11.5));
#4900=CARTESIAN_POINT('Ctrl Pts',(22.5564683750097,189.301708454918,-1.00000000000001));
#4901=CARTESIAN_POINT('Ctrl Pts',(22.5564683750097,189.301708454918,-11.5));
#4902=CARTESIAN_POINT('Ctrl Pts',(22.2896503936773,189.997756024754,-1.00000000000001));
#4903=CARTESIAN_POINT('Ctrl Pts',(22.2896503936773,189.997756024754,-11.5));
#4904=CARTESIAN_POINT('Ctrl Pts',(22.0456911530698,190.621342994251,-1.00000000000001));
#4905=CARTESIAN_POINT('Ctrl Pts',(22.0456911530698,190.621342994251,-11.5));
#4906=CARTESIAN_POINT('Ctrl Pts',(21.9278766995004,190.983005894322,-1.00000000000001));
#4907=CARTESIAN_POINT('Ctrl Pts',(21.9278766995004,190.983005894322,-11.5));
#4908=CARTESIAN_POINT('Ctrl Pts',(21.7898261235257,191.406788971447,-1.00000000000001));
#4909=CARTESIAN_POINT('Ctrl Pts',(21.7898261235257,191.406788971447,-11.5));
#4910=CARTESIAN_POINT('Ctrl Pts',(21.7609492720893,191.564848558998,-1.00000000000001));
#4911=CARTESIAN_POINT('Ctrl Pts',(21.7609492720893,191.564848558998,-11.5));
#4912=CARTESIAN_POINT('Ctrl Pts',(21.7345552750049,191.719102723059,-1.00000000000001));
#4913=CARTESIAN_POINT('Ctrl Pts',(21.7345552750049,191.719102723059,-11.5));
#4914=CARTESIAN_POINT('Ctrl Pts',(21.7166267933421,191.823881962933,-1.00000000000001));
#4915=CARTESIAN_POINT('Ctrl Pts',(21.7166267933421,191.823881962933,-11.5));
#4916=CARTESIAN_POINT('Ctrl Pts',(21.6968546335851,191.929652047548,-1.00000000000001));
#4917=CARTESIAN_POINT('Ctrl Pts',(21.6968546335851,191.929652047548,-11.5));
#4918=CARTESIAN_POINT('Ctrl Pts',(21.6749672270651,192.037662600419,-1.00000000000001));
#4919=CARTESIAN_POINT('Ctrl Pts',(21.6749672270651,192.037662600419,-11.5));
#4920=CARTESIAN_POINT('Ctrl Pts',(21.5735142983846,192.538315197483,-1.00000000000001));
#4921=CARTESIAN_POINT('Ctrl Pts',(21.5735142983846,192.538315197483,-11.5));
#4922=CARTESIAN_POINT('Ctrl Pts',(21.4078626692415,193.136302873336,-1.00000000000001));
#4923=CARTESIAN_POINT('Ctrl Pts',(21.4078626692415,193.136302873336,-11.5));
#4924=CARTESIAN_POINT('Ctrl Pts',(21.2378821989419,193.65481014273,-1.00000000000001));
#4925=CARTESIAN_POINT('Ctrl Pts',(21.2378821989419,193.65481014273,-11.5));
#4926=CARTESIAN_POINT('Ctrl Pts',(20.9745954490987,194.457938252025,-1.00000000000001));
#4927=CARTESIAN_POINT('Ctrl Pts',(20.9745954490987,194.457938252025,-11.5));
#4928=CARTESIAN_POINT('Ctrl Pts',(20.7051383203968,195.129814194598,-1.00000000000001));
#4929=CARTESIAN_POINT('Ctrl Pts',(20.7051383203968,195.129814194598,-11.5));
#4930=CARTESIAN_POINT('Ctrl Pts',(20.4922190777059,195.698527937456,-1.00000000000001));
#4931=CARTESIAN_POINT('Ctrl Pts',(20.4922190777059,195.698527937456,-11.5));
#4932=CARTESIAN_POINT('Ctrl Pts',(20.2653411546731,196.304525738073,-1.00000000000001));
#4933=CARTESIAN_POINT('Ctrl Pts',(20.2653411546731,196.304525738073,-11.5));
#4934=CARTESIAN_POINT('Ctrl Pts',(20.0971588983641,196.843898201427,-1.00000000000001));
#4935=CARTESIAN_POINT('Ctrl Pts',(20.0971588983641,196.843898201427,-11.5));
#4936=CARTESIAN_POINT('Ctrl Pts',(20.048344751872,197.055176198302,-1.00000000000001));
#4937=CARTESIAN_POINT('Ctrl Pts',(20.048344751872,197.055176198302,-11.5));
#4938=CARTESIAN_POINT('Ctrl Pts',(19.8946748414516,197.720292218731,-1.00000000000001));
#4939=CARTESIAN_POINT('Ctrl Pts',(19.8946748414516,197.720292218731,-11.5));
#4940=CARTESIAN_POINT('Ctrl Pts',(19.7187629106167,198.06628719787,-1.00000000000001));
#4941=CARTESIAN_POINT('Ctrl Pts',(19.7187629106167,198.06628719787,-11.5));
#4942=CARTESIAN_POINT('Ctrl Pts',(19.5029097403246,198.458634930871,-1.00000000000001));
#4943=CARTESIAN_POINT('Ctrl Pts',(19.5029097403246,198.458634930871,-11.5));
#4944=CARTESIAN_POINT('Ctrl Pts',(19.2781531954064,198.867165974249,-1.00000000000001));
#4945=CARTESIAN_POINT('Ctrl Pts',(19.2781531954064,198.867165974249,-11.5));
#4946=CARTESIAN_POINT('Ctrl Pts',(18.9335421050268,199.348324602029,-1.00000000000001));
#4947=CARTESIAN_POINT('Ctrl Pts',(18.9335421050268,199.348324602029,-11.5));
#4948=CARTESIAN_POINT('Ctrl Pts',(18.6423754889481,199.711806616564,-1.00000000000001));
#4949=CARTESIAN_POINT('Ctrl Pts',(18.6423754889481,199.711806616564,-11.5));
#4950=CARTESIAN_POINT('Ctrl Pts',(18.3863775828341,200.031385268416,-1.00000000000001));
#4951=CARTESIAN_POINT('Ctrl Pts',(18.3863775828341,200.031385268416,-11.5));
#4952=CARTESIAN_POINT('Ctrl Pts',(18.1867128806597,200.268264051211,-1.00000000000001));
#4953=CARTESIAN_POINT('Ctrl Pts',(18.1867128806597,200.268264051211,-11.5));
#4954=CARTESIAN_POINT('Ctrl Pts',(18.1002984275495,200.382602729709,-1.00000000000001));
#4955=CARTESIAN_POINT('Ctrl Pts',(18.1002984275495,200.382602729709,-11.5));
#4956=CARTESIAN_POINT('',(39.6378364312694,70.531098876483,-1.00000000000001));
#4957=CARTESIAN_POINT('',(39.6378364312694,70.531098876483,-1.00000000000001));
#4958=CARTESIAN_POINT('Ctrl Pts',(18.1002984275495,200.382602729709,-1.00000000000001));
#4959=CARTESIAN_POINT('Ctrl Pts',(18.1867128806597,200.268264051211,-1.00000000000001));
#4960=CARTESIAN_POINT('Ctrl Pts',(18.3863775828341,200.031385268416,-1.00000000000001));
#4961=CARTESIAN_POINT('Ctrl Pts',(18.6423754889481,199.711806616564,-1.00000000000001));
#4962=CARTESIAN_POINT('Ctrl Pts',(18.9335421050268,199.348324602029,-1.00000000000001));
#4963=CARTESIAN_POINT('Ctrl Pts',(19.2781531954064,198.867165974249,-1.00000000000001));
#4964=CARTESIAN_POINT('Ctrl Pts',(19.5029097403246,198.458634930871,-1.00000000000001));
#4965=CARTESIAN_POINT('Ctrl Pts',(19.7187629106167,198.06628719787,-1.00000000000001));
#4966=CARTESIAN_POINT('Ctrl Pts',(19.8946748414516,197.720292218731,-1.00000000000001));
#4967=CARTESIAN_POINT('Ctrl Pts',(20.048344751872,197.055176198302,-1.00000000000001));
#4968=CARTESIAN_POINT('Ctrl Pts',(20.0971588983641,196.843898201427,-1.00000000000001));
#4969=CARTESIAN_POINT('Ctrl Pts',(20.2653411546731,196.304525738073,-1.00000000000001));
#4970=CARTESIAN_POINT('Ctrl Pts',(20.4922190777059,195.698527937456,-1.00000000000001));
#4971=CARTESIAN_POINT('Ctrl Pts',(20.7051383203968,195.129814194598,-1.00000000000001));
#4972=CARTESIAN_POINT('Ctrl Pts',(20.9745954490987,194.457938252025,-1.00000000000001));
#4973=CARTESIAN_POINT('Ctrl Pts',(21.2378821989419,193.65481014273,-1.00000000000001));
#4974=CARTESIAN_POINT('Ctrl Pts',(21.4078626692461,193.136302873322,-1.00000000000001));
#4975=CARTESIAN_POINT('Ctrl Pts',(21.5735142983935,192.538315197451,-1.00000000000001));
#4976=CARTESIAN_POINT('Ctrl Pts',(21.6749672270733,192.037662600379,-1.00000000000001));
#4977=CARTESIAN_POINT('Ctrl Pts',(21.6968546335901,191.929652047521,-1.00000000000001));
#4978=CARTESIAN_POINT('Ctrl Pts',(21.7166267933444,191.82388196292,-1.00000000000001));
#4979=CARTESIAN_POINT('Ctrl Pts',(21.7345552750049,191.719102723059,-1.00000000000001));
#4980=CARTESIAN_POINT('Ctrl Pts',(21.7609492720893,191.564848558998,-1.00000000000001));
#4981=CARTESIAN_POINT('Ctrl Pts',(21.7898261235257,191.406788971447,-1.00000000000001));
#4982=CARTESIAN_POINT('Ctrl Pts',(21.9278766995004,190.983005894322,-1.00000000000001));
#4983=CARTESIAN_POINT('Ctrl Pts',(22.0456911530698,190.621342994251,-1.00000000000001));
#4984=CARTESIAN_POINT('Ctrl Pts',(22.2896503936773,189.997756024754,-1.00000000000001));
#4985=CARTESIAN_POINT('Ctrl Pts',(22.5564683750097,189.301708454918,-1.00000000000001));
#4986=CARTESIAN_POINT('Ctrl Pts',(22.755543682331,188.78238107232,-1.00000000000001));
#4987=CARTESIAN_POINT('Ctrl Pts',(22.9744890179062,188.163802181804,-1.00000000000001));
#4988=CARTESIAN_POINT('Ctrl Pts',(23.1112775640123,187.693324554515,-1.00000000000001));
#4989=CARTESIAN_POINT('Ctrl Pts',(23.2220838878359,187.312211531493,-1.00000000000001));
#4990=CARTESIAN_POINT('Ctrl Pts',(23.2981347839295,186.994300395139,-1.00000000000001));
#4991=CARTESIAN_POINT('Ctrl Pts',(23.3609560607441,186.668310092174,-1.00000000000001));
#4992=CARTESIAN_POINT('Ctrl Pts',(23.3872438927955,186.531898055214,-1.00000000000001));
#4993=CARTESIAN_POINT('Ctrl Pts',(23.4223204565158,186.3730606633,-1.00000000000001));
#4994=CARTESIAN_POINT('Ctrl Pts',(23.5242719846805,186.061994403432,-1.00000000000001));
#4995=CARTESIAN_POINT('Ctrl Pts',(23.6931538840676,185.546715606268,-1.00000000000001));
#4996=CARTESIAN_POINT('Ctrl Pts',(24.0017639134617,184.843508083322,-1.00000000000001));
#4997=CARTESIAN_POINT('Ctrl Pts',(24.3441842925166,184.010472152514,-1.00000000000001));
#4998=CARTESIAN_POINT('Ctrl Pts',(24.5295646816088,183.559481106341,-1.00000000000001));
#4999=CARTESIAN_POINT('Ctrl Pts',(24.7367117994662,183.023216176795,-1.00000000000001));
#5000=CARTESIAN_POINT('Ctrl Pts',(24.8949422254224,182.514051073275,-1.00000000000001));
#5001=CARTESIAN_POINT('Ctrl Pts',(24.9970846865098,182.185369806956,-1.00000000000001));
#5002=CARTESIAN_POINT('Ctrl Pts',(25.0708123214475,181.903635914411,-1.00000000000001));
#5003=CARTESIAN_POINT('Ctrl Pts',(25.1324034360056,181.622449716139,-1.00000000000001));
#5004=CARTESIAN_POINT('Ctrl Pts',(25.1607094556793,181.493222276152,-1.00000000000001));
#5005=CARTESIAN_POINT('Ctrl Pts',(25.2002285232167,181.328905045859,-1.00000000000001));
#5006=CARTESIAN_POINT('Ctrl Pts',(25.3504588208956,180.943212852913,-1.00000000000001));
#5007=CARTESIAN_POINT('Ctrl Pts',(25.5079293315092,180.538932574557,-1.00000000000001));
#5008=CARTESIAN_POINT('Ctrl Pts',(25.7574903342417,180.005032074736,-1.00000000000001));
#5009=CARTESIAN_POINT('Ctrl Pts',(26.0361322268265,179.397788497312,-1.00000000000001));
#5010=CARTESIAN_POINT('Ctrl Pts',(26.2649403988516,178.899147422076,-1.00000000000001));
#5011=CARTESIAN_POINT('Ctrl Pts',(26.5234537942029,178.323321445313,-1.00000000000001));
#5012=CARTESIAN_POINT('Ctrl Pts',(26.7478135136012,177.697210800952,-1.00000000000001));
#5013=CARTESIAN_POINT('Ctrl Pts',(26.881590027961,177.323886659565,-1.00000000000001));
#5014=CARTESIAN_POINT('Ctrl Pts',(26.9854521848639,176.981765930525,-1.00000000000001));
#5015=CARTESIAN_POINT('Ctrl Pts',(27.0671799241988,176.65835375446,-1.00000000000001));
#5016=CARTESIAN_POINT('Ctrl Pts',(27.0768762744075,176.619983456366,-1.00000000000001));
#5017=CARTESIAN_POINT('Ctrl Pts',(27.0863827058816,176.581391687131,-1.00000000000001));
#5018=CARTESIAN_POINT('Ctrl Pts',(27.0957361361394,176.54235878967,-1.00000000000001));
#5019=CARTESIAN_POINT('Ctrl Pts',(27.1386121724954,176.363432354719,-1.00000000000001));
#5020=CARTESIAN_POINT('Ctrl Pts',(27.1948732574013,176.148719253078,-1.00000000000001));
#5021=CARTESIAN_POINT('Ctrl Pts',(27.3261206115723,175.765068189696,-1.00000000000001));
#5022=CARTESIAN_POINT('Ctrl Pts',(27.4731537777423,175.335273388044,-1.00000000000001));
#5023=CARTESIAN_POINT('Ctrl Pts',(27.6785662300727,174.822893482705,-1.00000000000001));
#5024=CARTESIAN_POINT('Ctrl Pts',(27.9010402832112,174.279500579372,-1.00000000000001));
#5025=CARTESIAN_POINT('Ctrl Pts',(28.1097222322403,173.769794892095,-1.00000000000001));
#5026=CARTESIAN_POINT('Ctrl Pts',(28.347740680956,173.191614471513,-1.00000000000001));
#5027=CARTESIAN_POINT('Ctrl Pts',(28.5533630796158,172.609443763138,-1.00000000000001));
#5028=CARTESIAN_POINT('Ctrl Pts',(28.7028276271041,172.186270596909,-1.00000000000001));
#5029=CARTESIAN_POINT('Ctrl Pts',(28.8130544658308,171.826792764362,-1.00000000000001));
#5030=CARTESIAN_POINT('Ctrl Pts',(28.9029999952286,171.487084192366,-1.00000000000001));
#5031=CARTESIAN_POINT('Ctrl Pts',(28.9659092049279,171.249487082924,-1.00000000000001));
#5032=CARTESIAN_POINT('Ctrl Pts',(29.0281548173189,171.027222568809,-1.00000000000001));
#5033=CARTESIAN_POINT('Ctrl Pts',(29.2663903039866,170.433848427884,-1.00000000000001));
#5034=CARTESIAN_POINT('Ctrl Pts',(29.4194400872456,170.052646681114,-1.00000000000001));
#5035=CARTESIAN_POINT('Ctrl Pts',(29.6233396633561,169.590902246055,-1.00000000000001));
#5036=CARTESIAN_POINT('Ctrl Pts',(29.8376099823543,169.104525852708,-1.00000000000001));
#5037=CARTESIAN_POINT('Ctrl Pts',(30.0341394675622,168.658419725417,-1.00000000000001));
#5038=CARTESIAN_POINT('Ctrl Pts',(30.2556481165825,168.149066985593,-1.00000000000001));
#5039=CARTESIAN_POINT('Ctrl Pts',(30.4436151433451,167.666724743688,-1.00000000000001));
#5040=CARTESIAN_POINT('Ctrl Pts',(30.6111015088303,167.236937932629,-1.00000000000001));
#5041=CARTESIAN_POINT('Ctrl Pts',(30.7236979473222,166.907472851813,-1.00000000000001));
#5042=CARTESIAN_POINT('Ctrl Pts',(30.8139059654166,166.619061390129,-1.00000000000001));
#5043=CARTESIAN_POINT('Ctrl Pts',(30.832390806901,166.559961985618,-1.00000000000001));
#5044=CARTESIAN_POINT('Ctrl Pts',(30.8501536637506,166.501758994018,-1.00000000000001));
#5045=CARTESIAN_POINT('Ctrl Pts',(30.8675195394797,166.44338514998,-1.00000000000001));
#5046=CARTESIAN_POINT('Ctrl Pts',(30.904514294699,166.319030576385,-1.00000000000001));
#5047=CARTESIAN_POINT('Ctrl Pts',(30.9664570843304,166.138703967833,-1.00000000000001));
#5048=CARTESIAN_POINT('Ctrl Pts',(31.0855890551234,165.865377519326,-1.00000000000001));
#5049=CARTESIAN_POINT('Ctrl Pts',(31.3020648314697,165.368713569735,-1.00000000000001));
#5050=CARTESIAN_POINT('Ctrl Pts',(31.6501625124323,164.725931800612,-1.00000000000001));
#5051=CARTESIAN_POINT('Ctrl Pts',(32.0389042477453,163.958135581877,-1.00000000000001));
#5052=CARTESIAN_POINT('Ctrl Pts',(32.2332751154019,163.57423747251,-1.00000000000001));
#5053=CARTESIAN_POINT('Ctrl Pts',(32.4379878580504,163.155233441308,-1.00000000000001));
#5054=CARTESIAN_POINT('Ctrl Pts',(32.6342734522891,162.687328059874,-1.00000000000001));
#5055=CARTESIAN_POINT('Ctrl Pts',(32.7431676425265,162.427746210189,-1.00000000000001));
#5056=CARTESIAN_POINT('Ctrl Pts',(32.8492972381914,162.152989849744,-1.00000000000001));
#5057=CARTESIAN_POINT('Ctrl Pts',(32.9473678625727,161.859944267984,-1.00000000000001));
#5058=CARTESIAN_POINT('Ctrl Pts',(33.0018506326608,161.697143886554,-1.00000000000001));
#5059=CARTESIAN_POINT('Ctrl Pts',(33.0538162787075,161.528675597979,-1.00000000000001));
#5060=CARTESIAN_POINT('Ctrl Pts',(33.1020283345879,161.354088809795,-1.00000000000001));
#5061=CARTESIAN_POINT('Ctrl Pts',(33.1234627982138,161.27646975596,-1.00000000000001));
#5062=CARTESIAN_POINT('Ctrl Pts',(33.1427737611028,161.204013475873,-1.00000000000001));
#5063=CARTESIAN_POINT('Ctrl Pts',(33.1681792839412,161.100503597111,-1.00000000000001));
#5064=CARTESIAN_POINT('Ctrl Pts',(33.1967357578111,160.984155779083,-1.00000000000001));
#5065=CARTESIAN_POINT('Ctrl Pts',(33.2153976733155,160.90757428668,-1.00000000000001));
#5066=CARTESIAN_POINT('Ctrl Pts',(33.2249835437702,160.868231771383,-1.00000000000001));
#5067=CARTESIAN_POINT('Ctrl Pts',(33.475986899806,159.838058933043,-1.00000000000001));
#5068=CARTESIAN_POINT('Ctrl Pts',(33.7318014242782,158.738362363297,-1.00000000000001));
#5069=CARTESIAN_POINT('Ctrl Pts',(33.94944260607,157.648224225998,-1.00000000000001));
#5070=CARTESIAN_POINT('Ctrl Pts',(34.0889547729614,156.949424796159,-1.00000000000001));
#5071=CARTESIAN_POINT('Ctrl Pts',(34.2052076632421,156.289298109906,-1.00000000000001));
#5072=CARTESIAN_POINT('Ctrl Pts',(34.2963738614252,155.676850664955,-1.00000000000001));
#5073=CARTESIAN_POINT('Ctrl Pts',(34.5771385588441,153.790695214865,-1.00000000000001));
#5074=CARTESIAN_POINT('Ctrl Pts',(34.6042894334508,152.430239934957,-1.00000000000001));
#5075=CARTESIAN_POINT('Ctrl Pts',(34.7584439086928,150.73195805341,-1.00000000000001));
#5076=CARTESIAN_POINT('Ctrl Pts',(34.7668930472916,150.638875974706,-1.00000000000001));
#5077=CARTESIAN_POINT('Ctrl Pts',(34.7757414225665,150.544922093485,-1.00000000000001));
#5078=CARTESIAN_POINT('Ctrl Pts',(34.7850906922949,150.450017849934,-1.00000000000001));
#5079=CARTESIAN_POINT('Ctrl Pts',(34.9136281450224,149.145236827086,-1.00000000000001));
#5080=CARTESIAN_POINT('Ctrl Pts',(34.9814256744545,147.856263151577,-1.00000000000001));
#5081=CARTESIAN_POINT('Ctrl Pts',(35.0908583870783,146.742738712204,-1.00000000000001));
#5082=CARTESIAN_POINT('Ctrl Pts',(35.1340297220979,146.30345199919,-1.00000000000001));
#5083=CARTESIAN_POINT('Ctrl Pts',(35.1808376628456,145.907835691369,-1.00000000000001));
#5084=CARTESIAN_POINT('Ctrl Pts',(35.2301447012003,145.555526217959,-1.00000000000001));
#5085=CARTESIAN_POINT('Ctrl Pts',(35.3499090421116,144.699784050357,-1.00000000000001));
#5086=CARTESIAN_POINT('Ctrl Pts',(35.5380452351006,143.890680319349,-1.00000000000001));
#5087=CARTESIAN_POINT('Ctrl Pts',(35.7196160155006,143.072590853468,-1.00000000000001));
#5088=CARTESIAN_POINT('Ctrl Pts',(35.8641390448618,142.421424583008,-1.00000000000001));
#5089=CARTESIAN_POINT('Ctrl Pts',(36.0065459747556,141.790894638482,-1.00000000000001));
#5090=CARTESIAN_POINT('Ctrl Pts',(36.1472896532846,140.990675732345,-1.00000000000001));
#5091=CARTESIAN_POINT('Ctrl Pts',(36.1728971795007,140.845080371817,-1.00000000000001));
#5092=CARTESIAN_POINT('Ctrl Pts',(36.1983057142934,140.693720182138,-1.00000000000001));
#5093=CARTESIAN_POINT('Ctrl Pts',(36.2236393682377,140.53157679778,-1.00000000000001));
#5094=CARTESIAN_POINT('Ctrl Pts',(36.3100248862442,139.978682206266,-1.00000000000001));
#5095=CARTESIAN_POINT('Ctrl Pts',(36.3998264384489,139.297716183927,-1.00000000000001));
#5096=CARTESIAN_POINT('Ctrl Pts',(36.4832307360912,138.549771304522,-1.00000000000001));
#5097=CARTESIAN_POINT('Ctrl Pts',(36.56979386737,137.773498946677,-1.00000000000001));
#5098=CARTESIAN_POINT('Ctrl Pts',(36.6423819336634,137.022738108043,-1.00000000000001));
#5099=CARTESIAN_POINT('Ctrl Pts',(36.6939128405575,136.512526917044,-1.00000000000001));
#5100=CARTESIAN_POINT('Ctrl Pts',(36.7473686097546,135.983257526853,-1.00000000000001));
#5101=CARTESIAN_POINT('Ctrl Pts',(36.7839479444276,135.634745859907,-1.00000000000001));
#5102=CARTESIAN_POINT('Ctrl Pts',(36.8194063390658,135.311277576039,-1.00000000000001));
#5103=CARTESIAN_POINT('Ctrl Pts',(36.8580184300118,134.959039779537,-1.00000000000001));
#5104=CARTESIAN_POINT('Ctrl Pts',(36.8995341039812,134.621267332663,-1.00000000000001));
#5105=CARTESIAN_POINT('Ctrl Pts',(36.9711982389928,134.093287857248,-1.00000000000001));
#5106=CARTESIAN_POINT('Ctrl Pts',(37.0297789274037,133.661699572096,-1.00000000000001));
#5107=CARTESIAN_POINT('Ctrl Pts',(37.1002430134428,133.171118876084,-1.00000000000001));
#5108=CARTESIAN_POINT('Ctrl Pts',(37.1646305877062,132.705973508204,-1.00000000000001));
#5109=CARTESIAN_POINT('Ctrl Pts',(37.2293795282662,132.238217576705,-1.00000000000001));
#5110=CARTESIAN_POINT('Ctrl Pts',(37.2933031466317,131.757433937084,-1.00000000000001));
#5111=CARTESIAN_POINT('Ctrl Pts',(37.3476845865138,131.270261873889,-1.00000000000001));
#5112=CARTESIAN_POINT('Ctrl Pts',(37.385530207859,130.931224704706,-1.00000000000001));
#5113=CARTESIAN_POINT('Ctrl Pts',(37.4207691803439,130.595082085917,-1.00000000000001));
#5114=CARTESIAN_POINT('Ctrl Pts',(37.4544510071858,130.107284508674,-1.00000000000001));
#5115=CARTESIAN_POINT('Ctrl Pts',(37.4805398204678,129.729452867534,-1.00000000000001));
#5116=CARTESIAN_POINT('Ctrl Pts',(37.5109475571756,129.244542368682,-1.00000000000001));
#5117=CARTESIAN_POINT('Ctrl Pts',(37.5507289227423,128.532816756798,-1.00000000000001));
#5118=CARTESIAN_POINT('Ctrl Pts',(37.5586102551717,128.391812392924,-1.00000000000001));
#5119=CARTESIAN_POINT('Ctrl Pts',(37.5643950390476,128.287895017118,-1.00000000000001));
#5120=CARTESIAN_POINT('Ctrl Pts',(37.578896357214,128.021900699344,-1.00000000000001));
#5121=CARTESIAN_POINT('Ctrl Pts',(37.5979172449026,127.673004965443,-1.00000000000001));
#5122=CARTESIAN_POINT('Ctrl Pts',(37.6361184952459,126.971245647459,-1.00000000000001));
#5123=CARTESIAN_POINT('Ctrl Pts',(37.6672633792844,126.350657730758,-1.00000000000001));
#5124=CARTESIAN_POINT('Ctrl Pts',(37.6944581836894,125.808778461277,-1.00000000000001));
#5125=CARTESIAN_POINT('Ctrl Pts',(37.7130772450757,125.396162114253,-1.00000000000001));
#5126=CARTESIAN_POINT('Ctrl Pts',(37.7289125938055,124.953833050069,-1.00000000000001));
#5127=CARTESIAN_POINT('Ctrl Pts',(37.766346546852,123.90818980579,-1.00000000000001));
#5128=CARTESIAN_POINT('Ctrl Pts',(37.8174391088504,122.806873981558,-1.00000000000001));
#5129=CARTESIAN_POINT('Ctrl Pts',(37.8538558431257,121.912456098091,-1.00000000000001));
#5130=CARTESIAN_POINT('Ctrl Pts',(37.8829702478942,121.197388017176,-1.00000000000001));
#5131=CARTESIAN_POINT('Ctrl Pts',(37.905861839275,120.559949824792,-1.00000000000001));
#5132=CARTESIAN_POINT('Ctrl Pts',(37.9127771806773,119.831677462166,-1.00000000000001));
#5133=CARTESIAN_POINT('Ctrl Pts',(37.9188237721141,119.194895389475,-1.00000000000001));
#5134=CARTESIAN_POINT('Ctrl Pts',(37.9072420077917,118.524757218948,-1.00000000000001));
#5135=CARTESIAN_POINT('Ctrl Pts',(37.8969124126357,117.799863896836,-1.00000000000001));
#5136=CARTESIAN_POINT('Ctrl Pts',(37.8896385880908,117.289413413617,-1.00000000000001));
#5137=CARTESIAN_POINT('Ctrl Pts',(37.8846001013789,116.789771628294,-1.00000000000001));
#5138=CARTESIAN_POINT('Ctrl Pts',(37.8825149390073,116.282081423726,-1.00000000000001));
#5139=CARTESIAN_POINT('Ctrl Pts',(37.8809473221859,115.900401936522,-1.00000000000001));
#5140=CARTESIAN_POINT('Ctrl Pts',(37.8807380212123,115.513521502829,-1.00000000000001));
#5141=CARTESIAN_POINT('Ctrl Pts',(37.879584535544,115.117735984963,-1.00000000000001));
#5142=CARTESIAN_POINT('Ctrl Pts',(37.8792037145635,114.98706818986,-1.00000000000001));
#5143=CARTESIAN_POINT('Ctrl Pts',(37.8787164657512,114.864190395309,-1.00000000000001));
#5144=CARTESIAN_POINT('Ctrl Pts',(37.8782439392188,114.768490506751,-1.00000000000001));
#5145=CARTESIAN_POINT('Ctrl Pts',(37.8762937638268,114.373525240534,-1.00000000000001));
#5146=CARTESIAN_POINT('Ctrl Pts',(37.8753998345928,114.069783662518,-1.00000000000001));
#5147=CARTESIAN_POINT('Ctrl Pts',(37.8758924245793,113.727758332554,-1.00000000000001));
#5148=CARTESIAN_POINT('Ctrl Pts',(37.8767755444514,113.114572165716,-1.00000000000001));
#5149=CARTESIAN_POINT('Ctrl Pts',(37.8837720201497,112.527498866153,-1.00000000000001));
#5150=CARTESIAN_POINT('Ctrl Pts',(37.8906764972713,112.06875459479,-1.00000000000001));
#5151=CARTESIAN_POINT('Ctrl Pts',(37.903470892822,111.218674920236,-1.00000000000001));
#5152=CARTESIAN_POINT('Ctrl Pts',(37.9186495440097,110.643506614057,-1.00000000000001));
#5153=CARTESIAN_POINT('Ctrl Pts',(37.9136003798519,109.751141575168,-1.00000000000001));
#5154=CARTESIAN_POINT('Ctrl Pts',(37.9115605378093,109.390629683151,-1.00000000000001));
#5155=CARTESIAN_POINT('Ctrl Pts',(37.9030801040123,108.996174015848,-1.00000000000001));
#5156=CARTESIAN_POINT('Ctrl Pts',(37.8876755782519,108.540559842242,-1.00000000000001));
#5157=CARTESIAN_POINT('Ctrl Pts',(37.8730294455711,108.107376390726,-1.00000000000001));
#5158=CARTESIAN_POINT('Ctrl Pts',(37.8543843133527,107.677642190325,-1.00000000000001));
#5159=CARTESIAN_POINT('Ctrl Pts',(37.8403905777257,107.345718324023,-1.00000000000001));
#5160=CARTESIAN_POINT('Ctrl Pts',(37.8137642555439,106.71415631374,-1.00000000000001));
#5161=CARTESIAN_POINT('Ctrl Pts',(37.7976151203114,106.295444453975,-1.00000000000001));
#5162=CARTESIAN_POINT('Ctrl Pts',(37.7864988130539,105.878010171817,-1.00000000000001));
#5163=CARTESIAN_POINT('Ctrl Pts',(37.777476069984,105.539192416132,-1.00000000000001));
#5164=CARTESIAN_POINT('Ctrl Pts',(37.7709244874838,105.204435435246,-1.00000000000001));
#5165=CARTESIAN_POINT('Ctrl Pts',(37.7717703474572,104.777112290045,-1.00000000000001));
#5166=CARTESIAN_POINT('Ctrl Pts',(37.7724675842381,104.424872648121,-1.00000000000001));
#5167=CARTESIAN_POINT('Ctrl Pts',(37.7717719140738,103.993797089124,-1.00000000000001));
#5168=CARTESIAN_POINT('Ctrl Pts',(37.7723594385823,103.542385994759,-1.00000000000001));
#5169=CARTESIAN_POINT('Ctrl Pts',(37.7729927537841,103.055792662675,-1.00000000000001));
#5170=CARTESIAN_POINT('Ctrl Pts',(37.7753340282321,102.66324607466,-1.00000000000001));
#5171=CARTESIAN_POINT('Ctrl Pts',(37.7800817408257,102.245923074693,-1.00000000000001));
#5172=CARTESIAN_POINT('Ctrl Pts',(37.7835242461257,101.943327538233,-1.00000000000001));
#5173=CARTESIAN_POINT('Ctrl Pts',(37.7889201578398,101.591393600457,-1.00000000000001));
#5174=CARTESIAN_POINT('Ctrl Pts',(37.7953901511428,101.214852397978,-1.00000000000001));
#5175=CARTESIAN_POINT('Ctrl Pts',(37.803944848072,100.716985442372,-1.00000000000001));
#5176=CARTESIAN_POINT('Ctrl Pts',(37.8106250517143,100.334481405801,-1.00000000000001));
#5177=CARTESIAN_POINT('Ctrl Pts',(37.8146907924837,100.007904580282,-1.00000000000001));
#5178=CARTESIAN_POINT('Ctrl Pts',(37.8156085380078,99.9341875292231,-1.00000000000001));
#5179=CARTESIAN_POINT('Ctrl Pts',(37.816421443937,99.8625782992097,-1.00000000000001));
#5180=CARTESIAN_POINT('Ctrl Pts',(37.8171382958967,99.7919401408568,-1.00000000000001));
#5181=CARTESIAN_POINT('Ctrl Pts',(37.8218831092371,99.3243891052493,-1.00000000000001));
#5182=CARTESIAN_POINT('Ctrl Pts',(37.8140957626418,98.8656663751174,-1.00000000000001));
#5183=CARTESIAN_POINT('Ctrl Pts',(37.8005951963536,98.3674574259277,-1.00000000000001));
#5184=CARTESIAN_POINT('Ctrl Pts',(37.7827514354103,97.7089723520868,-1.00000000000001));
#5185=CARTESIAN_POINT('Ctrl Pts',(37.7575033179177,97.04907989276,-1.00000000000001));
#5186=CARTESIAN_POINT('Ctrl Pts',(37.7465953937753,96.4245528571492,-1.00000000000001));
#5187=CARTESIAN_POINT('Ctrl Pts',(37.7387798209438,95.9770766491811,-1.00000000000001));
#5188=CARTESIAN_POINT('Ctrl Pts',(37.738714193637,95.6314831220842,-1.00000000000001));
#5189=CARTESIAN_POINT('Ctrl Pts',(37.7432021213731,95.3073502423397,-1.00000000000001));
#5190=CARTESIAN_POINT('Ctrl Pts',(37.7452194960226,95.1616488199588,-1.00000000000001));
#5191=CARTESIAN_POINT('Ctrl Pts',(37.7482582116797,95.0159151606704,-1.00000000000001));
#5192=CARTESIAN_POINT('Ctrl Pts',(37.7530182150598,94.8581401106,-1.00000000000001));
#5193=CARTESIAN_POINT('Ctrl Pts',(37.7729803055386,94.1964767517066,-1.00000000000001));
#5194=CARTESIAN_POINT('Ctrl Pts',(37.787705683517,93.252586755497,-1.00000000000001));
#5195=CARTESIAN_POINT('Ctrl Pts',(37.8082860594406,92.4712395495404,-1.00000000000001));
#5196=CARTESIAN_POINT('Ctrl Pts',(37.8242762071544,91.864163309275,-1.00000000000001));
#5197=CARTESIAN_POINT('Ctrl Pts',(37.8428433447565,91.3449813457809,-1.00000000000001));
#5198=CARTESIAN_POINT('Ctrl Pts',(37.8706333489601,90.7577945059165,-1.00000000000001));
#5199=CARTESIAN_POINT('Ctrl Pts',(37.8850580987715,90.4530078209097,-1.00000000000001));
#5200=CARTESIAN_POINT('Ctrl Pts',(37.8984883545069,90.204863749914,-1.00000000000001));
#5201=CARTESIAN_POINT('Ctrl Pts',(37.9102635501334,89.9977830470236,-1.00000000000001));
#5202=CARTESIAN_POINT('Ctrl Pts',(37.9114492460933,89.9769311851454,-1.00000000000001));
#5203=CARTESIAN_POINT('Ctrl Pts',(37.9126317955744,89.9562735402122,-1.00000000000001));
#5204=CARTESIAN_POINT('Ctrl Pts',(37.9138210326682,89.9356336258904,-1.00000000000001));
#5205=CARTESIAN_POINT('Ctrl Pts',(37.9317840702348,89.6238744667739,-1.00000000000001));
#5206=CARTESIAN_POINT('Ctrl Pts',(37.9450571312476,89.3313091367467,-1.00000000000001));
#5207=CARTESIAN_POINT('Ctrl Pts',(37.9567701202852,88.8221758791635,-1.00000000000001));
#5208=CARTESIAN_POINT('Ctrl Pts',(37.96835576833,88.3185778042991,-1.00000000000001));
#5209=CARTESIAN_POINT('Ctrl Pts',(37.9723773942378,87.5925484225265,-1.00000000000001));
#5210=CARTESIAN_POINT('Ctrl Pts',(37.98237557669,86.9698184396849,-1.00000000000001));
#5211=CARTESIAN_POINT('Ctrl Pts',(37.9933115901593,86.2886762908284,-1.00000000000001));
#5212=CARTESIAN_POINT('Ctrl Pts',(38.0153487172257,85.647738911707,-1.00000000000001));
#5213=CARTESIAN_POINT('Ctrl Pts',(38.0707508988031,85.0289848400574,-1.00000000000001));
#5214=CARTESIAN_POINT('Ctrl Pts',(38.1849535491486,83.7535232448199,-1.00000000000001));
#5215=CARTESIAN_POINT('Ctrl Pts',(38.2253543528164,82.627652477008,-1.00000000000001));
#5216=CARTESIAN_POINT('Ctrl Pts',(38.3010952376077,81.7003105640609,-1.00000000000001));
#5217=CARTESIAN_POINT('Ctrl Pts',(38.3556677666361,81.0321457597669,-1.00000000000001));
#5218=CARTESIAN_POINT('Ctrl Pts',(38.4055319652009,80.5922985085342,-1.00000000000001));
#5219=CARTESIAN_POINT('Ctrl Pts',(38.4538115542439,80.2048464148935,-1.00000000000001));
#5220=CARTESIAN_POINT('Ctrl Pts',(38.4571424962151,80.1781150266169,-1.00000000000001));
#5221=CARTESIAN_POINT('Ctrl Pts',(38.4604855989655,80.1515628872198,-1.00000000000001));
#5222=CARTESIAN_POINT('Ctrl Pts',(38.4638485494236,80.1251226169461,-1.00000000000001));
#5223=CARTESIAN_POINT('Ctrl Pts',(38.5690918130075,79.2976764894169,-1.00000000000001));
#5224=CARTESIAN_POINT('Ctrl Pts',(38.6265598330341,78.5328511945919,-1.00000000000001));
#5225=CARTESIAN_POINT('Ctrl Pts',(38.6948075802726,77.7657526101446,-1.00000000000001));
#5226=CARTESIAN_POINT('Ctrl Pts',(38.7415889585628,77.2399340957326,-1.00000000000001));
#5227=CARTESIAN_POINT('Ctrl Pts',(38.7934325751185,76.732594577045,-1.00000000000001));
#5228=CARTESIAN_POINT('Ctrl Pts',(38.8362264637167,76.3753384290976,-1.00000000000001));
#5229=CARTESIAN_POINT('Ctrl Pts',(38.8918258034091,75.9111785553954,-1.00000000000001));
#5230=CARTESIAN_POINT('Ctrl Pts',(38.9368816558433,75.5976171522831,-1.00000000000001));
#5231=CARTESIAN_POINT('Ctrl Pts',(39.000910243605,75.2097251966095,-1.00000000000001));
#5232=CARTESIAN_POINT('Ctrl Pts',(39.0616890493246,74.8415207642128,-1.00000000000001));
#5233=CARTESIAN_POINT('Ctrl Pts',(39.1235586052387,74.4153294036537,-1.00000000000001));
#5234=CARTESIAN_POINT('Ctrl Pts',(39.1887155367796,73.9055875988517,-1.00000000000001));
#5235=CARTESIAN_POINT('Ctrl Pts',(39.2717669673649,73.2558518743981,-1.00000000000001));
#5236=CARTESIAN_POINT('Ctrl Pts',(39.3442472300942,72.6055089303865,-1.00000000000001));
#5237=CARTESIAN_POINT('Ctrl Pts',(39.4231416087523,71.9893074148708,-1.00000000000001));
#5238=CARTESIAN_POINT('Ctrl Pts',(39.4633341969017,71.6753847482446,-1.00000000000001));
#5239=CARTESIAN_POINT('Ctrl Pts',(39.5055445736919,71.369639004706,-1.00000000000001));
#5240=CARTESIAN_POINT('Ctrl Pts',(39.5443095024482,71.111998012305,-1.00000000000001));
#5241=CARTESIAN_POINT('Ctrl Pts',(39.5708600935487,70.9355364306786,-1.00000000000001));
#5242=CARTESIAN_POINT('Ctrl Pts',(39.5983687832385,70.7600064827021,-1.00000000000001));
#5243=CARTESIAN_POINT('Ctrl Pts',(39.6378364312693,70.5310988764812,-1.00000000000001));
#5244=CARTESIAN_POINT('Origin',(41.0093674681418,70.531098876483,-1.00000000000001));
#5245=CARTESIAN_POINT('',(41.0093674681418,70.531098876483,-1.00000000000001));
#5246=CARTESIAN_POINT('',(41.0093674681398,70.531098876483,-22.));
#5247=CARTESIAN_POINT('',(-66.9861953896594,70.531098876483,-1.00000000000001));
#5248=CARTESIAN_POINT('Origin',(162.865747059945,88.,115.));
#5249=CARTESIAN_POINT('',(162.865747059945,56.5500582304014,-33.9152146783157));
#5250=CARTESIAN_POINT('Origin',(162.865747059945,175.,14.5000000000011));
#5251=CARTESIAN_POINT('',(162.865747059945,179.590852849334,-36.7949711971433));
#5252=CARTESIAN_POINT('Origin',(162.865747059945,179.590852849334,-36.7949711971433));
#5253=CARTESIAN_POINT('',(162.865747059945,196.19141170107,-36.7949711971433));
#5254=CARTESIAN_POINT('Ctrl Pts',(192.877526009659,196.19141170107,-36.7949711971433));
#5255=CARTESIAN_POINT('Ctrl Pts',(-57.1342529400552,196.19141170107,-36.7949711971433));
#5256=CARTESIAN_POINT('Ctrl Pts',(192.877526009659,192.889842482463,-38.1589433553923));
#5257=CARTESIAN_POINT('Ctrl Pts',(-57.1342529400552,192.889842482463,-38.1589433553923));
#5258=CARTESIAN_POINT('Ctrl Pts',(192.877526009659,189.374716482355,-39.2314664210997));
#5259=CARTESIAN_POINT('Ctrl Pts',(-57.1342529400552,189.374716482355,-39.2314664210997));
#5260=CARTESIAN_POINT('Ctrl Pts',(192.877526009659,185.776699029127,-39.9436659129012));
#5261=CARTESIAN_POINT('Ctrl Pts',(-57.1342529400552,185.776699029127,-39.9436659129012));
#5262=CARTESIAN_POINT('',(39.4815034231128,185.776699029127,-39.9436659129012));
#5263=CARTESIAN_POINT('Ctrl Pts',(39.4815034231128,185.776699029127,-39.9436659129012));
#5264=CARTESIAN_POINT('Ctrl Pts',(39.4815034231127,188.832390619257,-39.33881559578));
#5265=CARTESIAN_POINT('Ctrl Pts',(39.2017965829002,191.811071183528,-38.481397669701));
#5266=CARTESIAN_POINT('Ctrl Pts',(38.6744276653829,194.67643170047,-37.394971196993));
#5267=CARTESIAN_POINT('',(-47.4627684868971,185.77669902908,-39.9436659129012));
#5268=CARTESIAN_POINT('',(162.865747059945,185.776699029127,-39.9436659129012));
#5269=CARTESIAN_POINT('Ctrl Pts',(-46.6556927291563,194.67643170047,-37.394971196993));
#5270=CARTESIAN_POINT('Ctrl Pts',(-47.1830616466732,191.811071183531,-38.4813976697));
#5271=CARTESIAN_POINT('Ctrl Pts',(-47.4627684868862,188.83239061926,-39.3388155957794));
#5272=CARTESIAN_POINT('Ctrl Pts',(-47.4627684868863,185.776699029128,-39.9436659129011));
#5273=CARTESIAN_POINT('Origin',(162.865747059945,175.,14.5));
#5274=CARTESIAN_POINT('',(-47.462768486884,175.,-41.));
#5275=CARTESIAN_POINT('Origin',(-47.4627684868863,175.,14.5));
#5276=CARTESIAN_POINT('',(39.4815034231409,174.99999999997,-41.));
#5277=CARTESIAN_POINT('Origin',(39.4815034231409,175.,14.5));
#5278=CARTESIAN_POINT('',(162.865747059945,175.,-41.));
#5279=CARTESIAN_POINT('Origin',(162.865747059945,175.,-41.));
#5280=CARTESIAN_POINT('',(-47.4627684868635,86.3893424108824,-41.));
#5281=CARTESIAN_POINT('',(-47.4579409924343,86.3160678165487,-41.));
#5282=CARTESIAN_POINT('Ctrl Pts',(-47.4627684868634,86.3893424108824,-41.));
#5283=CARTESIAN_POINT('Ctrl Pts',(-47.4611654621236,86.364915978689,-41.));
#5284=CARTESIAN_POINT('Ctrl Pts',(-47.4595563127618,86.3404911719553,-41.));
#5285=CARTESIAN_POINT('Ctrl Pts',(-47.4579409924344,86.3160678165487,-41.));
#5286=CARTESIAN_POINT('',(-47.4627684868777,147.998960351771,-41.));
#5287=CARTESIAN_POINT('',(39.4815034231357,86.3893424110579,-41.));
#5288=CARTESIAN_POINT('',(39.4815034231355,87.4747918429215,-41.));
#5289=CARTESIAN_POINT('',(39.4766759286965,86.3160678165667,-41.));
#5290=CARTESIAN_POINT('Ctrl Pts',(39.4766759286964,86.3160678165667,-41.));
#5291=CARTESIAN_POINT('Ctrl Pts',(39.4782912493531,86.3404911769538,-41.));
#5292=CARTESIAN_POINT('Ctrl Pts',(39.4799003980524,86.364915973631,-41.));
#5293=CARTESIAN_POINT('Ctrl Pts',(39.4815034231357,86.3893424110579,-41.));
#5294=CARTESIAN_POINT('',(162.865747059945,86.3160678165964,-41.));
#5295=CARTESIAN_POINT('Ctrl Pts',(192.884180994715,47.,-31.5736674849886));
#5296=CARTESIAN_POINT('Ctrl Pts',(-57.1342529400552,47.,-31.5736674849886));
#5297=CARTESIAN_POINT('Ctrl Pts',(192.884180994715,47.7326717574919,-31.7786124970948));
#5298=CARTESIAN_POINT('Ctrl Pts',(-57.1342529400552,47.7326717574919,-31.7786124970948));
#5299=CARTESIAN_POINT('Ctrl Pts',(192.884180994715,48.1198880298603,-31.8831455056917));
#5300=CARTESIAN_POINT('Ctrl Pts',(-57.1342529400552,48.1198880298603,-31.8831455056917));
#5301=CARTESIAN_POINT('Ctrl Pts',(192.884180994715,48.5948181568451,-32.0104473971421));
#5302=CARTESIAN_POINT('Ctrl Pts',(-57.1342529400552,48.5948181568451,-32.0104473971421));
#5303=CARTESIAN_POINT('Ctrl Pts',(192.884180994715,49.708895845774,-32.3090685815336));
#5304=CARTESIAN_POINT('Ctrl Pts',(-57.1342529400552,49.708895845774,-32.3090685815336));
#5305=CARTESIAN_POINT('Ctrl Pts',(192.884180994715,51.1808179424508,-32.6865687156557));
#5306=CARTESIAN_POINT('Ctrl Pts',(-57.1342529400552,51.1808179424508,-32.6865687156557));
#5307=CARTESIAN_POINT('Ctrl Pts',(192.884180994715,52.6018295111219,-33.0263811826808));
#5308=CARTESIAN_POINT('Ctrl Pts',(-57.1342529400552,52.6018295111219,-33.0263811826808));
#5309=CARTESIAN_POINT('Ctrl Pts',(192.884180994715,53.1031045923655,-33.1462531990465));
#5310=CARTESIAN_POINT('Ctrl Pts',(-57.1342529400552,53.1031045923655,-33.1462531990465));
#5311=CARTESIAN_POINT('Ctrl Pts',(192.884180994715,53.6042762978461,-33.2634062523626));
#5312=CARTESIAN_POINT('Ctrl Pts',(-57.1342529400552,53.6042762978461,-33.2634062523626));
#5313=CARTESIAN_POINT('Ctrl Pts',(192.884180994715,54.1046528806065,-33.3777120852584));
#5314=CARTESIAN_POINT('Ctrl Pts',(-57.1342529400552,54.1046528806065,-33.3777120852584));
#5315=CARTESIAN_POINT('Ctrl Pts',(192.884180994715,54.6512971485804,-33.5025872902565));
#5316=CARTESIAN_POINT('Ctrl Pts',(-57.1342529400552,54.6512971485804,-33.5025872902565));
#5317=CARTESIAN_POINT('Ctrl Pts',(192.884180994715,55.3726861980271,-33.6630528857434));
#5318=CARTESIAN_POINT('Ctrl Pts',(-57.1342529400552,55.3726861980271,-33.6630528857434));
#5319=CARTESIAN_POINT('Ctrl Pts',(192.884180994715,55.9947753044048,-33.7968601556648));
#5320=CARTESIAN_POINT('Ctrl Pts',(-57.1342529400552,55.9947753044048,-33.7968601556648));
#5321=CARTESIAN_POINT('Ctrl Pts',(192.884180994715,56.1865303490998,-33.8381054029473));
#5322=CARTESIAN_POINT('Ctrl Pts',(-57.1342529400552,56.1865303490998,-33.8381054029473));
#5323=CARTESIAN_POINT('Ctrl Pts',(192.884180994715,56.370071914706,-33.8772027185561));
#5324=CARTESIAN_POINT('Ctrl Pts',(-57.1342529400552,56.370071914706,-33.8772027185561));
#5325=CARTESIAN_POINT('Ctrl Pts',(192.884180994715,56.5500582304014,-33.9152146783157));
#5326=CARTESIAN_POINT('Ctrl Pts',(-57.1342529400552,56.5500582304014,-33.9152146783157));
#5327=CARTESIAN_POINT('Ctrl Pts',(192.884180994715,11.9403510540002,-16.8323549141533));
#5328=CARTESIAN_POINT('Ctrl Pts',(-57.1342529400552,11.9403510540002,-16.8323549141533));
#5329=CARTESIAN_POINT('Ctrl Pts',(192.884180994715,13.0039356097121,-17.4459817281817));
#5330=CARTESIAN_POINT('Ctrl Pts',(-57.1342529400552,13.0039356097121,-17.4459817281817));
#5331=CARTESIAN_POINT('Ctrl Pts',(192.884180994715,14.3395086884836,-18.2050998920925));
#5332=CARTESIAN_POINT('Ctrl Pts',(-57.1342529400552,14.3395086884836,-18.2050998920925));
#5333=CARTESIAN_POINT('Ctrl Pts',(192.884180994715,16.2363548091136,-19.2192952928772));
#5334=CARTESIAN_POINT('Ctrl Pts',(-57.1342529400552,16.2363548091136,-19.2192952928772));
#5335=CARTESIAN_POINT('Ctrl Pts',(192.884180994715,17.3113047178964,-19.7940436826935));
#5336=CARTESIAN_POINT('Ctrl Pts',(-57.1342529400552,17.3113047178964,-19.7940436826935));
#5337=CARTESIAN_POINT('Ctrl Pts',(192.884180994715,18.4935965966652,-20.406985580538));
#5338=CARTESIAN_POINT('Ctrl Pts',(-57.1342529400552,18.4935965966652,-20.406985580538));
#5339=CARTESIAN_POINT('Ctrl Pts',(192.884180994715,19.5320004951949,-20.9300299558934));
#5340=CARTESIAN_POINT('Ctrl Pts',(-57.1342529400552,19.5320004951949,-20.9300299558934));
#5341=CARTESIAN_POINT('Ctrl Pts',(192.884180994715,20.6593907021374,-21.4978967632185));
#5342=CARTESIAN_POINT('Ctrl Pts',(-57.1342529400552,20.6593907021374,-21.4978967632185));
#5343=CARTESIAN_POINT('Ctrl Pts',(192.884180994715,21.6310264060942,-21.9684214726451));
#5344=CARTESIAN_POINT('Ctrl Pts',(-57.1342529400552,21.6310264060942,-21.9684214726451));
#5345=CARTESIAN_POINT('Ctrl Pts',(192.884180994715,22.1637637803435,-22.2240139349872));
#5346=CARTESIAN_POINT('Ctrl Pts',(-57.1342529400552,22.1637637803435,-22.2240139349872));
#5347=CARTESIAN_POINT('Ctrl Pts',(192.884180994715,22.4019772142824,-22.3383020647232));
#5348=CARTESIAN_POINT('Ctrl Pts',(-57.1342529400552,22.4019772142824,-22.3383020647232));
#5349=CARTESIAN_POINT('Ctrl Pts',(192.884180994715,22.5467006454646,-22.4072318944892));
#5350=CARTESIAN_POINT('Ctrl Pts',(-57.1342529400552,22.5467006454646,-22.4072318944892));
#5351=CARTESIAN_POINT('Ctrl Pts',(192.884180994715,22.7313387215677,-22.4948793770927));
#5352=CARTESIAN_POINT('Ctrl Pts',(-57.1342529400552,22.7313387215677,-22.4948793770927));
#5353=CARTESIAN_POINT('Ctrl Pts',(192.884180994715,24.0478249819329,-23.1198138924344));
#5354=CARTESIAN_POINT('Ctrl Pts',(-57.1342529400552,24.0478249819329,-23.1198138924344));
#5355=CARTESIAN_POINT('Ctrl Pts',(192.884180994715,25.6980930340794,-23.8656096036948));
#5356=CARTESIAN_POINT('Ctrl Pts',(-57.1342529400552,25.6980930340794,-23.8656096036948));
#5357=CARTESIAN_POINT('Ctrl Pts',(192.884180994715,26.2350309341074,-24.1040207768609));
#5358=CARTESIAN_POINT('Ctrl Pts',(-57.1342529400552,26.2350309341074,-24.1040207768609));
#5359=CARTESIAN_POINT('Ctrl Pts',(192.884180994715,26.4024118542209,-24.1783412551281));
#5360=CARTESIAN_POINT('Ctrl Pts',(-57.1342529400552,26.4024118542209,-24.1783412551281));
#5361=CARTESIAN_POINT('Ctrl Pts',(192.884180994715,26.5338170106443,-24.2363960160321));
#5362=CARTESIAN_POINT('Ctrl Pts',(-57.1342529400552,26.5338170106443,-24.2363960160321));
#5363=CARTESIAN_POINT('Ctrl Pts',(192.884180994715,26.6803335174182,-24.3008919657908));
#5364=CARTESIAN_POINT('Ctrl Pts',(-57.1342529400552,26.6803335174182,-24.3008919657908));
#5365=CARTESIAN_POINT('Ctrl Pts',(192.884180994715,28.1090932768963,-24.9298259998704));
#5366=CARTESIAN_POINT('Ctrl Pts',(-57.1342529400552,28.1090932768963,-24.9298259998704));
#5367=CARTESIAN_POINT('Ctrl Pts',(192.884180994715,29.4344771512999,-25.4885015965241));
#5368=CARTESIAN_POINT('Ctrl Pts',(-57.1342529400552,29.4344771512999,-25.4885015965241));
#5369=CARTESIAN_POINT('Ctrl Pts',(192.884180994715,30.777148696348,-26.0332772386721));
#5370=CARTESIAN_POINT('Ctrl Pts',(-57.1342529400552,30.777148696348,-26.0332772386721));
#5371=CARTESIAN_POINT('Ctrl Pts',(192.884180994715,31.4872461692564,-26.3213922346426));
#5372=CARTESIAN_POINT('Ctrl Pts',(-57.1342529400552,31.4872461692564,-26.3213922346426));
#5373=CARTESIAN_POINT('Ctrl Pts',(192.884180994715,32.2297910599633,-26.6158243302062));
#5374=CARTESIAN_POINT('Ctrl Pts',(-57.1342529400552,32.2297910599633,-26.6158243302062));
#5375=CARTESIAN_POINT('Ctrl Pts',(192.884180994715,32.9006339371019,-26.8763541238171));
#5376=CARTESIAN_POINT('Ctrl Pts',(-57.1342529400552,32.9006339371019,-26.8763541238171));
#5377=CARTESIAN_POINT('',(-28.2685786657533,11.9403510540002,-16.8323549141533));
#5378=CARTESIAN_POINT('Ctrl Pts',(-28.2685786657532,11.940351054,-16.8323549141532));
#5379=CARTESIAN_POINT('Ctrl Pts',(-29.9328283163847,14.8866434238201,-18.5321953174193));
#5380=CARTESIAN_POINT('Ctrl Pts',(-31.5953816047978,18.2927668984491,-20.344257162476));
#5381=CARTESIAN_POINT('Ctrl Pts',(-33.1370230402308,22.0730322751517,-22.1821944808483));
#5382=CARTESIAN_POINT('Ctrl Pts',(-33.3840360128682,22.7062061031329,-22.4851846390525));
#5383=CARTESIAN_POINT('Ctrl Pts',(-33.8480703649916,23.9911725239026,-23.0873368827424));
#5384=CARTESIAN_POINT('Ctrl Pts',(-34.0458416211698,24.5669171670534,-23.3527730638306));
#5385=CARTESIAN_POINT('Ctrl Pts',(-34.5089084659775,25.9307248602736,-23.9711675668323));
#5386=CARTESIAN_POINT('Ctrl Pts',(-34.7748341423084,26.7174867000649,-24.3198778991757));
#5387=CARTESIAN_POINT('Ctrl Pts',(-35.1412394156104,27.7607949852375,-24.7718013391491));
#5388=CARTESIAN_POINT('Ctrl Pts',(-35.2288523922647,28.0171545156696,-24.8820115279356));
#5389=CARTESIAN_POINT('Ctrl Pts',(-35.4020921592459,28.530625681472,-25.1010722408994));
#5390=CARTESIAN_POINT('Ctrl Pts',(-35.4871080884234,28.7858561480128,-25.2091336670499));
#5391=CARTESIAN_POINT('Ctrl Pts',(-35.6587464419037,29.2994103974882,-25.4249263949465));
#5392=CARTESIAN_POINT('Ctrl Pts',(-35.7459194609994,29.5593458990679,-25.5333008452981));
#5393=CARTESIAN_POINT('Ctrl Pts',(-36.2735389205909,31.099886077638,-26.1706051960806));
#5394=CARTESIAN_POINT('Ctrl Pts',(-36.6070532623734,31.9333629247605,-26.500702945577));
#5395=CARTESIAN_POINT('Ctrl Pts',(-37.0802756293266,32.9006339371027,-26.8763541238174));
#5396=CARTESIAN_POINT('',(162.865747059945,11.9403510540002,-16.8323549141533));
#5397=CARTESIAN_POINT('Origin',(162.865747059945,11.9403510540002,-19.2658769765507));
#5398=CARTESIAN_POINT('',(-27.4581759030378,11.9403510540002,-19.2658769765507));
#5399=CARTESIAN_POINT('Ctrl Pts',(-27.4581759030378,11.9403510540002,-19.2658769765507));
#5400=CARTESIAN_POINT('Ctrl Pts',(-27.6755416099192,11.9403510540002,-18.9309149778728));
#5401=CARTESIAN_POINT('Ctrl Pts',(-27.8508615224337,11.9403510538729,-18.5700071635756));
#5402=CARTESIAN_POINT('Ctrl Pts',(-28.1364694357808,11.9403510538729,-17.7509168114134));
#5403=CARTESIAN_POINT('Ctrl Pts',(-28.2296456655977,11.9403510540002,-17.2948048449681));
#5404=CARTESIAN_POINT('Ctrl Pts',(-28.2685786657533,11.9403510540002,-16.8323549141533));
#5405=CARTESIAN_POINT('',(36.5403345079634,11.9403510540002,-19.2658769765507));
#5406=CARTESIAN_POINT('',(162.865747059945,11.9403510540002,-19.2658769765507));
#5407=CARTESIAN_POINT('',(37.3721073661493,11.9403510540002,-16.8323549141533));
#5408=CARTESIAN_POINT('Ctrl Pts',(37.3721073661493,11.9403510540002,-16.8323549141533));
#5409=CARTESIAN_POINT('Ctrl Pts',(37.331183886885,11.9403510540002,-17.2690263014512));
#5410=CARTESIAN_POINT('Ctrl Pts',(37.2416532681988,11.9403510540005,-17.6997858505983));
#5411=CARTESIAN_POINT('Ctrl Pts',(36.9609148010079,11.9403510540005,-18.5225519021237));
#5412=CARTESIAN_POINT('Ctrl Pts',(36.7740375498364,11.9403510540002,-18.9087964786816));
#5413=CARTESIAN_POINT('Ctrl Pts',(36.5403345079634,11.9403510540002,-19.2658769765507));
#5414=CARTESIAN_POINT('',(37.3982051528141,11.940351054,-16.2697440449347));
#5415=CARTESIAN_POINT('Ctrl Pts',(37.3982051528142,11.9403510540002,-16.2697440449348));
#5416=CARTESIAN_POINT('Ctrl Pts',(37.3982051528142,11.9403510540002,-16.3856673675746));
#5417=CARTESIAN_POINT('Ctrl Pts',(37.3947337332312,11.9401571050784,-16.5013997084822));
#5418=CARTESIAN_POINT('Ctrl Pts',(37.3878357453165,11.9399176241193,-16.6168010206586));
#5419=CARTESIAN_POINT('Ctrl Pts',(37.3835359546489,11.9397683460971,-16.6887352558678));
#5420=CARTESIAN_POINT('Ctrl Pts',(37.3779045129335,11.9396002938071,-16.7605409158055));
#5421=CARTESIAN_POINT('Ctrl Pts',(37.3709490800291,11.9394397594601,-16.8321840390761));
#5422=CARTESIAN_POINT('',(37.3982051528138,11.940351054,-11.5));
#5423=CARTESIAN_POINT('Ctrl Pts',(37.3982051528138,11.940351054,-11.5));
#5424=CARTESIAN_POINT('Ctrl Pts',(37.3982051528138,11.940351054,-13.0899146816449));
#5425=CARTESIAN_POINT('Ctrl Pts',(37.3982051528126,11.9403510539972,-14.6798293632898));
#5426=CARTESIAN_POINT('Ctrl Pts',(37.3982051528141,11.940351054,-16.2697440449347));
#5427=CARTESIAN_POINT('',(32.2093674681285,11.940351054,-11.5));
#5428=CARTESIAN_POINT('Ctrl Pts',(192.884155613503,33.1202053921705,-29.0241112481568));
#5429=CARTESIAN_POINT('Ctrl Pts',(-57.1342529400552,33.1202053921705,-29.0241112481568));
#5430=CARTESIAN_POINT('Ctrl Pts',(192.884155613503,32.6826957314178,-28.8549986543165));
#5431=CARTESIAN_POINT('Ctrl Pts',(-57.1342529400552,32.6826957314178,-28.8549986543165));
#5432=CARTESIAN_POINT('Ctrl Pts',(192.884155613503,32.2469279832262,-28.6846548424498));
#5433=CARTESIAN_POINT('Ctrl Pts',(-57.1342529400552,32.2469279832262,-28.6846548424498));
#5434=CARTESIAN_POINT('Ctrl Pts',(192.884155613503,31.811930513546,-28.5127159942435));
#5435=CARTESIAN_POINT('Ctrl Pts',(-57.1342529400552,31.811930513546,-28.5127159942435));
#5436=CARTESIAN_POINT('Ctrl Pts',(192.884155613503,31.2460855082402,-28.2890578232039));
#5437=CARTESIAN_POINT('Ctrl Pts',(-57.1342529400552,31.2460855082402,-28.2890578232039));
#5438=CARTESIAN_POINT('Ctrl Pts',(192.884155613503,30.6810317841115,-28.062501410219));
#5439=CARTESIAN_POINT('Ctrl Pts',(-57.1342529400552,30.6810317841115,-28.062501410219));
#5440=CARTESIAN_POINT('Ctrl Pts',(192.884155613503,30.1147287330524,-27.8321822591599));
#5441=CARTESIAN_POINT('Ctrl Pts',(-57.1342529400552,30.1147287330524,-27.8321822591599));
#5442=CARTESIAN_POINT('Ctrl Pts',(192.884155613503,28.9929798828418,-27.3759596723332));
#5443=CARTESIAN_POINT('Ctrl Pts',(-57.1342529400552,28.9929798828418,-27.3759596723332));
#5444=CARTESIAN_POINT('Ctrl Pts',(192.884155613503,27.8830385426654,-26.911875905685));
#5445=CARTESIAN_POINT('Ctrl Pts',(-57.1342529400552,27.8830385426654,-26.911875905685));
#5446=CARTESIAN_POINT('Ctrl Pts',(192.884155613503,26.7670207247207,-26.4323348031896));
#5447=CARTESIAN_POINT('Ctrl Pts',(-57.1342529400552,26.7670207247207,-26.4323348031896));
#5448=CARTESIAN_POINT('Ctrl Pts',(192.884155613503,26.2522112002681,-26.2111265724951));
#5449=CARTESIAN_POINT('Ctrl Pts',(-57.1342529400552,26.2522112002681,-26.2111265724951));
#5450=CARTESIAN_POINT('Ctrl Pts',(192.884155613503,25.7360422655891,-25.9865656135142));
#5451=CARTESIAN_POINT('Ctrl Pts',(-57.1342529400552,25.7360422655891,-25.9865656135142));
#5452=CARTESIAN_POINT('Ctrl Pts',(192.884155613503,25.2200538622149,-25.7592697192998));
#5453=CARTESIAN_POINT('Ctrl Pts',(-57.1342529400552,25.2200538622149,-25.7592697192998));
#5454=CARTESIAN_POINT('Ctrl Pts',(192.884155613503,24.4342789624965,-25.4131313035624));
#5455=CARTESIAN_POINT('Ctrl Pts',(-57.1342529400552,24.4342789624965,-25.4131313035624));
#5456=CARTESIAN_POINT('Ctrl Pts',(192.884155613503,23.6519824038448,-25.0620151520578));
#5457=CARTESIAN_POINT('Ctrl Pts',(-57.1342529400552,23.6519824038448,-25.0620151520578));
#5458=CARTESIAN_POINT('Ctrl Pts',(192.884155613503,22.8724075439528,-24.7056148500515));
#5459=CARTESIAN_POINT('Ctrl Pts',(-57.1342529400552,22.8724075439528,-24.7056148500515));
#5460=CARTESIAN_POINT('Ctrl Pts',(192.884155613503,22.0928927656718,-24.3492420157142));
#5461=CARTESIAN_POINT('Ctrl Pts',(-57.1342529400552,22.0928927656718,-24.3492420157142));
#5462=CARTESIAN_POINT('Ctrl Pts',(192.884155613503,21.315698372954,-23.9873417069223));
#5463=CARTESIAN_POINT('Ctrl Pts',(-57.1342529400552,21.315698372954,-23.9873417069223));
#5464=CARTESIAN_POINT('Ctrl Pts',(192.884155613503,20.5509107427707,-23.624855603806));
#5465=CARTESIAN_POINT('Ctrl Pts',(-57.1342529400552,20.5509107427707,-23.624855603806));
#5466=CARTESIAN_POINT('Ctrl Pts',(192.884155613503,19.4187786116523,-23.0882593668566));
#5467=CARTESIAN_POINT('Ctrl Pts',(-57.1342529400552,19.4187786116523,-23.0882593668566));
#5468=CARTESIAN_POINT('Ctrl Pts',(192.884155613503,18.30539134245,-22.5463684140425));
#5469=CARTESIAN_POINT('Ctrl Pts',(-57.1342529400552,18.30539134245,-22.5463684140425));
#5470=CARTESIAN_POINT('Ctrl Pts',(192.884155613503,17.2270466114662,-22.0086991315202));
#5471=CARTESIAN_POINT('Ctrl Pts',(-57.1342529400552,17.2270466114662,-22.0086991315202));
#5472=CARTESIAN_POINT('Ctrl Pts',(192.884155613503,16.7862443840196,-21.7889124431305));
#5473=CARTESIAN_POINT('Ctrl Pts',(-57.1342529400552,16.7862443840196,-21.7889124431305));
#5474=CARTESIAN_POINT('Ctrl Pts',(192.884155613503,16.3520812243763,-21.5702419084454));
#5475=CARTESIAN_POINT('Ctrl Pts',(-57.1342529400552,16.3520812243763,-21.5702419084454));
#5476=CARTESIAN_POINT('Ctrl Pts',(192.884155613503,15.9252160627266,-21.3531998659258));
#5477=CARTESIAN_POINT('Ctrl Pts',(-57.1342529400552,15.9252160627266,-21.3531998659258));
#5478=CARTESIAN_POINT('Ctrl Pts',(192.884155613503,15.0961768236234,-20.9316701044235));
#5479=CARTESIAN_POINT('Ctrl Pts',(-57.1342529400552,15.0961768236234,-20.9316701044235));
#5480=CARTESIAN_POINT('Ctrl Pts',(192.884155613503,14.2831725864241,-20.5103684804502));
#5481=CARTESIAN_POINT('Ctrl Pts',(-57.1342529400552,14.2831725864241,-20.5103684804502));
#5482=CARTESIAN_POINT('Ctrl Pts',(192.884155613503,13.4989784042128,-20.0969934608345));
#5483=CARTESIAN_POINT('Ctrl Pts',(-57.1342529400552,13.4989784042128,-20.0969934608345));
#5484=CARTESIAN_POINT('Ctrl Pts',(192.884155613503,12.9651172640819,-19.8155773724731));
#5485=CARTESIAN_POINT('Ctrl Pts',(-57.1342529400552,12.9651172640819,-19.8155773724731));
#5486=CARTESIAN_POINT('Ctrl Pts',(192.884155613503,12.4447936420679,-19.537951021553));
#5487=CARTESIAN_POINT('Ctrl Pts',(-57.1342529400552,12.4447936420679,-19.537951021553));
#5488=CARTESIAN_POINT('Ctrl Pts',(192.884155613503,11.9403510540002,-19.2658769765507));
#5489=CARTESIAN_POINT('Ctrl Pts',(-57.1342529400552,11.9403510540002,-19.2658769765507));
#5490=CARTESIAN_POINT('',(-36.2543825331601,33.1202053921705,-29.0241112481568));
#5491=CARTESIAN_POINT('Ctrl Pts',(-36.2543825331599,33.1202053921703,-29.0241112481567));
#5492=CARTESIAN_POINT('Ctrl Pts',(-36.0786238248515,32.771362606303,-28.8892714636843));
#5493=CARTESIAN_POINT('Ctrl Pts',(-35.9061204959481,32.4117838054292,-28.7490133128855));
#5494=CARTESIAN_POINT('Ctrl Pts',(-35.7496330811303,32.0656651892344,-28.6127927582386));
#5495=CARTESIAN_POINT('Ctrl Pts',(-35.7092865637141,31.976426825929,-28.5776715634336));
#5496=CARTESIAN_POINT('Ctrl Pts',(-35.6721963742813,31.8925770678091,-28.5445926754159));
#5497=CARTESIAN_POINT('Ctrl Pts',(-35.6371123917264,31.8119305135463,-28.5127159942436));
#5498=CARTESIAN_POINT('Ctrl Pts',(-35.4763382804574,31.4423636301908,-28.3666395025665));
#5499=CARTESIAN_POINT('Ctrl Pts',(-35.3399923607787,31.1011783613532,-28.2305304253389));
#5500=CARTESIAN_POINT('Ctrl Pts',(-35.2030877818982,30.7387948119774,-28.0846764985833));
#5501=CARTESIAN_POINT('Ctrl Pts',(-35.1246890233957,30.5312749422616,-28.0011528730491));
#5502=CARTESIAN_POINT('Ctrl Pts',(-35.0488478628228,30.3232563262174,-27.9169917938082));
#5503=CARTESIAN_POINT('Ctrl Pts',(-34.9748080179537,30.1147287330519,-27.8321822591598));
#5504=CARTESIAN_POINT('Ctrl Pts',(-34.7906600764527,29.5960900582204,-27.6212485213488));
#5505=CARTESIAN_POINT('Ctrl Pts',(-34.6175643946537,29.0739903352893,-27.4061864876549));
#5506=CARTESIAN_POINT('Ctrl Pts',(-34.4444914607509,28.5504903766525,-27.1876926542055));
#5507=CARTESIAN_POINT('Ctrl Pts',(-34.327938000969,28.1979469142002,-27.0405511477012));
#5508=CARTESIAN_POINT('Ctrl Pts',(-34.2116323264458,27.8455943495754,-26.8921980922314));
#5509=CARTESIAN_POINT('Ctrl Pts',(-34.0927214803707,27.4952931460118,-26.7434376109276));
#5510=CARTESIAN_POINT('Ctrl Pts',(-34.035058854997,27.3254239731335,-26.6713002055776));
#5511=CARTESIAN_POINT('Ctrl Pts',(-33.9673896068118,27.1293714156732,-26.5876382981504));
#5512=CARTESIAN_POINT('Ctrl Pts',(-33.9222098448503,27.0004214624819,-26.5324371327677));
#5513=CARTESIAN_POINT('Ctrl Pts',(-33.8979668006795,26.9312281052062,-26.5028166958165));
#5514=CARTESIAN_POINT('Ctrl Pts',(-33.8681942113637,26.8458526593644,-26.4662080552498));
#5515=CARTESIAN_POINT('Ctrl Pts',(-33.8408465932445,26.7670207247207,-26.4323348031896));
#5516=CARTESIAN_POINT('Ctrl Pts',(-33.6607859957428,26.2479800831441,-26.2093085060289));
#5517=CARTESIAN_POINT('Ctrl Pts',(-33.4892907136423,25.737723964308,-25.9873064115857));
#5518=CARTESIAN_POINT('Ctrl Pts',(-33.3153249857793,25.2200538622149,-25.7592697192998));
#5519=CARTESIAN_POINT('Ctrl Pts',(-33.0661496601844,24.4785824366395,-25.4326472417237));
#5520=CARTESIAN_POINT('Ctrl Pts',(-32.8119601721063,23.7172150608861,-25.0918377385295));
#5521=CARTESIAN_POINT('Ctrl Pts',(-32.5071565909168,22.8724075439532,-24.7056148500517));
#5522=CARTESIAN_POINT('Ctrl Pts',(-32.3746012726704,22.5050111740451,-24.5376512792287));
#5523=CARTESIAN_POINT('Ctrl Pts',(-32.2322481813123,22.1219121671299,-24.3610639646194));
#5524=CARTESIAN_POINT('Ctrl Pts',(-32.0743901627302,21.7186828831771,-24.1733687090168));
#5525=CARTESIAN_POINT('Ctrl Pts',(-31.929423639933,21.3483833715669,-24.0010016110722));
#5526=CARTESIAN_POINT('Ctrl Pts',(-31.7734655485748,20.9604557878495,-23.8189675135471));
#5527=CARTESIAN_POINT('Ctrl Pts',(-31.6039835673102,20.5509107427707,-23.624855603806));
#5528=CARTESIAN_POINT('Ctrl Pts',(-31.1913608328099,19.553827777723,-23.1522685688965));
#5529=CARTESIAN_POINT('Ctrl Pts',(-30.6781140536444,18.3879046271229,-22.5875100427758));
#5530=CARTESIAN_POINT('Ctrl Pts',(-30.1351239887467,17.2270466114662,-22.0086991315202));
#5531=CARTESIAN_POINT('Ctrl Pts',(-29.9987983549003,16.9355961503607,-21.8633801478865));
#5532=CARTESIAN_POINT('Ctrl Pts',(-29.8601958648706,16.6431647386236,-21.7166121201923));
#5533=CARTESIAN_POINT('Ctrl Pts',(-29.7196688311066,16.3502866710278,-21.5686424678159));
#5534=CARTESIAN_POINT('Ctrl Pts',(-29.6517242281574,16.2086805794289,-21.4970993703069));
#5535=CARTESIAN_POINT('Ctrl Pts',(-29.5833370963178,16.0669671098115,-21.425273999757));
#5536=CARTESIAN_POINT('Ctrl Pts',(-29.5145212680833,15.9252160627267,-21.3531998659258));
#5537=CARTESIAN_POINT('Ctrl Pts',(-29.1204359221976,15.1134549918619,-20.9404552882764));
#5538=CARTESIAN_POINT('Ctrl Pts',(-28.7121086525221,14.300551602934,-20.5195295421536));
#5539=CARTESIAN_POINT('Ctrl Pts',(-28.2933956503721,13.4989784042129,-20.0969934608346));
#5540=CARTESIAN_POINT('Ctrl Pts',(-28.0189048600738,12.9735004284414,-19.8199964191967));
#5541=CARTESIAN_POINT('Ctrl Pts',(-27.7400171212813,12.4528648145052,-19.5423042553697));
#5542=CARTESIAN_POINT('Ctrl Pts',(-27.4581759030378,11.9403510540002,-19.2658769765507));
#5543=CARTESIAN_POINT('',(39.0558791674034,33.1202053921705,-29.0241112481568));
#5544=CARTESIAN_POINT('',(162.865747059945,33.1202053921705,-29.0241112481568));
#5545=CARTESIAN_POINT('Ctrl Pts',(36.5403345079637,11.9403510540009,-19.2658769765511));
#5546=CARTESIAN_POINT('Ctrl Pts',(36.5783291423098,12.0161696753521,-19.3067701911318));
#5547=CARTESIAN_POINT('Ctrl Pts',(36.609441085707,12.079106730647,-19.3406585087551));
#5548=CARTESIAN_POINT('Ctrl Pts',(36.6770726231054,12.2175996387389,-19.4151285848827));
#5549=CARTESIAN_POINT('Ctrl Pts',(36.7105989331455,12.2871699080326,-19.4524808653849));
#5550=CARTESIAN_POINT('Ctrl Pts',(36.8113188154127,12.498956345691,-19.5660146500606));
#5551=CARTESIAN_POINT('Ctrl Pts',(36.8773532486565,12.6416534865398,-19.6422735944692));
#5552=CARTESIAN_POINT('Ctrl Pts',(37.0762791359218,13.0833515241148,-19.8775751641886));
#5553=CARTESIAN_POINT('Ctrl Pts',(37.2041603930501,13.3843208720629,-20.0368627733981));
#5554=CARTESIAN_POINT('Ctrl Pts',(37.5919162821767,14.3506502136296,-20.5448173606995));
#5555=CARTESIAN_POINT('Ctrl Pts',(37.8283039456105,15.0244466832676,-20.8938723658126));
#5556=CARTESIAN_POINT('Ctrl Pts',(38.5691391551443,17.4264801995123,-22.1192237352646));
#5557=CARTESIAN_POINT('Ctrl Pts',(38.9141880737705,19.1221641328256,-22.9458570410772));
#5558=CARTESIAN_POINT('Ctrl Pts',(39.2874010545597,21.4660167540129,-24.0599567265098));
#5559=CARTESIAN_POINT('Ctrl Pts',(39.3507189644053,22.2165022977885,-24.4057850737106));
#5560=CARTESIAN_POINT('Ctrl Pts',(39.4676228419574,23.9582640579289,-25.2019859447852));
#5561=CARTESIAN_POINT('Ctrl Pts',(39.5060790337226,25.0704035814161,-25.6974900244016));
#5562=CARTESIAN_POINT('Ctrl Pts',(39.4986918740488,27.0223633046192,-26.5443652651535));
#5563=CARTESIAN_POINT('Ctrl Pts',(39.4713821391932,27.7966047110565,-26.8738097274071));
#5564=CARTESIAN_POINT('Ctrl Pts',(39.3867486415335,29.131520960576,-27.4297187935226));
#5565=CARTESIAN_POINT('Ctrl Pts',(39.3531618562151,29.576722199107,-27.6130692150693));
#5566=CARTESIAN_POINT('Ctrl Pts',(39.2322199417717,31.0597920803149,-28.2171540305947));
#5567=CARTESIAN_POINT('Ctrl Pts',(39.1347692416622,32.0729455621098,-28.619309155372));
#5568=CARTESIAN_POINT('Ctrl Pts',(39.0558791674034,33.1202053921705,-29.0241112481568));
#5569=CARTESIAN_POINT('Ctrl Pts',(192.866737021526,43.7878787878788,-32.777960811957));
#5570=CARTESIAN_POINT('Ctrl Pts',(-57.1342529400552,43.7878787878788,-32.777960811957));
#5571=CARTESIAN_POINT('Ctrl Pts',(192.866737021526,40.1557672690252,-31.6230165416646));
#5572=CARTESIAN_POINT('Ctrl Pts',(-57.1342529400552,40.1557672690252,-31.6230165416646));
#5573=CARTESIAN_POINT('Ctrl Pts',(192.866737021526,36.5622867181441,-30.3545945573554));
#5574=CARTESIAN_POINT('Ctrl Pts',(-57.1342529400552,36.5622867181441,-30.3545945573554));
#5575=CARTESIAN_POINT('Ctrl Pts',(192.866737021526,33.1202053921635,-29.0241112481541));
#5576=CARTESIAN_POINT('Ctrl Pts',(-57.1342529400552,33.1202053921635,-29.0241112481541));
#5577=CARTESIAN_POINT('',(-43.2427539361014,43.7878787878788,-32.777960811957));
#5578=CARTESIAN_POINT('Ctrl Pts',(-43.2427539361009,43.7878787878781,-32.7779608119568));
#5579=CARTESIAN_POINT('Ctrl Pts',(-43.0741217032661,43.5626214175835,-32.7063331353801));
#5580=CARTESIAN_POINT('Ctrl Pts',(-42.9006192347677,43.33025126478,-32.6319542629253));
#5581=CARTESIAN_POINT('Ctrl Pts',(-42.5634019083394,42.8688104958383,-32.4832485754206));
#5582=CARTESIAN_POINT('Ctrl Pts',(-42.3919468045153,42.6290033113748,-32.4054471501012));
#5583=CARTESIAN_POINT('Ctrl Pts',(-42.2273971442013,42.3871747799919,-32.3264369888778));
#5584=CARTESIAN_POINT('Ctrl Pts',(-42.2252494733032,42.3840188434803,-32.3254057882552));
#5585=CARTESIAN_POINT('Ctrl Pts',(-42.1505987693912,42.2743570202898,-32.2895705862084));
#5586=CARTESIAN_POINT('Ctrl Pts',(-42.0776704468552,42.16813381978,-32.2547522645208));
#5587=CARTESIAN_POINT('Ctrl Pts',(-41.5999846302842,41.4773944599467,-32.0276500168309));
#5588=CARTESIAN_POINT('Ctrl Pts',(-41.1836063239933,40.8987931675614,-31.8341954828739));
#5589=CARTESIAN_POINT('Ctrl Pts',(-40.2906127632867,39.6610256522285,-31.4136547365815));
#5590=CARTESIAN_POINT('Ctrl Pts',(-39.8118341938379,38.9996401645324,-31.1847627881303));
#5591=CARTESIAN_POINT('Ctrl Pts',(-38.9801393095879,37.7897436535718,-30.7583175961714));
#5592=CARTESIAN_POINT('Ctrl Pts',(-38.7364638414421,37.4166602075575,-30.6254100927323));
#5593=CARTESIAN_POINT('Ctrl Pts',(-37.605683175803,35.5940392511519,-29.9646923281572));
#5594=CARTESIAN_POINT('Ctrl Pts',(-36.879035471842,34.3600055330982,-29.5033368207192));
#5595=CARTESIAN_POINT('Ctrl Pts',(-36.2543825331598,33.1202053921702,-29.0241112481567));
#5596=CARTESIAN_POINT('',(39.1239820964727,43.7878787878788,-32.777960811957));
#5597=CARTESIAN_POINT('',(162.865747059945,43.7878787878788,-32.777960811957));
#5598=CARTESIAN_POINT('Ctrl Pts',(39.0558791674029,33.1202053921705,-29.0241112481568));
#5599=CARTESIAN_POINT('Ctrl Pts',(38.9771542889493,34.165272260285,-29.4280656854127));
#5600=CARTESIAN_POINT('Ctrl Pts',(38.9205922710143,35.1959111583198,-29.8158065945113));
#5601=CARTESIAN_POINT('Ctrl Pts',(38.8512092521532,37.1384081289722,-30.5267021943028));
#5602=CARTESIAN_POINT('Ctrl Pts',(38.8222298976484,38.3090189158149,-30.9447606724736));
#5603=CARTESIAN_POINT('Ctrl Pts',(38.835438544576,39.9940502557521,-31.5278070306376));
#5604=CARTESIAN_POINT('Ctrl Pts',(38.8538332934087,40.6413509262992,-31.7477586663063));
#5605=CARTESIAN_POINT('Ctrl Pts',(38.9180517507972,41.8811920461511,-32.1613943262326));
#5606=CARTESIAN_POINT('Ctrl Pts',(38.9591380190188,42.46868374374,-32.354126862797));
#5607=CARTESIAN_POINT('Ctrl Pts',(39.0392207646515,43.299540334803,-32.6221207241272));
#5608=CARTESIAN_POINT('Ctrl Pts',(39.0783777554338,43.5473179241588,-32.7014669075798));
#5609=CARTESIAN_POINT('Ctrl Pts',(39.1239820964813,43.7878787878249,-32.7779608119398));
#5610=CARTESIAN_POINT('Ctrl Pts',(192.865747059945,86.3160678165964,-41.));
#5611=CARTESIAN_POINT('Ctrl Pts',(-57.1342529400552,86.3160678165964,-41.));
#5612=CARTESIAN_POINT('Ctrl Pts',(192.865747059945,85.3547342593757,-40.9020049229555));
#5613=CARTESIAN_POINT('Ctrl Pts',(-57.1342529400552,85.3547342593757,-40.9020049229555));
#5614=CARTESIAN_POINT('Ctrl Pts',(192.865747059945,83.4415017252552,-40.7003553970037));
#5615=CARTESIAN_POINT('Ctrl Pts',(-57.1342529400552,83.4415017252552,-40.7003553970037));
#5616=CARTESIAN_POINT('Ctrl Pts',(192.865747059945,80.599954931588,-40.3809040323038));
#5617=CARTESIAN_POINT('Ctrl Pts',(-57.1342529400552,80.599954931588,-40.3809040323038));
#5618=CARTESIAN_POINT('Ctrl Pts',(192.865747059945,76.8687761197185,-39.9204471270693));
#5619=CARTESIAN_POINT('Ctrl Pts',(-57.1342529400552,76.8687761197185,-39.9204471270693));
#5620=CARTESIAN_POINT('Ctrl Pts',(192.865747059945,72.3074385840359,-39.2833093807198));
#5621=CARTESIAN_POINT('Ctrl Pts',(-57.1342529400552,72.3074385840359,-39.2833093807198));
#5622=CARTESIAN_POINT('Ctrl Pts',(192.865747059945,67.8586700721369,-38.5786466418415));
#5623=CARTESIAN_POINT('Ctrl Pts',(-57.1342529400552,67.8586700721369,-38.5786466418415));
#5624=CARTESIAN_POINT('Ctrl Pts',(192.865747059945,63.532922470859,-37.800189303078));
#5625=CARTESIAN_POINT('Ctrl Pts',(-57.1342529400552,63.532922470859,-37.800189303078));
#5626=CARTESIAN_POINT('Ctrl Pts',(192.865747059945,59.3379966809761,-36.9432579619824));
#5627=CARTESIAN_POINT('Ctrl Pts',(-57.1342529400552,59.3379966809761,-36.9432579619824));
#5628=CARTESIAN_POINT('Ctrl Pts',(192.865747059945,55.2719252378376,-36.00903281034));
#5629=CARTESIAN_POINT('Ctrl Pts',(-57.1342529400552,55.2719252378376,-36.00903281034));
#5630=CARTESIAN_POINT('Ctrl Pts',(192.865747059945,51.3262916503632,-35.0025625150003));
#5631=CARTESIAN_POINT('Ctrl Pts',(-57.1342529400552,51.3262916503632,-35.0025625150003));
#5632=CARTESIAN_POINT('Ctrl Pts',(192.865747059945,48.2588981586098,-34.1439312518323));
#5633=CARTESIAN_POINT('Ctrl Pts',(-57.1342529400552,48.2588981586098,-34.1439312518323));
#5634=CARTESIAN_POINT('Ctrl Pts',(192.865747059945,46.0053909799538,-33.4717419023557));
#5635=CARTESIAN_POINT('Ctrl Pts',(-57.1342529400552,46.0053909799538,-33.4717419023557));
#5636=CARTESIAN_POINT('Ctrl Pts',(192.865747059945,44.5236214655543,-33.0112775071412));
#5637=CARTESIAN_POINT('Ctrl Pts',(-57.1342529400552,44.5236214655543,-33.0112775071412));
#5638=CARTESIAN_POINT('Ctrl Pts',(192.865747059945,43.7878787878788,-32.777960811957));
#5639=CARTESIAN_POINT('Ctrl Pts',(-57.1342529400552,43.7878787878788,-32.777960811957));
#5640=CARTESIAN_POINT('',(-47.5923491237265,76.7894595495328,-39.8912052404211));
#5641=CARTESIAN_POINT('Ctrl Pts',(-47.4579409924376,86.3160678165965,-41.));
#5642=CARTESIAN_POINT('Ctrl Pts',(-47.5371156425552,83.1502287824482,-40.6772851236373));
#5643=CARTESIAN_POINT('Ctrl Pts',(-47.5773423401685,79.9506245311336,-40.3082820658919));
#5644=CARTESIAN_POINT('Ctrl Pts',(-47.5923491237265,76.7894595495328,-39.8912052404211));
#5645=CARTESIAN_POINT('',(39.5691362205202,63.1021627813909,-37.6910529538286));
#5646=CARTESIAN_POINT('Ctrl Pts',(39.5691362205231,63.1021627813909,-37.6910529538286));
#5647=CARTESIAN_POINT('Ctrl Pts',(39.6235988204975,70.7691330032576,-39.1830829460861));
#5648=CARTESIAN_POINT('Ctrl Pts',(39.6664236716061,78.7289068978479,-40.2265905905425));
#5649=CARTESIAN_POINT('Ctrl Pts',(39.4766759286983,86.3160678165964,-41.));
#5650=CARTESIAN_POINT('',(39.5401864111292,45.578784699676,-33.3348521670339));
#5651=CARTESIAN_POINT('Ctrl Pts',(39.5401864111292,45.5787846996759,-33.3348521670339));
#5652=CARTESIAN_POINT('Ctrl Pts',(39.8832702457337,46.9990295979583,-33.7678335678182));
#5653=CARTESIAN_POINT('Ctrl Pts',(40.035782149987,47.7551140993462,-33.99933828176));
#5654=CARTESIAN_POINT('Ctrl Pts',(40.0329779818313,51.4570583085479,-35.0198255817204));
#5655=CARTESIAN_POINT('Ctrl Pts',(39.9568786720144,52.9428198341981,-35.4040674696983));
#5656=CARTESIAN_POINT('Ctrl Pts',(39.8574917572238,55.4118770458142,-36.0268002163232));
#5657=CARTESIAN_POINT('Ctrl Pts',(39.8751003894757,56.9515340468009,-36.3892377367573));
#5658=CARTESIAN_POINT('Ctrl Pts',(39.7552832501705,58.6661649030658,-36.7699446202695));
#5659=CARTESIAN_POINT('Ctrl Pts',(39.7481319707253,58.749162588967,-36.7882286893445));
#5660=CARTESIAN_POINT('Ctrl Pts',(39.7028144267855,59.360061606767,-36.9225580222741));
#5661=CARTESIAN_POINT('Ctrl Pts',(39.6845346694522,59.8601586843403,-37.030212665035));
#5662=CARTESIAN_POINT('Ctrl Pts',(39.648088545245,61.2676247341568,-37.3267358703641));
#5663=CARTESIAN_POINT('Ctrl Pts',(39.6411903783745,62.1842114079195,-37.5124151163228));
#5664=CARTESIAN_POINT('Ctrl Pts',(39.5691362205387,63.1021627813946,-37.6910529538289));
#5665=CARTESIAN_POINT('Ctrl Pts',(39.1239820964727,43.7878787878788,-32.777960811957));
#5666=CARTESIAN_POINT('Ctrl Pts',(39.1494927530207,43.9219499934871,-32.8204771040806));
#5667=CARTESIAN_POINT('Ctrl Pts',(39.1775432137044,44.0565131653202,-32.86295995342));
#5668=CARTESIAN_POINT('Ctrl Pts',(39.2068867948716,44.1898689948367,-32.9048774939528));
#5669=CARTESIAN_POINT('Ctrl Pts',(39.234307470249,44.3144859217897,-32.9440481481759));
#5670=CARTESIAN_POINT('Ctrl Pts',(39.263214028171,44.4396609160514,-32.9832319755559));
#5671=CARTESIAN_POINT('Ctrl Pts',(39.2926425828091,44.563810885111,-33.0219364330051));
#5672=CARTESIAN_POINT('Ctrl Pts',(39.32771828341,44.7117844161899,-33.0680680211209));
#5673=CARTESIAN_POINT('Ctrl Pts',(39.3642995330648,44.8615171716651,-33.1145195322643));
#5674=CARTESIAN_POINT('Ctrl Pts',(39.4007173961712,45.0096451243809,-33.1602485383268));
#5675=CARTESIAN_POINT('Ctrl Pts',(39.4062220354379,45.0320349868128,-33.1671605771157));
#5676=CARTESIAN_POINT('Ctrl Pts',(39.4117229418154,45.0543881010544,-33.1740561588088));
#5677=CARTESIAN_POINT('Ctrl Pts',(39.41721435185,45.0766927612378,-33.1809317366833));
#5678=CARTESIAN_POINT('Ctrl Pts',(39.4579709950284,45.2422355035523,-33.231961521803));
#5679=CARTESIAN_POINT('Ctrl Pts',(39.4992920822941,45.4094967413496,-33.2832423795806));
#5680=CARTESIAN_POINT('Ctrl Pts',(39.5401864111279,45.5787846996758,-33.3348521670339));
#5681=CARTESIAN_POINT('',(-47.5678862697807,61.9355403463507,-37.4601041550157));
#5682=CARTESIAN_POINT('Ctrl Pts',(-47.5678862697807,61.9355403463507,-37.4601041550158));
#5683=CARTESIAN_POINT('Ctrl Pts',(-47.3326197401688,60.6172369511634,-37.1946606908896));
#5684=CARTESIAN_POINT('Ctrl Pts',(-47.1996856656133,60.0227916701291,-37.0696841545601));
#5685=CARTESIAN_POINT('Ctrl Pts',(-47.0168398202677,57.7706388350452,-36.571955041082));
#5686=CARTESIAN_POINT('Ctrl Pts',(-46.9798357103973,56.8696955794046,-36.3653483911284));
#5687=CARTESIAN_POINT('Ctrl Pts',(-46.9033178892644,55.3404262774578,-36.001466834381));
#5688=CARTESIAN_POINT('Ctrl Pts',(-46.8689964953837,54.7285148721093,-35.8522927674082));
#5689=CARTESIAN_POINT('Ctrl Pts',(-46.8082608722669,54.0014376071734,-35.6708213021492));
#5690=CARTESIAN_POINT('Ctrl Pts',(-46.8037130547271,53.9540019703054,-35.6589178463491));
#5691=CARTESIAN_POINT('Ctrl Pts',(-46.7924414284415,53.8195268420401,-35.6251525932506));
#5692=CARTESIAN_POINT('Ctrl Pts',(-46.7878324080513,53.7604261184951,-35.6102798246976));
#5693=CARTESIAN_POINT('Ctrl Pts',(-46.7684229353478,53.4952209413749,-35.5433913470481));
#5694=CARTESIAN_POINT('Ctrl Pts',(-46.7565690442115,53.2857586357479,-35.4901472112448));
#5695=CARTESIAN_POINT('Ctrl Pts',(-46.7354671490153,52.8713323670006,-35.3839877744956));
#5696=CARTESIAN_POINT('Ctrl Pts',(-46.7258724615564,52.658545916571,-35.3290622447378));
#5697=CARTESIAN_POINT('Ctrl Pts',(-46.7054621486256,52.2383022958377,-35.2197043044769));
#5698=CARTESIAN_POINT('Ctrl Pts',(-46.69505493556,52.0377045205456,-35.1671126630874));
#5699=CARTESIAN_POINT('Ctrl Pts',(-46.6122120900927,50.708773357522,-34.816137291811));
#5700=CARTESIAN_POINT('Ctrl Pts',(-46.4672153193469,49.4210597548993,-34.4629540976662));
#5701=CARTESIAN_POINT('Ctrl Pts',(-45.6486554102424,47.3531406618138,-33.8671627827068));
#5702=CARTESIAN_POINT('Ctrl Pts',(-45.2418606388478,46.6339370689624,-33.6543628354794));
#5703=CARTESIAN_POINT('Ctrl Pts',(-44.5248180548167,45.5350128335514,-33.3220790394145));
#5704=CARTESIAN_POINT('Ctrl Pts',(-44.2365851483722,45.1285563794311,-33.1974554729262));
#5705=CARTESIAN_POINT('Ctrl Pts',(-43.711417608415,44.4120384576031,-32.9748842037303));
#5706=CARTESIAN_POINT('Ctrl Pts',(-43.4733818611335,44.0956511073674,-32.8755607237619));
#5707=CARTESIAN_POINT('Ctrl Pts',(-43.242753936101,43.7878787878781,-32.7779608119568));
#5708=CARTESIAN_POINT('Ctrl Pts',(-47.5923491237265,76.7894595495328,-39.8912052404211));
#5709=CARTESIAN_POINT('Ctrl Pts',(-47.6843199638821,76.0076630819617,-39.7880568154712));
#5710=CARTESIAN_POINT('Ctrl Pts',(-47.7505881843197,75.5596288666503,-39.7266122166796));
#5711=CARTESIAN_POINT('Ctrl Pts',(-47.8238879557932,75.0995935885888,-39.6630700997718));
#5712=CARTESIAN_POINT('Ctrl Pts',(-47.9132772333916,74.5385792723224,-39.5855803093772));
#5713=CARTESIAN_POINT('Ctrl Pts',(-48.0106829130809,73.857081046498,-39.4894537006001));
#5714=CARTESIAN_POINT('Ctrl Pts',(-48.0967041645864,73.1661278775235,-39.3888087870244));
#5715=CARTESIAN_POINT('Ctrl Pts',(-48.2136301237462,72.2269371472916,-39.252005347776));
#5716=CARTESIAN_POINT('Ctrl Pts',(-48.3062439737965,71.2750522882501,-39.1072680193447));
#5717=CARTESIAN_POINT('Ctrl Pts',(-48.3534363359406,70.5075998219062,-38.9868336941412));
#5718=CARTESIAN_POINT('Ctrl Pts',(-48.3706283535611,70.2280194888853,-38.9429598775543));
#5719=CARTESIAN_POINT('Ctrl Pts',(-48.3828935559932,69.9659164803579,-38.9013124643744));
#5720=CARTESIAN_POINT('Ctrl Pts',(-48.3910331359404,69.7175028306547,-38.8614432918319));
#5721=CARTESIAN_POINT('Ctrl Pts',(-48.4383656882966,68.2729501440611,-38.6295996698035));
#5722=CARTESIAN_POINT('Ctrl Pts',(-48.2981621694789,67.2924888838354,-38.4623766900007));
#5723=CARTESIAN_POINT('Ctrl Pts',(-48.1378051391938,66.0436692159362,-38.2394575094657));
#5724=CARTESIAN_POINT('Ctrl Pts',(-48.079938438895,65.5930181074626,-38.1590145292737));
#5725=CARTESIAN_POINT('Ctrl Pts',(-48.0083293346437,65.0452003644211,-38.0588672214847));
#5726=CARTESIAN_POINT('Ctrl Pts',(-47.9704065003285,64.7274055176739,-37.9999057120702));
#5727=CARTESIAN_POINT('Ctrl Pts',(-47.9444024477332,64.5094905316617,-37.9594752374077));
#5728=CARTESIAN_POINT('Ctrl Pts',(-47.9282710274467,64.3625919015848,-37.9319031285737));
#5729=CARTESIAN_POINT('Ctrl Pts',(-47.914592207393,64.2326878741703,-37.907448604929));
#5730=CARTESIAN_POINT('Ctrl Pts',(-47.8953836096936,64.0502690549906,-37.8731081351555));
#5731=CARTESIAN_POINT('Ctrl Pts',(-47.8736670597901,63.8682972557651,-37.8385976700498));
#5732=CARTESIAN_POINT('Ctrl Pts',(-47.8467540055207,63.6662997774589,-37.7999333591248));
#5733=CARTESIAN_POINT('Ctrl Pts',(-47.769586138896,63.0871119116593,-37.689071085422));
#5734=CARTESIAN_POINT('Ctrl Pts',(-47.6716753853226,62.5171170951898,-37.5772059901704));
#5735=CARTESIAN_POINT('Ctrl Pts',(-47.5678862697807,61.9355403463507,-37.4601041550158));
#5736=CARTESIAN_POINT('Origin',(162.865747059945,214.943999999998,-1.00000000000001));
#5737=CARTESIAN_POINT('',(41.0093674681133,185.,-1.00000000000001));
#5738=CARTESIAN_POINT('',(41.0093674681238,139.447831491126,-1.00000000000001));
#5739=CARTESIAN_POINT('',(-48.9906325318867,185.,-1.00000000000001));
#5740=CARTESIAN_POINT('Origin',(-3.99063253188674,185.,-1.00000000000001));
#5741=CARTESIAN_POINT('',(-48.9906325318618,77.3622256332471,-1.00000000000001));
#5742=CARTESIAN_POINT('',(-48.9906325318902,199.971999999974,-1.00000000000001));
#5743=CARTESIAN_POINT('Ctrl Pts',(-49.7847103005997,70.5296502877463,-1.00000000000001));
#5744=CARTESIAN_POINT('Ctrl Pts',(-49.7638208234735,71.0230256114636,-1.00000000000001));
#5745=CARTESIAN_POINT('Ctrl Pts',(-49.7281163144545,71.5482508596019,-1.00000000000001));
#5746=CARTESIAN_POINT('Ctrl Pts',(-49.674088071761,72.134516034111,-1.00000000000001));
#5747=CARTESIAN_POINT('Ctrl Pts',(-49.620264292851,72.7185625542696,-1.00000000000001));
#5748=CARTESIAN_POINT('Ctrl Pts',(-49.5498078636314,73.3328832065463,-1.00000000000001));
#5749=CARTESIAN_POINT('Ctrl Pts',(-49.4835839790795,73.8556762893679,-1.00000000000001));
#5750=CARTESIAN_POINT('Ctrl Pts',(-49.3931246755245,74.5697917251409,-1.00000000000001));
#5751=CARTESIAN_POINT('Ctrl Pts',(-49.3047306436233,75.1912468638345,-1.00000000000001));
#5752=CARTESIAN_POINT('Ctrl Pts',(-49.1965554853373,75.864970939225,-1.00000000000001));
#5753=CARTESIAN_POINT('Ctrl Pts',(-49.122851541695,76.3240053614517,-1.00000000000001));
#5754=CARTESIAN_POINT('Ctrl Pts',(-49.0524936378286,76.8340722943271,-1.00000000000001));
#5755=CARTESIAN_POINT('Ctrl Pts',(-48.9906325318618,77.3622256332471,-1.00000000000001));
#5756=CARTESIAN_POINT('Origin',(162.865747059945,235.833061798156,-30.3949711971433));
#5757=CARTESIAN_POINT('Ctrl Pts',(32.2093674681211,209.425295433716,-30.3949711971433));
#5758=CARTESIAN_POINT('Ctrl Pts',(31.8279683629634,209.692910083632,-30.3949711971433));
#5759=CARTESIAN_POINT('Ctrl Pts',(31.4290049017436,209.93649059952,-30.394971197143));
#5760=CARTESIAN_POINT('Ctrl Pts',(30.9430859595868,210.183673473355,-30.394971197143));
#5761=CARTESIAN_POINT('Ctrl Pts',(30.8699176669055,210.219638883074,-30.3949711971433));
#5762=CARTESIAN_POINT('Ctrl Pts',(30.7961941039444,210.254572445551,-30.3949711971433));
#5763=CARTESIAN_POINT('Ctrl Pts',(-38.7774591032629,210.254572476092,-30.3949711971433));
#5764=CARTESIAN_POINT('Ctrl Pts',(-38.851207958486,210.219626929751,-30.3949711971433));
#5765=CARTESIAN_POINT('Ctrl Pts',(-38.9244011709808,210.183648823902,-30.3949711971535));
#5766=CARTESIAN_POINT('Ctrl Pts',(-39.4103179689404,209.936461279916,-30.3949711971535));
#5767=CARTESIAN_POINT('Ctrl Pts',(-39.8092563340411,209.692894010363,-30.3949711971433));
#5768=CARTESIAN_POINT('Ctrl Pts',(-40.1906325318757,209.42529543373,-30.3949711971433));
#5769=CARTESIAN_POINT('Origin',(162.865747059945,15.4949240889782,-11.5));
#5770=CARTESIAN_POINT('Ctrl Pts',(39.0152763208371,15.4902794866298,-11.5));
#5771=CARTESIAN_POINT('Ctrl Pts',(38.8683529010364,15.0917967910138,-11.5));
#5772=CARTESIAN_POINT('Ctrl Pts',(38.7109338984682,14.6938558832479,-11.5));
#5773=CARTESIAN_POINT('Ctrl Pts',(38.5411670345129,14.2931859520378,-11.5));
#5774=CARTESIAN_POINT('Ctrl Pts',(38.3155359540469,13.7606698450487,-11.5));
#5775=CARTESIAN_POINT('Ctrl Pts',(38.0700545780703,13.2323715414551,-11.5));
#5776=CARTESIAN_POINT('Ctrl Pts',(37.8118119468539,12.7245793639063,-11.5));
#5777=CARTESIAN_POINT('Ctrl Pts',(37.6760325233158,12.4575911876321,-11.5));
#5778=CARTESIAN_POINT('Ctrl Pts',(37.5380656098633,12.1965625853349,-11.5));
#5779=CARTESIAN_POINT('Ctrl Pts',(37.3983541501677,11.9415186736369,-11.5));
#5780=CARTESIAN_POINT('Origin',(-3.99063253188674,185.,-43.));
#5781=CARTESIAN_POINT('',(41.0093674681133,185.000000000001,-36.0197980993588));
#5782=CARTESIAN_POINT('',(41.0093674681133,185.,-43.));
#5783=CARTESIAN_POINT('',(-48.9906325318867,185.,-36.0197980993588));
#5784=CARTESIAN_POINT('Ctrl Pts',(-48.9906325318867,185.000000000002,-36.0197980993587));
#5785=CARTESIAN_POINT('Ctrl Pts',(-48.9906325318866,188.844371289111,-35.3602965621576));
#5786=CARTESIAN_POINT('Ctrl Pts',(-47.9969672416201,196.364460506697,-33.3734764931674));
#5787=CARTESIAN_POINT('Ctrl Pts',(-42.7835999826044,209.537779270978,-27.2603593320736));
#5788=CARTESIAN_POINT('Ctrl Pts',(-33.5650605527917,220.032175231628,-18.4177469615203));
#5789=CARTESIAN_POINT('Ctrl Pts',(-23.9797789204089,225.592717130791,-10.4636645989802));
#5790=CARTESIAN_POINT('Ctrl Pts',(-18.0599667898729,227.78510509734,-6.40949668757925));
#5791=CARTESIAN_POINT('Ctrl Pts',(-14.9206491572303,228.69414197444,-4.52938148313341));
#5792=CARTESIAN_POINT('Ctrl Pts',(-11.5594017745582,229.406276870316,-2.8845012326243));
#5793=CARTESIAN_POINT('Ctrl Pts',(-7.91047153027533,229.882445338921,-1.67098319422095));
#5794=CARTESIAN_POINT('Ctrl Pts',(-3.99840335037256,230.059079624992,-1.18959489189896));
#5795=CARTESIAN_POINT('Ctrl Pts',(1.23514183720041,229.824147079547,-1.83014568642203));
#5796=CARTESIAN_POINT('Ctrl Pts',(8.20517984857369,228.582046024161,-4.95617047672614));
#5797=CARTESIAN_POINT('Ctrl Pts',(15.9959551349745,225.655636507135,-10.4811327165601));
#5798=CARTESIAN_POINT('Ctrl Pts',(23.7521020750959,220.82835780638,-16.9393849110615));
#5799=CARTESIAN_POINT('Ctrl Pts',(30.5296352638067,214.387330163205,-23.1741457939949));
#5800=CARTESIAN_POINT('Ctrl Pts',(36.116300552763,206.239521877736,-28.7937611638667));
#5801=CARTESIAN_POINT('Ctrl Pts',(40.0095138162449,196.367006249517,-33.3703444908144));
#5802=CARTESIAN_POINT('Ctrl Pts',(41.0093674681131,188.844371289111,-35.3602965621577));
#5803=CARTESIAN_POINT('Ctrl Pts',(41.0093674681133,185.000000000001,-36.0197980993588));
#5804=CARTESIAN_POINT('',(-48.9906325318867,185.,-43.));
#5805=CARTESIAN_POINT('Origin',(41.0093674681413,63.951662982282,-43.));
#5806=CARTESIAN_POINT('',(41.0093674681435,63.951662982282,-33.7816718532721));
#5807=CARTESIAN_POINT('',(41.0093674681435,63.951662982282,-43.));
#5808=CARTESIAN_POINT('',(41.0093674681413,63.9415934764887,-33.8820994900417));
#5809=CARTESIAN_POINT('Ctrl Pts',(41.0093389054636,63.941590833989,-33.8820892837401));
#5810=CARTESIAN_POINT('Ctrl Pts',(41.0093615517923,63.948300012325,-33.8492458342737));
#5811=CARTESIAN_POINT('Ctrl Pts',(41.0093748481773,63.9516617384356,-33.8157259606596));
#5812=CARTESIAN_POINT('Ctrl Pts',(41.0093765691833,63.9516620228507,-33.7816725992134));
#5813=CARTESIAN_POINT('',(41.0093674681361,86.5370879821645,-36.9999999999999));
#5814=CARTESIAN_POINT('Origin',(41.009367468133,100.000000000001,144.));
#5815=CARTESIAN_POINT('',(41.0093674681156,175.000000000001,-37.));
#5816=CARTESIAN_POINT('',(41.0093674681359,87.4747918429219,-37.));
#5817=CARTESIAN_POINT('Origin',(41.0093674681156,175.000000000001,14.5));
#5818=CARTESIAN_POINT('Ctrl Pts',(41.0093674681448,46.2814541000352,-43.));
#5819=CARTESIAN_POINT('Ctrl Pts',(41.0093674681448,46.2814541000352,0.999999999999988));
#5820=CARTESIAN_POINT('Ctrl Pts',(41.0669891850123,46.5168325180952,-43.));
#5821=CARTESIAN_POINT('Ctrl Pts',(41.0669891850123,46.5168325180952,0.999999999999988));
#5822=CARTESIAN_POINT('Ctrl Pts',(41.1276077413418,46.7709457431627,-43.));
#5823=CARTESIAN_POINT('Ctrl Pts',(41.1276077413418,46.7709457431627,0.999999999999988));
#5824=CARTESIAN_POINT('Ctrl Pts',(41.1880462190544,47.0496480520986,-43.));
#5825=CARTESIAN_POINT('Ctrl Pts',(41.1880462190544,47.0496480520986,0.999999999999988));
#5826=CARTESIAN_POINT('Ctrl Pts',(41.3129413123457,47.6255816657905,-43.));
#5827=CARTESIAN_POINT('Ctrl Pts',(41.3129413123457,47.6255816657905,0.999999999999988));
#5828=CARTESIAN_POINT('Ctrl Pts',(41.4390392644955,48.2268075662254,-43.));
#5829=CARTESIAN_POINT('Ctrl Pts',(41.4390392644955,48.2268075662254,0.999999999999988));
#5830=CARTESIAN_POINT('Ctrl Pts',(41.4963573075932,49.1467233665837,-43.));
#5831=CARTESIAN_POINT('Ctrl Pts',(41.4963573075932,49.1467233665837,0.999999999999988));
#5832=CARTESIAN_POINT('Ctrl Pts',(41.5187640632869,49.5063366311751,-43.));
#5833=CARTESIAN_POINT('Ctrl Pts',(41.5187640632869,49.5063366311751,0.999999999999988));
#5834=CARTESIAN_POINT('Ctrl Pts',(41.5355889219763,49.9132112348999,-43.));
#5835=CARTESIAN_POINT('Ctrl Pts',(41.5355889219763,49.9132112348999,0.999999999999988));
#5836=CARTESIAN_POINT('Ctrl Pts',(41.5432848567685,50.3592991388317,-43.));
#5837=CARTESIAN_POINT('Ctrl Pts',(41.5432848567685,50.3592991388317,0.999999999999988));
#5838=CARTESIAN_POINT('Ctrl Pts',(41.5602119284771,51.3404615501664,-43.));
#5839=CARTESIAN_POINT('Ctrl Pts',(41.5602119284771,51.3404615501664,0.999999999999988));
#5840=CARTESIAN_POINT('Ctrl Pts',(41.5279260583292,52.4528178507854,-43.));
#5841=CARTESIAN_POINT('Ctrl Pts',(41.5279260583292,52.4528178507854,0.999999999999988));
#5842=CARTESIAN_POINT('Ctrl Pts',(41.4844003333647,53.466991332263,-43.));
#5843=CARTESIAN_POINT('Ctrl Pts',(41.4844003333647,53.466991332263,0.999999999999988));
#5844=CARTESIAN_POINT('Ctrl Pts',(41.4680462398509,53.8480507624918,-43.));
#5845=CARTESIAN_POINT('Ctrl Pts',(41.4680462398509,53.8480507624918,0.999999999999988));
#5846=CARTESIAN_POINT('Ctrl Pts',(41.4529667713729,54.1668917491807,-43.));
#5847=CARTESIAN_POINT('Ctrl Pts',(41.4529667713729,54.1668917491807,0.999999999999988));
#5848=CARTESIAN_POINT('Ctrl Pts',(41.4310792918165,54.6098533118173,-43.));
#5849=CARTESIAN_POINT('Ctrl Pts',(41.4310792918165,54.6098533118173,0.999999999999988));
#5850=CARTESIAN_POINT('Ctrl Pts',(41.4239903946513,54.7533193037576,-43.));
#5851=CARTESIAN_POINT('Ctrl Pts',(41.4239903946513,54.7533193037576,0.999999999999988));
#5852=CARTESIAN_POINT('Ctrl Pts',(41.4166966694741,54.9141949425033,-43.));
#5853=CARTESIAN_POINT('Ctrl Pts',(41.4166966694741,54.9141949425033,0.999999999999988));
#5854=CARTESIAN_POINT('Ctrl Pts',(41.4096248172914,55.0885889735121,-43.));
#5855=CARTESIAN_POINT('Ctrl Pts',(41.4096248172914,55.0885889735121,0.999999999999988));
#5856=CARTESIAN_POINT('Ctrl Pts',(41.3861055590221,55.6685810533718,-43.));
#5857=CARTESIAN_POINT('Ctrl Pts',(41.3861055590221,55.6685810533718,0.999999999999988));
#5858=CARTESIAN_POINT('Ctrl Pts',(41.3689289762126,56.3343777717803,-43.));
#5859=CARTESIAN_POINT('Ctrl Pts',(41.3689289762126,56.3343777717803,0.999999999999988));
#5860=CARTESIAN_POINT('Ctrl Pts',(41.3513299576429,56.9640284571021,-43.));
#5861=CARTESIAN_POINT('Ctrl Pts',(41.3513299576429,56.9640284571021,0.999999999999988));
#5862=CARTESIAN_POINT('Ctrl Pts',(41.3261734130339,57.8640693025962,-43.));
#5863=CARTESIAN_POINT('Ctrl Pts',(41.3261734130339,57.8640693025962,0.999999999999988));
#5864=CARTESIAN_POINT('Ctrl Pts',(41.2994621934289,58.7814115276601,-43.));
#5865=CARTESIAN_POINT('Ctrl Pts',(41.2994621934289,58.7814115276601,0.999999999999988));
#5866=CARTESIAN_POINT('Ctrl Pts',(41.2111102627732,59.7887881447864,-43.));
#5867=CARTESIAN_POINT('Ctrl Pts',(41.2111102627732,59.7887881447864,0.999999999999988));
#5868=CARTESIAN_POINT('Ctrl Pts',(41.141030450706,60.587828567413,-43.));
#5869=CARTESIAN_POINT('Ctrl Pts',(41.141030450706,60.587828567413,0.999999999999988));
#5870=CARTESIAN_POINT('Ctrl Pts',(41.1230443605411,61.5692172838632,-43.));
#5871=CARTESIAN_POINT('Ctrl Pts',(41.1230443605411,61.5692172838632,0.999999999999988));
#5872=CARTESIAN_POINT('Ctrl Pts',(41.0945711121611,62.4001246817376,-43.));
#5873=CARTESIAN_POINT('Ctrl Pts',(41.0945711121611,62.4001246817376,0.999999999999988));
#5874=CARTESIAN_POINT('Ctrl Pts',(41.0767317048626,62.9207149319302,-43.));
#5875=CARTESIAN_POINT('Ctrl Pts',(41.0767317048626,62.9207149319302,0.999999999999988));
#5876=CARTESIAN_POINT('Ctrl Pts',(41.0557071553281,63.3997443839673,-43.));
#5877=CARTESIAN_POINT('Ctrl Pts',(41.0557071553281,63.3997443839673,0.999999999999988));
#5878=CARTESIAN_POINT('Ctrl Pts',(41.0093674681435,63.951662982282,-43.));
#5879=CARTESIAN_POINT('Ctrl Pts',(41.0093674681435,63.951662982282,0.999999999999988));
#5880=CARTESIAN_POINT('',(41.0093674681448,46.2814541000352,-29.8039491738787));
#5881=CARTESIAN_POINT('',(41.0093674681448,46.2814541000352,-43.));
#5882=CARTESIAN_POINT('',(41.4963573075932,49.1467233665836,-30.3387627168747));
#5883=CARTESIAN_POINT('Ctrl Pts',(41.4963891443993,49.1465044146804,-30.339776677883));
#5884=CARTESIAN_POINT('Ctrl Pts',(41.4962908725825,49.144921928111,-30.3394380457718));
#5885=CARTESIAN_POINT('Ctrl Pts',(41.4961922950693,49.1433370527835,-30.3390994024505));
#5886=CARTESIAN_POINT('Ctrl Pts',(41.4944750538874,49.1157721798841,-30.3332191851246));
#5887=CARTESIAN_POINT('Ctrl Pts',(41.4881062377159,49.0216865524026,-30.322133250979));
#5888=CARTESIAN_POINT('Ctrl Pts',(41.4753721528237,48.8629408873645,-30.2999516168542));
#5889=CARTESIAN_POINT('Ctrl Pts',(41.4562493706931,48.662509715402,-30.2722078856158));
#5890=CARTESIAN_POINT('Ctrl Pts',(41.430467835926,48.4400344946614,-30.2388940580757));
#5891=CARTESIAN_POINT('Ctrl Pts',(41.3736085854138,48.0130090669126,-30.1722248178852));
#5892=CARTESIAN_POINT('Ctrl Pts',(41.2306913934731,47.2008078053636,-30.0275854599327));
#5893=CARTESIAN_POINT('Ctrl Pts',(41.0921452132898,46.6195921452379,-29.8935306927112));
#5894=CARTESIAN_POINT('Ctrl Pts',(41.0093674681448,46.2814541000352,-29.8039491738787));
#5895=CARTESIAN_POINT('',(41.4310792918165,54.6098533118159,-31.6559593400868));
#5896=CARTESIAN_POINT('Ctrl Pts',(41.4310002982073,54.6091525366562,-31.6583609136723));
#5897=CARTESIAN_POINT('Ctrl Pts',(41.4311360927949,54.6063935530639,-31.6575603134834));
#5898=CARTESIAN_POINT('Ctrl Pts',(41.4312720963381,54.6036350395343,-31.6567596369584));
#5899=CARTESIAN_POINT('Ctrl Pts',(41.4402792729977,54.4212576581194,-31.6038093784122));
#5900=CARTESIAN_POINT('Ctrl Pts',(41.4610594069847,53.9922048064321,-31.4988351313503));
#5901=CARTESIAN_POINT('Ctrl Pts',(41.4888733213332,53.371162711869,-31.3393391553522));
#5902=CARTESIAN_POINT('Ctrl Pts',(41.5142737017636,52.7239356762411,-31.1777916284164));
#5903=CARTESIAN_POINT('Ctrl Pts',(41.5345074936153,52.0647181209421,-31.0141734952208));
#5904=CARTESIAN_POINT('Ctrl Pts',(41.5453165422906,51.4942011796714,-30.8760872008496));
#5905=CARTESIAN_POINT('Ctrl Pts',(41.54847064401,51.0256186581844,-30.7645775081966));
#5906=CARTESIAN_POINT('Ctrl Pts',(41.5475713111412,50.6663141434401,-30.6804284227921));
#5907=CARTESIAN_POINT('Ctrl Pts',(41.5427707848384,50.2991324194801,-30.5957680979829));
#5908=CARTESIAN_POINT('Ctrl Pts',(41.5333653791415,49.9233240461163,-30.510605714862));
#5909=CARTESIAN_POINT('Ctrl Pts',(41.5222321620645,49.6342680285397,-30.4463669776697));
#5910=CARTESIAN_POINT('Ctrl Pts',(41.5136140535353,49.4551271224674,-30.406975122721));
#5911=CARTESIAN_POINT('Ctrl Pts',(41.5106909156927,49.3978708362046,-30.394428620039));
#5912=CARTESIAN_POINT('Ctrl Pts',(41.5089680564927,49.3650799496864,-30.3872556009938));
#5913=CARTESIAN_POINT('Ctrl Pts',(41.5063298884372,49.3158070301633,-30.3764923615521));
#5914=CARTESIAN_POINT('Ctrl Pts',(41.5030964522477,49.2580831119923,-30.3639255153551));
#5915=CARTESIAN_POINT('Ctrl Pts',(41.499264813868,49.1933054313033,-30.3498889044547));
#5916=CARTESIAN_POINT('Ctrl Pts',(41.4973347955173,49.1617323838167,-30.3430352706813));
#5917=CARTESIAN_POINT('Ctrl Pts',(41.4963891443993,49.1465044146804,-30.339776677883));
#5918=CARTESIAN_POINT('',(41.2111102627726,59.7887881447935,-32.8696548247932));
#5919=CARTESIAN_POINT('Ctrl Pts',(41.2111292064595,59.7882822997782,-32.8713086506628));
#5920=CARTESIAN_POINT('Ctrl Pts',(41.211286079978,59.7864870600253,-32.8707577554027));
#5921=CARTESIAN_POINT('Ctrl Pts',(41.2114432102319,59.784692091348,-32.8702068165187));
#5922=CARTESIAN_POINT('Ctrl Pts',(41.2132984035479,59.7635371898311,-32.8637121681791));
#5923=CARTESIAN_POINT('Ctrl Pts',(41.2197150613487,59.688905851289,-32.8518128382034));
#5924=CARTESIAN_POINT('Ctrl Pts',(41.230174813049,59.5611751535767,-32.8279665747439));
#5925=CARTESIAN_POINT('Ctrl Pts',(41.2479070393192,59.3304284748228,-32.7861097835493));
#5926=CARTESIAN_POINT('Ctrl Pts',(41.2774755455911,58.8878424909234,-32.7019010127062));
#5927=CARTESIAN_POINT('Ctrl Pts',(41.3202182149616,58.039598857198,-32.5314639591533));
#5928=CARTESIAN_POINT('Ctrl Pts',(41.3527306497846,56.9329617098147,-32.2820038219594));
#5929=CARTESIAN_POINT('Ctrl Pts',(41.3792671587511,55.92239241949,-32.0251680893309));
#5930=CARTESIAN_POINT('Ctrl Pts',(41.4059108760521,55.1599428525436,-31.8163373883168));
#5931=CARTESIAN_POINT('Ctrl Pts',(41.4220762218697,54.7904659499973,-31.7109743302111));
#5932=CARTESIAN_POINT('Ctrl Pts',(41.4310002982073,54.6091525366562,-31.6583609136723));
#5933=CARTESIAN_POINT('Ctrl Pts',(41.009376436986,63.9516635931491,-33.7816728308263));
#5934=CARTESIAN_POINT('Ctrl Pts',(41.0487092748898,63.4844509138461,-33.7127607910258));
#5935=CARTESIAN_POINT('Ctrl Pts',(41.0911192953582,62.6206330214509,-33.5689064448654));
#5936=CARTESIAN_POINT('Ctrl Pts',(41.1107561957009,61.880256012754,-33.4161989588017));
#5937=CARTESIAN_POINT('Ctrl Pts',(41.1224539840772,61.4986901618404,-33.3295161107337));
#5938=CARTESIAN_POINT('Ctrl Pts',(41.1250634267379,61.414791750303,-33.3102205308521));
#5939=CARTESIAN_POINT('Ctrl Pts',(41.1297030758399,61.2700745977401,-33.2763669238745));
#5940=CARTESIAN_POINT('Ctrl Pts',(41.1394129814603,60.9888702704687,-33.208315877212));
#5941=CARTESIAN_POINT('Ctrl Pts',(41.1553253362318,60.6089865315175,-33.1101224501556));
#5942=CARTESIAN_POINT('Ctrl Pts',(41.1795515762772,60.1836642783726,-32.9912933606752));
#5943=CARTESIAN_POINT('Ctrl Pts',(41.1997486204276,59.9185202179042,-32.9112740378278));
#5944=CARTESIAN_POINT('Ctrl Pts',(41.2111292064595,59.7882822997782,-32.8713086506628));
#5945=CARTESIAN_POINT('Ctrl Pts',(-48.9906325318582,62.4409696150378,-43.));
#5946=CARTESIAN_POINT('Ctrl Pts',(-48.9906325318582,62.4409696150378,0.999999999999988));
#5947=CARTESIAN_POINT('Ctrl Pts',(-48.9473595950118,62.1938623282608,-43.));
#5948=CARTESIAN_POINT('Ctrl Pts',(-48.9473595950118,62.1938623282608,0.999999999999988));
#5949=CARTESIAN_POINT('Ctrl Pts',(-48.9044736878985,61.9527632361188,-43.));
#5950=CARTESIAN_POINT('Ctrl Pts',(-48.9044736878985,61.9527632361188,0.999999999999988));
#5951=CARTESIAN_POINT('Ctrl Pts',(-48.86445117911,61.722953369259,-43.));
#5952=CARTESIAN_POINT('Ctrl Pts',(-48.86445117911,61.722953369259,0.999999999999988));
#5953=CARTESIAN_POINT('Ctrl Pts',(-48.7371057587527,60.9917339883816,-43.));
#5954=CARTESIAN_POINT('Ctrl Pts',(-48.7371057587527,60.9917339883816,0.999999999999988));
#5955=CARTESIAN_POINT('Ctrl Pts',(-48.6398388632974,60.3805578561312,-43.));
#5956=CARTESIAN_POINT('Ctrl Pts',(-48.6398388632974,60.3805578561312,0.999999999999988));
#5957=CARTESIAN_POINT('Ctrl Pts',(-48.586925131253,59.7913733292975,-43.));
#5958=CARTESIAN_POINT('Ctrl Pts',(-48.586925131253,59.7913733292975,0.999999999999988));
#5959=CARTESIAN_POINT('Ctrl Pts',(-48.5427110229021,59.2990574879912,-43.));
#5960=CARTESIAN_POINT('Ctrl Pts',(-48.5427110229021,59.2990574879912,0.999999999999988));
#5961=CARTESIAN_POINT('Ctrl Pts',(-48.5029112559429,58.657436344422,-43.));
#5962=CARTESIAN_POINT('Ctrl Pts',(-48.5029112559429,58.657436344422,0.999999999999988));
#5963=CARTESIAN_POINT('Ctrl Pts',(-48.4708697982645,57.9706419192885,-43.));
#5964=CARTESIAN_POINT('Ctrl Pts',(-48.4708697982645,57.9706419192885,0.999999999999988));
#5965=CARTESIAN_POINT('Ctrl Pts',(-48.4242170643736,56.9706612731199,-43.));
#5966=CARTESIAN_POINT('Ctrl Pts',(-48.4242170643736,56.9706612731199,0.999999999999988));
#5967=CARTESIAN_POINT('Ctrl Pts',(-48.3925851553576,55.9232866044122,-43.));
#5968=CARTESIAN_POINT('Ctrl Pts',(-48.3925851553576,55.9232866044122,0.999999999999988));
#5969=CARTESIAN_POINT('Ctrl Pts',(-48.2941930522953,54.7749187907341,-43.));
#5970=CARTESIAN_POINT('Ctrl Pts',(-48.2941930522953,54.7749187907341,0.999999999999988));
#5971=CARTESIAN_POINT('Ctrl Pts',(-48.2560143122454,54.3293216861343,-43.));
#5972=CARTESIAN_POINT('Ctrl Pts',(-48.2560143122454,54.3293216861343,0.999999999999988));
#5973=CARTESIAN_POINT('Ctrl Pts',(-48.2375253905015,53.7641019516727,-43.));
#5974=CARTESIAN_POINT('Ctrl Pts',(-48.2375253905015,53.7641019516727,0.999999999999988));
#5975=CARTESIAN_POINT('Ctrl Pts',(-48.2062296609097,53.1286979141178,-43.));
#5976=CARTESIAN_POINT('Ctrl Pts',(-48.2062296609097,53.1286979141178,0.999999999999988));
#5977=CARTESIAN_POINT('Ctrl Pts',(-48.1416690127537,51.8179089649344,-43.));
#5978=CARTESIAN_POINT('Ctrl Pts',(-48.1416690127537,51.8179089649344,0.999999999999988));
#5979=CARTESIAN_POINT('Ctrl Pts',(-48.0317449096932,50.3071898216478,-43.));
#5980=CARTESIAN_POINT('Ctrl Pts',(-48.0317449096932,50.3071898216478,0.999999999999988));
#5981=CARTESIAN_POINT('Ctrl Pts',(-47.3680078452807,48.6046185465035,-43.));
#5982=CARTESIAN_POINT('Ctrl Pts',(-47.3680078452807,48.6046185465035,0.999999999999988));
#5983=CARTESIAN_POINT('Ctrl Pts',(-46.9561414537321,47.5481280700094,-43.));
#5984=CARTESIAN_POINT('Ctrl Pts',(-46.9561414537321,47.5481280700094,0.999999999999988));
#5985=CARTESIAN_POINT('Ctrl Pts',(-46.4154587913979,46.6569929555454,-43.));
#5986=CARTESIAN_POINT('Ctrl Pts',(-46.4154587913979,46.6569929555454,0.999999999999988));
#5987=CARTESIAN_POINT('Ctrl Pts',(-45.8863212299194,45.8760031356493,-43.));
#5988=CARTESIAN_POINT('Ctrl Pts',(-45.8863212299194,45.8760031356493,0.999999999999988));
#5989=CARTESIAN_POINT('Ctrl Pts',(-44.9699930647581,44.5235325858827,-43.));
#5990=CARTESIAN_POINT('Ctrl Pts',(-44.9699930647581,44.5235325858827,0.999999999999988));
#5991=CARTESIAN_POINT('Ctrl Pts',(-44.0479271915267,43.4307539709238,-43.));
#5992=CARTESIAN_POINT('Ctrl Pts',(-44.0479271915267,43.4307539709238,0.999999999999988));
#5993=CARTESIAN_POINT('Ctrl Pts',(-43.4191211541185,42.5226565208595,-43.));
#5994=CARTESIAN_POINT('Ctrl Pts',(-43.4191211541185,42.5226565208595,0.999999999999988));
#5995=CARTESIAN_POINT('Ctrl Pts',(-43.2390582671439,42.2626166376758,-43.));
#5996=CARTESIAN_POINT('Ctrl Pts',(-43.2390582671439,42.2626166376758,0.999999999999988));
#5997=CARTESIAN_POINT('Ctrl Pts',(-43.0590390149283,42.0079179557369,-43.));
#5998=CARTESIAN_POINT('Ctrl Pts',(-43.0590390149283,42.0079179557369,0.999999999999988));
#5999=CARTESIAN_POINT('Ctrl Pts',(-42.8803343127073,41.7582847464214,-43.));
#6000=CARTESIAN_POINT('Ctrl Pts',(-42.8803343127073,41.7582847464214,0.999999999999988));
#6001=CARTESIAN_POINT('Ctrl Pts',(-42.5943089365259,41.3587349208464,-43.));
#6002=CARTESIAN_POINT('Ctrl Pts',(-42.5943089365259,41.3587349208464,0.999999999999988));
#6003=CARTESIAN_POINT('Ctrl Pts',(-42.3263119298543,40.992040923727,-43.));
#6004=CARTESIAN_POINT('Ctrl Pts',(-42.3263119298543,40.992040923727,0.999999999999988));
#6005=CARTESIAN_POINT('Ctrl Pts',(-42.027524360333,40.5847045916969,-43.));
#6006=CARTESIAN_POINT('Ctrl Pts',(-42.027524360333,40.5847045916969,0.999999999999988));
#6007=CARTESIAN_POINT('Ctrl Pts',(-41.4308091323652,39.7712042422135,-43.));
#6008=CARTESIAN_POINT('Ctrl Pts',(-41.4308091323652,39.7712042422135,0.999999999999988));
#6009=CARTESIAN_POINT('Ctrl Pts',(-40.5636640263502,38.6297606225841,-43.));
#6010=CARTESIAN_POINT('Ctrl Pts',(-40.5636640263502,38.6297606225841,0.999999999999988));
#6011=CARTESIAN_POINT('Ctrl Pts',(-39.7653536520547,37.3767960463969,-43.));
#6012=CARTESIAN_POINT('Ctrl Pts',(-39.7653536520547,37.3767960463969,0.999999999999988));
#6013=CARTESIAN_POINT('Ctrl Pts',(-39.3772036545357,36.7675866301123,-43.));
#6014=CARTESIAN_POINT('Ctrl Pts',(-39.3772036545357,36.7675866301123,0.999999999999988));
#6015=CARTESIAN_POINT('Ctrl Pts',(-38.974871712575,36.1219210497888,-43.));
#6016=CARTESIAN_POINT('Ctrl Pts',(-38.974871712575,36.1219210497888,0.999999999999988));
#6017=CARTESIAN_POINT('Ctrl Pts',(-38.5792815454602,35.4506066373174,-43.));
#6018=CARTESIAN_POINT('Ctrl Pts',(-38.5792815454602,35.4506066373174,0.999999999999988));
#6019=CARTESIAN_POINT('Ctrl Pts',(-38.0317551632814,34.5214572748704,-43.));
#6020=CARTESIAN_POINT('Ctrl Pts',(-38.0317551632814,34.5214572748704,0.999999999999988));
#6021=CARTESIAN_POINT('Ctrl Pts',(-37.4709351451371,33.4750738863714,-43.));
#6022=CARTESIAN_POINT('Ctrl Pts',(-37.4709351451371,33.4750738863714,0.999999999999988));
#6023=CARTESIAN_POINT('Ctrl Pts',(-37.0844324715546,32.6355411657015,-43.));
#6024=CARTESIAN_POINT('Ctrl Pts',(-37.0844324715546,32.6355411657015,0.999999999999988));
#6025=CARTESIAN_POINT('Ctrl Pts',(-36.6440407846731,31.6789546882497,-43.));
#6026=CARTESIAN_POINT('Ctrl Pts',(-36.6440407846731,31.6789546882497,0.999999999999988));
#6027=CARTESIAN_POINT('Ctrl Pts',(-36.3456072486598,30.8236813704262,-43.));
#6028=CARTESIAN_POINT('Ctrl Pts',(-36.3456072486598,30.8236813704262,0.999999999999988));
#6029=CARTESIAN_POINT('Ctrl Pts',(-35.9920964247301,29.7806444953939,-43.));
#6030=CARTESIAN_POINT('Ctrl Pts',(-35.9920964247301,29.7806444953939,0.999999999999988));
#6031=CARTESIAN_POINT('Ctrl Pts',(-35.8604755025685,29.3922957772012,-43.));
#6032=CARTESIAN_POINT('Ctrl Pts',(-35.8604755025685,29.3922957772012,0.999999999999988));
#6033=CARTESIAN_POINT('Ctrl Pts',(-35.7136049104967,28.9517762674292,-43.));
#6034=CARTESIAN_POINT('Ctrl Pts',(-35.7136049104967,28.9517762674292,0.999999999999988));
#6035=CARTESIAN_POINT('Ctrl Pts',(-35.5615659063263,28.50841660937,-43.));
#6036=CARTESIAN_POINT('Ctrl Pts',(-35.5615659063263,28.50841660937,0.999999999999988));
#6037=CARTESIAN_POINT('Ctrl Pts',(-35.4624250154697,28.2193126935052,-43.));
#6038=CARTESIAN_POINT('Ctrl Pts',(-35.4624250154697,28.2193126935052,0.999999999999988));
#6039=CARTESIAN_POINT('Ctrl Pts',(-35.3934788828292,28.0227293285117,-43.));
#6040=CARTESIAN_POINT('Ctrl Pts',(-35.3934788828292,28.0227293285117,0.999999999999988));
#6041=CARTESIAN_POINT('Ctrl Pts',(-35.3206423950137,27.8186800960043,-43.));
#6042=CARTESIAN_POINT('Ctrl Pts',(-35.3206423950137,27.8186800960043,0.999999999999988));
#6043=CARTESIAN_POINT('Ctrl Pts',(-35.3017659954648,27.7657984297409,-43.));
#6044=CARTESIAN_POINT('Ctrl Pts',(-35.3017659954648,27.7657984297409,0.999999999999988));
#6045=CARTESIAN_POINT('Ctrl Pts',(-35.2823185117812,27.7111273072508,-43.));
#6046=CARTESIAN_POINT('Ctrl Pts',(-35.2823185117812,27.7111273072508,0.999999999999988));
#6047=CARTESIAN_POINT('Ctrl Pts',(-35.2610090110642,27.6509756902905,-43.));
#6048=CARTESIAN_POINT('Ctrl Pts',(-35.2610090110642,27.6509756902905,0.999999999999988));
#6049=CARTESIAN_POINT('Ctrl Pts',(-35.1857100454128,27.4384247441409,-43.));
#6050=CARTESIAN_POINT('Ctrl Pts',(-35.1857100454128,27.4384247441409,0.999999999999988));
#6051=CARTESIAN_POINT('Ctrl Pts',(-35.0667405656224,27.0979934577415,-43.));
#6052=CARTESIAN_POINT('Ctrl Pts',(-35.0667405656224,27.0979934577415,0.999999999999988));
#6053=CARTESIAN_POINT('Ctrl Pts',(-34.9527327832151,26.7671841803832,-43.));
#6054=CARTESIAN_POINT('Ctrl Pts',(-34.9527327832151,26.7671841803832,0.999999999999988));
#6055=CARTESIAN_POINT('Ctrl Pts',(-34.7777020599192,26.259308438338,-43.));
#6056=CARTESIAN_POINT('Ctrl Pts',(-34.7777020599192,26.259308438338,0.999999999999988));
#6057=CARTESIAN_POINT('Ctrl Pts',(-34.6008729448752,25.7381551807368,-43.));
#6058=CARTESIAN_POINT('Ctrl Pts',(-34.6008729448752,25.7381551807368,0.999999999999988));
#6059=CARTESIAN_POINT('Ctrl Pts',(-34.4074866945775,25.1794835314689,-43.));
#6060=CARTESIAN_POINT('Ctrl Pts',(-34.4074866945775,25.1794835314689,0.999999999999988));
#6061=CARTESIAN_POINT('Ctrl Pts',(-34.1370070655885,24.3980975736354,-43.));
#6062=CARTESIAN_POINT('Ctrl Pts',(-34.1370070655885,24.3980975736354,0.999999999999988));
#6063=CARTESIAN_POINT('Ctrl Pts',(-33.8373681080005,23.5426297069906,-43.));
#6064=CARTESIAN_POINT('Ctrl Pts',(-33.8373681080005,23.5426297069906,0.999999999999988));
#6065=CARTESIAN_POINT('Ctrl Pts',(-33.438562033409,22.5421096299826,-43.));
#6066=CARTESIAN_POINT('Ctrl Pts',(-33.438562033409,22.5421096299826,0.999999999999988));
#6067=CARTESIAN_POINT('Ctrl Pts',(-32.8399061659284,21.0402086991942,-43.));
#6068=CARTESIAN_POINT('Ctrl Pts',(-32.8399061659284,21.0402086991942,0.999999999999988));
#6069=CARTESIAN_POINT('Ctrl Pts',(-32.0815882842626,19.2953677667099,-43.));
#6070=CARTESIAN_POINT('Ctrl Pts',(-32.0815882842626,19.2953677667099,0.999999999999988));
#6071=CARTESIAN_POINT('Ctrl Pts',(-31.007819402378,17.0951269850478,-43.));
#6072=CARTESIAN_POINT('Ctrl Pts',(-31.007819402378,17.0951269850478,0.999999999999988));
#6073=CARTESIAN_POINT('Ctrl Pts',(-30.783969653069,16.6364404318203,-43.));
#6074=CARTESIAN_POINT('Ctrl Pts',(-30.783969653069,16.6364404318203,0.999999999999988));
#6075=CARTESIAN_POINT('Ctrl Pts',(-30.5433636635002,16.1518791533685,-43.));
#6076=CARTESIAN_POINT('Ctrl Pts',(-30.5433636635002,16.1518791533685,0.999999999999988));
#6077=CARTESIAN_POINT('Ctrl Pts',(-30.287940448266,15.6493648421131,-43.));
#6078=CARTESIAN_POINT('Ctrl Pts',(-30.287940448266,15.6493648421131,0.999999999999988));
#6079=CARTESIAN_POINT('Ctrl Pts',(-29.6340725825996,14.3629588282111,-43.));
#6080=CARTESIAN_POINT('Ctrl Pts',(-29.6340725825996,14.3629588282111,0.999999999999988));
#6081=CARTESIAN_POINT('Ctrl Pts',(-28.9141434763028,13.0188860630614,-43.));
#6082=CARTESIAN_POINT('Ctrl Pts',(-28.9141434763028,13.0188860630614,0.999999999999988));
#6083=CARTESIAN_POINT('Ctrl Pts',(-28.1185399857918,11.6425641283268,-43.));
#6084=CARTESIAN_POINT('Ctrl Pts',(-28.1185399857918,11.6425641283268,0.999999999999988));
#6085=CARTESIAN_POINT('Ctrl Pts',(-27.2302626582096,10.1059248542913,-43.));
#6086=CARTESIAN_POINT('Ctrl Pts',(-27.2302626582096,10.1059248542913,0.999999999999988));
#6087=CARTESIAN_POINT('Ctrl Pts',(-26.2476429883878,8.50734013042308,-43.));
#6088=CARTESIAN_POINT('Ctrl Pts',(-26.2476429883878,8.50734013042308,0.999999999999988));
#6089=CARTESIAN_POINT('Ctrl Pts',(-25.1814313002592,6.87950536531896,-43.));
#6090=CARTESIAN_POINT('Ctrl Pts',(-25.1814313002592,6.87950536531896,0.999999999999988));
#6091=CARTESIAN_POINT('Ctrl Pts',(-25.0702259448389,6.70972299880157,-43.));
#6092=CARTESIAN_POINT('Ctrl Pts',(-25.0702259448389,6.70972299880157,0.999999999999988));
#6093=CARTESIAN_POINT('Ctrl Pts',(-24.9829151544645,6.57518063229384,-43.));
#6094=CARTESIAN_POINT('Ctrl Pts',(-24.9829151544645,6.57518063229384,0.999999999999988));
#6095=CARTESIAN_POINT('Ctrl Pts',(-24.7177303872476,6.17902984225257,-43.));
#6096=CARTESIAN_POINT('Ctrl Pts',(-24.7177303872476,6.17902984225257,0.999999999999988));
#6097=CARTESIAN_POINT('Ctrl Pts',(-24.5854336976247,5.98139617473857,-43.));
#6098=CARTESIAN_POINT('Ctrl Pts',(-24.5854336976247,5.98139617473857,0.999999999999988));
#6099=CARTESIAN_POINT('Ctrl Pts',(-24.4188911918436,5.73021490528259,-43.));
#6100=CARTESIAN_POINT('Ctrl Pts',(-24.4188911918436,5.73021490528259,0.999999999999988));
#6101=CARTESIAN_POINT('Ctrl Pts',(-24.2293076268864,5.44239789278278,-43.));
#6102=CARTESIAN_POINT('Ctrl Pts',(-24.2293076268864,5.44239789278278,0.999999999999988));
#6103=CARTESIAN_POINT('Ctrl Pts',(-23.6987115618057,4.63687145208031,-43.));
#6104=CARTESIAN_POINT('Ctrl Pts',(-23.6987115618057,4.63687145208031,0.999999999999988));
#6105=CARTESIAN_POINT('Ctrl Pts',(-22.9763207402129,3.52986903513716,-43.));
#6106=CARTESIAN_POINT('Ctrl Pts',(-22.9763207402129,3.52986903513716,0.999999999999988));
#6107=CARTESIAN_POINT('Ctrl Pts',(-22.3267657898035,2.62198448726495,-43.));
#6108=CARTESIAN_POINT('Ctrl Pts',(-22.3267657898035,2.62198448726495,0.999999999999988));
#6109=CARTESIAN_POINT('Ctrl Pts',(-22.0161015910325,2.1877683744272,-43.));
#6110=CARTESIAN_POINT('Ctrl Pts',(-22.0161015910325,2.1877683744272,0.999999999999988));
#6111=CARTESIAN_POINT('Ctrl Pts',(-21.7395249493212,1.82049232312492,-43.));
#6112=CARTESIAN_POINT('Ctrl Pts',(-21.7395249493212,1.82049232312492,0.999999999999988));
#6113=CARTESIAN_POINT('Ctrl Pts',(-21.4965933334258,1.51060200095653,-43.));
#6114=CARTESIAN_POINT('Ctrl Pts',(-21.4965933334258,1.51060200095653,0.999999999999988));
#6115=CARTESIAN_POINT('Ctrl Pts',(-21.2250848481592,1.16425822984787,-43.));
#6116=CARTESIAN_POINT('Ctrl Pts',(-21.2250848481592,1.16425822984787,0.999999999999988));
#6117=CARTESIAN_POINT('Ctrl Pts',(-20.9407213253207,0.819179383284985,-43.));
#6118=CARTESIAN_POINT('Ctrl Pts',(-20.9407213253207,0.819179383284985,0.999999999999988));
#6119=CARTESIAN_POINT('Ctrl Pts',(-20.6416670911424,0.48080830154729,-43.));
#6120=CARTESIAN_POINT('Ctrl Pts',(-20.6416670911424,0.48080830154729,0.999999999999988));
#6121=CARTESIAN_POINT('Ctrl Pts',(-20.1182092836775,-0.111468831871682,
-43.));
#6122=CARTESIAN_POINT('Ctrl Pts',(-20.1182092836775,-0.111468831871682,
0.999999999999988));
#6123=CARTESIAN_POINT('Ctrl Pts',(-19.593128022629,-0.658850111099986,-43.));
#6124=CARTESIAN_POINT('Ctrl Pts',(-19.593128022629,-0.658850111099986,0.999999999999988));
#6125=CARTESIAN_POINT('Ctrl Pts',(-19.1009647014334,-1.13818244643335,-43.));
#6126=CARTESIAN_POINT('Ctrl Pts',(-19.1009647014334,-1.13818244643335,0.999999999999988));
#6127=CARTESIAN_POINT('Ctrl Pts',(-18.4684229075936,-1.75423350546111,-43.));
#6128=CARTESIAN_POINT('Ctrl Pts',(-18.4684229075936,-1.75423350546111,0.999999999999988));
#6129=CARTESIAN_POINT('Ctrl Pts',(-17.9204227349078,-2.23298715261243,-43.));
#6130=CARTESIAN_POINT('Ctrl Pts',(-17.9204227349078,-2.23298715261243,0.999999999999988));
#6131=CARTESIAN_POINT('Ctrl Pts',(-17.4467738298595,-2.62338117897369,-43.));
#6132=CARTESIAN_POINT('Ctrl Pts',(-17.4467738298595,-2.62338117897369,0.999999999999988));
#6133=CARTESIAN_POINT('Ctrl Pts',(-16.777753071618,-3.17480588352891,-43.));
#6134=CARTESIAN_POINT('Ctrl Pts',(-16.777753071618,-3.17480588352891,0.999999999999988));
#6135=CARTESIAN_POINT('Ctrl Pts',(-16.1517674075601,-3.6343409407161,-43.));
#6136=CARTESIAN_POINT('Ctrl Pts',(-16.1517674075601,-3.6343409407161,0.999999999999988));
#6137=CARTESIAN_POINT('Ctrl Pts',(-15.5475578019611,-4.03647057914725,-43.));
#6138=CARTESIAN_POINT('Ctrl Pts',(-15.5475578019611,-4.03647057914725,0.999999999999988));
#6139=CARTESIAN_POINT('Ctrl Pts',(-14.3167676052478,-4.85561878897789,-43.));
#6140=CARTESIAN_POINT('Ctrl Pts',(-14.3167676052478,-4.85561878897789,0.999999999999988));
#6141=CARTESIAN_POINT('Ctrl Pts',(-13.2765399548039,-5.37789541984416,-43.));
#6142=CARTESIAN_POINT('Ctrl Pts',(-13.2765399548039,-5.37789541984416,0.999999999999988));
#6143=CARTESIAN_POINT('Ctrl Pts',(-12.3242835281701,-5.78075942187664,-43.));
#6144=CARTESIAN_POINT('Ctrl Pts',(-12.3242835281701,-5.78075942187664,0.999999999999988));
#6145=CARTESIAN_POINT('Ctrl Pts',(-11.0829573293155,-6.30591800974368,-43.));
#6146=CARTESIAN_POINT('Ctrl Pts',(-11.0829573293155,-6.30591800974368,0.999999999999988));
#6147=CARTESIAN_POINT('Ctrl Pts',(-9.92969279389564,-6.62793860149369,-43.));
#6148=CARTESIAN_POINT('Ctrl Pts',(-9.92969279389564,-6.62793860149369,0.999999999999988));
#6149=CARTESIAN_POINT('Ctrl Pts',(-8.9320936579522,-6.84196612056977,-43.));
#6150=CARTESIAN_POINT('Ctrl Pts',(-8.9320936579522,-6.84196612056977,0.999999999999988));
#6151=CARTESIAN_POINT('Ctrl Pts',(-8.15385655515918,-7.00893113724075,-43.));
#6152=CARTESIAN_POINT('Ctrl Pts',(-8.15385655515918,-7.00893113724075,0.999999999999988));
#6153=CARTESIAN_POINT('Ctrl Pts',(-7.54925143751764,-7.10381761696522,-43.));
#6154=CARTESIAN_POINT('Ctrl Pts',(-7.54925143751764,-7.10381761696522,0.999999999999988));
#6155=CARTESIAN_POINT('Ctrl Pts',(-6.81729259934603,-7.21901951525278,-43.));
#6156=CARTESIAN_POINT('Ctrl Pts',(-6.81729259934603,-7.21901951525278,0.999999999999988));
#6157=CARTESIAN_POINT('Ctrl Pts',(-6.07126460937675,-7.33643573613591,-43.));
#6158=CARTESIAN_POINT('Ctrl Pts',(-6.07126460937675,-7.33643573613591,0.999999999999988));
#6159=CARTESIAN_POINT('Ctrl Pts',(-5.1809135560963,-7.47056248672869,-43.));
#6160=CARTESIAN_POINT('Ctrl Pts',(-5.1809135560963,-7.47056248672869,0.999999999999988));
#6161=CARTESIAN_POINT('Ctrl Pts',(-4.35918350230787,-7.57755597851986,-43.));
#6162=CARTESIAN_POINT('Ctrl Pts',(-4.35918350230787,-7.57755597851986,0.999999999999988));
#6163=CARTESIAN_POINT('Ctrl Pts',(-3.2783365004325,-7.71828783357313,-43.));
#6164=CARTESIAN_POINT('Ctrl Pts',(-3.2783365004325,-7.71828783357313,0.999999999999988));
#6165=CARTESIAN_POINT('Ctrl Pts',(-2.31775347430973,-7.81400150453586,-43.));
#6166=CARTESIAN_POINT('Ctrl Pts',(-2.31775347430973,-7.81400150453586,0.999999999999988));
#6167=CARTESIAN_POINT('Ctrl Pts',(-1.40170399620178,-7.87805825774323,-43.));
#6168=CARTESIAN_POINT('Ctrl Pts',(-1.40170399620178,-7.87805825774323,0.999999999999988));
#6169=CARTESIAN_POINT('Ctrl Pts',(-0.522002112211926,-7.9395733263345,-43.));
#6170=CARTESIAN_POINT('Ctrl Pts',(-0.522002112211926,-7.9395733263345,0.999999999999988));
#6171=CARTESIAN_POINT('Ctrl Pts',(0.300264153972716,-7.96802237803459,-43.));
#6172=CARTESIAN_POINT('Ctrl Pts',(0.300264153972716,-7.96802237803459,0.999999999999988));
#6173=CARTESIAN_POINT('Ctrl Pts',(1.15120121861166,-7.98195236984146,-43.));
#6174=CARTESIAN_POINT('Ctrl Pts',(1.15120121861166,-7.98195236984146,0.999999999999988));
#6175=CARTESIAN_POINT('Ctrl Pts',(1.40590040576019,-7.98612184104871,-43.));
#6176=CARTESIAN_POINT('Ctrl Pts',(1.40590040576019,-7.98612184104871,0.999999999999988));
#6177=CARTESIAN_POINT('Ctrl Pts',(1.71123451721473,-7.99004778080764,-43.));
#6178=CARTESIAN_POINT('Ctrl Pts',(1.71123451721473,-7.99004778080764,0.999999999999988));
#6179=CARTESIAN_POINT('Ctrl Pts',(2.1716316950411,-7.99166466197125,-43.));
#6180=CARTESIAN_POINT('Ctrl Pts',(2.1716316950411,-7.99166466197125,0.999999999999988));
#6181=CARTESIAN_POINT('Ctrl Pts',(2.88371695236873,-7.99416545323346,-43.));
#6182=CARTESIAN_POINT('Ctrl Pts',(2.88371695236873,-7.99416545323346,0.999999999999988));
#6183=CARTESIAN_POINT('Ctrl Pts',(3.82190844703674,-7.99401916278711,-43.));
#6184=CARTESIAN_POINT('Ctrl Pts',(3.82190844703674,-7.99401916278711,0.999999999999988));
#6185=CARTESIAN_POINT('Ctrl Pts',(4.7991099654597,-7.97159661083254,-43.));
#6186=CARTESIAN_POINT('Ctrl Pts',(4.7991099654597,-7.97159661083254,0.999999999999988));
#6187=CARTESIAN_POINT('Ctrl Pts',(5.48312439593235,-7.95590143556336,-43.));
#6188=CARTESIAN_POINT('Ctrl Pts',(5.48312439593235,-7.95590143556336,0.999999999999988));
#6189=CARTESIAN_POINT('Ctrl Pts',(6.13267759423846,-7.92938289431731,-43.));
#6190=CARTESIAN_POINT('Ctrl Pts',(6.13267759423846,-7.92938289431731,0.999999999999988));
#6191=CARTESIAN_POINT('Ctrl Pts',(6.89331086950102,-7.86286028332642,-43.));
#6192=CARTESIAN_POINT('Ctrl Pts',(6.89331086950102,-7.86286028332642,0.999999999999988));
#6193=CARTESIAN_POINT('Ctrl Pts',(7.77767164336262,-7.78551685167745,-43.));
#6194=CARTESIAN_POINT('Ctrl Pts',(7.77767164336262,-7.78551685167745,0.999999999999988));
#6195=CARTESIAN_POINT('Ctrl Pts',(8.82023734912554,-7.65093745019077,-43.));
#6196=CARTESIAN_POINT('Ctrl Pts',(8.82023734912554,-7.65093745019077,0.999999999999988));
#6197=CARTESIAN_POINT('Ctrl Pts',(10.0091740337664,-7.40987132137133,-43.));
#6198=CARTESIAN_POINT('Ctrl Pts',(10.0091740337664,-7.40987132137133,0.999999999999988));
#6199=CARTESIAN_POINT('Ctrl Pts',(11.2521665033559,-7.15784496314168,-43.));
#6200=CARTESIAN_POINT('Ctrl Pts',(11.2521665033559,-7.15784496314168,0.999999999999988));
#6201=CARTESIAN_POINT('Ctrl Pts',(12.6971230880858,-6.7671771483885,-43.));
#6202=CARTESIAN_POINT('Ctrl Pts',(12.6971230880858,-6.7671771483885,0.999999999999988));
#6203=CARTESIAN_POINT('Ctrl Pts',(14.0715819431463,-6.29463542019694,-43.));
#6204=CARTESIAN_POINT('Ctrl Pts',(14.0715819431463,-6.29463542019694,0.999999999999988));
#6205=CARTESIAN_POINT('Ctrl Pts',(15.4233215921034,-5.82990460091378,-43.));
#6206=CARTESIAN_POINT('Ctrl Pts',(15.4233215921034,-5.82990460091378,0.999999999999988));
#6207=CARTESIAN_POINT('Ctrl Pts',(16.7611462905749,-5.27628399727032,-43.));
#6208=CARTESIAN_POINT('Ctrl Pts',(16.7611462905749,-5.27628399727032,0.999999999999988));
#6209=CARTESIAN_POINT('Ctrl Pts',(17.9940110182717,-4.69598070576552,-43.));
#6210=CARTESIAN_POINT('Ctrl Pts',(17.9940110182717,-4.69598070576552,0.999999999999988));
#6211=CARTESIAN_POINT('Ctrl Pts',(19.3226845400358,-4.07058069172234,-43.));
#6212=CARTESIAN_POINT('Ctrl Pts',(19.3226845400358,-4.07058069172234,0.999999999999988));
#6213=CARTESIAN_POINT('Ctrl Pts',(20.4496777939061,-3.45699503573967,-43.));
#6214=CARTESIAN_POINT('Ctrl Pts',(20.4496777939061,-3.45699503573967,0.999999999999988));
#6215=CARTESIAN_POINT('Ctrl Pts',(21.3813294979237,-2.91370982879189,-43.));
#6216=CARTESIAN_POINT('Ctrl Pts',(21.3813294979237,-2.91370982879189,0.999999999999988));
#6217=CARTESIAN_POINT('Ctrl Pts',(21.9299366279472,-2.59379398805168,-43.));
#6218=CARTESIAN_POINT('Ctrl Pts',(21.9299366279472,-2.59379398805168,0.999999999999988));
#6219=CARTESIAN_POINT('Ctrl Pts',(22.3843059974444,-2.31474860236086,-43.));
#6220=CARTESIAN_POINT('Ctrl Pts',(22.3843059974444,-2.31474860236086,0.999999999999988));
#6221=CARTESIAN_POINT('Ctrl Pts',(22.8242749921342,-2.03736033355014,-43.));
#6222=CARTESIAN_POINT('Ctrl Pts',(22.8242749921342,-2.03736033355014,0.999999999999988));
#6223=CARTESIAN_POINT('Ctrl Pts',(23.6223696125343,-1.53418377390191,-43.));
#6224=CARTESIAN_POINT('Ctrl Pts',(23.6223696125343,-1.53418377390191,0.999999999999988));
#6225=CARTESIAN_POINT('Ctrl Pts',(24.40275542265,-1.01296696012179,-43.));
#6226=CARTESIAN_POINT('Ctrl Pts',(24.40275542265,-1.01296696012179,0.999999999999988));
#6227=CARTESIAN_POINT('Ctrl Pts',(25.1577177284082,-0.485776360825801,-43.));
#6228=CARTESIAN_POINT('Ctrl Pts',(25.1577177284082,-0.485776360825801,0.999999999999988));
#6229=CARTESIAN_POINT('Ctrl Pts',(26.3288712954567,0.332040828417518,-43.));
#6230=CARTESIAN_POINT('Ctrl Pts',(26.3288712954567,0.332040828417518,0.999999999999988));
#6231=CARTESIAN_POINT('Ctrl Pts',(27.4369878868364,1.16326787008278,-43.));
#6232=CARTESIAN_POINT('Ctrl Pts',(27.4369878868364,1.16326787008278,0.999999999999988));
#6233=CARTESIAN_POINT('Ctrl Pts',(28.4403184046224,1.95871702000072,-43.));
#6234=CARTESIAN_POINT('Ctrl Pts',(28.4403184046224,1.95871702000072,0.999999999999988));
#6235=CARTESIAN_POINT('Ctrl Pts',(29.23756501617,2.59078105890769,-43.));
#6236=CARTESIAN_POINT('Ctrl Pts',(29.23756501617,2.59078105890769,0.999999999999988));
#6237=CARTESIAN_POINT('Ctrl Pts',(29.9836937069271,3.20459538545412,-43.));
#6238=CARTESIAN_POINT('Ctrl Pts',(29.9836937069271,3.20459538545412,0.999999999999988));
#6239=CARTESIAN_POINT('Ctrl Pts',(30.6406787783193,3.77248364440781,-43.));
#6240=CARTESIAN_POINT('Ctrl Pts',(30.6406787783193,3.77248364440781,0.999999999999988));
#6241=CARTESIAN_POINT('Ctrl Pts',(31.0543019625046,4.1300134577294,-43.));
#6242=CARTESIAN_POINT('Ctrl Pts',(31.0543019625046,4.1300134577294,0.999999999999988));
#6243=CARTESIAN_POINT('Ctrl Pts',(31.3755268449184,4.41245301493702,-43.));
#6244=CARTESIAN_POINT('Ctrl Pts',(31.3755268449184,4.41245301493702,0.999999999999988));
#6245=CARTESIAN_POINT('Ctrl Pts',(31.8914291198596,4.89408610111037,-43.));
#6246=CARTESIAN_POINT('Ctrl Pts',(31.8914291198596,4.89408610111037,0.999999999999988));
#6247=CARTESIAN_POINT('Ctrl Pts',(32.4549567323361,5.42018097667943,-43.));
#6248=CARTESIAN_POINT('Ctrl Pts',(32.4549567323361,5.42018097667943,0.999999999999988));
#6249=CARTESIAN_POINT('Ctrl Pts',(33.2018226612309,6.1356282658355,-43.));
#6250=CARTESIAN_POINT('Ctrl Pts',(33.2018226612309,6.1356282658355,0.999999999999988));
#6251=CARTESIAN_POINT('Ctrl Pts',(34.0620404684066,7.12493851277555,-43.));
#6252=CARTESIAN_POINT('Ctrl Pts',(34.0620404684066,7.12493851277555,0.999999999999988));
#6253=CARTESIAN_POINT('Ctrl Pts',(35.2830205887114,8.52915048589573,-43.));
#6254=CARTESIAN_POINT('Ctrl Pts',(35.2830205887114,8.52915048589573,0.999999999999988));
#6255=CARTESIAN_POINT('Ctrl Pts',(36.6302422895531,10.4012146027115,-43.));
#6256=CARTESIAN_POINT('Ctrl Pts',(36.6302422895531,10.4012146027115,0.999999999999988));
#6257=CARTESIAN_POINT('Ctrl Pts',(37.8118119468539,12.7245793639063,-43.));
#6258=CARTESIAN_POINT('Ctrl Pts',(37.8118119468539,12.7245793639063,0.999999999999988));
#6259=CARTESIAN_POINT('Ctrl Pts',(38.0700545780703,13.2323715414551,-43.));
#6260=CARTESIAN_POINT('Ctrl Pts',(38.0700545780703,13.2323715414551,0.999999999999988));
#6261=CARTESIAN_POINT('Ctrl Pts',(38.3155359540469,13.7606698450487,-43.));
#6262=CARTESIAN_POINT('Ctrl Pts',(38.3155359540469,13.7606698450487,0.999999999999988));
#6263=CARTESIAN_POINT('Ctrl Pts',(38.5411670345129,14.2931859520378,-43.));
#6264=CARTESIAN_POINT('Ctrl Pts',(38.5411670345129,14.2931859520378,0.999999999999988));
#6265=CARTESIAN_POINT('Ctrl Pts',(39.12150852115,15.6628606819107,-43.));
#6266=CARTESIAN_POINT('Ctrl Pts',(39.12150852115,15.6628606819107,0.999999999999988));
#6267=CARTESIAN_POINT('Ctrl Pts',(39.5575543942562,17.000644374146,-43.));
#6268=CARTESIAN_POINT('Ctrl Pts',(39.5575543942562,17.000644374146,0.999999999999988));
#6269=CARTESIAN_POINT('Ctrl Pts',(39.923298974791,18.4371985060038,-43.));
#6270=CARTESIAN_POINT('Ctrl Pts',(39.923298974791,18.4371985060038,0.999999999999988));
#6271=CARTESIAN_POINT('Ctrl Pts',(40.1280801370294,19.2415281950729,-43.));
#6272=CARTESIAN_POINT('Ctrl Pts',(40.1280801370294,19.2415281950729,0.999999999999988));
#6273=CARTESIAN_POINT('Ctrl Pts',(40.3211583771927,20.0995556444288,-43.));
#6274=CARTESIAN_POINT('Ctrl Pts',(40.3211583771927,20.0995556444288,0.999999999999988));
#6275=CARTESIAN_POINT('Ctrl Pts',(40.4805405099005,20.9587144363472,-43.));
#6276=CARTESIAN_POINT('Ctrl Pts',(40.4805405099005,20.9587144363472,0.999999999999988));
#6277=CARTESIAN_POINT('Ctrl Pts',(40.5380497727709,21.2687215116221,-43.));
#6278=CARTESIAN_POINT('Ctrl Pts',(40.5380497727709,21.2687215116221,0.999999999999988));
#6279=CARTESIAN_POINT('Ctrl Pts',(40.5860163863829,21.5454725414855,-43.));
#6280=CARTESIAN_POINT('Ctrl Pts',(40.5860163863829,21.5454725414855,0.999999999999988));
#6281=CARTESIAN_POINT('Ctrl Pts',(40.6393947918405,21.8870939434491,-43.));
#6282=CARTESIAN_POINT('Ctrl Pts',(40.6393947918405,21.8870939434491,0.999999999999988));
#6283=CARTESIAN_POINT('Ctrl Pts',(40.7104935675392,22.3421255845007,-43.));
#6284=CARTESIAN_POINT('Ctrl Pts',(40.7104935675392,22.3421255845007,0.999999999999988));
#6285=CARTESIAN_POINT('Ctrl Pts',(40.8174622909855,23.0296207569583,-43.));
#6286=CARTESIAN_POINT('Ctrl Pts',(40.8174622909855,23.0296207569583,0.999999999999988));
#6287=CARTESIAN_POINT('Ctrl Pts',(40.8958667884847,24.0778121030262,-43.));
#6288=CARTESIAN_POINT('Ctrl Pts',(40.8958667884847,24.0778121030262,0.999999999999988));
#6289=CARTESIAN_POINT('Ctrl Pts',(40.9302288213676,24.537198830187,-43.));
#6290=CARTESIAN_POINT('Ctrl Pts',(40.9302288213676,24.537198830187,0.999999999999988));
#6291=CARTESIAN_POINT('Ctrl Pts',(40.9639285899959,25.0765890084795,-43.));
#6292=CARTESIAN_POINT('Ctrl Pts',(40.9639285899959,25.0765890084795,0.999999999999988));
#6293=CARTESIAN_POINT('Ctrl Pts',(40.9888386418794,25.669340166687,-43.));
#6294=CARTESIAN_POINT('Ctrl Pts',(40.9888386418794,25.669340166687,0.999999999999988));
#6295=CARTESIAN_POINT('Ctrl Pts',(41.0423988109709,26.9438398108973,-43.));
#6296=CARTESIAN_POINT('Ctrl Pts',(41.0423988109709,26.9438398108973,0.999999999999988));
#6297=CARTESIAN_POINT('Ctrl Pts',(41.0427083146082,28.3540901573672,-43.));
#6298=CARTESIAN_POINT('Ctrl Pts',(41.0427083146082,28.3540901573672,0.999999999999988));
#6299=CARTESIAN_POINT('Ctrl Pts',(40.9833887861579,29.5765831690424,-43.));
#6300=CARTESIAN_POINT('Ctrl Pts',(40.9833887861579,29.5765831690424,0.999999999999988));
#6301=CARTESIAN_POINT('Ctrl Pts',(40.8935170778165,31.4287141327368,-43.));
#6302=CARTESIAN_POINT('Ctrl Pts',(40.8935170778165,31.4287141327368,0.999999999999988));
#6303=CARTESIAN_POINT('Ctrl Pts',(40.7166511570436,32.9219102232906,-43.));
#6304=CARTESIAN_POINT('Ctrl Pts',(40.7166511570436,32.9219102232906,0.999999999999988));
#6305=CARTESIAN_POINT('Ctrl Pts',(40.5773218210415,34.7301270049789,-43.));
#6306=CARTESIAN_POINT('Ctrl Pts',(40.5773218210415,34.7301270049789,0.999999999999988));
#6307=CARTESIAN_POINT('Ctrl Pts',(40.5620456991356,34.9283805873327,-43.));
#6308=CARTESIAN_POINT('Ctrl Pts',(40.5620456991356,34.9283805873327,0.999999999999988));
#6309=CARTESIAN_POINT('Ctrl Pts',(40.5470574161801,35.1335218186898,-43.));
#6310=CARTESIAN_POINT('Ctrl Pts',(40.5470574161801,35.1335218186898,0.999999999999988));
#6311=CARTESIAN_POINT('Ctrl Pts',(40.5326995850853,35.3430061540709,-43.));
#6312=CARTESIAN_POINT('Ctrl Pts',(40.5326995850853,35.3430061540709,0.999999999999988));
#6313=CARTESIAN_POINT('Ctrl Pts',(40.4708854366854,36.2448899907881,-43.));
#6314=CARTESIAN_POINT('Ctrl Pts',(40.4708854366854,36.2448899907881,0.999999999999988));
#6315=CARTESIAN_POINT('Ctrl Pts',(40.4253760226316,37.1682757147472,-43.));
#6316=CARTESIAN_POINT('Ctrl Pts',(40.4253760226316,37.1682757147472,0.999999999999988));
#6317=CARTESIAN_POINT('Ctrl Pts',(40.3962054830482,38.0896068513859,-43.));
#6318=CARTESIAN_POINT('Ctrl Pts',(40.3962054830482,38.0896068513859,0.999999999999988));
#6319=CARTESIAN_POINT('Ctrl Pts',(40.3819554648068,38.5396837334363,-43.));
#6320=CARTESIAN_POINT('Ctrl Pts',(40.3819554648068,38.5396837334363,0.999999999999988));
#6321=CARTESIAN_POINT('Ctrl Pts',(40.371863945832,38.9406235233973,-43.));
#6322=CARTESIAN_POINT('Ctrl Pts',(40.371863945832,38.9406235233973,0.999999999999988));
#6323=CARTESIAN_POINT('Ctrl Pts',(40.3628371548238,39.5138097953831,-43.));
#6324=CARTESIAN_POINT('Ctrl Pts',(40.3628371548238,39.5138097953831,0.999999999999988));
#6325=CARTESIAN_POINT('Ctrl Pts',(40.3613987961097,39.6051431904227,-43.));
#6326=CARTESIAN_POINT('Ctrl Pts',(40.3613987961097,39.6051431904227,0.999999999999988));
#6327=CARTESIAN_POINT('Ctrl Pts',(40.3601743640073,39.6983649061798,-43.));
#6328=CARTESIAN_POINT('Ctrl Pts',(40.3601743640073,39.6983649061798,0.999999999999988));
#6329=CARTESIAN_POINT('Ctrl Pts',(40.3592142999579,39.7922162034166,-43.));
#6330=CARTESIAN_POINT('Ctrl Pts',(40.3592142999579,39.7922162034166,0.999999999999988));
#6331=CARTESIAN_POINT('Ctrl Pts',(40.352078974224,40.4897317251417,-43.));
#6332=CARTESIAN_POINT('Ctrl Pts',(40.352078974224,40.4897317251417,0.999999999999988));
#6333=CARTESIAN_POINT('Ctrl Pts',(40.3600599622389,41.1620188861006,-43.));
#6334=CARTESIAN_POINT('Ctrl Pts',(40.3600599622389,41.1620188861006,0.999999999999988));
#6335=CARTESIAN_POINT('Ctrl Pts',(40.3847129452384,41.8292813805441,-43.));
#6336=CARTESIAN_POINT('Ctrl Pts',(40.3847129452384,41.8292813805441,0.999999999999988));
#6337=CARTESIAN_POINT('Ctrl Pts',(40.4129538421047,42.593655058517,-43.));
#6338=CARTESIAN_POINT('Ctrl Pts',(40.4129538421047,42.593655058517,0.999999999999988));
#6339=CARTESIAN_POINT('Ctrl Pts',(40.4702220230583,43.4147467365032,-43.));
#6340=CARTESIAN_POINT('Ctrl Pts',(40.4702220230583,43.4147467365032,0.999999999999988));
#6341=CARTESIAN_POINT('Ctrl Pts',(40.5326009459822,44.0720234285643,-43.));
#6342=CARTESIAN_POINT('Ctrl Pts',(40.5326009459822,44.0720234285643,0.999999999999988));
#6343=CARTESIAN_POINT('Ctrl Pts',(40.5513821063855,44.2699174992584,-43.));
#6344=CARTESIAN_POINT('Ctrl Pts',(40.5513821063855,44.2699174992584,0.999999999999988));
#6345=CARTESIAN_POINT('Ctrl Pts',(40.5904020380478,44.5009692992369,-43.));
#6346=CARTESIAN_POINT('Ctrl Pts',(40.5904020380478,44.5009692992369,0.999999999999988));
#6347=CARTESIAN_POINT('Ctrl Pts',(40.6402784231193,44.7426393511018,-43.));
#6348=CARTESIAN_POINT('Ctrl Pts',(40.6402784231193,44.7426393511018,0.999999999999988));
#6349=CARTESIAN_POINT('Ctrl Pts',(40.7329521229792,45.1916786673945,-43.));
#6350=CARTESIAN_POINT('Ctrl Pts',(40.7329521229792,45.1916786673945,0.999999999999988));
#6351=CARTESIAN_POINT('Ctrl Pts',(40.8607497224978,45.6743668459968,-43.));
#6352=CARTESIAN_POINT('Ctrl Pts',(40.8607497224978,45.6743668459968,0.999999999999988));
#6353=CARTESIAN_POINT('Ctrl Pts',(41.0093674681448,46.2814541000352,-43.));
#6354=CARTESIAN_POINT('Ctrl Pts',(41.0093674681448,46.2814541000352,0.999999999999988));
#6355=CARTESIAN_POINT('',(37.8118119468601,12.7245793639184,-16.6007598848732));
#6356=CARTESIAN_POINT('Ctrl Pts',(37.8121761346549,12.7253095953233,-16.5990217331772));
#6357=CARTESIAN_POINT('Ctrl Pts',(37.6715861985661,12.4489806093256,-16.4889305992788));
#6358=CARTESIAN_POINT('Ctrl Pts',(37.5397615593999,12.1992620149023,-16.3791448799394));
#6359=CARTESIAN_POINT('Ctrl Pts',(37.3982051528141,11.940351054,-16.2697440449347));
#6360=CARTESIAN_POINT('',(39.9232989747899,18.4371985060005,-18.877418487807));
#6361=CARTESIAN_POINT('Ctrl Pts',(39.9229363508864,18.4366920818464,-18.8788369783863));
#6362=CARTESIAN_POINT('Ctrl Pts',(39.9226436999926,18.4355415872643,-18.8783514196796));
#6363=CARTESIAN_POINT('Ctrl Pts',(39.9223510066574,18.434391114476,-18.8778658528152));
#6364=CARTESIAN_POINT('Ctrl Pts',(39.8652715509636,18.2100689497998,-18.7831853871472));
#6365=CARTESIAN_POINT('Ctrl Pts',(39.7381139787927,17.7326978455831,-18.5942435111105));
#6366=CARTESIAN_POINT('Ctrl Pts',(39.1894178728187,15.8486588589025,-17.835465414463));
#6367=CARTESIAN_POINT('Ctrl Pts',(38.533891986197,14.1443467852782,-17.1638157115707));
#6368=CARTESIAN_POINT('Ctrl Pts',(37.8136610517701,12.7282284558563,-16.6001843377485));
#6369=CARTESIAN_POINT('Ctrl Pts',(37.8129184710242,12.7267686546408,-16.5996030312053));
#6370=CARTESIAN_POINT('Ctrl Pts',(37.8121761346549,12.7253095953233,-16.5990217331772));
#6371=CARTESIAN_POINT('',(40.8958667884848,24.0778121030285,-21.0631055300898));
#6372=CARTESIAN_POINT('Ctrl Pts',(40.8956123867011,24.0766293200292,-21.0661190503637));
#6373=CARTESIAN_POINT('Ctrl Pts',(40.8954246262247,24.0741123314629,-21.0651153013888));
#6374=CARTESIAN_POINT('Ctrl Pts',(40.8952366786976,24.0715953621849,-21.0641115198416));
#6375=CARTESIAN_POINT('Ctrl Pts',(40.8866606513104,23.956861317525,-21.0183531047889));
#6376=CARTESIAN_POINT('Ctrl Pts',(40.8645035374415,23.6886809584682,-20.9287335668943));
#6377=CARTESIAN_POINT('Ctrl Pts',(40.8149915603171,23.1860890638171,-20.7490788081027));
#6378=CARTESIAN_POINT('Ctrl Pts',(40.7103017695059,22.3133663174592,-20.4336779238187));
#6379=CARTESIAN_POINT('Ctrl Pts',(40.4449545641038,20.6541900778131,-19.7995100455603));
#6380=CARTESIAN_POINT('Ctrl Pts',(40.1465604774473,19.3158226481989,-19.2498682787625));
#6381=CARTESIAN_POINT('Ctrl Pts',(39.9229363508864,18.4366920818464,-18.8788369783863));
#6382=CARTESIAN_POINT('',(40.9833887861558,29.5765831690875,-23.1578588549999));
#6383=CARTESIAN_POINT('Ctrl Pts',(40.9829149061418,29.5758664535765,-23.159761479286));
#6384=CARTESIAN_POINT('Ctrl Pts',(40.9829999932857,29.5741381617489,-23.1591316268839));
#6385=CARTESIAN_POINT('Ctrl Pts',(40.9830849993306,29.5724096915775,-23.1585017539739));
#6386=CARTESIAN_POINT('Ctrl Pts',(41.006018133352,29.1056046912061,-22.9884050647325));
#6387=CARTESIAN_POINT('Ctrl Pts',(41.0340021241099,28.1577369052466,-22.6465727475456));
#6388=CARTESIAN_POINT('Ctrl Pts',(41.0271794709605,26.3207122005486,-21.953381065818));
#6389=CARTESIAN_POINT('Ctrl Pts',(40.9624263960021,24.9722922448942,-21.4233001495122));
#6390=CARTESIAN_POINT('Ctrl Pts',(40.8956123867011,24.0766293200292,-21.0661190503637));
#6391=CARTESIAN_POINT('',(40.5773218210415,34.7301270049788,-25.1795151362138));
#6392=CARTESIAN_POINT('Ctrl Pts',(40.5768498437489,34.7302058110892,-25.1792194311198));
#6393=CARTESIAN_POINT('Ctrl Pts',(40.6943440229154,33.1907991756824,-24.5319179564408));
#6394=CARTESIAN_POINT('Ctrl Pts',(40.8885275998692,31.4930633729982,-23.8584577675955));
#6395=CARTESIAN_POINT('Ctrl Pts',(40.9829149061418,29.5758664535765,-23.159761479286));
#6396=CARTESIAN_POINT('',(40.3628371548232,39.5138097953995,-27.0912988029386));
#6397=CARTESIAN_POINT('Ctrl Pts',(40.3629537949965,39.5129307790293,-27.0935360588316));
#6398=CARTESIAN_POINT('Ctrl Pts',(40.3629838533507,39.5109997897819,-27.0927758073227));
#6399=CARTESIAN_POINT('Ctrl Pts',(40.3630140235227,39.5090687179128,-27.0920155210541));
#6400=CARTESIAN_POINT('Ctrl Pts',(40.3691204764113,39.1196449696193,-26.9386942599345));
#6401=CARTESIAN_POINT('Ctrl Pts',(40.3870130676334,38.2989075079497,-26.6301818003165));
#6402=CARTESIAN_POINT('Ctrl Pts',(40.4446437722979,36.7132695442033,-26.0009705355988));
#6403=CARTESIAN_POINT('Ctrl Pts',(40.5163992729478,35.5223602090846,-25.5123168762825));
#6404=CARTESIAN_POINT('Ctrl Pts',(40.5768142049188,34.7306727698767,-25.1794157824515));
#6405=CARTESIAN_POINT('Ctrl Pts',(40.5768320234518,34.7304392923041,-25.1793176070865));
#6406=CARTESIAN_POINT('Ctrl Pts',(40.5768498437489,34.7302058110892,-25.1792194311198));
#6407=CARTESIAN_POINT('',(40.5326009459854,44.072023428599,-28.8508009013198));
#6408=CARTESIAN_POINT('Ctrl Pts',(40.5330373981176,44.0690924457838,-28.854277939325));
#6409=CARTESIAN_POINT('Ctrl Pts',(40.5328996307387,44.0676804249777,-28.8531049639737));
#6410=CARTESIAN_POINT('Ctrl Pts',(40.5327627948511,44.066271999241,-28.8519318176869));
#6411=CARTESIAN_POINT('Ctrl Pts',(40.5316144347857,44.0544025150217,-28.8420184366088));
#6412=CARTESIAN_POINT('Ctrl Pts',(40.5264325635017,43.9992729480311,-28.8245207752985));
#6413=CARTESIAN_POINT('Ctrl Pts',(40.5180491473766,43.9083346006383,-28.7894714191779));
#6414=CARTESIAN_POINT('Ctrl Pts',(40.5029392862556,43.7397477152345,-28.7279889635055));
#6415=CARTESIAN_POINT('Ctrl Pts',(40.4752341083574,43.4102803478053,-28.604437213966));
#6416=CARTESIAN_POINT('Ctrl Pts',(40.426750122632,42.7474777972753,-28.3550249194985));
#6417=CARTESIAN_POINT('Ctrl Pts',(40.3597971839477,41.4296792230565,-27.8476424238518));
#6418=CARTESIAN_POINT('Ctrl Pts',(40.3509009588795,40.2872212400839,-27.3983826509077));
#6419=CARTESIAN_POINT('Ctrl Pts',(40.3629537949965,39.5129307790293,-27.0935360588316));
#6420=CARTESIAN_POINT('Ctrl Pts',(41.0093674681448,46.2814541000352,-29.8039491738772));
#6421=CARTESIAN_POINT('Ctrl Pts',(40.7976950080446,45.4167952263701,-29.5748786617776));
#6422=CARTESIAN_POINT('Ctrl Pts',(40.5999324243841,44.6373334285655,-29.2640495965987));
#6423=CARTESIAN_POINT('Ctrl Pts',(40.5426595635622,44.1677130185226,-28.9362027243241));
#6424=CARTESIAN_POINT('Ctrl Pts',(40.5330373981176,44.0690924457838,-28.854277939325));
#6425=CARTESIAN_POINT('Ctrl Pts',(41.0093674681448,46.2814541000352,-29.8039491738772));
#6426=CARTESIAN_POINT('Ctrl Pts',(40.7976950080446,45.4167952263701,-29.5748786617776));
#6427=CARTESIAN_POINT('Ctrl Pts',(40.5992320681541,44.6345730432791,-29.2629488268361));
#6428=CARTESIAN_POINT('Ctrl Pts',(40.542255673403,44.1643906778333,-28.9338804376775));
#6429=CARTESIAN_POINT('Ctrl Pts',(40.5316144347857,44.0544025150217,-28.8420184366088));
#6430=CARTESIAN_POINT('Ctrl Pts',(40.5264325635017,43.9992729480311,-28.8245207752985));
#6431=CARTESIAN_POINT('Ctrl Pts',(40.5180491473766,43.9083346006383,-28.7894714191779));
#6432=CARTESIAN_POINT('Ctrl Pts',(40.5029392862556,43.7397477152345,-28.7279889635055));
#6433=CARTESIAN_POINT('Ctrl Pts',(40.4752341083574,43.4102803478053,-28.604437213966));
#6434=CARTESIAN_POINT('Ctrl Pts',(40.426750122632,42.7474777972753,-28.3550249194985));
#6435=CARTESIAN_POINT('Ctrl Pts',(40.359701872819,41.4278032655264,-27.8469201374326));
#6436=CARTESIAN_POINT('Ctrl Pts',(40.3508715357143,40.2834254847922,-27.3968899838334));
#6437=CARTESIAN_POINT('Ctrl Pts',(40.3691204764113,39.1196449696193,-26.9386942599345));
#6438=CARTESIAN_POINT('Ctrl Pts',(40.3870130676334,38.2989075079497,-26.6301818003165));
#6439=CARTESIAN_POINT('Ctrl Pts',(40.4446437722979,36.7132695442033,-26.0009705355988));
#6440=CARTESIAN_POINT('Ctrl Pts',(40.5163992729478,35.5223602090846,-25.5123168762825));
#6441=CARTESIAN_POINT('Ctrl Pts',(40.6943910134,33.1899264778607,-24.5315387282932));
#6442=CARTESIAN_POINT('Ctrl Pts',(40.8888634744078,31.4902931756031,-23.857349518509));
#6443=CARTESIAN_POINT('Ctrl Pts',(41.006018133352,29.1056046912061,-22.9884050647325));
#6444=CARTESIAN_POINT('Ctrl Pts',(41.0340021241099,28.1577369052466,-22.6465727475456));
#6445=CARTESIAN_POINT('Ctrl Pts',(41.0271698979145,26.3181346223578,-21.9524084301445));
#6446=CARTESIAN_POINT('Ctrl Pts',(40.9621837890039,24.9672446409162,-21.4213157965611));
#6447=CARTESIAN_POINT('Ctrl Pts',(40.8866606513104,23.956861317525,-21.0183531047889));
#6448=CARTESIAN_POINT('Ctrl Pts',(40.8645035374415,23.6886809584682,-20.9287335668943));
#6449=CARTESIAN_POINT('Ctrl Pts',(40.8149915603171,23.1860890638171,-20.7490788081027));
#6450=CARTESIAN_POINT('Ctrl Pts',(40.7103017695059,22.3133663174592,-20.4336779238187));
#6451=CARTESIAN_POINT('Ctrl Pts',(40.4447562451801,20.652950019356,-19.7990360722585));
#6452=CARTESIAN_POINT('Ctrl Pts',(40.1460399833816,19.3134884160025,-19.2489096237067));
#6453=CARTESIAN_POINT('Ctrl Pts',(39.8652715509636,18.2100689497998,-18.7831853871472));
#6454=CARTESIAN_POINT('Ctrl Pts',(39.7381139787927,17.7326978455831,-18.5942435111105));
#6455=CARTESIAN_POINT('Ctrl Pts',(39.1894178728187,15.8486588589025,-17.835465414463));
#6456=CARTESIAN_POINT('Ctrl Pts',(38.533891986197,14.1443467852782,-17.1638157115707));
#6457=CARTESIAN_POINT('Ctrl Pts',(37.6729780357656,12.4516174578007,-16.4900899807945));
#6458=CARTESIAN_POINT('Ctrl Pts',(37.5405089988813,12.2006291043827,-16.3797225330838));
#6459=CARTESIAN_POINT('Ctrl Pts',(37.3982051528141,11.940351054,-16.2697440449347));
#6460=CARTESIAN_POINT('Ctrl Pts',(40.9139663668401,45.8917510240589,-31.1768412085887));
#6461=CARTESIAN_POINT('Ctrl Pts',(40.6946597428562,45.0261332791629,-30.9410396286247));
#6462=CARTESIAN_POINT('Ctrl Pts',(40.5068026074299,44.2246028077905,-30.6341591429892));
#6463=CARTESIAN_POINT('Ctrl Pts',(40.4881974917228,43.7270174718161,-30.3260623104476));
#6464=CARTESIAN_POINT('Ctrl Pts',(40.4902514395971,43.6099205659975,-30.2411589729237));
#6465=CARTESIAN_POINT('Ctrl Pts',(40.484989522965,43.5543751177515,-30.2234712142689));
#6466=CARTESIAN_POINT('Ctrl Pts',(40.4778610425436,43.4620782445456,-30.1888990253479));
#6467=CARTESIAN_POINT('Ctrl Pts',(40.4642648580941,43.2913759940953,-30.1278363225285));
#6468=CARTESIAN_POINT('Ctrl Pts',(40.4401835132111,42.9574827664092,-30.005479519192));
#6469=CARTESIAN_POINT('Ctrl Pts',(40.3987962077674,42.2860101736369,-29.7583399858999));
#6470=CARTESIAN_POINT('Ctrl Pts',(40.3470605415774,40.9492684781277,-29.2553140956204));
#6471=CARTESIAN_POINT('Ctrl Pts',(40.3509200538794,39.7913244761375,-28.8092333911409));
#6472=CARTESIAN_POINT('Ctrl Pts',(40.3802249860584,38.6148305874202,-28.3539055366938));
#6473=CARTESIAN_POINT('Ctrl Pts',(40.4016582200085,37.786324034374,-28.0449768822678));
#6474=CARTESIAN_POINT('Ctrl Pts',(40.4711195792067,36.1847248367831,-27.4176279803776));
#6475=CARTESIAN_POINT('Ctrl Pts',(40.5522327047757,34.9820247375314,-26.9305212551486));
#6476=CARTESIAN_POINT('Ctrl Pts',(40.7497960637604,32.6270753495564,-25.953331755337));
#6477=CARTESIAN_POINT('Ctrl Pts',(40.9429283422425,30.9123851927698,-25.2724401188516));
#6478=CARTESIAN_POINT('Ctrl Pts',(41.0279928915488,28.5150762424158,-24.377258821315));
#6479=CARTESIAN_POINT('Ctrl Pts',(41.0414501287648,27.5633126083464,-24.0240551663638));
#6480=CARTESIAN_POINT('Ctrl Pts',(41.0098193835904,25.7169428399439,-23.3097646279086));
#6481=CARTESIAN_POINT('Ctrl Pts',(40.9279878631032,24.3626155602715,-22.7645379722596));
#6482=CARTESIAN_POINT('Ctrl Pts',(40.8391907008141,23.3506023556192,-22.3506367224993));
#6483=CARTESIAN_POINT('Ctrl Pts',(40.8096807588748,23.0839385045578,-22.2560573312514));
#6484=CARTESIAN_POINT('Ctrl Pts',(40.7488050806861,22.5834329022938,-22.0683973783393));
#6485=CARTESIAN_POINT('Ctrl Pts',(40.6248201356617,21.7150560868682,-21.7392881518453));
#6486=CARTESIAN_POINT('Ctrl Pts',(40.3283663185873,20.0626052457931,-21.0815430731569));
#6487=CARTESIAN_POINT('Ctrl Pts',(40.010199936918,18.7293556319092,-20.5153822625205));
#6488=CARTESIAN_POINT('Ctrl Pts',(39.7142371993139,17.6312961134453,-20.0367988290168));
#6489=CARTESIAN_POINT('Ctrl Pts',(39.5781943965081,17.1586975143844,-19.8409592489578));
#6490=CARTESIAN_POINT('Ctrl Pts',(38.9960896540535,15.2940934999143,-19.055613309174));
#6491=CARTESIAN_POINT('Ctrl Pts',(38.3080636331692,13.6204365632221,-18.3570888858158));
#6492=CARTESIAN_POINT('Ctrl Pts',(37.419889633462,11.9680194006262,-17.6564517679309));
#6493=CARTESIAN_POINT('Ctrl Pts',(37.2845219954788,11.7209056407154,-17.5429097731899));
#6494=CARTESIAN_POINT('Ctrl Pts',(37.1388121166652,11.4659133237658,-17.4292406579539));
#6495=CARTESIAN_POINT('Ctrl Pts',(40.3020831523113,45.6302425513793,-32.5438920816975));
#6496=CARTESIAN_POINT('Ctrl Pts',(40.0817667663463,44.771821501224,-32.3014970823466));
#6497=CARTESIAN_POINT('Ctrl Pts',(39.8918140105443,43.9336352694233,-31.9995555333575));
#6498=CARTESIAN_POINT('Ctrl Pts',(39.8828471662993,43.3598450618534,-31.7118217766263));
#6499=CARTESIAN_POINT('Ctrl Pts',(39.8892053176239,43.2196775785699,-31.6336729469969));
#6500=CARTESIAN_POINT('Ctrl Pts',(39.8839111533559,43.163765314929,-31.6157971825772));
#6501=CARTESIAN_POINT('Ctrl Pts',(39.8772040003841,43.068462463543,-31.5816830316123));
#6502=CARTESIAN_POINT('Ctrl Pts',(39.8641221011478,42.8936137599892,-31.5210183186051));
#6503=CARTESIAN_POINT('Ctrl Pts',(39.8413111196647,42.5505297497613,-31.3998045867468));
#6504=CARTESIAN_POINT('Ctrl Pts',(39.8025661444948,41.8611835193287,-31.1548416925601));
#6505=CARTESIAN_POINT('Ctrl Pts',(39.7570474679742,40.4881813045138,-30.6566785536947));
#6506=CARTESIAN_POINT('Ctrl Pts',(39.7669646941371,39.3015884961941,-30.2143906968757));
#6507=CARTESIAN_POINT('Ctrl Pts',(39.8017927412653,38.0996531948373,-29.7617851417538));
#6508=CARTESIAN_POINT('Ctrl Pts',(39.8250394261118,37.2594760491895,-29.4524064712168));
#6509=CARTESIAN_POINT('Ctrl Pts',(39.9005994819045,35.6289744747898,-28.8267522803525));
#6510=CARTESIAN_POINT('Ctrl Pts',(39.9868021391175,34.4047052935985,-28.3410649456925));
#6511=CARTESIAN_POINT('Ctrl Pts',(40.195405740119,32.0070797318423,-27.3671782552125));
#6512=CARTESIAN_POINT('Ctrl Pts',(40.3870225733892,30.2816317638748,-26.6796178794902));
#6513=CARTESIAN_POINT('Ctrl Pts',(40.4549673308311,27.9056482658157,-25.7587571541619));
#6514=CARTESIAN_POINT('Ctrl Pts',(40.4610373649624,26.9648106393454,-25.3944238789174));
#6515=CARTESIAN_POINT('Ctrl Pts',(40.4177883464476,25.1356417424257,-24.6604411941615));
#6516=CARTESIAN_POINT('Ctrl Pts',(40.3286586390049,23.7930872306537,-24.1012966930278));
#6517=CARTESIAN_POINT('Ctrl Pts',(40.2345543032892,22.7909088150999,-23.6766565880682));
#6518=CARTESIAN_POINT('Ctrl Pts',(40.2022061234846,22.5322020800499,-23.5772362213545));
#6519=CARTESIAN_POINT('Ctrl Pts',(40.137152629833,22.0435277397601,-23.3817523060738));
#6520=CARTESIAN_POINT('Ctrl Pts',(40.0064875651575,21.1957251913316,-23.0392300570408));
#6521=CARTESIAN_POINT('Ctrl Pts',(39.7008083548361,19.5759409469099,-22.358852461115));
#6522=CARTESIAN_POINT('Ctrl Pts',(39.3781203259408,18.263247709811,-21.776887594045));
#6523=CARTESIAN_POINT('Ctrl Pts',(39.0791543782832,17.1812677141526,-21.2856533730812));
#6524=CARTESIAN_POINT('Ctrl Pts',(38.9415984129605,16.7198990859414,-21.0830471584198));
#6525=CARTESIAN_POINT('Ctrl Pts',(38.3549362586391,14.8984154706872,-20.2716498051088));
#6526=CARTESIAN_POINT('Ctrl Pts',(37.6670455809714,13.2778354807361,-19.5466302567614));
#6527=CARTESIAN_POINT('Ctrl Pts',(36.7879621230293,11.6844430172003,-18.8195252957487));
#6528=CARTESIAN_POINT('Ctrl Pts',(36.6535929491264,11.4429864371382,-18.7028603160849));
#6529=CARTESIAN_POINT('Ctrl Pts',(36.5093376907757,11.1954996815421,-18.5855638990173));
#6530=CARTESIAN_POINT('Ctrl Pts',(39.3190470839076,45.5590399341857,-33.5804115808157));
#6531=CARTESIAN_POINT('Ctrl Pts',(39.1035036735341,44.7137920137622,-33.3355519063028));
#6532=CARTESIAN_POINT('Ctrl Pts',(38.9009739789798,43.8306035097056,-33.033633800229));
#6533=CARTESIAN_POINT('Ctrl Pts',(38.8756148661432,43.1534136322421,-32.749190897832));
#6534=CARTESIAN_POINT('Ctrl Pts',(38.8784113058265,42.9810251419911,-32.6721896639509));
#6535=CARTESIAN_POINT('Ctrl Pts',(38.8731307058693,42.924880532072,-32.6541983743921));
#6536=CARTESIAN_POINT('Ctrl Pts',(38.8660640263192,42.8257802029582,-32.6200416332911));
#6537=CARTESIAN_POINT('Ctrl Pts',(38.852558607181,42.6459185261131,-32.5592115185477));
#6538=CARTESIAN_POINT('Ctrl Pts',(38.828800461321,42.2914872366233,-32.4377463156637));
#6539=CARTESIAN_POINT('Ctrl Pts',(38.7884622918381,41.5801657760301,-32.1922571296196));
#6540=CARTESIAN_POINT('Ctrl Pts',(38.7403651916132,40.1622750576683,-31.6930978724155));
#6541=CARTESIAN_POINT('Ctrl Pts',(38.7496607483205,38.940545152657,-31.2498554690843));
#6542=CARTESIAN_POINT('Ctrl Pts',(38.7843390090089,37.7081742307229,-30.7959785179513));
#6543=CARTESIAN_POINT('Ctrl Pts',(38.807613970246,36.8558266751541,-30.4852303099891));
#6544=CARTESIAN_POINT('Ctrl Pts',(38.8833062055962,35.1923424883253,-29.8573114932085));
#6545=CARTESIAN_POINT('Ctrl Pts',(38.9700459846346,33.9434950691297,-29.3698997840893));
#6546=CARTESIAN_POINT('Ctrl Pts',(39.180384191599,31.4967624880261,-28.3926117437037));
#6547=CARTESIAN_POINT('Ctrl Pts',(39.3706150056321,29.7675824745967,-27.700663497197));
#6548=CARTESIAN_POINT('Ctrl Pts',(39.4372944926672,27.4372565295447,-26.7703871581844));
#6549=CARTESIAN_POINT('Ctrl Pts',(39.4433727491298,26.5175351236228,-26.4021022637132));
#6550=CARTESIAN_POINT('Ctrl Pts',(39.4017424091843,24.7221184973104,-25.6608009168266));
#6551=CARTESIAN_POINT('Ctrl Pts',(39.3146133925774,23.4016003763664,-25.096117507426));
#6552=CARTESIAN_POINT('Ctrl Pts',(39.2228088023875,22.416714282006,-24.6673027731229));
#6553=CARTESIAN_POINT('Ctrl Pts',(39.1919071607196,22.1695639033945,-24.5664122660868));
#6554=CARTESIAN_POINT('Ctrl Pts',(39.1294196348225,21.6982314095242,-24.3683951485578));
#6555=CARTESIAN_POINT('Ctrl Pts',(39.0037649857588,20.8800016807003,-24.0214639940238));
#6556=CARTESIAN_POINT('Ctrl Pts',(38.7084625079248,19.306325386529,-23.3331899562561));
#6557=CARTESIAN_POINT('Ctrl Pts',(38.3943067109933,18.0216874613506,-22.7450730785527));
#6558=CARTESIAN_POINT('Ctrl Pts',(38.1028637006121,16.9612045858775,-22.2488721546598));
#6559=CARTESIAN_POINT('Ctrl Pts',(37.9701148525305,16.5140228010314,-22.0438786564621));
#6560=CARTESIAN_POINT('Ctrl Pts',(37.4033736156052,14.7461213362682,-21.223195148545));
#6561=CARTESIAN_POINT('Ctrl Pts',(36.742208428628,13.1863799591363,-20.4887411243472));
#6562=CARTESIAN_POINT('Ctrl Pts',(35.9005247363894,11.656227315996,-19.7523211032424));
#6563=CARTESIAN_POINT('Ctrl Pts',(35.7701787930965,11.4208082612799,-19.6344401470801));
#6564=CARTESIAN_POINT('Ctrl Pts',(35.631127211413,11.1812384315096,-19.5158064874642));
#6565=CARTESIAN_POINT('Origin',(35.1814578990296,47.7081531062081,-29.8039491738787));
#6566=CARTESIAN_POINT('Origin',(-140.,175.,14.5));
#6567=CARTESIAN_POINT('Ctrl Pts',(-40.1893400897765,202.36610641235,-36.0692327077476));
#6568=CARTESIAN_POINT('Ctrl Pts',(-40.494983501809,201.516210577652,-36.5295308104473));
#6569=CARTESIAN_POINT('Ctrl Pts',(-40.7796149543283,200.647617531819,-36.9723882228492));
#6570=CARTESIAN_POINT('Ctrl Pts',(-41.0410387725445,199.761417006805,-37.3956785752743));
#6571=CARTESIAN_POINT('Origin',(-140.,175.,14.5));
#6572=CARTESIAN_POINT('Ctrl Pts',(33.059464389477,199.762249238474,-37.3951093063439));
#6573=CARTESIAN_POINT('Ctrl Pts',(32.798638605362,200.64820474405,-36.9721757325862));
#6574=CARTESIAN_POINT('Ctrl Pts',(32.5146635476661,201.516513706196,-36.5297275114512));
#6575=CARTESIAN_POINT('Ctrl Pts',(32.2095320358651,202.366180348089,-36.0697768122869));
#6576=CARTESIAN_POINT('Ctrl Pts',(-48.9906325318582,62.4409696150378,-33.7870698022611));
#6577=CARTESIAN_POINT('Ctrl Pts',(-49.0641946397086,62.8610412395959,-33.8696110043611));
#6578=CARTESIAN_POINT('Ctrl Pts',(-49.1587979166205,63.4064320315089,-33.9671561716514));
#6579=CARTESIAN_POINT('Ctrl Pts',(-49.2747546459498,64.2412908985051,-34.0950963379672));
#6580=CARTESIAN_POINT('Ctrl Pts',(-49.3146561974031,64.5758992641302,-34.1426941125582));
#6581=CARTESIAN_POINT('Ctrl Pts',(-49.341595524327,64.8438799917717,-34.1790739867267));
#6582=CARTESIAN_POINT('Ctrl Pts',(-49.3448346213055,64.8756476049045,-34.1886726080196));
#6583=CARTESIAN_POINT('Ctrl Pts',(-49.3537915906262,64.9620103720147,-34.2078239608672));
#6584=CARTESIAN_POINT('Ctrl Pts',(-49.3690317225639,65.1041194539749,-34.2412188852376));
#6585=CARTESIAN_POINT('Ctrl Pts',(-49.4029360229862,65.4046766387081,-34.3075320943272));
#6586=CARTESIAN_POINT('Ctrl Pts',(-49.4798062465461,66.0344083500025,-34.4382880477981));
#6587=CARTESIAN_POINT('Ctrl Pts',(-49.6112874669878,67.0499045898505,-34.6199708243658));
#6588=CARTESIAN_POINT('Ctrl Pts',(-49.7224345607909,68.0763209726742,-34.7692428301621));
#6589=CARTESIAN_POINT('Ctrl Pts',(-49.7674090489301,68.7660434830439,-34.855620244799));
#6590=CARTESIAN_POINT('Ctrl Pts',(-49.7829460903293,69.0498085266548,-34.8900249272219));
#6591=CARTESIAN_POINT('Ctrl Pts',(-49.79725747356,69.419928887507,-34.9327627407252));
#6592=CARTESIAN_POINT('Ctrl Pts',(-49.8030712718859,69.8917573001091,-34.9835746998975));
#6593=CARTESIAN_POINT('Ctrl Pts',(-49.7967516958815,70.2275266909388,-35.0171005033533));
#6594=CARTESIAN_POINT('Ctrl Pts',(-49.7869894643573,70.4857525165486,-35.0420160591469));
#6595=CARTESIAN_POINT('Ctrl Pts',(-49.782157584901,70.6010950375854,-35.0584723440977));
#6596=CARTESIAN_POINT('Ctrl Pts',(-49.7696849853185,70.8595921606418,-35.0911990306102));
#6597=CARTESIAN_POINT('Ctrl Pts',(-49.7445806268521,71.2877449115694,-35.1479632123867));
#6598=CARTESIAN_POINT('Ctrl Pts',(-49.6804965619741,72.1273132382243,-35.2596182832419));
#6599=CARTESIAN_POINT('Ctrl Pts',(-49.5863359440939,73.0247250340984,-35.3830472728144));
#6600=CARTESIAN_POINT('Ctrl Pts',(-49.4929413940362,73.7897487702584,-35.4874337176766));
#6601=CARTESIAN_POINT('Ctrl Pts',(-49.4365159144259,74.223273976187,-35.5460520412105));
#6602=CARTESIAN_POINT('Ctrl Pts',(-49.3927230307208,74.5473431191253,-35.5894974518954));
#6603=CARTESIAN_POINT('Ctrl Pts',(-49.347263564841,74.8715868942298,-35.6324232912377));
#6604=CARTESIAN_POINT('Ctrl Pts',(-49.307877398768,75.1425229797577,-35.6677556808315));
#6605=CARTESIAN_POINT('Ctrl Pts',(-49.2752236060391,75.3609198114521,-35.695763928927));
#6606=CARTESIAN_POINT('Ctrl Pts',(-49.2543258599833,75.4980065608365,-35.7131609047828));
#6607=CARTESIAN_POINT('Ctrl Pts',(-49.2372607717659,75.6082877673713,-35.7270133698139));
#6608=CARTESIAN_POINT('Ctrl Pts',(-49.224289967546,75.6912550304509,-35.7373700286477));
#6609=CARTESIAN_POINT('Ctrl Pts',(-49.2133256459788,75.760656074165,-35.7459732624143));
#6610=CARTESIAN_POINT('Ctrl Pts',(-49.2044587470099,75.8163328546168,-35.7528393990085));
#6611=CARTESIAN_POINT('Ctrl Pts',(-49.199983146162,75.8442835480264,-35.7562669750448));
#6612=CARTESIAN_POINT('Ctrl Pts',(-49.1838004167398,75.9450611754481,-35.7686946080927));
#6613=CARTESIAN_POINT('Ctrl Pts',(-49.1656281970183,76.0607567291793,-35.7900371877935));
#6614=CARTESIAN_POINT('Ctrl Pts',(-49.1254636336536,76.3261727256012,-35.8323691982532));
#6615=CARTESIAN_POINT('Ctrl Pts',(-49.0617196956484,76.7763824160116,-35.9055137159671));
#6616=CARTESIAN_POINT('Ctrl Pts',(-49.0120794599645,77.1753521229275,-35.9665660408519));
#6617=CARTESIAN_POINT('Ctrl Pts',(-48.9803400710175,77.4508298453571,-36.0065052612588));
#6618=CARTESIAN_POINT('Ctrl Pts',(-48.943323276035,62.1708131916965,-35.1424288757777));
#6619=CARTESIAN_POINT('Ctrl Pts',(-49.0182004430202,62.5934102867955,-35.2264354382787));
#6620=CARTESIAN_POINT('Ctrl Pts',(-49.1160007130648,63.1407437465201,-35.3268169230031));
#6621=CARTESIAN_POINT('Ctrl Pts',(-49.2407770941369,63.9771916598839,-35.4613205094798));
#6622=CARTESIAN_POINT('Ctrl Pts',(-49.2848288894011,64.312166280149,-35.5119099480512));
#6623=CARTESIAN_POINT('Ctrl Pts',(-49.3154216214477,64.5804667953579,-35.5508631798907));
#6624=CARTESIAN_POINT('Ctrl Pts',(-49.3179255743548,64.6128464408987,-35.5600742679725));
#6625=CARTESIAN_POINT('Ctrl Pts',(-49.3264125028466,64.700126658256,-35.5790776081441));
#6626=CARTESIAN_POINT('Ctrl Pts',(-49.340446761449,64.8439637700817,-35.6119715852165));
#6627=CARTESIAN_POINT('Ctrl Pts',(-49.3726825623065,65.1477472835574,-35.6777457935438));
#6628=CARTESIAN_POINT('Ctrl Pts',(-49.4475448055376,65.7834991203459,-35.8082418897665));
#6629=CARTESIAN_POINT('Ctrl Pts',(-49.5810555503386,66.8057665958018,-35.9926247417154));
#6630=CARTESIAN_POINT('Ctrl Pts',(-49.7000669611407,67.8358109134394,-36.1480463153074));
#6631=CARTESIAN_POINT('Ctrl Pts',(-49.7528599063091,68.5276546391679,-36.2399884079405));
#6632=CARTESIAN_POINT('Ctrl Pts',(-49.771812087125,68.812283579955,-36.2767964867066));
#6633=CARTESIAN_POINT('Ctrl Pts',(-49.7909452326213,69.1835099779765,-36.3228817828943));
#6634=CARTESIAN_POINT('Ctrl Pts',(-49.8035598598761,69.6568846911374,-36.3783401283945));
#6635=CARTESIAN_POINT('Ctrl Pts',(-49.8025389458096,69.9939287604319,-36.4154488375343));
#6636=CARTESIAN_POINT('Ctrl Pts',(-49.7969933734381,70.2532770637017,-36.4432102717588));
#6637=CARTESIAN_POINT('Ctrl Pts',(-49.7927635186105,70.3693940757738,-36.4601749209313));
#6638=CARTESIAN_POINT('Ctrl Pts',(-49.7825720570426,70.6294642189734,-36.494595420694));
#6639=CARTESIAN_POINT('Ctrl Pts',(-49.7604658248828,71.0604143708006,-36.5537023681246));
#6640=CARTESIAN_POINT('Ctrl Pts',(-49.7015664402708,71.9057508591387,-36.6695358682798));
#6641=CARTESIAN_POINT('Ctrl Pts',(-49.6106362260491,72.809755810081,-36.7960342785431));
#6642=CARTESIAN_POINT('Ctrl Pts',(-49.5192136534178,73.5805768905221,-36.9025323470023));
#6643=CARTESIAN_POINT('Ctrl Pts',(-49.4637548932081,74.0174462335007,-36.9622467068831));
#6644=CARTESIAN_POINT('Ctrl Pts',(-49.4206278418724,74.3440113942599,-37.0064739903815));
#6645=CARTESIAN_POINT('Ctrl Pts',(-49.3758242917458,74.6707684628646,-37.0501722261634));
#6646=CARTESIAN_POINT('Ctrl Pts',(-49.3369937635559,74.9438050324611,-37.0861525397996));
#6647=CARTESIAN_POINT('Ctrl Pts',(-49.3048316398038,75.1639081463696,-37.1147083924671));
#6648=CARTESIAN_POINT('Ctrl Pts',(-49.2842556688048,75.3020666520685,-37.1324568387059));
#6649=CARTESIAN_POINT('Ctrl Pts',(-49.2674658348477,75.4132132947688,-37.1466018851095));
#6650=CARTESIAN_POINT('Ctrl Pts',(-49.2547083501324,75.4968323285433,-37.1571824289637));
#6651=CARTESIAN_POINT('Ctrl Pts',(-49.2439290664968,75.5667793331533,-37.1659769603777));
#6652=CARTESIAN_POINT('Ctrl Pts',(-49.2352145653344,75.622894791628,-37.1729989685131));
#6653=CARTESIAN_POINT('Ctrl Pts',(-49.2308185447951,75.6510659198095,-37.1765067002847));
#6654=CARTESIAN_POINT('Ctrl Pts',(-49.2149030367486,75.7526381030785,-37.1892109937155));
#6655=CARTESIAN_POINT('Ctrl Pts',(-49.1953121483979,75.8692210055651,-37.2097917204398));
#6656=CARTESIAN_POINT('Ctrl Pts',(-49.1534292810595,76.1367231982885,-37.2513377155432));
#6657=CARTESIAN_POINT('Ctrl Pts',(-49.0862549715702,76.5905181717529,-37.3228267828931));
#6658=CARTESIAN_POINT('Ctrl Pts',(-49.0341689690311,76.9927568110091,-37.3827802925407));
#6659=CARTESIAN_POINT('Ctrl Pts',(-49.0011190006734,77.270481943081,-37.4221900979771));
#6660=CARTESIAN_POINT('Ctrl Pts',(-48.4074255057148,61.9872540808801,-36.492741817023));
#6661=CARTESIAN_POINT('Ctrl Pts',(-48.4826790776962,62.4109602534361,-36.5781926135266));
#6662=CARTESIAN_POINT('Ctrl Pts',(-48.5810883429821,62.9555546223684,-36.6813837230596));
#6663=CARTESIAN_POINT('Ctrl Pts',(-48.7079835468674,63.7783926442415,-36.8223194332862));
#6664=CARTESIAN_POINT('Ctrl Pts',(-48.7531729336308,64.1063217390736,-36.8758468953937));
#6665=CARTESIAN_POINT('Ctrl Pts',(-48.7848962584328,64.3682757037812,-36.9173214491678));
#6666=CARTESIAN_POINT('Ctrl Pts',(-48.7871874287111,64.4027372218435,-36.9261551245671));
#6667=CARTESIAN_POINT('Ctrl Pts',(-48.7955544176,64.4919812729015,-36.9450166164056));
#6668=CARTESIAN_POINT('Ctrl Pts',(-48.8092727215644,64.6401211585205,-36.9774260658437));
#6669=CARTESIAN_POINT('Ctrl Pts',(-48.8411292183718,64.9509219299204,-37.0426851481334));
#6670=CARTESIAN_POINT('Ctrl Pts',(-48.9156597461742,65.5978914541501,-37.1729525000162));
#6671=CARTESIAN_POINT('Ctrl Pts',(-49.0499209310891,66.6249320265693,-37.3600178547341));
#6672=CARTESIAN_POINT('Ctrl Pts',(-49.1710056889132,67.6438083561085,-37.5214980524984));
#6673=CARTESIAN_POINT('Ctrl Pts',(-49.2266485896098,68.3216499767895,-37.6188921943183));
#6674=CARTESIAN_POINT('Ctrl Pts',(-49.2469241010123,68.6000015753223,-37.6580545095653));
#6675=CARTESIAN_POINT('Ctrl Pts',(-49.2680850980643,68.9620679745485,-37.7074197309213));
#6676=CARTESIAN_POINT('Ctrl Pts',(-49.2839490830407,69.4221254552121,-37.7674270840277));
#6677=CARTESIAN_POINT('Ctrl Pts',(-49.2858336730011,69.7485391683727,-37.8080431486615));
#6678=CARTESIAN_POINT('Ctrl Pts',(-49.2827893911243,69.9993720529182,-37.8385887381592));
#6679=CARTESIAN_POINT('Ctrl Pts',(-49.2789295739323,70.1148168675526,-37.8560528471083));
#6680=CARTESIAN_POINT('Ctrl Pts',(-49.2701490059299,70.3710707062755,-37.8921330907633));
#6681=CARTESIAN_POINT('Ctrl Pts',(-49.2500021682075,70.7975012110171,-37.9535398791849));
#6682=CARTESIAN_POINT('Ctrl Pts',(-49.1947523048302,71.6353328701986,-38.0734780300288));
#6683=CARTESIAN_POINT('Ctrl Pts',(-49.1065462817663,72.5362684341249,-38.2030088879649));
#6684=CARTESIAN_POINT('Ctrl Pts',(-49.0169428270174,73.306103506112,-38.3115912574856));
#6685=CARTESIAN_POINT('Ctrl Pts',(-48.9624307451994,73.7427113804884,-38.3723855743048));
#6686=CARTESIAN_POINT('Ctrl Pts',(-48.9199859222719,74.0691634835835,-38.4173844658479));
#6687=CARTESIAN_POINT('Ctrl Pts',(-48.8758753100672,74.3957830844533,-38.4618442387976));
#6688=CARTESIAN_POINT('Ctrl Pts',(-48.8376501706947,74.6686303382084,-38.4984636572237));
#6689=CARTESIAN_POINT('Ctrl Pts',(-48.8060243263191,74.8884383118193,-38.5275585670263));
#6690=CARTESIAN_POINT('Ctrl Pts',(-48.785803029367,75.0263605388205,-38.5456529968671));
#6691=CARTESIAN_POINT('Ctrl Pts',(-48.769316506981,75.1372650722954,-38.5600858038627));
#6692=CARTESIAN_POINT('Ctrl Pts',(-48.7567949806395,75.2206801496204,-38.5708865110925));
#6693=CARTESIAN_POINT('Ctrl Pts',(-48.7462209343113,75.2904344708994,-38.5798691159455));
#6694=CARTESIAN_POINT('Ctrl Pts',(-48.7376757746973,75.3463822044233,-38.5870443293035));
#6695=CARTESIAN_POINT('Ctrl Pts',(-48.7333680041167,75.3744598703641,-38.5906308287336));
#6696=CARTESIAN_POINT('Ctrl Pts',(-48.7177533423632,75.4757470501315,-38.6036070863669));
#6697=CARTESIAN_POINT('Ctrl Pts',(-48.6969136862364,75.5967358116187,-38.6234472390446));
#6698=CARTESIAN_POINT('Ctrl Pts',(-48.6536028393449,75.8702286164984,-38.6642319762198));
#6699=CARTESIAN_POINT('Ctrl Pts',(-48.5835663062979,76.3358096786826,-38.7341153977416));
#6700=CARTESIAN_POINT('Ctrl Pts',(-48.5295409927409,76.7471970021628,-38.7930034159904));
#6701=CARTESIAN_POINT('Ctrl Pts',(-48.4954823328709,77.0302536376157,-38.8319020986764));
#6702=CARTESIAN_POINT('Ctrl Pts',(-47.502465806992,61.9312332886488,-37.5368349601134));
#6703=CARTESIAN_POINT('Ctrl Pts',(-47.5772186655992,62.3544337270244,-37.6230179927847));
#6704=CARTESIAN_POINT('Ctrl Pts',(-47.6738787531339,62.8923213952247,-37.7274638780985));
#6705=CARTESIAN_POINT('Ctrl Pts',(-47.796673322941,63.6897781790531,-37.8707977899805));
#6706=CARTESIAN_POINT('Ctrl Pts',(-47.8401777277089,64.0050170008674,-37.925400088473));
#6707=CARTESIAN_POINT('Ctrl Pts',(-47.870639533011,64.2555613146997,-37.9677682072533));
#6708=CARTESIAN_POINT('Ctrl Pts',(-47.8732105934066,64.2930682426087,-37.9765222481125));
#6709=CARTESIAN_POINT('Ctrl Pts',(-47.881784925387,64.3848549252082,-37.9954096091007));
#6710=CARTESIAN_POINT('Ctrl Pts',(-47.896020517614,64.5388410537376,-38.0277929838706));
#6711=CARTESIAN_POINT('Ctrl Pts',(-47.9286947998024,64.8587837642118,-38.0931389761851));
#6712=CARTESIAN_POINT('Ctrl Pts',(-48.0044302503761,65.519537427819,-38.2238205331199));
#6713=CARTESIAN_POINT('Ctrl Pts',(-48.1382154375349,66.5483359646764,-38.4123877632803));
#6714=CARTESIAN_POINT('Ctrl Pts',(-48.2559593370385,67.544057664612,-38.5762953003206));
#6715=CARTESIAN_POINT('Ctrl Pts',(-48.3096409245577,68.1953134646319,-38.6756449349347));
#6716=CARTESIAN_POINT('Ctrl Pts',(-48.3291960256475,68.4618360074885,-38.7156408999463));
#6717=CARTESIAN_POINT('Ctrl Pts',(-48.3496175684334,68.8068001658134,-38.7661526233559));
#6718=CARTESIAN_POINT('Ctrl Pts',(-48.3651149017923,69.2420790975352,-38.8277133767384));
#6719=CARTESIAN_POINT('Ctrl Pts',(-48.3673647801538,69.5486964645542,-38.8695070944448));
#6720=CARTESIAN_POINT('Ctrl Pts',(-48.3649401528245,69.7835849040337,-38.9009776038997));
#6721=CARTESIAN_POINT('Ctrl Pts',(-48.3611915039209,69.8970986595099,-38.9186515589563));
#6722=CARTESIAN_POINT('Ctrl Pts',(-48.3528469690547,70.1451589428027,-38.9553474332409));
#6723=CARTESIAN_POINT('Ctrl Pts',(-48.3334573390297,70.5609698816529,-39.0176541737991));
#6724=CARTESIAN_POINT('Ctrl Pts',(-48.2799737953134,71.3800652705092,-39.1392383705759));
#6725=CARTESIAN_POINT('Ctrl Pts',(-48.1936607912047,72.2691682799548,-39.2701587073285));
#6726=CARTESIAN_POINT('Ctrl Pts',(-48.1054874990971,73.0315731076761,-39.3797550744633));
#6727=CARTESIAN_POINT('Ctrl Pts',(-48.0517725947725,73.4644292305037,-39.4410849785125));
#6728=CARTESIAN_POINT('Ctrl Pts',(-48.0099303231963,73.788222406198,-39.4864744671702));
#6729=CARTESIAN_POINT('Ctrl Pts',(-47.966449872027,74.1121228217039,-39.5313181830948));
#6730=CARTESIAN_POINT('Ctrl Pts',(-47.928791021827,74.3825671192693,-39.5682582523202));
#6731=CARTESIAN_POINT('Ctrl Pts',(-47.8976670671961,74.6001765185839,-39.5976151990485));
#6732=CARTESIAN_POINT('Ctrl Pts',(-47.8777807573392,74.7366290142982,-39.6158759267166));
#6733=CARTESIAN_POINT('Ctrl Pts',(-47.8615805886085,74.8462572442896,-39.6304444402864));
#6734=CARTESIAN_POINT('Ctrl Pts',(-47.8492825523166,74.9286734304385,-39.641348111961));
#6735=CARTESIAN_POINT('Ctrl Pts',(-47.8389033451516,74.9975529771294,-39.6504177758735));
#6736=CARTESIAN_POINT('Ctrl Pts',(-47.8305191899761,75.0527753093039,-39.6576633526877));
#6737=CARTESIAN_POINT('Ctrl Pts',(-47.8262951764702,75.0804724694525,-39.6612856548086));
#6738=CARTESIAN_POINT('Ctrl Pts',(-47.8109697251841,75.1804785220478,-39.6743876816537));
#6739=CARTESIAN_POINT('Ctrl Pts',(-47.7892100590392,75.3082595848724,-39.6940843964158));
#6740=CARTESIAN_POINT('Ctrl Pts',(-47.7449333170749,75.5901250260308,-39.7347945992828));
#6741=CARTESIAN_POINT('Ctrl Pts',(-47.6729468936753,76.0727018876208,-39.8044626617923));
#6742=CARTESIAN_POINT('Ctrl Pts',(-47.6177068766705,76.4968331816624,-39.8632489035024));
#6743=CARTESIAN_POINT('Ctrl Pts',(-47.5830510569616,76.7869769377924,-39.9021386616627));
#6744=CARTESIAN_POINT('',(-48.9906325318582,62.4409696150378,-33.7870698022611));
#6745=CARTESIAN_POINT('Origin',(-43.0805681961826,63.4759283331396,-33.7870698022611));
#6746=CARTESIAN_POINT('',(-49.3383778015474,64.814273713951,-34.174269340143));
#6747=CARTESIAN_POINT('Ctrl Pts',(-48.9906325318582,62.4409696150378,-33.7870698022611));
#6748=CARTESIAN_POINT('Ctrl Pts',(-49.0641946397086,62.8610412395959,-33.8696110043611));
#6749=CARTESIAN_POINT('Ctrl Pts',(-49.1587979166205,63.4064320315089,-33.9671561716514));
#6750=CARTESIAN_POINT('Ctrl Pts',(-49.2747546459498,64.2412908985051,-34.0950963379672));
#6751=CARTESIAN_POINT('Ctrl Pts',(-49.3146561974031,64.5758992641302,-34.1426941125582));
#6752=CARTESIAN_POINT('Ctrl Pts',(-49.3382325403335,64.8104264871539,-34.1745324874211));
#6753=CARTESIAN_POINT('Ctrl Pts',(-49.3384218697908,64.8123091722018,-34.1747960236806));
#6754=CARTESIAN_POINT('Ctrl Pts',(-49.3386057381122,64.8141368497183,-34.175059542666));
#6755=CARTESIAN_POINT('',(-49.7895902943828,70.4078992902403,-35.0337645908891));
#6756=CARTESIAN_POINT('Ctrl Pts',(-49.3386057381122,64.8141368497183,-34.175059542666));
#6757=CARTESIAN_POINT('Ctrl Pts',(-49.3417741185162,64.8456310058715,-34.1796004466287));
#6758=CARTESIAN_POINT('Ctrl Pts',(-49.3449574420633,64.8768318381108,-34.1889352173448));
#6759=CARTESIAN_POINT('Ctrl Pts',(-49.3537915906262,64.9620103720147,-34.2078239608672));
#6760=CARTESIAN_POINT('Ctrl Pts',(-49.3690317225639,65.1041194539749,-34.2412188852376));
#6761=CARTESIAN_POINT('Ctrl Pts',(-49.4029360229862,65.4046766387081,-34.3075320943272));
#6762=CARTESIAN_POINT('Ctrl Pts',(-49.4798062465461,66.0344083500025,-34.4382880477981));
#6763=CARTESIAN_POINT('Ctrl Pts',(-49.6112874669878,67.0499045898505,-34.6199708243658));
#6764=CARTESIAN_POINT('Ctrl Pts',(-49.7224345607909,68.0763209726742,-34.7692428301621));
#6765=CARTESIAN_POINT('Ctrl Pts',(-49.7674090489301,68.7660434830439,-34.855620244799));
#6766=CARTESIAN_POINT('Ctrl Pts',(-49.7829460903293,69.0498085266548,-34.8900249272219));
#6767=CARTESIAN_POINT('Ctrl Pts',(-49.79725747356,69.419928887507,-34.9327627407252));
#6768=CARTESIAN_POINT('Ctrl Pts',(-49.8030712718859,69.8917573001091,-34.9835746998975));
#6769=CARTESIAN_POINT('Ctrl Pts',(-49.7967516958815,70.2275266909388,-35.0171005033533));
#6770=CARTESIAN_POINT('Ctrl Pts',(-49.7901258418936,70.4027905752409,-35.0340112715835));
#6771=CARTESIAN_POINT('Ctrl Pts',(-49.790029737278,70.4053270957784,-35.0342584034166));
#6772=CARTESIAN_POINT('Ctrl Pts',(-49.7899343344137,70.4078394730372,-35.0345055139164));
#6773=CARTESIAN_POINT('',(-49.1965554853373,75.8649709392251,-35.7579799840087));
#6774=CARTESIAN_POINT('Ctrl Pts',(-49.7899343344137,70.4078394730372,-35.0345055139164));
#6775=CARTESIAN_POINT('Ctrl Pts',(-49.7868444301817,70.4892102493004,-35.0425089191065));
#6776=CARTESIAN_POINT('Ctrl Pts',(-49.7820641934564,70.60303059397,-35.0587173926548));
#6777=CARTESIAN_POINT('Ctrl Pts',(-49.7696849853185,70.8595921606418,-35.0911990306102));
#6778=CARTESIAN_POINT('Ctrl Pts',(-49.7445806268521,71.2877449115694,-35.1479632123867));
#6779=CARTESIAN_POINT('Ctrl Pts',(-49.6804965619741,72.1273132382243,-35.2596182832419));
#6780=CARTESIAN_POINT('Ctrl Pts',(-49.5863359440939,73.0247250340984,-35.3830472728144));
#6781=CARTESIAN_POINT('Ctrl Pts',(-49.4929413940362,73.7897487702584,-35.4874337176766));
#6782=CARTESIAN_POINT('Ctrl Pts',(-49.4365159144259,74.223273976187,-35.5460520412105));
#6783=CARTESIAN_POINT('Ctrl Pts',(-49.3927230307208,74.5473431191253,-35.5894974518954));
#6784=CARTESIAN_POINT('Ctrl Pts',(-49.347263564841,74.8715868942298,-35.6324232912377));
#6785=CARTESIAN_POINT('Ctrl Pts',(-49.307877398768,75.1425229797577,-35.6677556808315));
#6786=CARTESIAN_POINT('Ctrl Pts',(-49.2752236060391,75.3609198114521,-35.695763928927));
#6787=CARTESIAN_POINT('Ctrl Pts',(-49.2543258599833,75.4980065608365,-35.7131609047828));
#6788=CARTESIAN_POINT('Ctrl Pts',(-49.2372607717659,75.6082877673713,-35.7270133698139));
#6789=CARTESIAN_POINT('Ctrl Pts',(-49.224289967546,75.6912550304509,-35.7373700286477));
#6790=CARTESIAN_POINT('Ctrl Pts',(-49.2133256459788,75.760656074165,-35.7459732624143));
#6791=CARTESIAN_POINT('Ctrl Pts',(-49.2044587470099,75.8163328546168,-35.7528393990085));
#6792=CARTESIAN_POINT('Ctrl Pts',(-49.199983146162,75.8442835480264,-35.7562669750448));
#6793=CARTESIAN_POINT('Ctrl Pts',(-49.1973907341189,75.8604277427529,-35.7582578348522));
#6794=CARTESIAN_POINT('Ctrl Pts',(-49.1970314358735,75.8626661191763,-35.7585362545098));
#6795=CARTESIAN_POINT('Ctrl Pts',(-49.1966753303379,75.8648854670346,-35.7588146444963));
#6796=CARTESIAN_POINT('',(-48.9906325318618,77.3622256332471,-35.9935888573638));
#6797=CARTESIAN_POINT('Ctrl Pts',(-49.1966753303379,75.8648854670346,-35.7588146444963));
#6798=CARTESIAN_POINT('Ctrl Pts',(-49.1833278649542,75.9480705505326,-35.7692491936325));
#6799=CARTESIAN_POINT('Ctrl Pts',(-49.1653672646046,76.0624810261914,-35.7903122012069));
#6800=CARTESIAN_POINT('Ctrl Pts',(-49.1254636336536,76.3261727256012,-35.8323691982532));
#6801=CARTESIAN_POINT('Ctrl Pts',(-49.0656392461237,76.7486994760926,-35.9010161333241));
#6802=CARTESIAN_POINT('Ctrl Pts',(-49.0192272765743,77.1181775082856,-35.9577981453068));
#6803=CARTESIAN_POINT('Ctrl Pts',(-48.9906342095162,77.3622262323161,-35.9935857526898));
#6804=CARTESIAN_POINT('',(-48.9906325318618,77.3566305006646,-36.0820030367183));
#6805=CARTESIAN_POINT('Ctrl Pts',(-48.9906319422875,77.362245583695,-35.9935885903965));
#6806=CARTESIAN_POINT('Ctrl Pts',(-48.9906321070258,77.3622439094331,-36.0233845687753));
#6807=CARTESIAN_POINT('Ctrl Pts',(-48.9906234461862,77.360369900934,-36.052845835557));
#6808=CARTESIAN_POINT('Ctrl Pts',(-48.9906072139231,77.356646249553,-36.0819955123008));
#6809=CARTESIAN_POINT('Ctrl Pts',(-47.5923484524828,76.7894595113828,-39.8912049368371));
#6810=CARTESIAN_POINT('Ctrl Pts',(-47.7007021046221,76.8119823657349,-39.7634923046562));
#6811=CARTESIAN_POINT('Ctrl Pts',(-47.8031843804821,76.8347411764362,-39.6312502704023));
#6812=CARTESIAN_POINT('Ctrl Pts',(-47.8997154412479,76.8576801127605,-39.4949372699988));
#6813=CARTESIAN_POINT('Ctrl Pts',(-47.9972080692629,76.8808475489038,-39.3572664256454));
#6814=CARTESIAN_POINT('Ctrl Pts',(-48.0886306341066,76.9041988169176,-39.2154424799744));
#6815=CARTESIAN_POINT('Ctrl Pts',(-48.1738586889474,76.9276753441073,-39.0699043603623));
#6816=CARTESIAN_POINT('Ctrl Pts',(-48.2592715115981,76.9512027665864,-38.9240507253993));
#6817=CARTESIAN_POINT('Ctrl Pts',(-48.3384632081606,76.9748560915712,-38.774466114337));
#6818=CARTESIAN_POINT('Ctrl Pts',(-48.4112620830222,76.9985738061308,-38.62156891977));
#6819=CARTESIAN_POINT('Ctrl Pts',(-48.468873454437,77.0173434652114,-38.5005695625517));
#6820=CARTESIAN_POINT('Ctrl Pts',(-48.5224802860544,77.0361534173586,-38.3774950290278));
#6821=CARTESIAN_POINT('Ctrl Pts',(-48.5719752042699,77.0549714228093,-38.2525465943107));
#6822=CARTESIAN_POINT('Ctrl Pts',(-48.6341646071987,77.0786158809776,-38.0955513141468));
#6823=CARTESIAN_POINT('Ctrl Pts',(-48.6896060334247,77.1021775871352,-37.9362486913972));
#6824=CARTESIAN_POINT('Ctrl Pts',(-48.738208876724,77.1255898510472,-37.7750845738392));
#6825=CARTESIAN_POINT('Ctrl Pts',(-48.7870952848124,77.1491387097185,-37.6129801724228));
#6826=CARTESIAN_POINT('Ctrl Pts',(-48.8290633574742,77.1725364772739,-37.4489918135751));
#6827=CARTESIAN_POINT('Ctrl Pts',(-48.863973960378,77.1957141911947,-37.2835501778764));
#6828=CARTESIAN_POINT('Ctrl Pts',(-48.8986732684773,77.2187516230772,-37.1191098700025));
#6829=CARTESIAN_POINT('Ctrl Pts',(-48.9264004701216,77.2415717510071,-36.9532331293654));
#6830=CARTESIAN_POINT('Ctrl Pts',(-48.9469693435104,77.2641043278159,-36.7863305224506));
#6831=CARTESIAN_POINT('Ctrl Pts',(-48.967141453479,77.2862022623342,-36.6226473844841));
#6832=CARTESIAN_POINT('Ctrl Pts',(-48.9804288092924,77.3080237093822,-36.4579769383629));
#6833=CARTESIAN_POINT('Ctrl Pts',(-48.9866061099366,77.3294987194601,-36.2927043693043));
#6834=CARTESIAN_POINT('Ctrl Pts',(-48.9892276109972,77.338612208497,-36.2225665793455));
#6835=CARTESIAN_POINT('Ctrl Pts',(-48.9905679982327,77.3476632531819,-36.152320378793));
#6836=CARTESIAN_POINT('Ctrl Pts',(-48.9906072139428,77.3566462493844,-36.0819955122793));
#6837=CARTESIAN_POINT('Origin',(-42.9906325318867,175.,14.5));
#6838=CARTESIAN_POINT('',(-48.9906325318844,174.999999999999,-37.));
#6839=CARTESIAN_POINT('Origin',(-42.9906325318844,175.,-37.));
#6840=CARTESIAN_POINT('Origin',(-48.9906325318844,174.999999999999,14.5));
#6841=CARTESIAN_POINT('Origin',(-42.9906325318891,185.000000000001,-36.0197980993588));
#6842=CARTESIAN_POINT('Ctrl Pts',(-48.9906325318867,185.000000000002,-36.0197980993587));
#6843=CARTESIAN_POINT('Ctrl Pts',(-48.9906325318866,188.844371289111,-35.3602965621576));
#6844=CARTESIAN_POINT('Ctrl Pts',(-47.9969672416201,196.364460506697,-33.3734764931674));
#6845=CARTESIAN_POINT('Ctrl Pts',(-42.7835999826044,209.537779270978,-27.2603593320736));
#6846=CARTESIAN_POINT('Ctrl Pts',(-33.5650605527917,220.032175231628,-18.4177469615203));
#6847=CARTESIAN_POINT('Ctrl Pts',(-23.9797789204089,225.592717130791,-10.4636645989802));
#6848=CARTESIAN_POINT('Ctrl Pts',(-18.0599667898729,227.78510509734,-6.40949668757925));
#6849=CARTESIAN_POINT('Ctrl Pts',(-14.9206491572303,228.69414197444,-4.52938148313341));
#6850=CARTESIAN_POINT('Ctrl Pts',(-11.5594017745582,229.406276870316,-2.8845012326243));
#6851=CARTESIAN_POINT('Ctrl Pts',(-7.91047153027533,229.882445338921,-1.67098319422095));
#6852=CARTESIAN_POINT('Ctrl Pts',(-3.99840335037256,230.059079624992,-1.18959489189896));
#6853=CARTESIAN_POINT('Ctrl Pts',(1.23514183720041,229.824147079547,-1.83014568642203));
#6854=CARTESIAN_POINT('Ctrl Pts',(8.20517984857369,228.582046024161,-4.95617047672614));
#6855=CARTESIAN_POINT('Ctrl Pts',(15.9959551349745,225.655636507135,-10.4811327165601));
#6856=CARTESIAN_POINT('Ctrl Pts',(23.7521020750959,220.82835780638,-16.9393849110615));
#6857=CARTESIAN_POINT('Ctrl Pts',(30.5296352638067,214.387330163205,-23.1741457939949));
#6858=CARTESIAN_POINT('Ctrl Pts',(36.116300552763,206.239521877736,-28.7937611638667));
#6859=CARTESIAN_POINT('Ctrl Pts',(40.0095138162449,196.367006249517,-33.3703444908144));
#6860=CARTESIAN_POINT('Ctrl Pts',(41.0093674681131,188.844371289111,-35.3602965621577));
#6861=CARTESIAN_POINT('Ctrl Pts',(41.0093674681133,185.000000000001,-36.0197980993588));
#6862=CARTESIAN_POINT('Ctrl Pts',(-48.9906325318867,185.17429085457,-36.9003119776932));
#6863=CARTESIAN_POINT('Ctrl Pts',(-48.9756969280496,189.075028463981,-36.2199714388853));
#6864=CARTESIAN_POINT('Ctrl Pts',(-47.923060256668,196.687825074727,-34.162764569333));
#6865=CARTESIAN_POINT('Ctrl Pts',(-42.5644603721942,209.890128295959,-27.8614441350019));
#6866=CARTESIAN_POINT('Ctrl Pts',(-33.2859881785339,220.247066690899,-18.8327755577196));
#6867=CARTESIAN_POINT('Ctrl Pts',(-23.7614529043514,225.694533563198,-10.7609991295981));
#6868=CARTESIAN_POINT('Ctrl Pts',(-17.8971190637149,227.837683255549,-6.65204165939015));
#6869=CARTESIAN_POINT('Ctrl Pts',(-14.7908939155809,228.725636588958,-4.7476087084175));
#6870=CARTESIAN_POINT('Ctrl Pts',(-11.4676855815048,229.420758863301,-3.08203773196394));
#6871=CARTESIAN_POINT('Ctrl Pts',(-7.86234838660167,229.885336700607,-1.8536398503081));
#6872=CARTESIAN_POINT('Ctrl Pts',(-3.9982998369791,230.057617175731,-1.36641954519435));
#6873=CARTESIAN_POINT('Ctrl Pts',(1.17094891137355,229.828475474589,-2.01472748123897));
#6874=CARTESIAN_POINT('Ctrl Pts',(8.05923052319238,228.616560443967,-5.17918988600326));
#6875=CARTESIAN_POINT('Ctrl Pts',(15.7756818306188,225.757015388816,-10.777699504609));
#6876=CARTESIAN_POINT('Ctrl Pts',(23.491866221224,221.023633632333,-17.3359558504557));
#6877=CARTESIAN_POINT('Ctrl Pts',(30.2813293874234,214.675063995962,-23.6885259077751));
#6878=CARTESIAN_POINT('Ctrl Pts',(35.9345812879612,206.585440871099,-29.4425327394844));
#6879=CARTESIAN_POINT('Ctrl Pts',(39.9349160475376,196.689854607476,-34.1592453191461));
#6880=CARTESIAN_POINT('Ctrl Pts',(40.9944318642762,189.07502846398,-36.2199714388853));
#6881=CARTESIAN_POINT('Ctrl Pts',(41.0093674681133,185.174290854569,-36.9003119776932));
#6882=CARTESIAN_POINT('Ctrl Pts',(-48.5797238689887,185.522089350506,-38.6573829570879));
#6883=CARTESIAN_POINT('Ctrl Pts',(-48.5438762255517,189.500017143262,-37.935619254578));
#6884=CARTESIAN_POINT('Ctrl Pts',(-47.4174992943136,197.234779384281,-35.7384694422869));
#6885=CARTESIAN_POINT('Ctrl Pts',(-41.9111737695729,210.439158675441,-29.0626620103053));
#6886=CARTESIAN_POINT('Ctrl Pts',(-32.6478204653545,220.561155625129,-19.6626772714333));
#6887=CARTESIAN_POINT('Ctrl Pts',(-23.2951487984947,225.833283605613,-11.3556237594667));
#6888=CARTESIAN_POINT('Ctrl Pts',(-17.5580699356465,227.90108745486,-7.1371185356579));
#6889=CARTESIAN_POINT('Ctrl Pts',(-14.523735237468,228.757084221021,-5.18405689809476));
#6890=CARTESIAN_POINT('Ctrl Pts',(-11.2805154420323,229.42652047468,-3.47710848626272));
#6891=CARTESIAN_POINT('Ctrl Pts',(-7.76469740038352,229.873683724211,-2.21895208837701));
#6892=CARTESIAN_POINT('Ctrl Pts',(-3.99809585589113,230.039432626255,-1.72006839328259));
#6893=CARTESIAN_POINT('Ctrl Pts',(1.04071600712366,229.818973544608,-2.38388942171836));
#6894=CARTESIAN_POINT('Ctrl Pts',(7.75976607881545,228.652446026131,-5.62522559822816));
#6895=CARTESIAN_POINT('Ctrl Pts',(15.3069435135813,225.894703273644,-11.370798692516));
#6896=CARTESIAN_POINT('Ctrl Pts',(22.8957532147976,221.308704623763,-18.1289309020462));
#6897=CARTESIAN_POINT('Ctrl Pts',(29.6332553388162,215.113506304588,-24.7167134435046));
#6898=CARTESIAN_POINT('Ctrl Pts',(35.319476027863,207.13543045512,-30.7386138744945));
#6899=CARTESIAN_POINT('Ctrl Pts',(39.4285590387046,197.235871787781,-35.7341901221969));
#6900=CARTESIAN_POINT('Ctrl Pts',(40.5626111617783,189.500017143262,-37.935619254578));
#6901=CARTESIAN_POINT('Ctrl Pts',(40.5984588052152,185.522089350505,-38.6573829570879));
#6902=CARTESIAN_POINT('Ctrl Pts',(-46.5728277638555,186.012295568647,-41.1338948738442));
#6903=CARTESIAN_POINT('Ctrl Pts',(-46.5353206633081,189.979258391466,-40.3662421559717));
#6904=CARTESIAN_POINT('Ctrl Pts',(-45.4466715577567,197.679930763858,-38.0187588651964));
#6905=CARTESIAN_POINT('Ctrl Pts',(-40.1654678131305,210.745950688564,-30.9181849181052));
#6906=CARTESIAN_POINT('Ctrl Pts',(-31.3219933439828,220.680718805755,-21.0280241766026));
#6907=CARTESIAN_POINT('Ctrl Pts',(-22.4023531724808,225.841689505467,-12.360874990036));
#6908=CARTESIAN_POINT('Ctrl Pts',(-16.9306788723335,227.863962528184,-7.96779227078953));
#6909=CARTESIAN_POINT('Ctrl Pts',(-14.0367492570551,228.700992038475,-5.93562596724336));
#6910=CARTESIAN_POINT('Ctrl Pts',(-10.9435218512776,229.355395500191,-4.16049179997468));
#6911=CARTESIAN_POINT('Ctrl Pts',(-7.59025532692035,229.792469639279,-2.85269771396115));
#6912=CARTESIAN_POINT('Ctrl Pts',(-3.99775062616438,229.95445698987,-2.3342501061352));
#6913=CARTESIAN_POINT('Ctrl Pts',(0.808158750683158,229.738995638139,-3.02409625521161));
#6914=CARTESIAN_POINT('Ctrl Pts',(7.21651715021512,228.598794961678,-6.39349726726984));
#6915=CARTESIAN_POINT('Ctrl Pts',(14.4143368537155,225.901980041673,-12.375130797026));
#6916=CARTESIAN_POINT('Ctrl Pts',(21.6524708176266,221.411711725748,-19.4330104352481));
#6917=CARTESIAN_POINT('Ctrl Pts',(28.0821834703014,215.332906963285,-26.3444946729519));
#6918=CARTESIAN_POINT('Ctrl Pts',(33.5169644909397,207.477446898074,-32.7013430385442));
#6919=CARTESIAN_POINT('Ctrl Pts',(37.4580349544194,197.680617978796,-38.0138298268193));
#6920=CARTESIAN_POINT('Ctrl Pts',(38.5540555995347,189.979258391467,-40.3662421559716));
#6921=CARTESIAN_POINT('Ctrl Pts',(38.5915627000821,186.012295568647,-41.1338948738442));
#6922=CARTESIAN_POINT('Ctrl Pts',(-44.3370293834252,186.165048543691,-41.9055998196724));
#6923=CARTESIAN_POINT('Ctrl Pts',(-44.322725387317,189.996167089078,-41.1470021850454));
#6924=CARTESIAN_POINT('Ctrl Pts',(-43.3756882110809,197.461421840902,-38.8446567665657));
#6925=CARTESIAN_POINT('Ctrl Pts',(-38.5696038082191,210.342392689223,-31.8161673181301));
#6926=CARTESIAN_POINT('Ctrl Pts',(-30.2594685821839,220.375853176828,-21.8500681367888));
#6927=CARTESIAN_POINT('Ctrl Pts',(-21.7224988236571,225.63757865217,-13.0163141289764));
#6928=CARTESIAN_POINT('Ctrl Pts',(-16.4640427476541,227.705682357916,-8.5287620691441));
#6929=CARTESIAN_POINT('Ctrl Pts',(-13.6783517743162,228.562320557193,-6.45070652493344));
#6930=CARTESIAN_POINT('Ctrl Pts',(-10.6977153483807,229.232725228569,-4.63436970387017));
#6931=CARTESIAN_POINT('Ctrl Pts',(-7.46373634252236,229.680709519877,-3.29546516829377));
#6932=CARTESIAN_POINT('Ctrl Pts',(-3.99751150608644,229.846812517786,-2.76454683183674));
#6933=CARTESIAN_POINT('Ctrl Pts',(0.639542887847994,229.625891097018,-3.47100001292769));
#6934=CARTESIAN_POINT('Ctrl Pts',(6.81810766705912,228.457233491888,-6.92030613478994));
#6935=CARTESIAN_POINT('Ctrl Pts',(13.7373155103807,225.698201616361,-13.0329596307702));
#6936=CARTESIAN_POINT('Ctrl Pts',(20.6529153049339,221.124706282442,-20.2171723201963));
#6937=CARTESIAN_POINT('Ctrl Pts',(26.7355010420446,214.97715888158,-27.2088724840508));
#6938=CARTESIAN_POINT('Ctrl Pts',(31.8003568702219,207.118753412155,-33.580646411637));
#6939=CARTESIAN_POINT('Ctrl Pts',(35.3882792554488,197.463030944303,-38.8402008508674));
#6940=CARTESIAN_POINT('Ctrl Pts',(36.3414603235436,189.996167089079,-41.1470021850453));
#6941=CARTESIAN_POINT('Ctrl Pts',(36.3557643196517,186.165048543691,-41.9055998196724));
#6942=CARTESIAN_POINT('Ctrl Pts',(-42.9906325318867,186.165048543691,-41.9055998196724));
#6943=CARTESIAN_POINT('Ctrl Pts',(-42.9906325318866,189.885006522473,-41.1692631519235));
#6944=CARTESIAN_POINT('Ctrl Pts',(-42.129455946989,197.161727156966,-38.9509689001383));
#6945=CARTESIAN_POINT('Ctrl Pts',(-37.6112043225087,209.908724925639,-32.1256439144511));
#6946=CARTESIAN_POINT('Ctrl Pts',(-29.6218034833378,220.063496421543,-22.2528242774255));
#6947=CARTESIAN_POINT('Ctrl Pts',(-21.3145594019393,225.444085508436,-13.3720527075992));
#6948=CARTESIAN_POINT('Ctrl Pts',(-16.1840555554748,227.565522408106,-8.84555455409334));
#6949=CARTESIAN_POINT('Ctrl Pts',(-13.4633136071845,228.445140616044,-6.7463968015567));
#6950=CARTESIAN_POINT('Ctrl Pts',(-10.5502325422021,229.134229075161,-4.90988001700774));
#6951=CARTESIAN_POINT('Ctrl Pts',(-7.38782633049021,229.594987560962,-3.55498123626611));
#6952=CARTESIAN_POINT('Ctrl Pts',(-3.99736724124102,229.765905527096,-3.01750885988719));
#6953=CARTESIAN_POINT('Ctrl Pts',(0.538371921322095,229.538575976649,-3.73268693144207));
#6954=CARTESIAN_POINT('Ctrl Pts',(6.57907153117899,228.336672366421,-7.22290878469422));
#6955=CARTESIAN_POINT('Ctrl Pts',(13.3310767793929,225.504968659008,-13.3915559456739));
#6956=CARTESIAN_POINT('Ctrl Pts',(20.0530707941649,220.833912569928,-20.6022258715736));
#6957=CARTESIAN_POINT('Ctrl Pts',(25.9269328910476,214.601332423295,-27.5633666631982));
#6958=CARTESIAN_POINT('Ctrl Pts',(30.7687094748097,206.717207253861,-33.8376945033463));
#6959=CARTESIAN_POINT('Ctrl Pts',(34.142827636494,197.164190513286,-38.9474720043073));
#6960=CARTESIAN_POINT('Ctrl Pts',(35.0093674681132,189.885006522474,-41.1692631519234));
#6961=CARTESIAN_POINT('Ctrl Pts',(35.0093674681133,186.165048543691,-41.9055998196724));
#6962=CARTESIAN_POINT('Origin',(35.0093674681133,185.000000000001,-36.0197980993588));
#6963=CARTESIAN_POINT('Ctrl Pts',(28.4974083886485,210.254539612361,-30.9243758946163));
#6964=CARTESIAN_POINT('Ctrl Pts',(27.6415650588082,211.692993787533,-29.8080233048745));
#6965=CARTESIAN_POINT('Ctrl Pts',(25.0308951348253,215.552091402303,-26.5014682269062));
#6966=CARTESIAN_POINT('Ctrl Pts',(20.0530707941649,220.833912569928,-20.6022258715736));
#6967=CARTESIAN_POINT('Ctrl Pts',(13.3310767793929,225.504968659008,-13.3915559456739));
#6968=CARTESIAN_POINT('Ctrl Pts',(6.57907153117899,228.336672366421,-7.22290878469422));
#6969=CARTESIAN_POINT('Ctrl Pts',(0.538371921322095,229.538575976649,-3.73268693144207));
#6970=CARTESIAN_POINT('Ctrl Pts',(-3.99736724124102,229.765905527096,-3.01750885988719));
#6971=CARTESIAN_POINT('Ctrl Pts',(-7.38782633049021,229.594987560962,-3.55498123626611));
#6972=CARTESIAN_POINT('Ctrl Pts',(-10.5502325422021,229.134229075161,-4.90988001700774));
#6973=CARTESIAN_POINT('Ctrl Pts',(-13.4633136071845,228.445140616044,-6.7463968015567));
#6974=CARTESIAN_POINT('Ctrl Pts',(-16.1840555554748,227.565522408106,-8.84555455409334));
#6975=CARTESIAN_POINT('Ctrl Pts',(-21.3145594019393,225.444085508436,-13.3720527075992));
#6976=CARTESIAN_POINT('Ctrl Pts',(-28.5847707867671,220.735180888165,-21.1441954230854));
#6977=CARTESIAN_POINT('Ctrl Pts',(-34.0531467147207,214.342359733354,-27.7525496392227));
#6978=CARTESIAN_POINT('Ctrl Pts',(-36.48046122347,210.255015926783,-30.9236065334987));
#6979=CARTESIAN_POINT('Ctrl Pts',(41.0028173919046,64.0280086596859,-33.7928626417094));
#6980=CARTESIAN_POINT('Ctrl Pts',(41.0464560911423,63.530114923778,-33.7203455447151));
#6981=CARTESIAN_POINT('Ctrl Pts',(41.090617514511,62.6395518424583,-33.5728085725131));
#6982=CARTESIAN_POINT('Ctrl Pts',(41.1107561957009,61.880256012754,-33.4161989588017));
#6983=CARTESIAN_POINT('Ctrl Pts',(41.1224539840772,61.4986901618404,-33.3295161107337));
#6984=CARTESIAN_POINT('Ctrl Pts',(41.1250634267379,61.414791750303,-33.3102205308521));
#6985=CARTESIAN_POINT('Ctrl Pts',(41.1297030758399,61.2700745977401,-33.2763669238745));
#6986=CARTESIAN_POINT('Ctrl Pts',(41.1394129814603,60.9888702704687,-33.208315877212));
#6987=CARTESIAN_POINT('Ctrl Pts',(41.1553253362318,60.6089865315175,-33.1101224501556));
#6988=CARTESIAN_POINT('Ctrl Pts',(41.1796618766632,60.1817278157353,-32.9907523400954));
#6989=CARTESIAN_POINT('Ctrl Pts',(41.2000253083776,59.9148912394249,-32.9101785308849));
#6990=CARTESIAN_POINT('Ctrl Pts',(41.2132984035479,59.7635371898311,-32.8637121681791));
#6991=CARTESIAN_POINT('Ctrl Pts',(41.2197150613487,59.688905851289,-32.8518128382034));
#6992=CARTESIAN_POINT('Ctrl Pts',(41.230174813049,59.5611751535767,-32.8279665747439));
#6993=CARTESIAN_POINT('Ctrl Pts',(41.2479070393192,59.3304284748228,-32.7861097835493));
#6994=CARTESIAN_POINT('Ctrl Pts',(41.2774755455911,58.8878424909234,-32.7019010127062));
#6995=CARTESIAN_POINT('Ctrl Pts',(41.3202182149616,58.039598857198,-32.5314639591533));
#6996=CARTESIAN_POINT('Ctrl Pts',(41.3527306497846,56.9329617098147,-32.2820038219594));
#6997=CARTESIAN_POINT('Ctrl Pts',(41.3792671587511,55.92239241949,-32.0251680893309));
#6998=CARTESIAN_POINT('Ctrl Pts',(41.406011089429,55.1570750978333,-31.8155519262319));
#6999=CARTESIAN_POINT('Ctrl Pts',(41.4223205119509,54.7848867881979,-31.7093830866385));
#7000=CARTESIAN_POINT('Ctrl Pts',(41.4402792729977,54.4212576581194,-31.6038093784122));
#7001=CARTESIAN_POINT('Ctrl Pts',(41.4610594069847,53.9922048064321,-31.4988351313503));
#7002=CARTESIAN_POINT('Ctrl Pts',(41.4888733213332,53.371162711869,-31.3393391553522));
#7003=CARTESIAN_POINT('Ctrl Pts',(41.5142737017636,52.7239356762411,-31.1777916284164));
#7004=CARTESIAN_POINT('Ctrl Pts',(41.5345074936153,52.0647181209421,-31.0141734952208));
#7005=CARTESIAN_POINT('Ctrl Pts',(41.5453165422906,51.4942011796714,-30.8760872008496));
#7006=CARTESIAN_POINT('Ctrl Pts',(41.54847064401,51.0256186581844,-30.7645775081966));
#7007=CARTESIAN_POINT('Ctrl Pts',(41.5475713111412,50.6663141434401,-30.6804284227921));
#7008=CARTESIAN_POINT('Ctrl Pts',(41.5427707848384,50.2991324194801,-30.5957680979829));
#7009=CARTESIAN_POINT('Ctrl Pts',(41.5333653791415,49.9233240461163,-30.510605714862));
#7010=CARTESIAN_POINT('Ctrl Pts',(41.5222321620645,49.6342680285397,-30.4463669776697));
#7011=CARTESIAN_POINT('Ctrl Pts',(41.5136140535353,49.4551271224674,-30.406975122721));
#7012=CARTESIAN_POINT('Ctrl Pts',(41.5106909156927,49.3978708362046,-30.394428620039));
#7013=CARTESIAN_POINT('Ctrl Pts',(41.5089680564927,49.3650799496864,-30.3872556009938));
#7014=CARTESIAN_POINT('Ctrl Pts',(41.5063298884372,49.3158070301633,-30.3764923615521));
#7015=CARTESIAN_POINT('Ctrl Pts',(41.5030964522477,49.2580831119923,-30.3639255153551));
#7016=CARTESIAN_POINT('Ctrl Pts',(41.4991724657479,49.1917441939297,-30.3495506014882));
#7017=CARTESIAN_POINT('Ctrl Pts',(41.4971439879073,49.1586134696275,-30.3423582112733));
#7018=CARTESIAN_POINT('Ctrl Pts',(41.4944750538874,49.1157721798841,-30.3332191851246));
#7019=CARTESIAN_POINT('Ctrl Pts',(41.4881062377159,49.0216865524026,-30.322133250979));
#7020=CARTESIAN_POINT('Ctrl Pts',(41.4753721528237,48.8629408873645,-30.2999516168542));
#7021=CARTESIAN_POINT('Ctrl Pts',(41.4562493706931,48.662509715402,-30.2722078856158));
#7022=CARTESIAN_POINT('Ctrl Pts',(41.430467835926,48.4400344946614,-30.2388940580757));
#7023=CARTESIAN_POINT('Ctrl Pts',(41.3736085854138,48.0130090669126,-30.1722248178852));
#7024=CARTESIAN_POINT('Ctrl Pts',(41.2306913934731,47.2008078053636,-30.0275854599327));
#7025=CARTESIAN_POINT('Ctrl Pts',(41.0921452132898,46.6195921452379,-29.8935306927112));
#7026=CARTESIAN_POINT('Ctrl Pts',(41.0093674681448,46.2814541000352,-29.8039491738787));
#7027=CARTESIAN_POINT('Ctrl Pts',(41.0286906525381,63.7328088800864,-35.2420021190862));
#7028=CARTESIAN_POINT('Ctrl Pts',(41.0653582731711,63.2315709786619,-35.1644832995516));
#7029=CARTESIAN_POINT('Ctrl Pts',(41.1005712938675,62.335704284801,-35.010159008841));
#7030=CARTESIAN_POINT('Ctrl Pts',(41.119287462855,61.5706220313686,-34.8513969113542));
#7031=CARTESIAN_POINT('Ctrl Pts',(41.1319402142261,61.1857850760039,-34.764605108586));
#7032=CARTESIAN_POINT('Ctrl Pts',(41.1348082968815,61.1011540110292,-34.7453140342481));
#7033=CARTESIAN_POINT('Ctrl Pts',(41.1400136058219,60.9551509367425,-34.71153790073));
#7034=CARTESIAN_POINT('Ctrl Pts',(41.1512986611275,60.6713526501186,-34.6439151421042));
#7035=CARTESIAN_POINT('Ctrl Pts',(41.1706666865631,60.2877302975127,-34.5470769592579));
#7036=CARTESIAN_POINT('Ctrl Pts',(41.2008094646836,59.8560563586746,-34.4303610911565));
#7037=CARTESIAN_POINT('Ctrl Pts',(41.2261315872381,59.5864359860183,-34.3522398382386));
#7038=CARTESIAN_POINT('Ctrl Pts',(41.2423694701368,59.4335541488088,-34.3072594113668));
#7039=CARTESIAN_POINT('Ctrl Pts',(41.2475345452378,59.3584439347116,-34.2944752890748));
#7040=CARTESIAN_POINT('Ctrl Pts',(41.2566894656105,59.2298227353301,-34.269614683233));
#7041=CARTESIAN_POINT('Ctrl Pts',(41.2717202180357,58.9975289839532,-34.2257217639305));
#7042=CARTESIAN_POINT('Ctrl Pts',(41.2968938636967,58.5519918056895,-34.1380796818564));
#7043=CARTESIAN_POINT('Ctrl Pts',(41.3327736467982,57.6981280391234,-33.961987361341));
#7044=CARTESIAN_POINT('Ctrl Pts',(41.3612558997785,56.5835533846079,-33.7080107133057));
#7045=CARTESIAN_POINT('Ctrl Pts',(41.3892972967202,55.5645297590191,-33.4500148029417));
#7046=CARTESIAN_POINT('Ctrl Pts',(41.4198574159182,54.7922527437132,-33.2410510783291));
#7047=CARTESIAN_POINT('Ctrl Pts',(41.4387571402527,54.4165919997473,-33.1356149833716));
#7048=CARTESIAN_POINT('Ctrl Pts',(41.4595455327754,54.0495341135537,-33.0309291120423));
#7049=CARTESIAN_POINT('Ctrl Pts',(41.4787349071477,53.6173271510717,-32.9241113763266));
#7050=CARTESIAN_POINT('Ctrl Pts',(41.5054986269653,52.9915195955999,-32.7626600649729));
#7051=CARTESIAN_POINT('Ctrl Pts',(41.5281035373609,52.3396801432872,-32.5980644750963));
#7052=CARTESIAN_POINT('Ctrl Pts',(41.5446359217383,51.6760043483973,-32.43083216178));
#7053=CARTESIAN_POINT('Ctrl Pts',(41.55089488194,51.1020661760609,-32.2888215064556));
#7054=CARTESIAN_POINT('Ctrl Pts',(41.549492810253,50.6309555420652,-32.1736186778152));
#7055=CARTESIAN_POINT('Ctrl Pts',(41.5446274800084,50.2699350110951,-32.0863602876121));
#7056=CARTESIAN_POINT('Ctrl Pts',(41.5352929142757,49.9012394396764,-31.9982436483208));
#7057=CARTESIAN_POINT('Ctrl Pts',(41.5207277795106,49.5241641560692,-31.9092447440373));
#7058=CARTESIAN_POINT('Ctrl Pts',(41.5052278024703,49.2344147825667,-31.8418198512802));
#7059=CARTESIAN_POINT('Ctrl Pts',(41.4937384131018,49.0549316828086,-31.8003633275427));
#7060=CARTESIAN_POINT('Ctrl Pts',(41.4898821129787,48.9975761051979,-31.7871482200353));
#7061=CARTESIAN_POINT('Ctrl Pts',(41.4876205766065,48.9647313983303,-31.7795898627763));
#7062=CARTESIAN_POINT('Ctrl Pts',(41.4841681045127,48.9153809794268,-31.7682448119568));
#7063=CARTESIAN_POINT('Ctrl Pts',(41.4799715916421,48.8575801925733,-31.7549899490243));
#7064=CARTESIAN_POINT('Ctrl Pts',(41.4749162708948,48.7911643353578,-31.7398112234818));
#7065=CARTESIAN_POINT('Ctrl Pts',(41.4723251111202,48.7579977503457,-31.7322184500271));
#7066=CARTESIAN_POINT('Ctrl Pts',(41.4688902615316,48.715126872545,-31.7225397693111));
#7067=CARTESIAN_POINT('Ctrl Pts',(41.4587930590394,48.6218574775352,-31.7090930039245));
#7068=CARTESIAN_POINT('Ctrl Pts',(41.4405787761429,48.4643032771205,-31.6833897003539));
#7069=CARTESIAN_POINT('Ctrl Pts',(41.4145129400629,48.2656156059545,-31.6511750106991));
#7070=CARTESIAN_POINT('Ctrl Pts',(41.3816287102882,48.0451122706135,-31.6132302650668));
#7071=CARTESIAN_POINT('Ctrl Pts',(41.3118083084224,47.6220231250692,-31.538025225487));
#7072=CARTESIAN_POINT('Ctrl Pts',(41.1484251652115,46.8172184436072,-31.379383095591));
#7073=CARTESIAN_POINT('Ctrl Pts',(41.0017551899971,46.2388056199503,-31.2388715889304));
#7074=CARTESIAN_POINT('Ctrl Pts',(40.9160597128964,45.9003021139946,-31.1467164187579));
#7075=CARTESIAN_POINT('Ctrl Pts',(40.4860743493809,63.3892278920175,-36.6841022668744));
#7076=CARTESIAN_POINT('Ctrl Pts',(40.5181349098521,62.8988359011358,-36.6017031172147));
#7077=CARTESIAN_POINT('Ctrl Pts',(40.5482486767951,62.0149986014682,-36.4407273108226));
#7078=CARTESIAN_POINT('Ctrl Pts',(40.5662113900773,61.2469563498322,-36.2798418636956));
#7079=CARTESIAN_POINT('Ctrl Pts',(40.5793732562776,60.8573149336357,-36.1929278214372));
#7080=CARTESIAN_POINT('Ctrl Pts',(40.5823807841101,60.7715292568208,-36.173637912823));
#7081=CARTESIAN_POINT('Ctrl Pts',(40.5878915688163,60.623300602793,-36.1399313054818));
#7082=CARTESIAN_POINT('Ctrl Pts',(40.6000345979215,60.3342512905486,-36.0727138384083));
#7083=CARTESIAN_POINT('Ctrl Pts',(40.6213243667837,59.9410173384943,-35.9771785439909));
#7084=CARTESIAN_POINT('Ctrl Pts',(40.6548371828401,59.4951079402566,-35.8630266729357));
#7085=CARTESIAN_POINT('Ctrl Pts',(40.6831948281013,59.2143585514427,-35.7872786337506));
#7086=CARTESIAN_POINT('Ctrl Pts',(40.7013034124269,59.0549843235991,-35.7437361765217));
#7087=CARTESIAN_POINT('Ctrl Pts',(40.7056675157898,58.9816631875976,-35.7300889343433));
#7088=CARTESIAN_POINT('Ctrl Pts',(40.7139958764599,58.85455932314,-35.704236987443));
#7089=CARTESIAN_POINT('Ctrl Pts',(40.7273386515176,58.6256295390426,-35.6583549993471));
#7090=CARTESIAN_POINT('Ctrl Pts',(40.7498531498584,58.1850563926472,-35.5673552391385));
#7091=CARTESIAN_POINT('Ctrl Pts',(40.7817922555682,57.3376738514133,-35.3857243240715));
#7092=CARTESIAN_POINT('Ctrl Pts',(40.8081321412972,56.2220918008999,-35.1272977088325));
#7093=CARTESIAN_POINT('Ctrl Pts',(40.8369094812619,55.1925670884964,-34.8681180938679));
#7094=CARTESIAN_POINT('Ctrl Pts',(40.8695151163095,54.4077586656449,-34.6597505036389));
#7095=CARTESIAN_POINT('Ctrl Pts',(40.8898279441594,54.0248594468459,-34.5550044320089));
#7096=CARTESIAN_POINT('Ctrl Pts',(40.9121911116593,53.6502796651726,-34.4511613603925));
#7097=CARTESIAN_POINT('Ctrl Pts',(40.9304607297366,53.2176310722897,-34.342525711697));
#7098=CARTESIAN_POINT('Ctrl Pts',(40.9566071489975,52.5889972940878,-34.1791343319235));
#7099=CARTESIAN_POINT('Ctrl Pts',(40.9776403610517,51.9370424595848,-34.0115326816598));
#7100=CARTESIAN_POINT('Ctrl Pts',(40.9921673142191,51.2745769635349,-33.840743520612));
#7101=CARTESIAN_POINT('Ctrl Pts',(40.9960367810056,50.7039140552295,-33.6948738621148));
#7102=CARTESIAN_POINT('Ctrl Pts',(40.9923556559692,50.2367814669164,-33.5760500540543));
#7103=CARTESIAN_POINT('Ctrl Pts',(40.9855538830841,49.8796203577251,-33.4857419876436));
#7104=CARTESIAN_POINT('Ctrl Pts',(40.974077413379,49.5156833837091,-33.3942369738957));
#7105=CARTESIAN_POINT('Ctrl Pts',(40.9571675092358,49.1443686326603,-33.3014795746551));
#7106=CARTESIAN_POINT('Ctrl Pts',(40.9397603577439,48.8597900404151,-33.2309308899727));
#7107=CARTESIAN_POINT('Ctrl Pts',(40.9270691759244,48.6837773830372,-33.187455094473));
#7108=CARTESIAN_POINT('Ctrl Pts',(40.9228268362168,48.6275579052969,-33.1735863416071));
#7109=CARTESIAN_POINT('Ctrl Pts',(40.9203437015849,48.5953714934521,-33.1656513146968));
#7110=CARTESIAN_POINT('Ctrl Pts',(40.916557511181,48.5470190529851,-33.1537375843768));
#7111=CARTESIAN_POINT('Ctrl Pts',(40.9119678442752,48.4904118582318,-33.1398094794535));
#7112=CARTESIAN_POINT('Ctrl Pts',(40.9064579189853,48.425406178179,-33.12384509645));
#7113=CARTESIAN_POINT('Ctrl Pts',(40.9036419415946,48.3929420705001,-33.1158608205742));
#7114=CARTESIAN_POINT('Ctrl Pts',(40.8999026095901,48.3510468381894,-33.1056546438623));
#7115=CARTESIAN_POINT('Ctrl Pts',(40.8883571427219,48.2635490773662,-33.0899051723347));
#7116=CARTESIAN_POINT('Ctrl Pts',(40.8681248876454,48.114415289836,-33.0607657931138));
#7117=CARTESIAN_POINT('Ctrl Pts',(40.8396496926527,47.9265806406936,-33.0241865532585));
#7118=CARTESIAN_POINT('Ctrl Pts',(40.804535438855,47.7172784039936,-32.981720310372));
#7119=CARTESIAN_POINT('Ctrl Pts',(40.7309800721017,47.3148483466474,-32.8981767007382));
#7120=CARTESIAN_POINT('Ctrl Pts',(40.5632175454014,46.5432912088368,-32.7258363308791));
#7121=CARTESIAN_POINT('Ctrl Pts',(40.4155987887268,45.9773087098193,-32.5789308786176));
#7122=CARTESIAN_POINT('Ctrl Pts',(40.3294555322351,45.641485904161,-32.4842502935415));
#7123=CARTESIAN_POINT('Ctrl Pts',(39.512114674464,63.0841057404498,-37.7546724815925));
#7124=CARTESIAN_POINT('Ctrl Pts',(39.5423483036808,62.615519032457,-37.670756070705));
#7125=CARTESIAN_POINT('Ctrl Pts',(39.571508310457,61.7574548253868,-37.5074689230754));
#7126=CARTESIAN_POINT('Ctrl Pts',(39.5894179724139,60.989924053646,-37.3454238813008));
#7127=CARTESIAN_POINT('Ctrl Pts',(39.6026201286469,60.5952103479182,-37.2581327733771));
#7128=CARTESIAN_POINT('Ctrl Pts',(39.6056413703247,60.508154405739,-37.2387670162093));
#7129=CARTESIAN_POINT('Ctrl Pts',(39.6111829503206,60.3573551498675,-37.2049438224462));
#7130=CARTESIAN_POINT('Ctrl Pts',(39.6234243655156,60.0618180264544,-37.137559650312));
#7131=CARTESIAN_POINT('Ctrl Pts',(39.6449974094055,59.6557441550773,-37.041966252104));
#7132=CARTESIAN_POINT('Ctrl Pts',(39.6792260531564,59.189770766448,-36.9279914824976));
#7133=CARTESIAN_POINT('Ctrl Pts',(39.7084618770052,58.8927284108068,-36.8525228202116));
#7134=CARTESIAN_POINT('Ctrl Pts',(39.7271897678844,58.7237713817611,-36.809158094324));
#7135=CARTESIAN_POINT('Ctrl Pts',(39.7312725913385,58.6539580738991,-36.795246317827));
#7136=CARTESIAN_POINT('Ctrl Pts',(39.739321990573,58.5302964029567,-36.7690499673633));
#7137=CARTESIAN_POINT('Ctrl Pts',(39.75212716625,58.3085866958625,-36.722500287877));
#7138=CARTESIAN_POINT('Ctrl Pts',(39.7739150448381,57.8793128300321,-36.6303162442076));
#7139=CARTESIAN_POINT('Ctrl Pts',(39.8050802742927,57.0483827449127,-36.4466005845741));
#7140=CARTESIAN_POINT('Ctrl Pts',(39.831256185147,55.9386850211257,-36.1860359298585));
#7141=CARTESIAN_POINT('Ctrl Pts',(39.8599808618159,54.8993395625267,-35.9255160580441));
#7142=CARTESIAN_POINT('Ctrl Pts',(39.8927645120112,54.0998609511205,-35.7164623439229));
#7143=CARTESIAN_POINT('Ctrl Pts',(39.9132384740282,53.7079790227902,-35.6114583332221));
#7144=CARTESIAN_POINT('Ctrl Pts',(39.9358307254767,53.3239044333315,-35.5074022773895));
#7145=CARTESIAN_POINT('Ctrl Pts',(39.9539095803876,52.893512446967,-35.3978787901263));
#7146=CARTESIAN_POINT('Ctrl Pts',(39.9799105522416,52.2646223906976,-35.2333434536396));
#7147=CARTESIAN_POINT('Ctrl Pts',(40.0006842287638,51.6168576440084,-35.064315646532));
#7148=CARTESIAN_POINT('Ctrl Pts',(40.0149976366011,50.9606757783528,-34.8919543088283));
#7149=CARTESIAN_POINT('Ctrl Pts',(40.0187320574863,50.3988089088909,-34.7445258961027));
#7150=CARTESIAN_POINT('Ctrl Pts',(40.0151107643375,49.9408127274261,-34.6243284333897));
#7151=CARTESIAN_POINT('Ctrl Pts',(40.0084398570238,49.5918203053959,-34.5328952248574));
#7152=CARTESIAN_POINT('Ctrl Pts',(39.9972341512994,49.2373877950322,-34.4401751078828));
#7153=CARTESIAN_POINT('Ctrl Pts',(39.9807888518355,48.8770469009693,-34.3461067539131));
#7154=CARTESIAN_POINT('Ctrl Pts',(39.963903301398,48.601906645286,-34.2744855748558));
#7155=CARTESIAN_POINT('Ctrl Pts',(39.951644827123,48.4321120804499,-34.2303357415712));
#7156=CARTESIAN_POINT('Ctrl Pts',(39.9475508415415,48.3779163089653,-34.2162501259483));
#7157=CARTESIAN_POINT('Ctrl Pts',(39.9451554565029,48.346899055121,-34.20819043918));
#7158=CARTESIAN_POINT('Ctrl Pts',(39.9415040554614,48.3003152670772,-34.1960888366133));
#7159=CARTESIAN_POINT('Ctrl Pts',(39.9370760545477,48.2458092644039,-34.1819371270466));
#7160=CARTESIAN_POINT('Ctrl Pts',(39.9317685540229,48.1832727628935,-34.1657149361604));
#7161=CARTESIAN_POINT('Ctrl Pts',(39.9290553470939,48.1520365681443,-34.1576016961503));
#7162=CARTESIAN_POINT('Ctrl Pts',(39.9254585347331,48.1118277620271,-34.147224156155));
#7163=CARTESIAN_POINT('Ctrl Pts',(39.9146644020623,48.0333784649475,-34.1308402859018));
#7164=CARTESIAN_POINT('Ctrl Pts',(39.8957229149989,47.89745817091,-34.1007312484117));
#7165=CARTESIAN_POINT('Ctrl Pts',(39.8691302338223,47.7264779061378,-34.0629159392261));
#7166=CARTESIAN_POINT('Ctrl Pts',(39.8363373886845,47.5344351666974,-34.0191502885878));
#7167=CARTESIAN_POINT('Ctrl Pts',(39.7675806008051,47.1635968711435,-33.933179984002));
#7168=CARTESIAN_POINT('Ctrl Pts',(39.60995121107,46.4420602129261,-33.7566783569195));
#7169=CARTESIAN_POINT('Ctrl Pts',(39.4676551415759,45.8948731046117,-33.6074071899697));
#7170=CARTESIAN_POINT('Ctrl Pts',(39.3832460299207,45.5639914544467,-33.5117176825937));
#7171=CARTESIAN_POINT('Ctrl Pts',(39.5691362205202,63.1021627813909,-37.6910529538286));
#7172=CARTESIAN_POINT('Ctrl Pts',(40.0056209196157,63.222587384092,-37.1947408253677));
#7173=CARTESIAN_POINT('Ctrl Pts',(40.3539155382811,63.353080083811,-36.628673906785));
#7174=CARTESIAN_POINT('Ctrl Pts',(40.8701799618417,63.638769229121,-35.336988096089));
#7175=CARTESIAN_POINT('Ctrl Pts',(41.009367468153,63.7923619221254,-34.6131660414714));
#7176=CARTESIAN_POINT('Ctrl Pts',(41.0093674681543,63.9415934763316,-33.8820994900213));
#7177=CARTESIAN_POINT('Origin',(35.0093674681413,100.,144.));
#7178=CARTESIAN_POINT('Ctrl Pts',(39.4815034231357,86.3893424110579,-41.));
#7179=CARTESIAN_POINT('Ctrl Pts',(39.9175927590339,86.4072534743453,-40.5124373003345));
#7180=CARTESIAN_POINT('Ctrl Pts',(40.2715655704089,86.4277228421952,-39.9562118874528));
#7181=CARTESIAN_POINT('Ctrl Pts',(40.8435640559262,86.4772313229792,-38.6145300166759));
#7182=CARTESIAN_POINT('Ctrl Pts',(41.0069928643543,86.5066256811018,-37.820308172923));
#7183=CARTESIAN_POINT('Ctrl Pts',(41.009358906189,86.5366532490707,-37.0117043077508));
#7184=CARTESIAN_POINT('Ctrl Pts',(41.0093674681445,86.5368706392227,-37.0058521378248));
#7185=CARTESIAN_POINT('Ctrl Pts',(41.0093674681445,86.5370879821658,-36.999999999983));
#7186=CARTESIAN_POINT('Ctrl Pts',(-48.9906325318582,62.4409696150378,-43.));
#7187=CARTESIAN_POINT('Ctrl Pts',(-48.9906325318582,62.4409696150378,0.999999999999988));
#7188=CARTESIAN_POINT('Ctrl Pts',(-48.9473595950118,62.1938623282608,-43.));
#7189=CARTESIAN_POINT('Ctrl Pts',(-48.9473595950118,62.1938623282608,0.999999999999988));
#7190=CARTESIAN_POINT('Ctrl Pts',(-48.9044736878985,61.9527632361188,-43.));
#7191=CARTESIAN_POINT('Ctrl Pts',(-48.9044736878985,61.9527632361188,0.999999999999988));
#7192=CARTESIAN_POINT('Ctrl Pts',(-48.86445117911,61.722953369259,-43.));
#7193=CARTESIAN_POINT('Ctrl Pts',(-48.86445117911,61.722953369259,0.999999999999988));
#7194=CARTESIAN_POINT('Ctrl Pts',(-48.7371057587527,60.9917339883816,-43.));
#7195=CARTESIAN_POINT('Ctrl Pts',(-48.7371057587527,60.9917339883816,0.999999999999988));
#7196=CARTESIAN_POINT('Ctrl Pts',(-48.6398388632974,60.3805578561312,-43.));
#7197=CARTESIAN_POINT('Ctrl Pts',(-48.6398388632974,60.3805578561312,0.999999999999988));
#7198=CARTESIAN_POINT('Ctrl Pts',(-48.586925131253,59.7913733292975,-43.));
#7199=CARTESIAN_POINT('Ctrl Pts',(-48.586925131253,59.7913733292975,0.999999999999988));
#7200=CARTESIAN_POINT('Ctrl Pts',(-48.5427110229021,59.2990574879912,-43.));
#7201=CARTESIAN_POINT('Ctrl Pts',(-48.5427110229021,59.2990574879912,0.999999999999988));
#7202=CARTESIAN_POINT('Ctrl Pts',(-48.5029112559429,58.657436344422,-43.));
#7203=CARTESIAN_POINT('Ctrl Pts',(-48.5029112559429,58.657436344422,0.999999999999988));
#7204=CARTESIAN_POINT('Ctrl Pts',(-48.4708697982645,57.9706419192885,-43.));
#7205=CARTESIAN_POINT('Ctrl Pts',(-48.4708697982645,57.9706419192885,0.999999999999988));
#7206=CARTESIAN_POINT('Ctrl Pts',(-48.4242170643736,56.9706612731199,-43.));
#7207=CARTESIAN_POINT('Ctrl Pts',(-48.4242170643736,56.9706612731199,0.999999999999988));
#7208=CARTESIAN_POINT('Ctrl Pts',(-48.3925851553576,55.9232866044122,-43.));
#7209=CARTESIAN_POINT('Ctrl Pts',(-48.3925851553576,55.9232866044122,0.999999999999988));
#7210=CARTESIAN_POINT('Ctrl Pts',(-48.2941930522953,54.7749187907341,-43.));
#7211=CARTESIAN_POINT('Ctrl Pts',(-48.2941930522953,54.7749187907341,0.999999999999988));
#7212=CARTESIAN_POINT('Ctrl Pts',(-48.2560143122454,54.3293216861343,-43.));
#7213=CARTESIAN_POINT('Ctrl Pts',(-48.2560143122454,54.3293216861343,0.999999999999988));
#7214=CARTESIAN_POINT('Ctrl Pts',(-48.2375253905015,53.7641019516727,-43.));
#7215=CARTESIAN_POINT('Ctrl Pts',(-48.2375253905015,53.7641019516727,0.999999999999988));
#7216=CARTESIAN_POINT('Ctrl Pts',(-48.2062296609097,53.1286979141178,-43.));
#7217=CARTESIAN_POINT('Ctrl Pts',(-48.2062296609097,53.1286979141178,0.999999999999988));
#7218=CARTESIAN_POINT('Ctrl Pts',(-48.1416690127537,51.8179089649344,-43.));
#7219=CARTESIAN_POINT('Ctrl Pts',(-48.1416690127537,51.8179089649344,0.999999999999988));
#7220=CARTESIAN_POINT('Ctrl Pts',(-48.0317449096932,50.3071898216478,-43.));
#7221=CARTESIAN_POINT('Ctrl Pts',(-48.0317449096932,50.3071898216478,0.999999999999988));
#7222=CARTESIAN_POINT('Ctrl Pts',(-47.3680078452807,48.6046185465035,-43.));
#7223=CARTESIAN_POINT('Ctrl Pts',(-47.3680078452807,48.6046185465035,0.999999999999988));
#7224=CARTESIAN_POINT('Ctrl Pts',(-46.9561414537321,47.5481280700094,-43.));
#7225=CARTESIAN_POINT('Ctrl Pts',(-46.9561414537321,47.5481280700094,0.999999999999988));
#7226=CARTESIAN_POINT('Ctrl Pts',(-46.4154587913979,46.6569929555454,-43.));
#7227=CARTESIAN_POINT('Ctrl Pts',(-46.4154587913979,46.6569929555454,0.999999999999988));
#7228=CARTESIAN_POINT('Ctrl Pts',(-45.8863212299194,45.8760031356493,-43.));
#7229=CARTESIAN_POINT('Ctrl Pts',(-45.8863212299194,45.8760031356493,0.999999999999988));
#7230=CARTESIAN_POINT('Ctrl Pts',(-44.9699930647581,44.5235325858827,-43.));
#7231=CARTESIAN_POINT('Ctrl Pts',(-44.9699930647581,44.5235325858827,0.999999999999988));
#7232=CARTESIAN_POINT('Ctrl Pts',(-44.0479271915267,43.4307539709238,-43.));
#7233=CARTESIAN_POINT('Ctrl Pts',(-44.0479271915267,43.4307539709238,0.999999999999988));
#7234=CARTESIAN_POINT('Ctrl Pts',(-43.4191211541185,42.5226565208595,-43.));
#7235=CARTESIAN_POINT('Ctrl Pts',(-43.4191211541185,42.5226565208595,0.999999999999988));
#7236=CARTESIAN_POINT('Ctrl Pts',(-43.2390582671439,42.2626166376758,-43.));
#7237=CARTESIAN_POINT('Ctrl Pts',(-43.2390582671439,42.2626166376758,0.999999999999988));
#7238=CARTESIAN_POINT('Ctrl Pts',(-43.0590390149283,42.0079179557369,-43.));
#7239=CARTESIAN_POINT('Ctrl Pts',(-43.0590390149283,42.0079179557369,0.999999999999988));
#7240=CARTESIAN_POINT('Ctrl Pts',(-42.8803343127073,41.7582847464214,-43.));
#7241=CARTESIAN_POINT('Ctrl Pts',(-42.8803343127073,41.7582847464214,0.999999999999988));
#7242=CARTESIAN_POINT('Ctrl Pts',(-42.5943089365259,41.3587349208464,-43.));
#7243=CARTESIAN_POINT('Ctrl Pts',(-42.5943089365259,41.3587349208464,0.999999999999988));
#7244=CARTESIAN_POINT('Ctrl Pts',(-42.3263119298543,40.992040923727,-43.));
#7245=CARTESIAN_POINT('Ctrl Pts',(-42.3263119298543,40.992040923727,0.999999999999988));
#7246=CARTESIAN_POINT('Ctrl Pts',(-42.027524360333,40.5847045916969,-43.));
#7247=CARTESIAN_POINT('Ctrl Pts',(-42.027524360333,40.5847045916969,0.999999999999988));
#7248=CARTESIAN_POINT('Ctrl Pts',(-41.4308091323652,39.7712042422135,-43.));
#7249=CARTESIAN_POINT('Ctrl Pts',(-41.4308091323652,39.7712042422135,0.999999999999988));
#7250=CARTESIAN_POINT('Ctrl Pts',(-40.5636640263502,38.6297606225841,-43.));
#7251=CARTESIAN_POINT('Ctrl Pts',(-40.5636640263502,38.6297606225841,0.999999999999988));
#7252=CARTESIAN_POINT('Ctrl Pts',(-39.7653536520547,37.3767960463969,-43.));
#7253=CARTESIAN_POINT('Ctrl Pts',(-39.7653536520547,37.3767960463969,0.999999999999988));
#7254=CARTESIAN_POINT('Ctrl Pts',(-39.3772036545357,36.7675866301123,-43.));
#7255=CARTESIAN_POINT('Ctrl Pts',(-39.3772036545357,36.7675866301123,0.999999999999988));
#7256=CARTESIAN_POINT('Ctrl Pts',(-38.974871712575,36.1219210497888,-43.));
#7257=CARTESIAN_POINT('Ctrl Pts',(-38.974871712575,36.1219210497888,0.999999999999988));
#7258=CARTESIAN_POINT('Ctrl Pts',(-38.5792815454602,35.4506066373174,-43.));
#7259=CARTESIAN_POINT('Ctrl Pts',(-38.5792815454602,35.4506066373174,0.999999999999988));
#7260=CARTESIAN_POINT('Ctrl Pts',(-38.0317551632814,34.5214572748704,-43.));
#7261=CARTESIAN_POINT('Ctrl Pts',(-38.0317551632814,34.5214572748704,0.999999999999988));
#7262=CARTESIAN_POINT('Ctrl Pts',(-37.4709351451371,33.4750738863714,-43.));
#7263=CARTESIAN_POINT('Ctrl Pts',(-37.4709351451371,33.4750738863714,0.999999999999988));
#7264=CARTESIAN_POINT('Ctrl Pts',(-37.0844324715546,32.6355411657015,-43.));
#7265=CARTESIAN_POINT('Ctrl Pts',(-37.0844324715546,32.6355411657015,0.999999999999988));
#7266=CARTESIAN_POINT('Ctrl Pts',(-36.6440407846731,31.6789546882497,-43.));
#7267=CARTESIAN_POINT('Ctrl Pts',(-36.6440407846731,31.6789546882497,0.999999999999988));
#7268=CARTESIAN_POINT('Ctrl Pts',(-36.3456072486598,30.8236813704262,-43.));
#7269=CARTESIAN_POINT('Ctrl Pts',(-36.3456072486598,30.8236813704262,0.999999999999988));
#7270=CARTESIAN_POINT('Ctrl Pts',(-35.9920964247301,29.7806444953939,-43.));
#7271=CARTESIAN_POINT('Ctrl Pts',(-35.9920964247301,29.7806444953939,0.999999999999988));
#7272=CARTESIAN_POINT('Ctrl Pts',(-35.8604755025685,29.3922957772012,-43.));
#7273=CARTESIAN_POINT('Ctrl Pts',(-35.8604755025685,29.3922957772012,0.999999999999988));
#7274=CARTESIAN_POINT('Ctrl Pts',(-35.7136049104967,28.9517762674292,-43.));
#7275=CARTESIAN_POINT('Ctrl Pts',(-35.7136049104967,28.9517762674292,0.999999999999988));
#7276=CARTESIAN_POINT('Ctrl Pts',(-35.5615659063263,28.50841660937,-43.));
#7277=CARTESIAN_POINT('Ctrl Pts',(-35.5615659063263,28.50841660937,0.999999999999988));
#7278=CARTESIAN_POINT('Ctrl Pts',(-35.4624250154697,28.2193126935052,-43.));
#7279=CARTESIAN_POINT('Ctrl Pts',(-35.4624250154697,28.2193126935052,0.999999999999988));
#7280=CARTESIAN_POINT('Ctrl Pts',(-35.3934788828292,28.0227293285117,-43.));
#7281=CARTESIAN_POINT('Ctrl Pts',(-35.3934788828292,28.0227293285117,0.999999999999988));
#7282=CARTESIAN_POINT('Ctrl Pts',(-35.3206423950137,27.8186800960043,-43.));
#7283=CARTESIAN_POINT('Ctrl Pts',(-35.3206423950137,27.8186800960043,0.999999999999988));
#7284=CARTESIAN_POINT('Ctrl Pts',(-35.3017659954648,27.7657984297409,-43.));
#7285=CARTESIAN_POINT('Ctrl Pts',(-35.3017659954648,27.7657984297409,0.999999999999988));
#7286=CARTESIAN_POINT('Ctrl Pts',(-35.2823185117812,27.7111273072508,-43.));
#7287=CARTESIAN_POINT('Ctrl Pts',(-35.2823185117812,27.7111273072508,0.999999999999988));
#7288=CARTESIAN_POINT('Ctrl Pts',(-35.2610090110642,27.6509756902905,-43.));
#7289=CARTESIAN_POINT('Ctrl Pts',(-35.2610090110642,27.6509756902905,0.999999999999988));
#7290=CARTESIAN_POINT('Ctrl Pts',(-35.1857100454128,27.4384247441409,-43.));
#7291=CARTESIAN_POINT('Ctrl Pts',(-35.1857100454128,27.4384247441409,0.999999999999988));
#7292=CARTESIAN_POINT('Ctrl Pts',(-35.0667405656224,27.0979934577415,-43.));
#7293=CARTESIAN_POINT('Ctrl Pts',(-35.0667405656224,27.0979934577415,0.999999999999988));
#7294=CARTESIAN_POINT('Ctrl Pts',(-34.9527327832151,26.7671841803832,-43.));
#7295=CARTESIAN_POINT('Ctrl Pts',(-34.9527327832151,26.7671841803832,0.999999999999988));
#7296=CARTESIAN_POINT('Ctrl Pts',(-34.7777020599192,26.259308438338,-43.));
#7297=CARTESIAN_POINT('Ctrl Pts',(-34.7777020599192,26.259308438338,0.999999999999988));
#7298=CARTESIAN_POINT('Ctrl Pts',(-34.6008729448752,25.7381551807368,-43.));
#7299=CARTESIAN_POINT('Ctrl Pts',(-34.6008729448752,25.7381551807368,0.999999999999988));
#7300=CARTESIAN_POINT('Ctrl Pts',(-34.4074866945775,25.1794835314689,-43.));
#7301=CARTESIAN_POINT('Ctrl Pts',(-34.4074866945775,25.1794835314689,0.999999999999988));
#7302=CARTESIAN_POINT('Ctrl Pts',(-34.1370070655885,24.3980975736354,-43.));
#7303=CARTESIAN_POINT('Ctrl Pts',(-34.1370070655885,24.3980975736354,0.999999999999988));
#7304=CARTESIAN_POINT('Ctrl Pts',(-33.8373681080005,23.5426297069906,-43.));
#7305=CARTESIAN_POINT('Ctrl Pts',(-33.8373681080005,23.5426297069906,0.999999999999988));
#7306=CARTESIAN_POINT('Ctrl Pts',(-33.438562033409,22.5421096299826,-43.));
#7307=CARTESIAN_POINT('Ctrl Pts',(-33.438562033409,22.5421096299826,0.999999999999988));
#7308=CARTESIAN_POINT('Ctrl Pts',(-32.8399061659284,21.0402086991942,-43.));
#7309=CARTESIAN_POINT('Ctrl Pts',(-32.8399061659284,21.0402086991942,0.999999999999988));
#7310=CARTESIAN_POINT('Ctrl Pts',(-32.0815882842626,19.2953677667099,-43.));
#7311=CARTESIAN_POINT('Ctrl Pts',(-32.0815882842626,19.2953677667099,0.999999999999988));
#7312=CARTESIAN_POINT('Ctrl Pts',(-31.007819402378,17.0951269850478,-43.));
#7313=CARTESIAN_POINT('Ctrl Pts',(-31.007819402378,17.0951269850478,0.999999999999988));
#7314=CARTESIAN_POINT('Ctrl Pts',(-30.783969653069,16.6364404318203,-43.));
#7315=CARTESIAN_POINT('Ctrl Pts',(-30.783969653069,16.6364404318203,0.999999999999988));
#7316=CARTESIAN_POINT('Ctrl Pts',(-30.5433636635002,16.1518791533685,-43.));
#7317=CARTESIAN_POINT('Ctrl Pts',(-30.5433636635002,16.1518791533685,0.999999999999988));
#7318=CARTESIAN_POINT('Ctrl Pts',(-30.287940448266,15.6493648421131,-43.));
#7319=CARTESIAN_POINT('Ctrl Pts',(-30.287940448266,15.6493648421131,0.999999999999988));
#7320=CARTESIAN_POINT('Ctrl Pts',(-29.6340725825996,14.3629588282111,-43.));
#7321=CARTESIAN_POINT('Ctrl Pts',(-29.6340725825996,14.3629588282111,0.999999999999988));
#7322=CARTESIAN_POINT('Ctrl Pts',(-28.9141434763028,13.0188860630614,-43.));
#7323=CARTESIAN_POINT('Ctrl Pts',(-28.9141434763028,13.0188860630614,0.999999999999988));
#7324=CARTESIAN_POINT('Ctrl Pts',(-28.1185399857918,11.6425641283268,-43.));
#7325=CARTESIAN_POINT('Ctrl Pts',(-28.1185399857918,11.6425641283268,0.999999999999988));
#7326=CARTESIAN_POINT('Ctrl Pts',(-27.2302626582096,10.1059248542913,-43.));
#7327=CARTESIAN_POINT('Ctrl Pts',(-27.2302626582096,10.1059248542913,0.999999999999988));
#7328=CARTESIAN_POINT('Ctrl Pts',(-26.2476429883878,8.50734013042308,-43.));
#7329=CARTESIAN_POINT('Ctrl Pts',(-26.2476429883878,8.50734013042308,0.999999999999988));
#7330=CARTESIAN_POINT('Ctrl Pts',(-25.1814313002592,6.87950536531896,-43.));
#7331=CARTESIAN_POINT('Ctrl Pts',(-25.1814313002592,6.87950536531896,0.999999999999988));
#7332=CARTESIAN_POINT('Ctrl Pts',(-25.0702259448389,6.70972299880157,-43.));
#7333=CARTESIAN_POINT('Ctrl Pts',(-25.0702259448389,6.70972299880157,0.999999999999988));
#7334=CARTESIAN_POINT('Ctrl Pts',(-24.9829151544645,6.57518063229384,-43.));
#7335=CARTESIAN_POINT('Ctrl Pts',(-24.9829151544645,6.57518063229384,0.999999999999988));
#7336=CARTESIAN_POINT('Ctrl Pts',(-24.7177303872476,6.17902984225257,-43.));
#7337=CARTESIAN_POINT('Ctrl Pts',(-24.7177303872476,6.17902984225257,0.999999999999988));
#7338=CARTESIAN_POINT('Ctrl Pts',(-24.5854336976247,5.98139617473857,-43.));
#7339=CARTESIAN_POINT('Ctrl Pts',(-24.5854336976247,5.98139617473857,0.999999999999988));
#7340=CARTESIAN_POINT('Ctrl Pts',(-24.4188911918436,5.73021490528259,-43.));
#7341=CARTESIAN_POINT('Ctrl Pts',(-24.4188911918436,5.73021490528259,0.999999999999988));
#7342=CARTESIAN_POINT('Ctrl Pts',(-24.2293076268864,5.44239789278278,-43.));
#7343=CARTESIAN_POINT('Ctrl Pts',(-24.2293076268864,5.44239789278278,0.999999999999988));
#7344=CARTESIAN_POINT('Ctrl Pts',(-23.6987115618057,4.63687145208031,-43.));
#7345=CARTESIAN_POINT('Ctrl Pts',(-23.6987115618057,4.63687145208031,0.999999999999988));
#7346=CARTESIAN_POINT('Ctrl Pts',(-22.9763207402129,3.52986903513716,-43.));
#7347=CARTESIAN_POINT('Ctrl Pts',(-22.9763207402129,3.52986903513716,0.999999999999988));
#7348=CARTESIAN_POINT('Ctrl Pts',(-22.3267657898035,2.62198448726495,-43.));
#7349=CARTESIAN_POINT('Ctrl Pts',(-22.3267657898035,2.62198448726495,0.999999999999988));
#7350=CARTESIAN_POINT('Ctrl Pts',(-22.0161015910325,2.1877683744272,-43.));
#7351=CARTESIAN_POINT('Ctrl Pts',(-22.0161015910325,2.1877683744272,0.999999999999988));
#7352=CARTESIAN_POINT('Ctrl Pts',(-21.7395249493212,1.82049232312492,-43.));
#7353=CARTESIAN_POINT('Ctrl Pts',(-21.7395249493212,1.82049232312492,0.999999999999988));
#7354=CARTESIAN_POINT('Ctrl Pts',(-21.4965933334258,1.51060200095653,-43.));
#7355=CARTESIAN_POINT('Ctrl Pts',(-21.4965933334258,1.51060200095653,0.999999999999988));
#7356=CARTESIAN_POINT('Ctrl Pts',(-21.2250848481592,1.16425822984787,-43.));
#7357=CARTESIAN_POINT('Ctrl Pts',(-21.2250848481592,1.16425822984787,0.999999999999988));
#7358=CARTESIAN_POINT('Ctrl Pts',(-20.9407213253207,0.819179383284985,-43.));
#7359=CARTESIAN_POINT('Ctrl Pts',(-20.9407213253207,0.819179383284985,0.999999999999988));
#7360=CARTESIAN_POINT('Ctrl Pts',(-20.6416670911424,0.48080830154729,-43.));
#7361=CARTESIAN_POINT('Ctrl Pts',(-20.6416670911424,0.48080830154729,0.999999999999988));
#7362=CARTESIAN_POINT('Ctrl Pts',(-20.1182092836775,-0.111468831871682,
-43.));
#7363=CARTESIAN_POINT('Ctrl Pts',(-20.1182092836775,-0.111468831871682,
0.999999999999988));
#7364=CARTESIAN_POINT('Ctrl Pts',(-19.593128022629,-0.658850111099986,-43.));
#7365=CARTESIAN_POINT('Ctrl Pts',(-19.593128022629,-0.658850111099986,0.999999999999988));
#7366=CARTESIAN_POINT('Ctrl Pts',(-19.1009647014334,-1.13818244643335,-43.));
#7367=CARTESIAN_POINT('Ctrl Pts',(-19.1009647014334,-1.13818244643335,0.999999999999988));
#7368=CARTESIAN_POINT('Ctrl Pts',(-18.4684229075936,-1.75423350546111,-43.));
#7369=CARTESIAN_POINT('Ctrl Pts',(-18.4684229075936,-1.75423350546111,0.999999999999988));
#7370=CARTESIAN_POINT('Ctrl Pts',(-17.9204227349078,-2.23298715261243,-43.));
#7371=CARTESIAN_POINT('Ctrl Pts',(-17.9204227349078,-2.23298715261243,0.999999999999988));
#7372=CARTESIAN_POINT('Ctrl Pts',(-17.4467738298595,-2.62338117897369,-43.));
#7373=CARTESIAN_POINT('Ctrl Pts',(-17.4467738298595,-2.62338117897369,0.999999999999988));
#7374=CARTESIAN_POINT('Ctrl Pts',(-16.777753071618,-3.17480588352891,-43.));
#7375=CARTESIAN_POINT('Ctrl Pts',(-16.777753071618,-3.17480588352891,0.999999999999988));
#7376=CARTESIAN_POINT('Ctrl Pts',(-16.1517674075601,-3.6343409407161,-43.));
#7377=CARTESIAN_POINT('Ctrl Pts',(-16.1517674075601,-3.6343409407161,0.999999999999988));
#7378=CARTESIAN_POINT('Ctrl Pts',(-15.5475578019611,-4.03647057914725,-43.));
#7379=CARTESIAN_POINT('Ctrl Pts',(-15.5475578019611,-4.03647057914725,0.999999999999988));
#7380=CARTESIAN_POINT('Ctrl Pts',(-14.3167676052478,-4.85561878897789,-43.));
#7381=CARTESIAN_POINT('Ctrl Pts',(-14.3167676052478,-4.85561878897789,0.999999999999988));
#7382=CARTESIAN_POINT('Ctrl Pts',(-13.2765399548039,-5.37789541984416,-43.));
#7383=CARTESIAN_POINT('Ctrl Pts',(-13.2765399548039,-5.37789541984416,0.999999999999988));
#7384=CARTESIAN_POINT('Ctrl Pts',(-12.3242835281701,-5.78075942187664,-43.));
#7385=CARTESIAN_POINT('Ctrl Pts',(-12.3242835281701,-5.78075942187664,0.999999999999988));
#7386=CARTESIAN_POINT('Ctrl Pts',(-11.0829573293155,-6.30591800974368,-43.));
#7387=CARTESIAN_POINT('Ctrl Pts',(-11.0829573293155,-6.30591800974368,0.999999999999988));
#7388=CARTESIAN_POINT('Ctrl Pts',(-9.92969279389564,-6.62793860149369,-43.));
#7389=CARTESIAN_POINT('Ctrl Pts',(-9.92969279389564,-6.62793860149369,0.999999999999988));
#7390=CARTESIAN_POINT('Ctrl Pts',(-8.9320936579522,-6.84196612056977,-43.));
#7391=CARTESIAN_POINT('Ctrl Pts',(-8.9320936579522,-6.84196612056977,0.999999999999988));
#7392=CARTESIAN_POINT('Ctrl Pts',(-8.15385655515918,-7.00893113724075,-43.));
#7393=CARTESIAN_POINT('Ctrl Pts',(-8.15385655515918,-7.00893113724075,0.999999999999988));
#7394=CARTESIAN_POINT('Ctrl Pts',(-7.54925143751764,-7.10381761696522,-43.));
#7395=CARTESIAN_POINT('Ctrl Pts',(-7.54925143751764,-7.10381761696522,0.999999999999988));
#7396=CARTESIAN_POINT('Ctrl Pts',(-6.81729259934603,-7.21901951525278,-43.));
#7397=CARTESIAN_POINT('Ctrl Pts',(-6.81729259934603,-7.21901951525278,0.999999999999988));
#7398=CARTESIAN_POINT('Ctrl Pts',(-6.07126460937675,-7.33643573613591,-43.));
#7399=CARTESIAN_POINT('Ctrl Pts',(-6.07126460937675,-7.33643573613591,0.999999999999988));
#7400=CARTESIAN_POINT('Ctrl Pts',(-5.1809135560963,-7.47056248672869,-43.));
#7401=CARTESIAN_POINT('Ctrl Pts',(-5.1809135560963,-7.47056248672869,0.999999999999988));
#7402=CARTESIAN_POINT('Ctrl Pts',(-4.35918350230787,-7.57755597851986,-43.));
#7403=CARTESIAN_POINT('Ctrl Pts',(-4.35918350230787,-7.57755597851986,0.999999999999988));
#7404=CARTESIAN_POINT('Ctrl Pts',(-3.2783365004325,-7.71828783357313,-43.));
#7405=CARTESIAN_POINT('Ctrl Pts',(-3.2783365004325,-7.71828783357313,0.999999999999988));
#7406=CARTESIAN_POINT('Ctrl Pts',(-2.31775347430973,-7.81400150453586,-43.));
#7407=CARTESIAN_POINT('Ctrl Pts',(-2.31775347430973,-7.81400150453586,0.999999999999988));
#7408=CARTESIAN_POINT('Ctrl Pts',(-1.40170399620178,-7.87805825774323,-43.));
#7409=CARTESIAN_POINT('Ctrl Pts',(-1.40170399620178,-7.87805825774323,0.999999999999988));
#7410=CARTESIAN_POINT('Ctrl Pts',(-0.522002112211926,-7.9395733263345,-43.));
#7411=CARTESIAN_POINT('Ctrl Pts',(-0.522002112211926,-7.9395733263345,0.999999999999988));
#7412=CARTESIAN_POINT('Ctrl Pts',(0.300264153972716,-7.96802237803459,-43.));
#7413=CARTESIAN_POINT('Ctrl Pts',(0.300264153972716,-7.96802237803459,0.999999999999988));
#7414=CARTESIAN_POINT('Ctrl Pts',(1.15120121861166,-7.98195236984146,-43.));
#7415=CARTESIAN_POINT('Ctrl Pts',(1.15120121861166,-7.98195236984146,0.999999999999988));
#7416=CARTESIAN_POINT('Ctrl Pts',(1.40590040576019,-7.98612184104871,-43.));
#7417=CARTESIAN_POINT('Ctrl Pts',(1.40590040576019,-7.98612184104871,0.999999999999988));
#7418=CARTESIAN_POINT('Ctrl Pts',(1.71123451721473,-7.99004778080764,-43.));
#7419=CARTESIAN_POINT('Ctrl Pts',(1.71123451721473,-7.99004778080764,0.999999999999988));
#7420=CARTESIAN_POINT('Ctrl Pts',(2.1716316950411,-7.99166466197125,-43.));
#7421=CARTESIAN_POINT('Ctrl Pts',(2.1716316950411,-7.99166466197125,0.999999999999988));
#7422=CARTESIAN_POINT('Ctrl Pts',(2.88371695236873,-7.99416545323346,-43.));
#7423=CARTESIAN_POINT('Ctrl Pts',(2.88371695236873,-7.99416545323346,0.999999999999988));
#7424=CARTESIAN_POINT('Ctrl Pts',(3.82190844703674,-7.99401916278711,-43.));
#7425=CARTESIAN_POINT('Ctrl Pts',(3.82190844703674,-7.99401916278711,0.999999999999988));
#7426=CARTESIAN_POINT('Ctrl Pts',(4.7991099654597,-7.97159661083254,-43.));
#7427=CARTESIAN_POINT('Ctrl Pts',(4.7991099654597,-7.97159661083254,0.999999999999988));
#7428=CARTESIAN_POINT('Ctrl Pts',(5.48312439593235,-7.95590143556336,-43.));
#7429=CARTESIAN_POINT('Ctrl Pts',(5.48312439593235,-7.95590143556336,0.999999999999988));
#7430=CARTESIAN_POINT('Ctrl Pts',(6.13267759423846,-7.92938289431731,-43.));
#7431=CARTESIAN_POINT('Ctrl Pts',(6.13267759423846,-7.92938289431731,0.999999999999988));
#7432=CARTESIAN_POINT('Ctrl Pts',(6.89331086950102,-7.86286028332642,-43.));
#7433=CARTESIAN_POINT('Ctrl Pts',(6.89331086950102,-7.86286028332642,0.999999999999988));
#7434=CARTESIAN_POINT('Ctrl Pts',(7.77767164336262,-7.78551685167745,-43.));
#7435=CARTESIAN_POINT('Ctrl Pts',(7.77767164336262,-7.78551685167745,0.999999999999988));
#7436=CARTESIAN_POINT('Ctrl Pts',(8.82023734912554,-7.65093745019077,-43.));
#7437=CARTESIAN_POINT('Ctrl Pts',(8.82023734912554,-7.65093745019077,0.999999999999988));
#7438=CARTESIAN_POINT('Ctrl Pts',(10.0091740337664,-7.40987132137133,-43.));
#7439=CARTESIAN_POINT('Ctrl Pts',(10.0091740337664,-7.40987132137133,0.999999999999988));
#7440=CARTESIAN_POINT('Ctrl Pts',(11.2521665033559,-7.15784496314168,-43.));
#7441=CARTESIAN_POINT('Ctrl Pts',(11.2521665033559,-7.15784496314168,0.999999999999988));
#7442=CARTESIAN_POINT('Ctrl Pts',(12.6971230880858,-6.7671771483885,-43.));
#7443=CARTESIAN_POINT('Ctrl Pts',(12.6971230880858,-6.7671771483885,0.999999999999988));
#7444=CARTESIAN_POINT('Ctrl Pts',(14.0715819431463,-6.29463542019694,-43.));
#7445=CARTESIAN_POINT('Ctrl Pts',(14.0715819431463,-6.29463542019694,0.999999999999988));
#7446=CARTESIAN_POINT('Ctrl Pts',(15.4233215921034,-5.82990460091378,-43.));
#7447=CARTESIAN_POINT('Ctrl Pts',(15.4233215921034,-5.82990460091378,0.999999999999988));
#7448=CARTESIAN_POINT('Ctrl Pts',(16.7611462905749,-5.27628399727032,-43.));
#7449=CARTESIAN_POINT('Ctrl Pts',(16.7611462905749,-5.27628399727032,0.999999999999988));
#7450=CARTESIAN_POINT('Ctrl Pts',(17.9940110182717,-4.69598070576552,-43.));
#7451=CARTESIAN_POINT('Ctrl Pts',(17.9940110182717,-4.69598070576552,0.999999999999988));
#7452=CARTESIAN_POINT('Ctrl Pts',(19.3226845400358,-4.07058069172234,-43.));
#7453=CARTESIAN_POINT('Ctrl Pts',(19.3226845400358,-4.07058069172234,0.999999999999988));
#7454=CARTESIAN_POINT('Ctrl Pts',(20.4496777939061,-3.45699503573967,-43.));
#7455=CARTESIAN_POINT('Ctrl Pts',(20.4496777939061,-3.45699503573967,0.999999999999988));
#7456=CARTESIAN_POINT('Ctrl Pts',(21.3813294979237,-2.91370982879189,-43.));
#7457=CARTESIAN_POINT('Ctrl Pts',(21.3813294979237,-2.91370982879189,0.999999999999988));
#7458=CARTESIAN_POINT('Ctrl Pts',(21.9299366279472,-2.59379398805168,-43.));
#7459=CARTESIAN_POINT('Ctrl Pts',(21.9299366279472,-2.59379398805168,0.999999999999988));
#7460=CARTESIAN_POINT('Ctrl Pts',(22.3843059974444,-2.31474860236086,-43.));
#7461=CARTESIAN_POINT('Ctrl Pts',(22.3843059974444,-2.31474860236086,0.999999999999988));
#7462=CARTESIAN_POINT('Ctrl Pts',(22.8242749921342,-2.03736033355014,-43.));
#7463=CARTESIAN_POINT('Ctrl Pts',(22.8242749921342,-2.03736033355014,0.999999999999988));
#7464=CARTESIAN_POINT('Ctrl Pts',(23.6223696125343,-1.53418377390191,-43.));
#7465=CARTESIAN_POINT('Ctrl Pts',(23.6223696125343,-1.53418377390191,0.999999999999988));
#7466=CARTESIAN_POINT('Ctrl Pts',(24.40275542265,-1.01296696012179,-43.));
#7467=CARTESIAN_POINT('Ctrl Pts',(24.40275542265,-1.01296696012179,0.999999999999988));
#7468=CARTESIAN_POINT('Ctrl Pts',(25.1577177284082,-0.485776360825801,-43.));
#7469=CARTESIAN_POINT('Ctrl Pts',(25.1577177284082,-0.485776360825801,0.999999999999988));
#7470=CARTESIAN_POINT('Ctrl Pts',(26.3288712954567,0.332040828417518,-43.));
#7471=CARTESIAN_POINT('Ctrl Pts',(26.3288712954567,0.332040828417518,0.999999999999988));
#7472=CARTESIAN_POINT('Ctrl Pts',(27.4369878868364,1.16326787008278,-43.));
#7473=CARTESIAN_POINT('Ctrl Pts',(27.4369878868364,1.16326787008278,0.999999999999988));
#7474=CARTESIAN_POINT('Ctrl Pts',(28.4403184046224,1.95871702000072,-43.));
#7475=CARTESIAN_POINT('Ctrl Pts',(28.4403184046224,1.95871702000072,0.999999999999988));
#7476=CARTESIAN_POINT('Ctrl Pts',(29.23756501617,2.59078105890769,-43.));
#7477=CARTESIAN_POINT('Ctrl Pts',(29.23756501617,2.59078105890769,0.999999999999988));
#7478=CARTESIAN_POINT('Ctrl Pts',(29.9836937069271,3.20459538545412,-43.));
#7479=CARTESIAN_POINT('Ctrl Pts',(29.9836937069271,3.20459538545412,0.999999999999988));
#7480=CARTESIAN_POINT('Ctrl Pts',(30.6406787783193,3.77248364440781,-43.));
#7481=CARTESIAN_POINT('Ctrl Pts',(30.6406787783193,3.77248364440781,0.999999999999988));
#7482=CARTESIAN_POINT('Ctrl Pts',(31.0543019625046,4.1300134577294,-43.));
#7483=CARTESIAN_POINT('Ctrl Pts',(31.0543019625046,4.1300134577294,0.999999999999988));
#7484=CARTESIAN_POINT('Ctrl Pts',(31.3755268449184,4.41245301493702,-43.));
#7485=CARTESIAN_POINT('Ctrl Pts',(31.3755268449184,4.41245301493702,0.999999999999988));
#7486=CARTESIAN_POINT('Ctrl Pts',(31.8914291198596,4.89408610111037,-43.));
#7487=CARTESIAN_POINT('Ctrl Pts',(31.8914291198596,4.89408610111037,0.999999999999988));
#7488=CARTESIAN_POINT('Ctrl Pts',(32.4549567323361,5.42018097667943,-43.));
#7489=CARTESIAN_POINT('Ctrl Pts',(32.4549567323361,5.42018097667943,0.999999999999988));
#7490=CARTESIAN_POINT('Ctrl Pts',(33.2018226612309,6.1356282658355,-43.));
#7491=CARTESIAN_POINT('Ctrl Pts',(33.2018226612309,6.1356282658355,0.999999999999988));
#7492=CARTESIAN_POINT('Ctrl Pts',(34.0620404684066,7.12493851277555,-43.));
#7493=CARTESIAN_POINT('Ctrl Pts',(34.0620404684066,7.12493851277555,0.999999999999988));
#7494=CARTESIAN_POINT('Ctrl Pts',(35.2830205887114,8.52915048589573,-43.));
#7495=CARTESIAN_POINT('Ctrl Pts',(35.2830205887114,8.52915048589573,0.999999999999988));
#7496=CARTESIAN_POINT('Ctrl Pts',(36.6302422895531,10.4012146027115,-43.));
#7497=CARTESIAN_POINT('Ctrl Pts',(36.6302422895531,10.4012146027115,0.999999999999988));
#7498=CARTESIAN_POINT('Ctrl Pts',(37.8118119468539,12.7245793639063,-43.));
#7499=CARTESIAN_POINT('Ctrl Pts',(37.8118119468539,12.7245793639063,0.999999999999988));
#7500=CARTESIAN_POINT('Ctrl Pts',(38.0700545780703,13.2323715414551,-43.));
#7501=CARTESIAN_POINT('Ctrl Pts',(38.0700545780703,13.2323715414551,0.999999999999988));
#7502=CARTESIAN_POINT('Ctrl Pts',(38.3155359540469,13.7606698450487,-43.));
#7503=CARTESIAN_POINT('Ctrl Pts',(38.3155359540469,13.7606698450487,0.999999999999988));
#7504=CARTESIAN_POINT('Ctrl Pts',(38.5411670345129,14.2931859520378,-43.));
#7505=CARTESIAN_POINT('Ctrl Pts',(38.5411670345129,14.2931859520378,0.999999999999988));
#7506=CARTESIAN_POINT('Ctrl Pts',(39.12150852115,15.6628606819107,-43.));
#7507=CARTESIAN_POINT('Ctrl Pts',(39.12150852115,15.6628606819107,0.999999999999988));
#7508=CARTESIAN_POINT('Ctrl Pts',(39.5575543942562,17.000644374146,-43.));
#7509=CARTESIAN_POINT('Ctrl Pts',(39.5575543942562,17.000644374146,0.999999999999988));
#7510=CARTESIAN_POINT('Ctrl Pts',(39.923298974791,18.4371985060038,-43.));
#7511=CARTESIAN_POINT('Ctrl Pts',(39.923298974791,18.4371985060038,0.999999999999988));
#7512=CARTESIAN_POINT('Ctrl Pts',(40.1280801370294,19.2415281950729,-43.));
#7513=CARTESIAN_POINT('Ctrl Pts',(40.1280801370294,19.2415281950729,0.999999999999988));
#7514=CARTESIAN_POINT('Ctrl Pts',(40.3211583771927,20.0995556444288,-43.));
#7515=CARTESIAN_POINT('Ctrl Pts',(40.3211583771927,20.0995556444288,0.999999999999988));
#7516=CARTESIAN_POINT('Ctrl Pts',(40.4805405099005,20.9587144363472,-43.));
#7517=CARTESIAN_POINT('Ctrl Pts',(40.4805405099005,20.9587144363472,0.999999999999988));
#7518=CARTESIAN_POINT('Ctrl Pts',(40.5380497727709,21.2687215116221,-43.));
#7519=CARTESIAN_POINT('Ctrl Pts',(40.5380497727709,21.2687215116221,0.999999999999988));
#7520=CARTESIAN_POINT('Ctrl Pts',(40.5860163863829,21.5454725414855,-43.));
#7521=CARTESIAN_POINT('Ctrl Pts',(40.5860163863829,21.5454725414855,0.999999999999988));
#7522=CARTESIAN_POINT('Ctrl Pts',(40.6393947918405,21.8870939434491,-43.));
#7523=CARTESIAN_POINT('Ctrl Pts',(40.6393947918405,21.8870939434491,0.999999999999988));
#7524=CARTESIAN_POINT('Ctrl Pts',(40.7104935675392,22.3421255845007,-43.));
#7525=CARTESIAN_POINT('Ctrl Pts',(40.7104935675392,22.3421255845007,0.999999999999988));
#7526=CARTESIAN_POINT('Ctrl Pts',(40.8174622909855,23.0296207569583,-43.));
#7527=CARTESIAN_POINT('Ctrl Pts',(40.8174622909855,23.0296207569583,0.999999999999988));
#7528=CARTESIAN_POINT('Ctrl Pts',(40.8958667884847,24.0778121030262,-43.));
#7529=CARTESIAN_POINT('Ctrl Pts',(40.8958667884847,24.0778121030262,0.999999999999988));
#7530=CARTESIAN_POINT('Ctrl Pts',(40.9302288213676,24.537198830187,-43.));
#7531=CARTESIAN_POINT('Ctrl Pts',(40.9302288213676,24.537198830187,0.999999999999988));
#7532=CARTESIAN_POINT('Ctrl Pts',(40.9639285899959,25.0765890084795,-43.));
#7533=CARTESIAN_POINT('Ctrl Pts',(40.9639285899959,25.0765890084795,0.999999999999988));
#7534=CARTESIAN_POINT('Ctrl Pts',(40.9888386418794,25.669340166687,-43.));
#7535=CARTESIAN_POINT('Ctrl Pts',(40.9888386418794,25.669340166687,0.999999999999988));
#7536=CARTESIAN_POINT('Ctrl Pts',(41.0423988109709,26.9438398108973,-43.));
#7537=CARTESIAN_POINT('Ctrl Pts',(41.0423988109709,26.9438398108973,0.999999999999988));
#7538=CARTESIAN_POINT('Ctrl Pts',(41.0427083146082,28.3540901573672,-43.));
#7539=CARTESIAN_POINT('Ctrl Pts',(41.0427083146082,28.3540901573672,0.999999999999988));
#7540=CARTESIAN_POINT('Ctrl Pts',(40.9833887861579,29.5765831690424,-43.));
#7541=CARTESIAN_POINT('Ctrl Pts',(40.9833887861579,29.5765831690424,0.999999999999988));
#7542=CARTESIAN_POINT('Ctrl Pts',(40.8935170778165,31.4287141327368,-43.));
#7543=CARTESIAN_POINT('Ctrl Pts',(40.8935170778165,31.4287141327368,0.999999999999988));
#7544=CARTESIAN_POINT('Ctrl Pts',(40.7166511570436,32.9219102232906,-43.));
#7545=CARTESIAN_POINT('Ctrl Pts',(40.7166511570436,32.9219102232906,0.999999999999988));
#7546=CARTESIAN_POINT('Ctrl Pts',(40.5773218210415,34.7301270049789,-43.));
#7547=CARTESIAN_POINT('Ctrl Pts',(40.5773218210415,34.7301270049789,0.999999999999988));
#7548=CARTESIAN_POINT('Ctrl Pts',(40.5620456991356,34.9283805873327,-43.));
#7549=CARTESIAN_POINT('Ctrl Pts',(40.5620456991356,34.9283805873327,0.999999999999988));
#7550=CARTESIAN_POINT('Ctrl Pts',(40.5470574161801,35.1335218186898,-43.));
#7551=CARTESIAN_POINT('Ctrl Pts',(40.5470574161801,35.1335218186898,0.999999999999988));
#7552=CARTESIAN_POINT('Ctrl Pts',(40.5326995850853,35.3430061540709,-43.));
#7553=CARTESIAN_POINT('Ctrl Pts',(40.5326995850853,35.3430061540709,0.999999999999988));
#7554=CARTESIAN_POINT('Ctrl Pts',(40.4708854366854,36.2448899907881,-43.));
#7555=CARTESIAN_POINT('Ctrl Pts',(40.4708854366854,36.2448899907881,0.999999999999988));
#7556=CARTESIAN_POINT('Ctrl Pts',(40.4253760226316,37.1682757147472,-43.));
#7557=CARTESIAN_POINT('Ctrl Pts',(40.4253760226316,37.1682757147472,0.999999999999988));
#7558=CARTESIAN_POINT('Ctrl Pts',(40.3962054830482,38.0896068513859,-43.));
#7559=CARTESIAN_POINT('Ctrl Pts',(40.3962054830482,38.0896068513859,0.999999999999988));
#7560=CARTESIAN_POINT('Ctrl Pts',(40.3819554648068,38.5396837334363,-43.));
#7561=CARTESIAN_POINT('Ctrl Pts',(40.3819554648068,38.5396837334363,0.999999999999988));
#7562=CARTESIAN_POINT('Ctrl Pts',(40.371863945832,38.9406235233973,-43.));
#7563=CARTESIAN_POINT('Ctrl Pts',(40.371863945832,38.9406235233973,0.999999999999988));
#7564=CARTESIAN_POINT('Ctrl Pts',(40.3628371548238,39.5138097953831,-43.));
#7565=CARTESIAN_POINT('Ctrl Pts',(40.3628371548238,39.5138097953831,0.999999999999988));
#7566=CARTESIAN_POINT('Ctrl Pts',(40.3613987961097,39.6051431904227,-43.));
#7567=CARTESIAN_POINT('Ctrl Pts',(40.3613987961097,39.6051431904227,0.999999999999988));
#7568=CARTESIAN_POINT('Ctrl Pts',(40.3601743640073,39.6983649061798,-43.));
#7569=CARTESIAN_POINT('Ctrl Pts',(40.3601743640073,39.6983649061798,0.999999999999988));
#7570=CARTESIAN_POINT('Ctrl Pts',(40.3592142999579,39.7922162034166,-43.));
#7571=CARTESIAN_POINT('Ctrl Pts',(40.3592142999579,39.7922162034166,0.999999999999988));
#7572=CARTESIAN_POINT('Ctrl Pts',(40.352078974224,40.4897317251417,-43.));
#7573=CARTESIAN_POINT('Ctrl Pts',(40.352078974224,40.4897317251417,0.999999999999988));
#7574=CARTESIAN_POINT('Ctrl Pts',(40.3600599622389,41.1620188861006,-43.));
#7575=CARTESIAN_POINT('Ctrl Pts',(40.3600599622389,41.1620188861006,0.999999999999988));
#7576=CARTESIAN_POINT('Ctrl Pts',(40.3847129452384,41.8292813805441,-43.));
#7577=CARTESIAN_POINT('Ctrl Pts',(40.3847129452384,41.8292813805441,0.999999999999988));
#7578=CARTESIAN_POINT('Ctrl Pts',(40.4129538421047,42.593655058517,-43.));
#7579=CARTESIAN_POINT('Ctrl Pts',(40.4129538421047,42.593655058517,0.999999999999988));
#7580=CARTESIAN_POINT('Ctrl Pts',(40.4702220230583,43.4147467365032,-43.));
#7581=CARTESIAN_POINT('Ctrl Pts',(40.4702220230583,43.4147467365032,0.999999999999988));
#7582=CARTESIAN_POINT('Ctrl Pts',(40.5326009459822,44.0720234285643,-43.));
#7583=CARTESIAN_POINT('Ctrl Pts',(40.5326009459822,44.0720234285643,0.999999999999988));
#7584=CARTESIAN_POINT('Ctrl Pts',(40.5513821063855,44.2699174992584,-43.));
#7585=CARTESIAN_POINT('Ctrl Pts',(40.5513821063855,44.2699174992584,0.999999999999988));
#7586=CARTESIAN_POINT('Ctrl Pts',(40.5904020380478,44.5009692992369,-43.));
#7587=CARTESIAN_POINT('Ctrl Pts',(40.5904020380478,44.5009692992369,0.999999999999988));
#7588=CARTESIAN_POINT('Ctrl Pts',(40.6402784231193,44.7426393511018,-43.));
#7589=CARTESIAN_POINT('Ctrl Pts',(40.6402784231193,44.7426393511018,0.999999999999988));
#7590=CARTESIAN_POINT('Ctrl Pts',(40.7329521229792,45.1916786673945,-43.));
#7591=CARTESIAN_POINT('Ctrl Pts',(40.7329521229792,45.1916786673945,0.999999999999988));
#7592=CARTESIAN_POINT('Ctrl Pts',(40.8607497224978,45.6743668459968,-43.));
#7593=CARTESIAN_POINT('Ctrl Pts',(40.8607497224978,45.6743668459968,0.999999999999988));
#7594=CARTESIAN_POINT('Ctrl Pts',(41.0093674681448,46.2814541000352,-43.));
#7595=CARTESIAN_POINT('Ctrl Pts',(41.0093674681448,46.2814541000352,0.999999999999988));
#7596=CARTESIAN_POINT('',(-48.9906325318582,62.4409696150378,-43.));
#7597=CARTESIAN_POINT('',(-48.5869251312522,59.7913733292885,-33.1112291246781));
#7598=CARTESIAN_POINT('Ctrl Pts',(-48.586920172944,59.7908733597384,-33.1130195669997));
#7599=CARTESIAN_POINT('Ctrl Pts',(-48.5962633142787,59.8944474858574,-33.1419678359565));
#7600=CARTESIAN_POINT('Ctrl Pts',(-48.6133101304688,60.0623230683108,-33.2001203879418));
#7601=CARTESIAN_POINT('Ctrl Pts',(-48.6595990313181,60.4474030867692,-33.3156098384));
#7602=CARTESIAN_POINT('Ctrl Pts',(-48.764453336435,61.1671197834563,-33.5150220873105));
#7603=CARTESIAN_POINT('Ctrl Pts',(-48.8948232037682,61.8938566886323,-33.6795658529584));
#7604=CARTESIAN_POINT('Ctrl Pts',(-48.9906325318582,62.4409696150378,-33.7870698022611));
#7605=CARTESIAN_POINT('',(-48.2941930522908,54.7749187906826,-31.9062492707177));
#7606=CARTESIAN_POINT('Ctrl Pts',(-48.294221263503,54.7755310837573,-31.9038318465943));
#7607=CARTESIAN_POINT('Ctrl Pts',(-48.2944045783877,54.7776804862299,-31.9046380996801));
#7608=CARTESIAN_POINT('Ctrl Pts',(-48.2945882975003,54.7798272483211,-31.9054442578772));
#7609=CARTESIAN_POINT('Ctrl Pts',(-48.2962867474213,54.7996055039205,-31.9128796736467));
#7610=CARTESIAN_POINT('Ctrl Pts',(-48.3023832153756,54.8719240312487,-31.9261289561678));
#7611=CARTESIAN_POINT('Ctrl Pts',(-48.3123352481603,54.9946715552953,-31.9525890272087));
#7612=CARTESIAN_POINT('Ctrl Pts',(-48.3295232669715,55.2175882041101,-31.9987919694138));
#7613=CARTESIAN_POINT('Ctrl Pts',(-48.3591908916027,55.6462513664828,-32.0907787694772));
#7614=CARTESIAN_POINT('Ctrl Pts',(-48.4059633993035,56.4737030435327,-32.2730125443168));
#7615=CARTESIAN_POINT('Ctrl Pts',(-48.4510294604083,57.557094408284,-32.5280786661253));
#7616=CARTESIAN_POINT('Ctrl Pts',(-48.4965863971888,58.5368061519655,-32.7756757540929));
#7617=CARTESIAN_POINT('Ctrl Pts',(-48.5432185329564,59.2663392861527,-32.9690466668259));
#7618=CARTESIAN_POINT('Ctrl Pts',(-48.5710749603218,59.6145048465497,-33.064111669941));
#7619=CARTESIAN_POINT('Ctrl Pts',(-48.5865338379194,59.7865861583551,-33.1118236945053));
#7620=CARTESIAN_POINT('Ctrl Pts',(-48.58672719886,59.7887341303941,-33.1124216668413));
#7621=CARTESIAN_POINT('Ctrl Pts',(-48.586920172944,59.7908733597384,-33.1130195669997));
#7622=CARTESIAN_POINT('',(-47.368007845278,48.6046185464966,-30.6998246590128));
#7623=CARTESIAN_POINT('Ctrl Pts',(-47.3675949250138,48.6047159608904,-30.70037013693));
#7624=CARTESIAN_POINT('Ctrl Pts',(-47.5339232788035,49.0315871398996,-30.7500457514885));
#7625=CARTESIAN_POINT('Ctrl Pts',(-47.7860016485426,49.8340606653424,-30.8515333095754));
#7626=CARTESIAN_POINT('Ctrl Pts',(-48.0793104283708,51.2892456110902,-31.0564337360437));
#7627=CARTESIAN_POINT('Ctrl Pts',(-48.1926979989511,52.706247644786,-31.3124532094232));
#7628=CARTESIAN_POINT('Ctrl Pts',(-48.240293321278,53.9353053293567,-31.6138873492431));
#7629=CARTESIAN_POINT('Ctrl Pts',(-48.2725104191674,54.5209672354929,-31.8083435000352));
#7630=CARTESIAN_POINT('Ctrl Pts',(-48.294221263503,54.7755310837573,-31.9038318465943));
#7631=CARTESIAN_POINT('',(-43.4191211541167,42.5226565208568,-29.2616230579906));
#7632=CARTESIAN_POINT('Ctrl Pts',(-43.4190340127155,42.5223020980213,-29.2630441363989));
#7633=CARTESIAN_POINT('Ctrl Pts',(-43.4364640169523,42.5474622500698,-29.2703880010007));
#7634=CARTESIAN_POINT('Ctrl Pts',(-43.4576860979746,42.5779444243856,-29.2855218233242));
#7635=CARTESIAN_POINT('Ctrl Pts',(-43.5114613702926,42.6546658384656,-29.3161446150318));
#7636=CARTESIAN_POINT('Ctrl Pts',(-43.6051002794356,42.7865514537362,-29.3702431405));
#7637=CARTESIAN_POINT('Ctrl Pts',(-43.8080346504381,43.0667758101748,-29.4772485317787));
#7638=CARTESIAN_POINT('Ctrl Pts',(-44.2567550037342,43.6654735191746,-29.6871541775706));
#7639=CARTESIAN_POINT('Ctrl Pts',(-45.0167774960816,44.6529922290082,-29.9791528599917));
#7640=CARTESIAN_POINT('Ctrl Pts',(-45.9122597402336,45.874129113614,-30.2701043580917));
#7641=CARTESIAN_POINT('Ctrl Pts',(-46.7188851263821,47.1865176312369,-30.511295554447));
#7642=CARTESIAN_POINT('Ctrl Pts',(-47.1510409547744,48.0496709783306,-30.6358166312658));
#7643=CARTESIAN_POINT('Ctrl Pts',(-47.366391520804,48.6016285152106,-30.7000108993004));
#7644=CARTESIAN_POINT('Ctrl Pts',(-47.3669934877902,48.6031724103719,-30.7001905117307));
#7645=CARTESIAN_POINT('Ctrl Pts',(-47.3675949250138,48.6047159608904,-30.70037013693));
#7646=CARTESIAN_POINT('Ctrl Pts',(-40.190719691855,38.0235284618831,-27.7739579554237));
#7647=CARTESIAN_POINT('Ctrl Pts',(-40.3003724347297,38.1856541684221,-27.8389778196635));
#7648=CARTESIAN_POINT('Ctrl Pts',(-40.6784768653737,38.7342754403732,-28.0550179277648));
#7649=CARTESIAN_POINT('Ctrl Pts',(-41.3934218380157,39.7246348011958,-28.4114278900007));
#7650=CARTESIAN_POINT('Ctrl Pts',(-42.3683688800862,41.0448664417921,-28.8402048223697));
#7651=CARTESIAN_POINT('Ctrl Pts',(-43.0639145124216,42.0095047772494,-29.1211734826341));
#7652=CARTESIAN_POINT('Ctrl Pts',(-43.416744935103,42.5189975134527,-29.2620922626543));
#7653=CARTESIAN_POINT('Ctrl Pts',(-43.4179044911745,42.5206716375046,-29.2625682298444));
#7654=CARTESIAN_POINT('Ctrl Pts',(-43.4190340127155,42.5223020980213,-29.2630441363989));
#7655=CARTESIAN_POINT('Ctrl Pts',(-48.9906325318618,77.3622256332471,-43.));
#7656=CARTESIAN_POINT('Ctrl Pts',(-48.9906325318618,77.3622256332471,0.999999999999988));
#7657=CARTESIAN_POINT('Ctrl Pts',(-49.0524936378286,76.8340722943271,-43.));
#7658=CARTESIAN_POINT('Ctrl Pts',(-49.0524936378286,76.8340722943271,0.999999999999988));
#7659=CARTESIAN_POINT('Ctrl Pts',(-49.122851541695,76.3240053614517,-43.));
#7660=CARTESIAN_POINT('Ctrl Pts',(-49.122851541695,76.3240053614517,0.999999999999988));
#7661=CARTESIAN_POINT('Ctrl Pts',(-49.1965554853373,75.864970939225,-43.));
#7662=CARTESIAN_POINT('Ctrl Pts',(-49.1965554853373,75.864970939225,0.999999999999988));
#7663=CARTESIAN_POINT('Ctrl Pts',(-49.3047306436233,75.1912468638345,-43.));
#7664=CARTESIAN_POINT('Ctrl Pts',(-49.3047306436233,75.1912468638345,0.999999999999988));
#7665=CARTESIAN_POINT('Ctrl Pts',(-49.3931246755245,74.5697917251409,-43.));
#7666=CARTESIAN_POINT('Ctrl Pts',(-49.3931246755245,74.5697917251409,0.999999999999988));
#7667=CARTESIAN_POINT('Ctrl Pts',(-49.4835839790795,73.8556762893679,-43.));
#7668=CARTESIAN_POINT('Ctrl Pts',(-49.4835839790795,73.8556762893679,0.999999999999988));
#7669=CARTESIAN_POINT('Ctrl Pts',(-49.5498078636314,73.3328832065463,-43.));
#7670=CARTESIAN_POINT('Ctrl Pts',(-49.5498078636314,73.3328832065463,0.999999999999988));
#7671=CARTESIAN_POINT('Ctrl Pts',(-49.620264292851,72.7185625542696,-43.));
#7672=CARTESIAN_POINT('Ctrl Pts',(-49.620264292851,72.7185625542696,0.999999999999988));
#7673=CARTESIAN_POINT('Ctrl Pts',(-49.674088071761,72.134516034111,-43.));
#7674=CARTESIAN_POINT('Ctrl Pts',(-49.674088071761,72.134516034111,0.999999999999988));
#7675=CARTESIAN_POINT('Ctrl Pts',(-49.7325837701138,71.4997741085335,-43.));
#7676=CARTESIAN_POINT('Ctrl Pts',(-49.7325837701138,71.4997741085335,0.999999999999988));
#7677=CARTESIAN_POINT('Ctrl Pts',(-49.7696001673097,70.9365839193216,-43.));
#7678=CARTESIAN_POINT('Ctrl Pts',(-49.7696001673097,70.9365839193216,0.999999999999988));
#7679=CARTESIAN_POINT('Ctrl Pts',(-49.7895902943829,70.4078992902388,-43.));
#7680=CARTESIAN_POINT('Ctrl Pts',(-49.7895902943829,70.4078992902388,0.999999999999988));
#7681=CARTESIAN_POINT('Ctrl Pts',(-49.8178838907545,69.6596104250177,-43.));
#7682=CARTESIAN_POINT('Ctrl Pts',(-49.8178838907545,69.6596104250177,0.999999999999988));
#7683=CARTESIAN_POINT('Ctrl Pts',(-49.7890143432587,69.050503220009,-43.));
#7684=CARTESIAN_POINT('Ctrl Pts',(-49.7890143432587,69.050503220009,0.999999999999988));
#7685=CARTESIAN_POINT('Ctrl Pts',(-49.7465187703547,68.4723361410076,-43.));
#7686=CARTESIAN_POINT('Ctrl Pts',(-49.7465187703547,68.4723361410076,0.999999999999988));
#7687=CARTESIAN_POINT('Ctrl Pts',(-49.6804302940382,67.5731793889903,-43.));
#7688=CARTESIAN_POINT('Ctrl Pts',(-49.6804302940382,67.5731793889903,0.999999999999988));
#7689=CARTESIAN_POINT('Ctrl Pts',(-49.5601447823216,66.6762645453043,-43.));
#7690=CARTESIAN_POINT('Ctrl Pts',(-49.5601447823216,66.6762645453043,0.999999999999988));
#7691=CARTESIAN_POINT('Ctrl Pts',(-49.4565962511613,65.8430559259508,-43.));
#7692=CARTESIAN_POINT('Ctrl Pts',(-49.4565962511613,65.8430559259508,0.999999999999988));
#7693=CARTESIAN_POINT('Ctrl Pts',(-49.4120047651673,65.4842482242519,-43.));
#7694=CARTESIAN_POINT('Ctrl Pts',(-49.4120047651673,65.4842482242519,0.999999999999988));
#7695=CARTESIAN_POINT('Ctrl Pts',(-49.3748071456647,65.1768053658576,-43.));
#7696=CARTESIAN_POINT('Ctrl Pts',(-49.3748071456647,65.1768053658576,0.999999999999988));
#7697=CARTESIAN_POINT('Ctrl Pts',(-49.3383778015474,64.814273713951,-43.));
#7698=CARTESIAN_POINT('Ctrl Pts',(-49.3383778015474,64.814273713951,0.999999999999988));
#7699=CARTESIAN_POINT('Ctrl Pts',(-49.3312440188891,64.7432808900588,-43.));
#7700=CARTESIAN_POINT('Ctrl Pts',(-49.3312440188891,64.7432808900588,0.999999999999988));
#7701=CARTESIAN_POINT('Ctrl Pts',(-49.323058032956,64.6656438799602,-43.));
#7702=CARTESIAN_POINT('Ctrl Pts',(-49.323058032956,64.6656438799602,0.999999999999988));
#7703=CARTESIAN_POINT('Ctrl Pts',(-49.3133904538174,64.5795286517949,-43.));
#7704=CARTESIAN_POINT('Ctrl Pts',(-49.3133904538174,64.5795286517949,0.999999999999988));
#7705=CARTESIAN_POINT('Ctrl Pts',(-49.2831047417066,64.309754702062,-43.));
#7706=CARTESIAN_POINT('Ctrl Pts',(-49.2831047417066,64.309754702062,0.999999999999988));
#7707=CARTESIAN_POINT('Ctrl Pts',(-49.2345342619841,63.9307183503915,-43.));
#7708=CARTESIAN_POINT('Ctrl Pts',(-49.2345342619841,63.9307183503915,0.999999999999988));
#7709=CARTESIAN_POINT('Ctrl Pts',(-49.1625449499818,63.4685513519069,-43.));
#7710=CARTESIAN_POINT('Ctrl Pts',(-49.1625449499818,63.4685513519069,0.999999999999988));
#7711=CARTESIAN_POINT('Ctrl Pts',(-49.1088348009518,63.1237354663958,-43.));
#7712=CARTESIAN_POINT('Ctrl Pts',(-49.1088348009518,63.1237354663958,0.999999999999988));
#7713=CARTESIAN_POINT('Ctrl Pts',(-49.0494412224701,62.7767928115905,-43.));
#7714=CARTESIAN_POINT('Ctrl Pts',(-49.0494412224701,62.7767928115905,0.999999999999988));
#7715=CARTESIAN_POINT('Ctrl Pts',(-48.9906325318582,62.4409696150378,-43.));
#7716=CARTESIAN_POINT('Ctrl Pts',(-48.9906325318582,62.4409696150378,0.999999999999988));
#7717=CARTESIAN_POINT('',(-48.9906325318618,77.3622256332471,-43.));
#7718=CARTESIAN_POINT('Origin',(-42.9906325318867,100.,144.));
#7719=CARTESIAN_POINT('',(-48.9906325318639,86.5370879821625,-37.));
#7720=CARTESIAN_POINT('Origin',(-48.990632531867,99.9999999999986,144.));
#7721=CARTESIAN_POINT('Ctrl Pts',(-47.4627684868635,86.3893424108824,-41.));
#7722=CARTESIAN_POINT('Ctrl Pts',(-47.8988578227666,86.4072534741321,-40.512437300329));
#7723=CARTESIAN_POINT('Ctrl Pts',(-48.252830634145,86.4277228419406,-39.9562118874403));
#7724=CARTESIAN_POINT('Ctrl Pts',(-48.8248294634827,86.4772313522416,-38.6145292101813));
#7725=CARTESIAN_POINT('Ctrl Pts',(-48.988257938963,86.5066281828729,-37.8203038387595));
#7726=CARTESIAN_POINT('Ctrl Pts',(-48.9906239696737,86.5366531760282,-37.0117043953234));
#7727=CARTESIAN_POINT('Ctrl Pts',(-48.9906325318836,86.536870641996,-37.0058520630839));
#7728=CARTESIAN_POINT('Ctrl Pts',(-48.9906325318836,86.5370879821625,-37.));
#7729=CARTESIAN_POINT('Origin',(-42.9906325318782,147.998960351772,-37.));
#7730=CARTESIAN_POINT('',(-48.9906325318782,147.99896035177,-37.));
#7731=CARTESIAN_POINT('Origin',(35.0093674681413,175.,14.5));
#7732=CARTESIAN_POINT('Origin',(35.0093674681413,175.,-37.));
#7733=CARTESIAN_POINT('Origin',(35.0093674681359,87.4747918429205,-37.));
#7734=CARTESIAN_POINT('Ctrl Pts',(-28.3825241087227,12.1029283301228,-16.4028855506308));
#7735=CARTESIAN_POINT('Ctrl Pts',(-29.3192289908524,13.7495692572227,-17.20764668674));
#7736=CARTESIAN_POINT('Ctrl Pts',(-30.1874159551778,15.4137041155091,-18.001753798963));
#7737=CARTESIAN_POINT('Ctrl Pts',(-31.8569594837286,18.8360426953108,-19.5922265659493));
#7738=CARTESIAN_POINT('Ctrl Pts',(-32.6813599840461,20.6434537350601,-20.3888015927156));
#7739=CARTESIAN_POINT('Ctrl Pts',(-33.5328751475504,22.7789029566626,-21.2663638746806));
#7740=CARTESIAN_POINT('Ctrl Pts',(-33.7230787275938,23.2697897738527,-21.4551657336092));
#7741=CARTESIAN_POINT('Ctrl Pts',(-34.2426216975938,24.6783325118507,-22.0198257127319));
#7742=CARTESIAN_POINT('Ctrl Pts',(-34.6888090155413,26.0042033866715,-22.5775687101658));
#7743=CARTESIAN_POINT('Ctrl Pts',(-35.1130121989763,27.2313590946566,-23.1212261264247));
#7744=CARTESIAN_POINT('Ctrl Pts',(-35.2533782385491,27.6302516928974,-23.3004179309393));
#7745=CARTESIAN_POINT('Ctrl Pts',(-35.3604698629213,27.9302380008785,-23.4357874162792));
#7746=CARTESIAN_POINT('Ctrl Pts',(-35.4538185124848,28.1952341020446,-23.5283609071519));
#7747=CARTESIAN_POINT('Ctrl Pts',(-35.6187654188732,28.6740905799709,-23.7130027352957));
#7748=CARTESIAN_POINT('Ctrl Pts',(-35.8946817910125,29.4919039324434,-24.0344422264561));
#7749=CARTESIAN_POINT('Ctrl Pts',(-36.3878971313745,30.9582976696644,-24.6679917632109));
#7750=CARTESIAN_POINT('Ctrl Pts',(-36.7942460829964,32.0057536686125,-25.1870118414998));
#7751=CARTESIAN_POINT('Ctrl Pts',(-37.1664188844089,32.813851097633,-25.6073503659613));
#7752=CARTESIAN_POINT('Ctrl Pts',(-37.3492466969466,33.1974980839136,-25.7857954050944));
#7753=CARTESIAN_POINT('Ctrl Pts',(-37.928552853321,34.339234110538,-26.3090967036056));
#7754=CARTESIAN_POINT('Ctrl Pts',(-38.7283729441134,35.7289633497709,-26.8856385104034));
#7755=CARTESIAN_POINT('Ctrl Pts',(-39.4969641818764,36.9554578123512,-27.3521061986753));
#7756=CARTESIAN_POINT('Ctrl Pts',(-39.8289950138259,37.4766456922476,-27.5445872122093));
#7757=CARTESIAN_POINT('Ctrl Pts',(-39.9419637363046,37.651210604944,-27.6230615913929));
#7758=CARTESIAN_POINT('Ctrl Pts',(-40.1941960469751,38.031257627862,-27.7779377434656));
#7759=CARTESIAN_POINT('Ctrl Pts',(-40.6560874623918,38.7032610886749,-28.0438565005548));
#7760=CARTESIAN_POINT('Ctrl Pts',(-41.3934218380157,39.7246348011958,-28.4114278900007));
#7761=CARTESIAN_POINT('Ctrl Pts',(-42.3683688800862,41.0448664417921,-28.8402048223697));
#7762=CARTESIAN_POINT('Ctrl Pts',(-43.0639145124216,42.0095047772494,-29.1211734826341));
#7763=CARTESIAN_POINT('Ctrl Pts',(-43.4351370899498,42.5455560772703,-29.2694380011631));
#7764=CARTESIAN_POINT('Ctrl Pts',(-43.4568552744632,42.5767590848811,-29.2850487037241));
#7765=CARTESIAN_POINT('Ctrl Pts',(-43.5114613702926,42.6546658384656,-29.3161446150318));
#7766=CARTESIAN_POINT('Ctrl Pts',(-43.6051002794356,42.7865514537362,-29.3702431405));
#7767=CARTESIAN_POINT('Ctrl Pts',(-43.8080346504381,43.0667758101748,-29.4772485317787));
#7768=CARTESIAN_POINT('Ctrl Pts',(-44.2567550037342,43.6654735191746,-29.6871541775706));
#7769=CARTESIAN_POINT('Ctrl Pts',(-45.0167774960816,44.6529922290082,-29.9791528599917));
#7770=CARTESIAN_POINT('Ctrl Pts',(-45.9122597402336,45.874129113614,-30.2701043580917));
#7771=CARTESIAN_POINT('Ctrl Pts',(-46.7188851263821,47.1865176312369,-30.511295554447));
#7772=CARTESIAN_POINT('Ctrl Pts',(-47.1510409547744,48.0496709783306,-30.6358166312658));
#7773=CARTESIAN_POINT('Ctrl Pts',(-47.5330130738836,49.0286904158342,-30.7496794413245));
#7774=CARTESIAN_POINT('Ctrl Pts',(-47.7857372172269,49.8327487493816,-30.8513485824446));
#7775=CARTESIAN_POINT('Ctrl Pts',(-48.0793104283708,51.2892456110902,-31.0564337360437));
#7776=CARTESIAN_POINT('Ctrl Pts',(-48.1926979989511,52.706247644786,-31.3124532094232));
#7777=CARTESIAN_POINT('Ctrl Pts',(-48.2404265280345,53.9387451377176,-31.6147309839133));
#7778=CARTESIAN_POINT('Ctrl Pts',(-48.2727813091031,54.5258873558097,-31.8099783725367));
#7779=CARTESIAN_POINT('Ctrl Pts',(-48.2962867474213,54.7996055039205,-31.9128796736467));
#7780=CARTESIAN_POINT('Ctrl Pts',(-48.3023832153756,54.8719240312487,-31.9261289561678));
#7781=CARTESIAN_POINT('Ctrl Pts',(-48.3123352481603,54.9946715552953,-31.9525890272087));
#7782=CARTESIAN_POINT('Ctrl Pts',(-48.3295232669715,55.2175882041101,-31.9987919694138));
#7783=CARTESIAN_POINT('Ctrl Pts',(-48.3591908916027,55.6462513664828,-32.0907787694772));
#7784=CARTESIAN_POINT('Ctrl Pts',(-48.4059633993035,56.4737030435327,-32.2730125443168));
#7785=CARTESIAN_POINT('Ctrl Pts',(-48.4510294604083,57.557094408284,-32.5280786661253));
#7786=CARTESIAN_POINT('Ctrl Pts',(-48.4965863971888,58.5368061519655,-32.7756757540929));
#7787=CARTESIAN_POINT('Ctrl Pts',(-48.5432185329564,59.2663392861527,-32.9690466668259));
#7788=CARTESIAN_POINT('Ctrl Pts',(-48.5710749603218,59.6145048465497,-33.064111669941));
#7789=CARTESIAN_POINT('Ctrl Pts',(-48.5959154514248,59.8910180841975,-33.140778951522));
#7790=CARTESIAN_POINT('Ctrl Pts',(-48.6130747626662,60.0603650300747,-33.1995331521751));
#7791=CARTESIAN_POINT('Ctrl Pts',(-48.6595990313181,60.4474030867692,-33.3156098384));
#7792=CARTESIAN_POINT('Ctrl Pts',(-48.764453336435,61.1671197834563,-33.5150220873105));
#7793=CARTESIAN_POINT('Ctrl Pts',(-48.8948232037682,61.8938566886323,-33.6795658529584));
#7794=CARTESIAN_POINT('Ctrl Pts',(-48.9906325318582,62.4409696150378,-33.7870698022611));
#7795=CARTESIAN_POINT('Ctrl Pts',(-28.129912194115,11.658859845799,-17.5129694150033));
#7796=CARTESIAN_POINT('Ctrl Pts',(-29.0767017671637,13.2978919934823,-18.3314933625576));
#7797=CARTESIAN_POINT('Ctrl Pts',(-29.9546915879866,14.9576510672956,-19.138632410985));
#7798=CARTESIAN_POINT('Ctrl Pts',(-31.6433359421141,18.3765760192567,-20.7541888651442));
#7799=CARTESIAN_POINT('Ctrl Pts',(-32.4791683961009,20.1803272981698,-21.5647722522752));
#7800=CARTESIAN_POINT('Ctrl Pts',(-33.3483777575279,22.3089777723602,-22.4608793097015));
#7801=CARTESIAN_POINT('Ctrl Pts',(-33.5443555809194,22.796069574568,-22.6550328712299));
#7802=CARTESIAN_POINT('Ctrl Pts',(-34.0767075719245,24.2000328639971,-23.2323818024581));
#7803=CARTESIAN_POINT('Ctrl Pts',(-34.5289059890543,25.5300887491562,-23.7980556802915));
#7804=CARTESIAN_POINT('Ctrl Pts',(-34.952440359012,26.7685990783183,-24.3450321393568));
#7805=CARTESIAN_POINT('Ctrl Pts',(-35.0919751824152,27.1720019575185,-24.5248857563724));
#7806=CARTESIAN_POINT('Ctrl Pts',(-35.1982659088243,27.4756247863323,-24.6606292150826));
#7807=CARTESIAN_POINT('Ctrl Pts',(-35.2949347054696,27.7387658902851,-24.7561236928909));
#7808=CARTESIAN_POINT('Ctrl Pts',(-35.4631098171392,28.2178494254756,-24.9442411546949));
#7809=CARTESIAN_POINT('Ctrl Pts',(-35.7431722382262,29.0377888614348,-25.2707224047589));
#7810=CARTESIAN_POINT('Ctrl Pts',(-36.2331599310656,30.5205409487868,-25.906509072678));
#7811=CARTESIAN_POINT('Ctrl Pts',(-36.6255801677339,31.5956784393031,-26.4191365683601));
#7812=CARTESIAN_POINT('Ctrl Pts',(-36.9859166991349,32.4325266773927,-26.8323768973866));
#7813=CARTESIAN_POINT('Ctrl Pts',(-37.1658136497812,32.8255009155795,-27.0094036555655));
#7814=CARTESIAN_POINT('Ctrl Pts',(-37.7375425857495,33.9949616037682,-27.5288127870056));
#7815=CARTESIAN_POINT('Ctrl Pts',(-38.5351095504266,35.4090456286336,-28.1050442621439));
#7816=CARTESIAN_POINT('Ctrl Pts',(-39.3043739714511,36.6505085542267,-28.5736177572506));
#7817=CARTESIAN_POINT('Ctrl Pts',(-39.6370179700069,37.1771783332971,-28.7673143104777));
#7818=CARTESIAN_POINT('Ctrl Pts',(-39.7491092630554,37.3572588433987,-28.8448794083284));
#7819=CARTESIAN_POINT('Ctrl Pts',(-40.0007459500921,37.7454480341785,-28.9991962128523));
#7820=CARTESIAN_POINT('Ctrl Pts',(-40.4622577822782,38.4304347697687,-29.2646783441831));
#7821=CARTESIAN_POINT('Ctrl Pts',(-41.201309199543,39.4635555623248,-29.6343743023821));
#7822=CARTESIAN_POINT('Ctrl Pts',(-42.1803117510805,40.7891961861848,-30.0690947578262));
#7823=CARTESIAN_POINT('Ctrl Pts',(-42.880057909475,41.7511669721353,-30.3565893536872));
#7824=CARTESIAN_POINT('Ctrl Pts',(-43.2541412683494,42.2844035463893,-30.5089997101275));
#7825=CARTESIAN_POINT('Ctrl Pts',(-43.2755763721138,42.3173419092939,-30.5241894038661));
#7826=CARTESIAN_POINT('Ctrl Pts',(-43.3299969458576,42.397455868134,-30.5549797159644));
#7827=CARTESIAN_POINT('Ctrl Pts',(-43.4232468708414,42.5335096800734,-30.6084154962657));
#7828=CARTESIAN_POINT('Ctrl Pts',(-43.6259304383678,42.8205722623039,-30.7147395863562));
#7829=CARTESIAN_POINT('Ctrl Pts',(-44.0751263001202,43.4290986041446,-30.9247900420679));
#7830=CARTESIAN_POINT('Ctrl Pts',(-44.838525965066,44.4191617132545,-31.2216665071895));
#7831=CARTESIAN_POINT('Ctrl Pts',(-45.7404921985017,45.6257060926378,-31.5242861815575));
#7832=CARTESIAN_POINT('Ctrl Pts',(-46.5626534040686,46.9084457914495,-31.7844662868015));
#7833=CARTESIAN_POINT('Ctrl Pts',(-47.011445515072,47.7471559928392,-31.9248218799432));
#7834=CARTESIAN_POINT('Ctrl Pts',(-47.4205088991342,48.6984308546354,-32.0599187923748));
#7835=CARTESIAN_POINT('Ctrl Pts',(-47.6963617205736,49.4848132800565,-32.1782969137593));
#7836=CARTESIAN_POINT('Ctrl Pts',(-48.0317516204437,50.9228363253796,-32.4115548828085));
#7837=CARTESIAN_POINT('Ctrl Pts',(-48.1748026142829,52.3388172257916,-32.6876944327807));
#7838=CARTESIAN_POINT('Ctrl Pts',(-48.2278915254928,53.5788329234283,-32.9957647504656));
#7839=CARTESIAN_POINT('Ctrl Pts',(-48.2503298828351,54.1742295626043,-33.1864692280296));
#7840=CARTESIAN_POINT('Ctrl Pts',(-48.2665579504044,54.4534064848773,-33.2856949348638));
#7841=CARTESIAN_POINT('Ctrl Pts',(-48.2738436850169,54.5257613034032,-33.2997809397215));
#7842=CARTESIAN_POINT('Ctrl Pts',(-48.2849124821183,54.6489878658802,-33.3271364083202));
#7843=CARTESIAN_POINT('Ctrl Pts',(-48.3045065845877,54.8726196078715,-33.3751839496599));
#7844=CARTESIAN_POINT('Ctrl Pts',(-48.3379500776394,55.3030961276308,-33.470218246798));
#7845=CARTESIAN_POINT('Ctrl Pts',(-48.3903793708797,56.1348688838407,-33.6573715151741));
#7846=CARTESIAN_POINT('Ctrl Pts',(-48.4375999557216,57.226109209071,-33.91577094981));
#7847=CARTESIAN_POINT('Ctrl Pts',(-48.4795587369875,58.2149055419193,-34.1630891390811));
#7848=CARTESIAN_POINT('Ctrl Pts',(-48.520686697759,58.9525099073808,-34.3545623415834));
#7849=CARTESIAN_POINT('Ctrl Pts',(-48.5450785350629,59.3050220466013,-34.4482107935795));
#7850=CARTESIAN_POINT('Ctrl Pts',(-48.5668210157278,59.5851981033936,-34.5235453138455));
#7851=CARTESIAN_POINT('Ctrl Pts',(-48.5794421961777,59.7581266865921,-34.5799238243851));
#7852=CARTESIAN_POINT('Ctrl Pts',(-48.6196103172068,60.1517232732987,-34.6929056928256));
#7853=CARTESIAN_POINT('Ctrl Pts',(-48.7160102384835,60.8823959630227,-34.8884846394481));
#7854=CARTESIAN_POINT('Ctrl Pts',(-48.8450628113726,61.6162960573278,-35.0533798271808));
#7855=CARTESIAN_POINT('Ctrl Pts',(-48.9426114694919,62.1667484668037,-35.1628213643093));
#7856=CARTESIAN_POINT('Ctrl Pts',(-27.5436596192784,11.4059267368163,-18.6205202102446));
#7857=CARTESIAN_POINT('Ctrl Pts',(-28.4883812939219,13.0335117873059,-19.4526466600558));
#7858=CARTESIAN_POINT('Ctrl Pts',(-29.365671032246,14.6850114590317,-20.2727111904226));
#7859=CARTESIAN_POINT('Ctrl Pts',(-31.0543510169214,18.09329490602,-21.9130831710202));
#7860=CARTESIAN_POINT('Ctrl Pts',(-31.8900238895803,19.8880011235134,-22.7375425739434));
#7861=CARTESIAN_POINT('Ctrl Pts',(-32.7599571248015,21.9991986605913,-23.6519549124789));
#7862=CARTESIAN_POINT('Ctrl Pts',(-32.9560104413996,22.4784966380199,-23.8513782355326));
#7863=CARTESIAN_POINT('Ctrl Pts',(-33.4894025598214,23.8696706197924,-24.4412372835557));
#7864=CARTESIAN_POINT('Ctrl Pts',(-33.9429877126479,25.2012314202235,-25.0147679866708));
#7865=CARTESIAN_POINT('Ctrl Pts',(-34.3677190749519,26.4545920477264,-25.5650663656266));
#7866=CARTESIAN_POINT('Ctrl Pts',(-34.507706228591,26.8642637304761,-25.7455927425036));
#7867=CARTESIAN_POINT('Ctrl Pts',(-34.6143623844728,27.1730397487082,-25.8817201631101));
#7868=CARTESIAN_POINT('Ctrl Pts',(-34.7111988591236,27.4317650407723,-25.9800874264529));
#7869=CARTESIAN_POINT('Ctrl Pts',(-34.8798212065653,27.9091011763978,-26.1716326338364));
#7870=CARTESIAN_POINT('Ctrl Pts',(-35.1606751335827,28.7290725801785,-26.5030925558408));
#7871=CARTESIAN_POINT('Ctrl Pts',(-35.6520376022177,30.2348322123036,-27.1411521262636));
#7872=CARTESIAN_POINT('Ctrl Pts',(-36.0469785361838,31.3552269673882,-27.6475569950265));
#7873=CARTESIAN_POINT('Ctrl Pts',(-36.4138612274779,32.2378580994418,-28.053878111519));
#7874=CARTESIAN_POINT('Ctrl Pts',(-36.5961020364882,32.6452274395297,-28.2295336736664));
#7875=CARTESIAN_POINT('Ctrl Pts',(-37.1758837113506,33.8570972740581,-28.7451797910228));
#7876=CARTESIAN_POINT('Ctrl Pts',(-37.9828642100374,35.3069129624368,-29.3211582147237));
#7877=CARTESIAN_POINT('Ctrl Pts',(-38.7582608080936,36.5699324036318,-29.7918450573147));
#7878=CARTESIAN_POINT('Ctrl Pts',(-39.0931725119614,37.1043995386333,-29.9867543361326));
#7879=CARTESIAN_POINT('Ctrl Pts',(-39.2079427100779,37.2929163248404,-30.0634363447089));
#7880=CARTESIAN_POINT('Ctrl Pts',(-39.4636160384611,37.6933275366159,-30.217221991067));
#7881=CARTESIAN_POINT('Ctrl Pts',(-39.9318428297999,38.3976865630866,-30.4823032492013));
#7882=CARTESIAN_POINT('Ctrl Pts',(-40.6771052276827,39.4478655562741,-30.8541296584866));
#7883=CARTESIAN_POINT('Ctrl Pts',(-41.6579267700389,40.7805459139709,-31.294729952847));
#7884=CARTESIAN_POINT('Ctrl Pts',(-42.3545761721651,41.7370399307915,-31.5886727235731));
#7885=CARTESIAN_POINT('Ctrl Pts',(-42.7261608088698,42.2648036589182,-31.7451678870206));
#7886=CARTESIAN_POINT('Ctrl Pts',(-42.7486515230763,42.3005244831974,-31.7599465969208));
#7887=CARTESIAN_POINT('Ctrl Pts',(-42.8043844118633,42.3841096483718,-31.7904409436276));
#7888=CARTESIAN_POINT('Ctrl Pts',(-42.900168889754,42.5267417529554,-31.843233746794));
#7889=CARTESIAN_POINT('Ctrl Pts',(-43.1070725546217,42.8244610929403,-31.9489024687625));
#7890=CARTESIAN_POINT('Ctrl Pts',(-43.5623654257186,43.4481725023537,-32.1591348686295));
#7891=CARTESIAN_POINT('Ctrl Pts',(-44.3262643795828,44.4411489415483,-32.4608375143603));
#7892=CARTESIAN_POINT('Ctrl Pts',(-45.2154319472804,45.6226015320543,-32.7749889831322));
#7893=CARTESIAN_POINT('Ctrl Pts',(-46.018263105927,46.8494798492101,-33.0538444302738));
#7894=CARTESIAN_POINT('Ctrl Pts',(-46.4553228256167,47.6380539823995,-33.2097536987697));
#7895=CARTESIAN_POINT('Ctrl Pts',(-46.8571106323085,48.5231298977264,-33.3656600748217));
#7896=CARTESIAN_POINT('Ctrl Pts',(-47.1317735826388,49.2606101800396,-33.5004163587703));
#7897=CARTESIAN_POINT('Ctrl Pts',(-47.4748666546604,50.624731515794,-33.7612545596094));
#7898=CARTESIAN_POINT('Ctrl Pts',(-47.6302233784204,51.9990835107734,-34.0571245945678));
#7899=CARTESIAN_POINT('Ctrl Pts',(-47.6856706509464,53.2389069272265,-34.3709243009486));
#7900=CARTESIAN_POINT('Ctrl Pts',(-47.7039503712934,53.8574767845613,-34.5572396719874));
#7901=CARTESIAN_POINT('Ctrl Pts',(-47.7176081686626,54.1532613118364,-34.6528964780051));
#7902=CARTESIAN_POINT('Ctrl Pts',(-47.7253267336445,54.2239402140139,-34.6678012222897));
#7903=CARTESIAN_POINT('Ctrl Pts',(-47.7368145449285,54.3460808342638,-34.6960348759894));
#7904=CARTESIAN_POINT('Ctrl Pts',(-47.7573176318602,54.5670008870287,-34.7458903725394));
#7905=CARTESIAN_POINT('Ctrl Pts',(-47.7922451791333,54.9939045996462,-34.8439147925165));
#7906=CARTESIAN_POINT('Ctrl Pts',(-47.8470223434703,55.8218425843018,-35.0359025002204));
#7907=CARTESIAN_POINT('Ctrl Pts',(-47.8952239081257,56.9179842212593,-35.2975959023089));
#7908=CARTESIAN_POINT('Ctrl Pts',(-47.9356525550008,57.922175643292,-35.5446778448066));
#7909=CARTESIAN_POINT('Ctrl Pts',(-47.9746808244354,58.6775445942053,-35.7343235682222));
#7910=CARTESIAN_POINT('Ctrl Pts',(-47.997862561639,59.040596657587,-35.826598987786));
#7911=CARTESIAN_POINT('Ctrl Pts',(-48.0186003772291,59.3300254922638,-35.9006419385466));
#7912=CARTESIAN_POINT('Ctrl Pts',(-48.0298288086575,59.5145190408902,-35.9547080644708));
#7913=CARTESIAN_POINT('Ctrl Pts',(-48.0683916426325,59.9263340771442,-36.0646821679628));
#7914=CARTESIAN_POINT('Ctrl Pts',(-48.1632857432931,60.6844231049966,-36.2565416914678));
#7915=CARTESIAN_POINT('Ctrl Pts',(-48.2926412163004,61.4300012361333,-36.421789844688));
#7916=CARTESIAN_POINT('Ctrl Pts',(-48.3906667111499,61.9818896942453,-36.5331393439663));
#7917=CARTESIAN_POINT('Ctrl Pts',(-26.7273960573063,11.3888390420274,-19.5297603282524));
#7918=CARTESIAN_POINT('Ctrl Pts',(-27.6603937315055,13.004087499723,-20.3688932077466));
#7919=CARTESIAN_POINT('Ctrl Pts',(-28.5284973664525,14.6458249663924,-21.1958154278771));
#7920=CARTESIAN_POINT('Ctrl Pts',(-30.2015755961679,18.0398488767066,-22.8494136377035));
#7921=CARTESIAN_POINT('Ctrl Pts',(-31.0275551747308,19.8227886664003,-23.6809989167047));
#7922=CARTESIAN_POINT('Ctrl Pts',(-31.883968421316,21.9108183956632,-24.6040713780812));
#7923=CARTESIAN_POINT('Ctrl Pts',(-32.0753168629352,22.3803678597283,-24.8057441787789));
#7924=CARTESIAN_POINT('Ctrl Pts',(-32.5997584568471,23.7542092374414,-25.401365391889));
#7925=CARTESIAN_POINT('Ctrl Pts',(-33.0506853946099,25.0847894424372,-25.9792794899541));
#7926=CARTESIAN_POINT('Ctrl Pts',(-33.4780853298107,26.3533710845211,-26.5325387121648));
#7927=CARTESIAN_POINT('Ctrl Pts',(-33.6195691781106,26.7697135572856,-26.7139194640341));
#7928=CARTESIAN_POINT('Ctrl Pts',(-33.7275435649174,27.0840359455848,-26.8506536704743));
#7929=CARTESIAN_POINT('Ctrl Pts',(-33.8218652963991,27.3369513736929,-26.9502028432111));
#7930=CARTESIAN_POINT('Ctrl Pts',(-33.9885361626346,27.8111773846177,-27.1434280256277));
#7931=CARTESIAN_POINT('Ctrl Pts',(-34.267259776732,28.6294028565653,-27.4775206738701));
#7932=CARTESIAN_POINT('Ctrl Pts',(-34.763779738714,30.1597662361432,-28.1185587593569));
#7933=CARTESIAN_POINT('Ctrl Pts',(-35.1749255391779,31.3327039678439,-28.6249584431377));
#7934=CARTESIAN_POINT('Ctrl Pts',(-35.5631832965949,32.26827048056,-29.0307189864199));
#7935=CARTESIAN_POINT('Ctrl Pts',(-35.7519777543981,32.692059863632,-29.2066072037267));
#7936=CARTESIAN_POINT('Ctrl Pts',(-36.3521670249912,33.952218602911,-29.7230018899074));
#7937=CARTESIAN_POINT('Ctrl Pts',(-37.1774570053544,35.4421306627185,-30.3009435926451));
#7938=CARTESIAN_POINT('Ctrl Pts',(-37.9630151156142,36.7291351981133,-30.7739277455301));
#7939=CARTESIAN_POINT('Ctrl Pts',(-38.3013824145231,37.272220881166,-30.9698885064508));
#7940=CARTESIAN_POINT('Ctrl Pts',(-38.4215607592761,37.4704388776437,-31.0465881199396));
#7941=CARTESIAN_POINT('Ctrl Pts',(-38.6847799573888,37.8847845437407,-31.2007712257031));
#7942=CARTESIAN_POINT('Ctrl Pts',(-39.165050699132,38.6111872990801,-31.4666814098346));
#7943=CARTESIAN_POINT('Ctrl Pts',(-39.9197479858161,39.68052136249,-31.840478120686));
#7944=CARTESIAN_POINT('Ctrl Pts',(-40.9004052177096,41.0205511396742,-32.2843833908947));
#7945=CARTESIAN_POINT('Ctrl Pts',(-41.5881751687938,41.9698199070634,-32.5813023614896));
#7946=CARTESIAN_POINT('Ctrl Pts',(-41.9530160834958,42.4905358407673,-32.7395555464387));
#7947=CARTESIAN_POINT('Ctrl Pts',(-41.9775879297914,42.5295440123046,-32.7542680055603));
#7948=CARTESIAN_POINT('Ctrl Pts',(-42.0357696842532,42.617190834698,-32.7847863086942));
#7949=CARTESIAN_POINT('Ctrl Pts',(-42.136309255028,42.7675366168096,-32.8375836701895));
#7950=CARTESIAN_POINT('Ctrl Pts',(-42.3507989581605,43.0776804947747,-32.943442928031));
#7951=CARTESIAN_POINT('Ctrl Pts',(-42.8163667274333,43.7190101457414,-33.1545230514268));
#7952=CARTESIAN_POINT('Ctrl Pts',(-43.578343715154,44.7146992901511,-33.4587398742769));
#7953=CARTESIAN_POINT('Ctrl Pts',(-44.439787030758,45.8652438118208,-33.7775149144103));
#7954=CARTESIAN_POINT('Ctrl Pts',(-45.19573525378,47.0213648676016,-34.0628606446181));
#7955=CARTESIAN_POINT('Ctrl Pts',(-45.5981403371175,47.7448167204173,-34.2238640731955));
#7956=CARTESIAN_POINT('Ctrl Pts',(-45.9639194670449,48.5403690804255,-34.3862765743384));
#7957=CARTESIAN_POINT('Ctrl Pts',(-46.2165070747744,49.2094184261802,-34.5261918763577));
#7958=CARTESIAN_POINT('Ctrl Pts',(-46.5365500512705,50.4632114504356,-34.7957215461985));
#7959=CARTESIAN_POINT('Ctrl Pts',(-46.6872134521415,51.7671236847484,-35.0982337174681));
#7960=CARTESIAN_POINT('Ctrl Pts',(-46.742042733032,52.999414618903,-35.4148458384984));
#7961=CARTESIAN_POINT('Ctrl Pts',(-46.7618345472975,53.6499397565761,-35.6006905150194));
#7962=CARTESIAN_POINT('Ctrl Pts',(-46.7774236888947,53.9691486358771,-35.6957320525253));
#7963=CARTESIAN_POINT('Ctrl Pts',(-46.7848491782247,54.0369042563868,-35.7109171541084));
#7964=CARTESIAN_POINT('Ctrl Pts',(-46.7960834834441,54.1567168754872,-35.739497569802));
#7965=CARTESIAN_POINT('Ctrl Pts',(-46.8160507250887,54.3722821251283,-35.790036257678));
#7966=CARTESIAN_POINT('Ctrl Pts',(-46.8502357545895,54.791301376335,-35.8892503707043));
#7967=CARTESIAN_POINT('Ctrl Pts',(-46.9041133600973,55.6085077369994,-36.0832919727844));
#7968=CARTESIAN_POINT('Ctrl Pts',(-46.9521200445458,56.7055867577537,-36.3468689235348));
#7969=CARTESIAN_POINT('Ctrl Pts',(-46.9930612561408,57.7276288300059,-36.5948046955123));
#7970=CARTESIAN_POINT('Ctrl Pts',(-47.0332882113954,58.5059590398893,-36.7846461711681));
#7971=CARTESIAN_POINT('Ctrl Pts',(-47.0574161353741,58.8830889846028,-36.8768777289073));
#7972=CARTESIAN_POINT('Ctrl Pts',(-47.0791344813137,59.1850318010397,-36.9508368752507));
#7973=CARTESIAN_POINT('Ctrl Pts',(-47.0919348923162,59.3861398087501,-37.0044640559023));
#7974=CARTESIAN_POINT('Ctrl Pts',(-47.1332969263921,59.8232933357563,-37.114011069013));
#7975=CARTESIAN_POINT('Ctrl Pts',(-47.2330061355338,60.6185485093292,-37.3055440371848));
#7976=CARTESIAN_POINT('Ctrl Pts',(-47.3640488825699,61.3776306700695,-37.4714689610348));
#7977=CARTESIAN_POINT('Ctrl Pts',(-47.4613796938285,61.9287882811324,-37.5837589232675));
#7978=CARTESIAN_POINT('Origin',(-48.9906325318867,185.,-43.));
#7979=CARTESIAN_POINT('Origin',(-140.,175.,14.5));
#7980=CARTESIAN_POINT('Origin',(-21.4566783892843,82.8348251952997,-8.00000000000001));
#7981=CARTESIAN_POINT('',(-10.9822558615561,82.1023822209863,-11.5));
#7982=CARTESIAN_POINT('',(-10.9822558615561,82.1023822209863,-8.00000000000001));
#7983=CARTESIAN_POINT('Origin',(-21.4566783892843,82.8348251952997,-11.5));
#7984=CARTESIAN_POINT('Origin',(-21.4566783892843,82.8348251952997,-11.5));
#7985=CARTESIAN_POINT('Origin',(9.03660446115653,27.0742593481989,-8.00000000000001));
#7986=CARTESIAN_POINT('',(19.5110269888847,26.3418163738856,-11.5));
#7987=CARTESIAN_POINT('',(19.5110269888847,26.3418163738856,-8.00000000000001));
#7988=CARTESIAN_POINT('Origin',(9.03660446115653,27.0742593481989,-11.5));
#7989=CARTESIAN_POINT('Origin',(9.03660446115653,27.0742593481989,-11.5));
#7990=CARTESIAN_POINT('Origin',(12.2214390238673,128.778389702803,-8.00000000000001));
#7991=CARTESIAN_POINT('',(22.6958615515954,128.04594672849,-11.5));
#7992=CARTESIAN_POINT('',(22.6958615515954,128.04594672849,-8.00000000000001));
#7993=CARTESIAN_POINT('Origin',(12.2214390238673,128.778389702803,-11.5));
#7994=CARTESIAN_POINT('Origin',(12.2214390238673,128.778389702803,-11.5));
#7995=CARTESIAN_POINT('Origin',(-5.23510949208672,181.224915607471,-8.00000000000001));
#7996=CARTESIAN_POINT('',(5.23931303564144,180.492472633158,-11.5));
#7997=CARTESIAN_POINT('',(5.23931303564144,180.492472633158,-8.00000000000001));
#7998=CARTESIAN_POINT('Origin',(-5.23510949208672,181.224915607471,-11.5));
#7999=CARTESIAN_POINT('Origin',(-5.23510949208672,181.224915607471,-11.5));
#8000=UNCERTAINTY_MEASURE_WITH_UNIT(LENGTH_MEASURE(0.01),#8004,
'DISTANCE_ACCURACY_VALUE',
'Maximum model space distance between geometric entities at asserted c
onnectivities');
#8001=UNCERTAINTY_MEASURE_WITH_UNIT(LENGTH_MEASURE(0.01),#8004,
'DISTANCE_ACCURACY_VALUE',
'Maximum model space distance between geometric entities at asserted c
onnectivities');
#8002=(
GEOMETRIC_REPRESENTATION_CONTEXT(3)
GLOBAL_UNCERTAINTY_ASSIGNED_CONTEXT((#8000))
GLOBAL_UNIT_ASSIGNED_CONTEXT((#8004,#8006,#8007))
REPRESENTATION_CONTEXT('','3D')
);
#8003=(
GEOMETRIC_REPRESENTATION_CONTEXT(3)
GLOBAL_UNCERTAINTY_ASSIGNED_CONTEXT((#8001))
GLOBAL_UNIT_ASSIGNED_CONTEXT((#8004,#8006,#8007))
REPRESENTATION_CONTEXT('','3D')
);
#8004=(
LENGTH_UNIT()
NAMED_UNIT(*)
SI_UNIT(.MILLI.,.METRE.)
);
#8005=(
LENGTH_UNIT()
NAMED_UNIT(*)
SI_UNIT($,.METRE.)
);
#8006=(
NAMED_UNIT(*)
PLANE_ANGLE_UNIT()
SI_UNIT($,.RADIAN.)
);
#8007=(
NAMED_UNIT(*)
SI_UNIT($,.STERADIAN.)
SOLID_ANGLE_UNIT()
);
#8008=SHAPE_DEFINITION_REPRESENTATION(#8009,#8010);
#8009=PRODUCT_DEFINITION_SHAPE('',$,#8012);
#8010=SHAPE_REPRESENTATION('',(#1492),#8002);
#8011=PRODUCT_DEFINITION_CONTEXT('part definition',#8016,'design');
#8012=PRODUCT_DEFINITION('2026-08-17-01-42-40-769','sole-lattice-right',
#8013,#8011);
#8013=PRODUCT_DEFINITION_FORMATION('',$,#8018);
#8014=PRODUCT_RELATED_PRODUCT_CATEGORY('sole-lattice-right',
'sole-lattice-right',(#8018));
#8015=APPLICATION_PROTOCOL_DEFINITION('international standard',
'automotive_design',2009,#8016);
#8016=APPLICATION_CONTEXT(
'Core Data for Automotive Mechanical Design Process');
#8017=PRODUCT_CONTEXT('part definition',#8016,'mechanical');
#8018=PRODUCT('2026-08-17-01-42-40-769','sole-lattice-right',$,(#8017));
#8019=PRESENTATION_STYLE_ASSIGNMENT((#8021));
#8020=PRESENTATION_STYLE_ASSIGNMENT((#8022));
#8021=SURFACE_STYLE_USAGE(.BOTH.,#8023);
#8022=SURFACE_STYLE_USAGE(.BOTH.,#8024);
#8023=SURFACE_SIDE_STYLE('',(#8025));
#8024=SURFACE_SIDE_STYLE('',(#8026));
#8025=SURFACE_STYLE_FILL_AREA(#8027);
#8026=SURFACE_STYLE_FILL_AREA(#8028);
#8027=FILL_AREA_STYLE('Steel - Satin',(#8029));
#8028=FILL_AREA_STYLE('ABS (White)',(#8030));
#8029=FILL_AREA_STYLE_COLOUR('Steel - Satin',#8031);
#8030=FILL_AREA_STYLE_COLOUR('ABS (White)',#8032);
#8031=COLOUR_RGB('Steel - Satin',0.627450980392157,0.627450980392157,0.627450980392157);
#8032=COLOUR_RGB('ABS (White)',0.964705882352941,0.964705882352941,0.952941176470588);
ENDSEC;
END-ISO-10303-21;
